<?xml version="1.0" encoding="utf-8"?>
<COLLADA xmlns="http://www.collada.org/2005/11/COLLADASchema" version="1.4.1" xmlns:xsi="http://www.w3.org/2001/XMLSchema-instance">
  <asset>
    <contributor>
      <author>Blender User</author>
      <authoring_tool>Blender 4.1.0 commit date:2024-03-25, commit time:20:42, hash:40a5e739e270</authoring_tool>
    </contributor>
    <created>2024-11-18T10:52:54</created>
    <modified>2024-11-18T10:52:54</modified>
    <unit name="meter" meter="1"/>
    <up_axis>Z_UP</up_axis>
  </asset>
  <library_effects>
    <effect id="Material-塑胶_029-effect">
      <profile_COMMON>
        <technique sid="common">
          <lambert>
            <emission>
              <color sid="emission">0 0 0 1</color>
            </emission>
            <diffuse>
              <color sid="diffuse">0.098039 0.098039 0.098039 1</color>
            </diffuse>
            <index_of_refraction>
              <float sid="ior">1.5</float>
            </index_of_refraction>
          </lambert>
        </technique>
      </profile_COMMON>
    </effect>
    <effect id="a0000000-0000-0000-0000-000000000000_007-effect">
      <profile_COMMON>
        <technique sid="common">
          <lambert>
            <emission>
              <color sid="emission">0 0 0 1</color>
            </emission>
            <diffuse>
              <color sid="diffuse">0.980392 0.980392 0.980392 1</color>
            </diffuse>
            <reflectivity>
              <float sid="specular">1</float>
            </reflectivity>
            <index_of_refraction>
              <float sid="ior">0</float>
            </index_of_refraction>
          </lambert>
        </technique>
      </profile_COMMON>
    </effect>
  </library_effects>
  <library_images/>
  <library_materials>
    <material id="Material-塑胶_029-material" name="Material-塑胶.029">
      <instance_effect url="#Material-塑胶_029-effect"/>
    </material>
    <material id="a0000000-0000-0000-0000-000000000000_007-material" name="a0000000-0000-0000-0000-000000000000.007">
      <instance_effect url="#a0000000-0000-0000-0000-000000000000_007-effect"/>
    </material>
  </library_materials>
  <library_geometries>
    <geometry id="solid_ʾ___link8_005-mesh" name="solid_ʾ___link8.005">
      <mesh>
        <source id="solid_ʾ___link8_005-mesh-positions">
          <float_array id="solid_ʾ___link8_005-mesh-positions-array" count="16911">-25.25 34.52676 6.5 -2.75 34.52676 6.5 -25.25 39.57675 6.5 -2.75 39.57675 6.5 -26.47344 18.07783 -1.353403 -26.53043 17.9594 -1.389134 -26.4847 17.80247 -1.269042 -26.44763 17.35932 -0.8345195 -26.46435 17.25575 -0.7066546 -26.41783 17.29431 -0.6513331 -26.47069 17.2293 -0.6718583 -26.46001 17.16878 -0.4828326 -26.40784 17.22089 -0.4616093 -26.35449 17.26859 -0.4412698 -26.30953 17.40873 -0.612908 -26.26649 17.41126 -0.5423858 -26.29983 17.31236 -0.4221663 -26.33778 17.22885 -0.3073771 -26.37004 18.00941 -1.210225 -26.34149 17.83305 -1.086029 -26.31099 18.1026 -1.181714 -26.28344 17.91581 -1.062644 -26.25069 18.18962 -1.154139 -26.29319 18.38892 -1.247683 -26.35497 18.2921 -1.282401 -26.415 18.18857 -1.317733 -26.36412 17.35395 -0.6315807 -26.28235 17.56532 -0.7757712 -26.33817 17.50214 -0.7942871 -26.27366 17.73548 -0.9266117 -26.33064 17.66285 -0.9466652 -26.21596 17.80289 -0.907929 -26.21667 17.86127 -0.9512378 -26.22449 17.99289 -1.040457 -26.23931 18.11834 -1.115516 -26.46425 17.70611 -1.187405 -26.39866 17.74408 -1.110363 -26.42792 17.90953 -1.239418 -26.39326 17.43365 -0.8139612 -26.38689 17.58447 -0.9678321 -26.44202 17.4694 -0.9578223 -26.45498 17.64838 -1.135403 -26.46808 17.10492 -0.2876235 -26.54304 17.00735 -0.1128628 -26.41587 17.14709 -0.2643547 -26.43801 17.08076 -0.05916577 -26.36183 17.18573 -0.2420718 -26.63905 16.92015 -0.1674032 -26.56771 17.00839 -0.3355254 -26.53064 17.07099 -0.4407613 -26.51107 17.11179 -0.5045918 -26.2258 17.62372 -0.758693 -26.25401 17.45915 -0.5956264 -1.584128 17.14709 -0.2643547 -1.638173 17.18573 -0.2420718 -1.561995 17.08076 -0.05916577 -1.606741 17.43365 -0.8139612 -1.552371 17.35932 -0.8345195 -1.557977 17.4694 -0.9578223 -1.613115 17.58447 -0.9678321 -1.545016 17.64838 -1.135403 -1.601342 17.74408 -1.110363 -1.535749 17.70611 -1.187405 -1.572085 17.90953 -1.239418 -1.515294 17.80247 -1.269042 -1.469568 17.9594 -1.389134 -1.526564 18.07783 -1.353403 -1.584998 18.18857 -1.317733 -1.645028 18.2921 -1.282401 -1.689008 18.1026 -1.181714 -1.716557 17.91581 -1.062644 -1.775507 17.99289 -1.040457 -1.783331 17.86127 -0.9512378 -1.726341 17.73548 -0.9266117 -1.629961 18.00941 -1.210225 -1.658511 17.83305 -1.086029 -1.669365 17.66285 -0.9466652 -1.717651 17.56532 -0.7757712 -1.661831 17.50214 -0.7942871 -1.690476 17.40873 -0.612908 -1.635882 17.35395 -0.6315807 -1.645516 17.26859 -0.4412698 -1.592156 17.22089 -0.4616093 -1.531919 17.10492 -0.2876235 -1.45696 17.00735 -0.1128628 -1.535645 17.25575 -0.7066546 -1.582173 17.29431 -0.6513331 -1.529311 17.2293 -0.6718583 -1.539992 17.16878 -0.4828326 -1.488929 17.11179 -0.5045918 -1.36095 16.92015 -0.1674032 -1.432293 17.00839 -0.3355254 -1.469363 17.07099 -0.4407613 -1.760693 18.11834 -1.115516 -1.749309 18.18962 -1.154139 -1.706816 18.38892 -1.247683 -1.784043 17.80289 -0.907929 -1.774199 17.62372 -0.758693 -1.745989 17.45915 -0.5956264 -1.733512 17.41126 -0.5423858 -1.700168 17.31236 -0.4221663 -1.662221 17.22885 -0.3073771 -25.97602 18.03524 -0.8527414 -26.0552 17.96748 -0.8675936 -26.06821 17.76473 -0.723128 -26.20536 18.51629 -1.202161 -25.79837 17.93761 -0.6974842 -25.76058 17.9559 -0.6977803 -25.74376 18.18988 -0.8307126 -25.78175 18.16893 -0.8319951 -25.81994 18.14614 -0.8342471 -25.83626 17.91783 -0.6981992 -26.2259 17.18232 0.02268415 -26.19281 17.19407 0.03194856 -26.12354 17.31149 -0.1704207 -26.28503 17.23353 -0.2143601 -26.37871 17.11452 -0.03251564 -26.33329 17.1373 -0.01401579 -26.29353 17.15531 7.44574e-4 -25.77228 17.84602 -0.6201401 -25.91286 17.87348 -0.7025883 -25.94217 17.67148 -0.5388128 -25.86404 17.70925 -0.5350289 -25.98441 17.49354 -0.3547465 -25.90238 17.52562 -0.3493729 -26.03805 17.34319 -0.1557159 -25.94991 17.37068 -0.1468643 -25.84876 17.81072 -0.6197437 -25.78606 17.74188 -0.5357559 -25.70718 17.77 -0.5412467 -25.81941 17.55332 -0.3493884 -25.73452 17.57721 -0.3552139 -25.85943 17.39418 -0.1445406 -25.76581 17.41414 -0.1493815 -26.14196 17.21048 0.04429906 -26.10111 17.22237 0.0525732 -26.06316 17.23251 0.05896991 -26.01728 17.24369 0.06506031 -25.9579 17.25653 0.07026523 -25.73697 18.69102 -0.9983754 -25.7635 18.93428 -1.03609 -25.77949 18.66509 -1.005466 -25.83947 18.88515 -1.055882 -25.82215 18.63647 -1.013788 -25.91124 18.83083 -1.078181 -25.90816 18.57069 -1.034021 -25.85845 18.12142 -0.8374555 -25.85546 18.35978 -0.945802 -25.89599 18.32917 -0.9526556 -25.81535 18.38793 -0.9399586 -25.77554 18.41372 -0.9351422 -25.73594 18.43726 -0.9313691 -25.87438 17.89649 -0.699907 -25.65206 18.73532 -0.9879887 -25.65291 18.99142 -1.014712 -25.69452 18.71439 -0.9925411 -25.74627 18.94427 -1.032168 -25.76058 18.936 -1.035411 -25.56683 18.77037 -0.9828279 -25.55913 19.02772 -1.003839 -25.63134 19.00071 -1.01161 -25.6953 17.87631 -0.6249213 -25.68474 17.98838 -0.7014761 -25.72274 17.97279 -0.6991054 -25.66786 18.22665 -0.8311066 -25.70584 18.20908 -0.8304126 -25.65695 18.47805 -0.9270144 -25.69645 18.45867 -0.9286548 -26.14166 18.09363 -1.013407 -26.16554 18.30384 -1.119141 -26.17028 18.5625 -1.184924 -26.08019 18.40485 -1.087178 -25.99445 18.49351 -1.058666 -26.08258 18.66715 -1.144507 -26.11614 18.62889 -1.159498 -25.9328 18.81296 -1.085528 -25.96301 18.78665 -1.096324 -26.02534 18.72752 -1.120389 -26.13511 17.89037 -0.8860328 -26.14661 17.69878 -0.7391046 -26.17611 17.52318 -0.5756279 -26.22276 17.3672 -0.3993254 -26.05942 18.18262 -0.9896093 -25.97484 18.14677 -0.9143233 -25.97758 18.26081 -0.9692842 -26.09835 17.57923 -0.5593177 -26.14473 17.41505 -0.3801595 -26.20574 17.27519 -0.1902232 -26.26961 17.16536 0.008963406 -25.89858 17.26771 0.07246989 -25.88452 17.27013 0.07255768 -25.8 17.28309 0.0696361 -25.78966 17.2845 0.06887823 -25.62634 17.79424 -0.5517387 -25.64674 17.59784 -0.3672568 -25.66825 17.43105 -0.1620145 -25.69024 17.2963 0.05728054 -26.06538 17.45686 -0.3651414 -26.02046 17.62832 -0.5469585 -25.99036 17.82261 -0.710908 -25.89739 18.09466 -0.8416062 -25.89495 18.21064 -0.9007708 -25.61675 17.90229 -0.6342628 -25.60767 18.016 -0.7094169 -25.64642 18.00275 -0.7049083 -25.59127 18.25729 -0.8355195 -25.62972 18.24269 -0.8328055 -25.57757 18.51119 -0.9270113 -25.61736 18.49552 -0.9264619 -2.433307 19.02518 -1.004463 -2.440874 19.02772 -1.003839 -2.433171 18.77037 -0.9828279 -1.823945 17.52322 -0.5756161 -2.315819 18.97691 -1.019834 -2.347221 18.99148 -1.014691 -2.348065 18.73538 -0.9879762 -2.184055 18.26592 -0.8910075 -2.180295 18.14629 -0.8342298 -2.102834 18.09482 -0.8415797 -2.09686 17.98217 -0.7754044 -2.087365 17.87362 -0.7025701 -2.009809 17.82273 -0.7108858 -2.024156 18.03538 -0.8527131 -1.931902 17.76482 -0.7231085 -1.83452 18.30391 -1.119118 -1.858397 18.09369 -1.01339 -1.864943 17.89043 -0.8860194 -1.944916 17.96759 -0.8675702 -1.940702 18.18274 -0.9895778 -2.022598 18.26098 -0.9692436 -1.919939 18.40499 -1.087135 -1.883996 18.62904 -1.159439 -2.005741 18.49369 -1.058607 -1.974859 18.72772 -1.120307 -1.85344 17.69883 -0.739093 -2.063555 18.06608 -0.8466728 -2.063444 18.29634 -0.9604513 -2.105282 18.21081 -0.9007374 -1.794707 18.51637 -1.202131 -1.833327 18.56711 -1.183185 -1.870079 18.61254 -1.165831 -2.173595 18.03003 -0.7698399 -2.104245 18.32935 -0.9526134 -2.184898 18.3881 -0.9399254 -2.332991 17.78258 -0.5458609 -2.292936 17.77004 -0.5412574 -2.315378 17.98842 -0.7014836 -2.277416 17.97286 -0.6991116 -2.249141 18.07088 -0.7681219 -2.034991 18.78486 -1.097059 -2.067471 18.81319 -1.085435 -2.092087 18.57089 -1.033956 -2.178112 18.63666 -1.013733 -2.182885 18.51196 -0.9808443 -2.263242 18.69115 -0.9983408 -2.26483 18.56391 -0.9690662 -2.253969 18.94441 -1.032114 -2.346355 18.60646 -0.9618596 -2.160818 18.88536 -1.055799 -2.18103 18.89924 -1.050145 -2.237691 18.93499 -1.03581 -2.09558 17.26668 0.07238596 -2.063075 17.26066 0.07138651 -2.140805 17.39424 -0.1445422 -2.050365 17.37076 -0.1468464 -2.101272 17.26768 0.07246941 -2.234329 17.41417 -0.1493933 -2.200157 17.28312 0.06962597 -2.252088 17.28983 0.06495213 -2.331749 17.43105 -0.1620145 -2.309758 17.2963 0.05728054 -2.265612 17.57724 -0.355226 -2.180807 17.55339 -0.3493943 -2.21414 17.74196 -0.5357625 -2.264261 18.43738 -0.9313511 -2.343162 18.47811 -0.92701 -2.261475 18.31244 -0.8851937 -2.338461 18.35121 -0.8833967 -2.256436 18.18998 -0.8307073 -2.332248 18.2267 -0.8311089 -2.324542 18.10548 -0.7703599 -2.353639 18.00277 -0.704914 -2.239617 17.95599 -0.6977831 -2.253364 17.75652 -0.5379007 -1.962195 17.34327 -0.1556818 -2.097871 17.52571 -0.3493641 -2.353261 17.59784 -0.3672568 -1.60364 17.10497 -0.04015928 -1.715018 17.23356 -0.2143431 -1.876648 17.31156 -0.1703829 -1.730274 17.16531 0.008922517 -1.794381 17.27525 -0.1901924 -1.723446 17.1625 0.006626248 -1.639233 17.12382 -0.02500289 -1.995443 17.24659 0.06642949 -1.982876 17.24372 0.06507772 -1.880802 17.21724 0.0490902 -1.807385 17.19413 0.03200024 -2.201847 17.93772 -0.6974821 -2.175131 17.72627 -0.5348136 -2.163971 17.91796 -0.6981914 -2.136203 17.70936 -0.5350236 -2.058054 17.6716 -0.5387958 -2.01582 17.49364 -0.3547239 -1.979715 17.62842 -0.5469363 -1.934795 17.45695 -0.3651138 -1.901763 17.5793 -0.559298 -1.855389 17.41512 -0.3801358 -1.77729 17.36723 -0.3993118 -2.422426 18.51119 -0.9270113 -2.415933 18.38312 -0.8857054 -2.408726 18.25729 -0.8355195 -2.400843 18.13462 -0.7766498 -2.392332 18.016 -0.7094169 -2.373662 17.79424 -0.5517387 -1.351336 16.89943 -0.02641403 -1.427837 16.97683 -0.07004189 -1.494323 17.00991 0.03418827 -1.687373 16.86703 0.5106152 -1.631069 16.87691 0.4649491 -1.753189 17.03044 0.3258228 -1.705255 17.03565 0.2813322 -1.619601 16.0502 1.012526 -1.600637 15.91608 1.042785 -1.513658 15.92749 1.016639 -1.720343 17.15771 0.01675319 -2.078683 17.2489 0.1028203 -1.571509 17.07847 -0.01823306 -2.151155 17.2276 0.1638438 -1.797343 17.1634 0.1019214 -1.879183 17.15771 0.1824497 -1.645789 17.09722 0.07699042 -1.687041 15.90329 1.060556 -1.703597 16.03367 1.031818 -1.7244 16.15855 0.9956892 -1.749173 16.27816 0.952651 -1.812889 16.1877 0.9929037 -1.811389 16.17939 0.9957354 -1.804105 16.13723 1.009485 -1.778069 15.9495 1.058638 -1.771833 15.8894 1.070412 -1.572549 16.7896 0.5316596 -1.455084 16.70098 0.543025 -1.459446 16.79796 0.4261678 -1.397009 16.70314 0.4861127 -1.34256 16.70098 0.4257219 -1.739187 16.52642 0.8213684 -1.703483 16.4161 0.8784802 -1.668559 16.54777 0.789053 -1.628963 16.43675 0.8472942 -1.598349 16.56585 0.7508481 -1.554903 16.45428 0.8095744 -1.529323 16.58032 0.7068787 -1.482178 16.46834 0.7654165 -1.46227 16.59087 0.6574006 -1.411686 16.47861 0.7150714 -1.777809 16.62989 0.7595773 -1.711177 16.65138 0.7263522 -1.644917 16.66953 0.6878848 -1.579697 16.68402 0.6443207 -1.516195 16.69457 0.595914 -1.344317 16.48487 0.6589468 -1.881171 16.70202 0.723242 -1.942864 16.67523 0.7477493 -1.933635 16.64948 0.7651454 -1.844184 16.60544 0.7875198 -1.909718 16.57839 0.8102369 -1.87885 16.4755 0.8684488 -1.809505 16.50218 0.8477954 -1.871088 16.44721 0.8830913 -1.777638 16.39274 0.903183 -1.864741 16.42325 0.895063 -1.836763 16.30661 0.9478484 -1.953704 16.97683 0.4784002 -1.861892 16.81589 0.6250892 -1.902926 16.99485 0.4444496 -1.80327 16.83629 0.590883 -1.852359 17.00991 0.4075944 -1.744936 16.85342 0.5526706 -1.802335 17.02182 0.3679875 -2.050687 17.11348 0.3237243 -2.007375 17.12842 0.2912583 -1.964209 17.14085 0.256803 -1.921405 17.15065 0.2204843 -2.175167 17.13379 0.3103343 -2.093935 17.09616 0.354098 -2.229195 17.20576 0.2087249 -2.187402 17.21402 0.192363 -2.018751 16.85936 0.6047594 -1.920342 16.79253 0.655196 -2.053316 16.93021 0.5396637 -2.004374 16.95606 0.5093353 -2.118181 17.04651 0.4175558 -2.136916 17.07661 0.3823004 -1.576511 16.8829 0.4159714 -1.524165 16.88491 0.3640418 -1.590801 16.96462 0.3000869 -1.474468 16.8829 0.3095719 -1.499024 16.95709 0.1955187 -1.298136 16.8524 -0.1372827 -1.249817 16.79253 -0.04395318 -1.226277 16.76652 -0.1028268 -1.658854 17.0374 0.2347819 -1.571857 17.03044 0.1367059 -1.418611 16.93495 0.08558249 -0.901526 16.15855 0.1381776 -0.8910263 16.13723 0.05797475 -0.9050118 16.17923 0.051265 -0.9961391 16.39274 0.0886572 -0.9807758 16.36709 0.01491844 -1.01994 16.44694 -0.003867983 -1.114449 16.60544 0.02679675 -1.094476 16.5784 -0.03961914 -1.175429 16.69929 -0.07844305 -0.9651811 16.29997 0.1937855 -1.017753 16.4161 0.1637712 -1.04583 16.43675 0.239517 -1.139608 16.62989 0.09427523 -1.170035 16.65138 0.1622312 -1.277456 16.81589 0.0157032 -1.309183 16.83629 0.07570338 -0.8288226 15.8894 0.08781963 -0.8645769 16.03367 0.1575355 -0.8351865 15.90329 0.1729451 -0.8803958 16.0502 0.2422541 -0.8493921 15.91608 0.2600064 -0.9041923 16.06492 0.3278308 -0.8719416 15.92749 0.3479861 -0.9362363 16.07751 0.4131788 -0.9031606 15.93726 0.4357277 -0.976597 16.08766 0.4971184 -0.9431595 15.94515 0.5219718 -1.025119 16.0951 0.5784224 -0.9918054 15.95094 0.6054061 -1.081412 16.09966 0.6558684 -1.048708 15.95448 0.6847234 -1.144852 16.10119 0.7282958 -1.113222 15.95568 0.7586851 -1.214608 16.09966 0.7946626 -1.18447 15.95448 0.8261838 -1.289672 16.0951 0.8540938 -1.261381 15.95094 0.8862975 -1.368911 16.08766 0.9059202 -1.342746 15.94515 0.9383311 -1.451119 16.07751 0.9497005 -1.427274 15.93726 0.9818403 -1.535076 16.06492 0.985229 -0.9191939 16.17809 0.2200633 -0.9918404 16.3193 0.2731505 -0.9443939 16.19545 0.3027365 -1.025667 16.33576 0.3523116 -0.9773342 16.21027 0.3851923 -1.066641 16.34897 0.4302842 -1.018039 16.22219 0.4663445 -1.114564 16.35865 0.5060477 -1.066331 16.23093 0.5450643 -1.169054 16.36455 0.578586 -1.121821 16.23627 0.6202285 -1.229553 16.36654 0.6469297 -1.183916 16.23806 0.6907675 -1.295341 16.36455 0.7101981 -1.251837 16.23627 0.7557165 -1.365567 16.35865 0.7676367 -1.32465 16.23093 0.8142569 -1.439288 16.34897 0.8186467 -1.401313 16.22219 0.8657517 -1.515502 16.33576 0.8628046 -1.480719 16.21027 0.9097664 -1.5932 16.3193 0.89987 -1.561747 16.19545 0.9460766 -1.671396 16.29997 0.9297832 -1.643312 16.17809 0.974662 -1.818763 16.72616 0.6940619 -1.756142 16.7473 0.6601985 -1.693851 16.76511 0.6217236 -1.632459 16.77929 0.5787951 -1.280914 16.48698 0.597598 -1.222241 16.48487 0.5317113 -1.292256 16.69457 0.3624662 -1.168951 16.47861 0.4620781 -1.246531 16.68402 0.2970072 -1.121565 16.46834 0.3895642 -1.205715 16.66953 0.2300322 -1.080453 16.45428 0.3150743 -1.344925 16.85342 0.1355825 -1.384539 16.86703 0.1948527 -1.427812 16.87691 0.2530149 -1.978188 16.76652 0.6811775 -1.951883 16.69959 0.7307503 -25.96532 16.89286 0.5747641 -25.94537 16.93277 0.5371863 -26.0463 16.97683 0.4784002 -27.00386 16.39274 0.0886572 -26.99982 16.40777 0.00561124 -27.06736 16.25429 0.03801 -25.92131 17.2489 0.1028203 -26.27966 17.15771 0.01675319 -26.77372 16.76652 -0.1028268 -26.75018 16.79253 -0.04395318 -26.60094 16.95606 -0.1219662 -26.57216 16.97683 -0.07004189 -26.54038 16.99485 -0.01788216 -26.50568 17.00991 0.03418827 -26.46821 17.02182 0.08583211 -26.20266 17.1634 0.1019214 -26.12082 17.15771 0.1824497 -25.84885 17.2276 0.1638438 -25.77651 17.19861 0.2194574 -25.77073 17.20585 0.20859 -27.10862 16.13833 0.05780506 -27.17118 15.8894 0.08781963 -27.16481 15.90329 0.1729451 -26.64124 16.7896 0.3087671 -26.65744 16.70098 0.4257219 -26.54055 16.79796 0.4261678 -26.60299 16.70314 0.4861127 -26.54492 16.70098 0.543025 -26.83105 16.47861 0.4620781 -26.77776 16.48487 0.5317113 -26.77137 16.59087 0.4138597 -26.70774 16.69457 0.3624662 -26.81803 16.58032 0.3448126 -26.75347 16.68402 0.2970072 -26.8591 16.56585 0.2740234 -26.79429 16.66953 0.2300322 -26.89436 16.54777 0.2022892 -26.87844 16.46834 0.3895642 -26.91955 16.45428 0.3150743 -26.95417 16.43675 0.239517 -26.98225 16.4161 0.1637712 -26.92372 16.52642 0.1303828 -26.94721 16.50218 0.05902934 -26.88555 16.60544 0.02679675 -26.86039 16.62989 0.09427523 -26.82997 16.65138 0.1622312 -26.97969 16.44765 -0.004044175 -26.96497 16.4755 -0.01110762 -26.84891 16.66491 -0.06677389 -27.05446 16.27816 0.1151314 -26.52553 16.8829 0.3095719 -26.47584 16.88491 0.3640418 -26.4092 16.96462 0.3000869 -26.42814 17.03044 0.1367059 -26.38571 17.03565 0.1864671 -26.57219 16.87691 0.2530149 -26.61546 16.86703 0.1948527 -26.65508 16.85342 0.1355825 -26.69082 16.83629 0.07570338 -26.72254 16.81589 0.0157032 -26.07966 16.79253 0.655196 -25.98133 16.85918 0.6049111 -26.09302 16.89943 0.5530199 -25.99829 17.04816 0.4017889 -25.90481 17.00754 0.4608297 -25.88184 17.04648 0.4175999 -26.14764 17.00991 0.4075944 -26.2021 16.93495 0.4811123 -26.24681 17.03044 0.3258228 -26.30857 16.95709 0.3961634 -26.03579 17.14085 0.256803 -25.94931 17.11348 0.3237243 -25.89952 17.17314 0.2444405 -25.86309 17.07661 0.3823004 -25.84352 17.10654 0.3454863 -26.42349 16.8829 0.4159714 -26.34115 17.0374 0.2347819 -26.18409 17.09722 0.2544306 -26.09209 17.07847 0.3326563 -26.22194 15.94943 1.058654 -26.19778 16.12579 1.013037 -26.2756 16.15855 0.9956892 -26.14932 16.36709 0.9215843 -26.22236 16.39274 0.903183 -26.18706 16.18795 0.9928147 -26.19589 16.13723 1.009485 -26.10283 16.53827 0.8338901 -26.15582 16.60544 0.7875198 -26.13525 16.42329 0.8950395 -26.1423 16.39569 0.9083417 -26.09028 16.57839 0.8102369 -26.06484 16.6538 0.7622656 -26.02181 16.76652 0.6811775 -26.3286 16.29997 0.9297832 -26.29652 16.4161 0.8784802 -26.37104 16.43675 0.8472942 -26.22219 16.62989 0.7595773 -26.28882 16.65138 0.7263522 -26.13811 16.81589 0.6250892 -26.19673 16.83629 0.590883 -27.13542 16.03367 0.1575355 -27.15061 15.91608 0.2600064 -27.1196 16.0502 0.2422541 -27.12806 15.92749 0.3479861 -27.09581 16.06492 0.3278308 -27.09684 15.93726 0.4357277 -27.06377 16.07751 0.4131788 -27.05684 15.94515 0.5219718 -27.0234 16.08766 0.4971184 -27.00819 15.95094 0.6054061 -26.97488 16.0951 0.5784224 -26.95129 15.95448 0.6847234 -26.91859 16.09966 0.6558684 -26.88678 15.95568 0.7586851 -26.85515 16.10119 0.7282958 -26.81553 15.95448 0.8261838 -26.78539 16.09966 0.7946626 -26.73862 15.95094 0.8862975 -26.71033 16.0951 0.8540938 -26.65725 15.94515 0.9383311 -26.63109 16.08766 0.9059202 -26.57273 15.93726 0.9818403 -26.54888 16.07751 0.9497005 -26.48634 15.92749 1.016639 -26.46492 16.06492 0.985229 -26.39936 15.91608 1.042785 -26.3804 16.0502 1.012526 -26.31296 15.90329 1.060556 -26.2964 16.03367 1.031818 -26.35669 16.17809 0.974662 -26.4068 16.3193 0.89987 -26.43825 16.19545 0.9460766 -26.4845 16.33576 0.8628046 -26.51928 16.21027 0.9097664 -26.56071 16.34897 0.8186467 -26.59869 16.22219 0.8657517 -26.63443 16.35865 0.7676367 -26.67535 16.23093 0.8142569 -26.70466 16.36455 0.7101981 -26.74816 16.23627 0.7557165 -26.77045 16.36654 0.6469297 -26.81608 16.23806 0.6907675 -26.83095 16.36455 0.578586 -26.87818 16.23627 0.6202285 -26.88544 16.35865 0.5060477 -26.93367 16.23093 0.5450643 -26.93336 16.34897 0.4302842 -26.98196 16.22219 0.4663445 -26.97433 16.33576 0.3523116 -27.02266 16.21027 0.3851923 -27.00816 16.3193 0.2731505 -27.05561 16.19545 0.3027365 -27.03482 16.29997 0.1937855 -27.08081 16.17809 0.2200633 -27.09847 16.15855 0.1381776 -26.84171 16.67524 -0.07022356 -26.8198 16.70202 -0.007570564 -26.79324 16.72616 0.05599981 -26.76202 16.7473 0.1199778 -26.72617 16.76511 0.1838179 -26.68584 16.77929 0.2469444 -26.71909 16.48698 0.597598 -26.65568 16.48487 0.6589468 -26.48381 16.69457 0.595914 -26.58831 16.47861 0.7150714 -26.4203 16.68402 0.6443207 -26.51782 16.46834 0.7654165 -26.35508 16.66953 0.6878848 -26.4451 16.45428 0.8095744 -26.25506 16.85342 0.5526706 -26.31263 16.86703 0.5106152 -26.36893 16.87691 0.4649491 -26.22817 15.8894 1.070412 -25.42063 17.29631 0.06884866 -25.42376 17.43355 -0.155049 -25.46095 19.06588 -1 -25.45498 18.80388 -0.9827561 -25.44895 18.53925 -0.9293842 -25.44304 18.27947 -0.8388148 -25.4374 18.03229 -0.7120593 -25.43475 17.91576 -0.6360162 -25.43223 17.80506 -0.5522633 -25.42985 17.70093 -0.4614863 -25.42764 17.60398 -0.364458 -18 17.34958 0.1770089 -18 17.1955 0.4564249 -10 17.34958 0.1770089 -10 17.1955 0.4564249 -10 17.09957 0.5894371 -18 17.09957 0.5894371 -10 16.99894 0.7077806 -18 16.99894 0.7077806 -10 16.93447 0.7747027 -18 16.93447 0.7747027 -10 16.76491 0.9246781 -18 16.76491 0.9246781 -10 16.54762 1.073858 -18 16.49937 1.101597 -10 16.49937 1.101597 -10 16.33584 1.18306 -18 16.33584 1.18306 -10 16.20907 1.234033 -18 16.20907 1.234033 -18 15.90139 1.318616 -10 15.90139 1.318616 -2.572355 17.60398 -0.364458 -2.576238 17.43355 -0.155049 -2.579365 17.29631 0.06884866 -2.562597 18.03229 -0.7120593 -2.565252 17.91576 -0.6360162 -2.567774 17.80506 -0.5522633 -2.570146 17.70093 -0.4614863 -2.556965 18.27947 -0.8388148 -2.539049 19.06588 -1 -2.545018 18.80388 -0.9827561 -2.551047 18.53925 -0.9293842 -5.829756 16.40437 1.070306 -5.831799 16.51253 1.013371 -7.910278 16.32514 1.165942 -3.75683 16.01664 1.128259 -5.825195 16.07153 1.197439 -5.556967 15.84254 1.238174 -3.760041 16.24606 1.055435 -5.856591 17.22969 0.322443 -5.84249 16.91255 0.715447 -5.849185 17.08372 0.5288313 -5.836657 16.72045 0.8779845 -5.834102 16.61812 0.9492096 -2.764493 15.75343 1.132924 -1.755302 15.71397 1.094125 -6.297712 17.33438 0.1446088 -3.647353 15.78509 1.16769 -5.827975 16.29437 1.119941 -7.908635 16.10659 1.246302 -7.920005 15.88805 1.29954 -10 7.36726 5.5 -12.14954 7.36726 5.5 -12.14954 7.137398 5.674909 -10 7.173454 5.650818 -12.14954 6.91907 5.79859 -10 6.897833 5.808763 -12.14954 6.614552 5.917005 -10 6.600683 5.921076 -12.14954 6.751491 5.870829 -12.14954 6.884739 5.814884 -12.14954 6.578026 5.927492 -12.14954 6.400863 5.967974 -10 6.289496 5.984923 -12.14954 6.044384 6 -10 6.044384 6 -12.14954 6.222247 5.992075 -12.14954 6.332473 5.979143 -15.85046 7.36726 5.5 -18 7.36726 5.5 -18 7.173454 5.650818 -18 6.897833 5.808763 -15.85046 6.91907 5.79859 -15.85046 7.137398 5.674909 -18 6.600683 5.921076 -15.85046 6.751491 5.870829 -15.85046 6.884739 5.814884 -15.85046 6.332473 5.979143 -15.85046 6.400863 5.967974 -18 6.289496 5.984923 -15.85046 6.578026 5.927492 -15.85046 6.614552 5.917005 -15.85046 6.222247 5.992075 -18 6.044384 6 -15.85046 6.044384 6 -18 8.121917 4.870237 -14.00002 7.375098 5.493092 -18 8.640878 4.475711 -10 8.121917 4.870237 -10 15.01161 1.511736 -18 15.01161 1.511736 -10 14.31148 1.697344 -18 14.31148 1.697344 -10 13.52829 1.941374 -18 13.52829 1.941374 -10 12.31653 2.398626 -18 12.31653 2.398626 -10 12.08726 2.496573 -18 12.08726 2.496573 -10 10.69912 3.173247 -18 10.69912 3.173247 -10 10.4176 3.329029 -18 10.4176 3.329029 -10 9.374086 3.966414 -18 9.374086 3.966414 -10 8.640878 4.475711 -24.24317 16.01664 1.128259 -22.17481 16.07153 1.197439 -22.17202 16.29437 1.119941 -22.15751 16.91255 0.715447 -22.14341 17.22969 0.322443 -21.70229 17.33438 0.1446088 -26.2447 15.71397 1.094125 -25.2367 15.75338 1.132877 -22.1659 16.61812 0.9492096 -22.1682 16.51253 1.013371 -22.16334 16.72045 0.8779845 -22.15081 17.08372 0.5288313 -19.95436 15.88959 1.301706 -20.09136 16.10659 1.246302 -20.08972 16.32514 1.165942 -20.08752 16.53857 1.057398 -20.08476 16.74157 0.9210299 -24.23996 16.24606 1.055435 -22.17024 16.40437 1.070306 -21.9019 15.85565 1.255412 -24.20827 15.78999 1.173338 -21.70437 17.46722 -0.09288102 -21.72208 18.59613 -0.924044 -21.72638 18.87055 -0.9814873 -21.73064 19.14201 -1 -18 18.34554 -0.8210708 -18 18.52881 -0.893616 -18 18.61842 -0.9217442 -18 18.84624 -0.9732248 -18 19.17241 -1 -18 17.48029 -0.06618702 -18 17.5082 -0.1092445 -21.70702 17.6365 -0.3163962 -18 17.64887 -0.2956976 -18 17.71138 -0.3657976 -18 17.85291 -0.5029745 -18 17.95368 -0.5857812 -18 18.08751 -0.6801759 -18 18.22861 -0.763305 -10 19.17241 -1 -10 18.84624 -0.9732248 -10 18.61842 -0.9217442 -10 18.52881 -0.893616 -10 18.34554 -0.8210708 -10 18.22861 -0.763305 -10 18.08751 -0.6801759 -10 17.95368 -0.5857812 -10 17.85291 -0.5029745 -10 17.71138 -0.3657976 -10 17.64887 -0.2956976 -10 17.5082 -0.1092445 -10 17.48029 -0.06618702 -6.269365 19.14201 -1 -6.273622 18.87055 -0.9814873 -6.277926 18.59613 -0.924044 -6.29563 17.46722 -0.09288102 -6.292974 17.6365 -0.3163962 -24.85 51.82675 0.8 -3.15 51.82675 0.8 -3.162214 51.83577 0.809017 -24.63268 51.95064 0.9238796 -24.70399 51.91777 0.8910065 -24.25 52.02676 1 -24.55902 51.97781 0.9510565 -24.7725 51.8794 0.8526402 -24.25 52.02676 1 -3.75 52.02676 1 -3.227501 51.8794 0.8526402 -3.29601 51.91777 0.8910065 -3.367317 51.95064 0.9238796 -3.440983 51.97781 0.9510565 -3.516554 51.99913 0.9723699 -3.593565 52.01445 0.9876883 -3.671541 52.02367 0.9969174 -24.32846 52.02367 0.9969174 -24.40644 52.01445 0.9876883 -24.48345 51.99913 0.9723699 -24.75 34.46073 0.8660254 -24.67262 34.42045 0.9063078 -24.25 34.32675 1 -24.59202 34.38706 0.9396926 -3.40798 34.38706 0.9396926 -3.327382 34.42045 0.9063078 -3.75 34.32675 1 -3.25 34.46073 0.8660254 -3.15 34.52676 0.8 -24.85 34.52676 0.8 -24.50882 34.36083 0.9659258 -24.42365 34.34194 0.9848077 -24.33716 34.33056 0.9961947 -3.662844 34.33056 0.9961947 -3.576352 34.34194 0.9848077 -3.491181 34.36083 0.9659258 -0.8936538 16.14511 -1.562126 -0.8288226 15.8894 -2 -0.9110415 16.1988 -1.563278 -1.155104 17.16045 -1.624376 -1.17404 17.21644 -1.607792 -1.189463 17.12591 -1.517808 -1.196959 17.28258 -1.588213 -1.265494 17.47059 -1.532632 -1.290064 17.359 -1.429731 -1.377156 17.74982 -1.450426 -1.098759 16.74897 -1.455095 -1.091633 16.68206 -1.37585 -0.9331738 16.29531 -1.683091 -1.297475 16.85168 -0.2952097 -1.258839 16.80665 -0.3786881 -1.318852 16.89108 -0.5241301 -1.366641 16.98628 -0.6701769 -1.06236 16.55383 -1.215072 -0.9197208 16.23056 -1.60326 -1.097901 16.88706 -1.609707 -1.100841 16.8174 -1.53315 -1.015422 16.59202 -1.646206 -0.94137 16.36147 -1.762478 -1.39893 17.58498 -1.346466 -1.364093 17.71871 -1.459558 -1.420582 17.45369 -1.224104 -1.307981 17.14268 -1.206976 -1.197404 17.0368 -1.424349 -1.304349 17.24934 -1.320891 -1.09 16.95765 -1.684475 -1.428363 17.32656 -1.093716 -1.421912 17.20528 -0.9567928 -1.282762 16.94238 -0.9679233 -1.30078 17.04004 -1.088964 -0.9010757 16.16749 -1.523306 -1.040373 16.49303 -1.134193 -1.013655 16.43474 -1.053425 -1.122293 16.63231 -0.9251719 -1.085134 16.56311 -0.8233805 -1.215322 16.76535 -0.7212591 -1.166883 16.68736 -0.5979078 -1.189672 16.7187 -0.5405868 -1.254141 16.85056 -0.8449741 -1.152387 16.70599 -1.027171 -0.9075784 16.27285 -1.887159 -0.9442873 16.42877 -1.8411 -1.013428 16.69496 -1.76232 -1.04137 16.79424 -1.732906 -1.190255 16.86517 -1.229209 -0.8124034 15.7999 0.09935444 -0.8174752 15.80649 0.1861963 -0.8305066 15.81181 0.2750561 -0.8520377 15.81566 0.3648763 -0.8824282 15.81787 0.4544518 -0.9218156 15.8183 0.5424679 -0.9700837 15.81686 0.6275526 -1.026847 15.8135 0.7083398 -1.091454 15.80822 0.7835364 -1.163006 15.80109 0.8519895 -1.240404 15.79223 0.9127438 -1.322396 15.7818 0.9650859 -1.407651 15.77 1.008569 -1.49482 15.75708 1.04302 -1.582598 15.74327 1.068523 -1.669781 15.72882 1.08539 -9.589814 12.08175 2.496573 -0.4080649 1.418338 5.419689 -0.4866872 1.370022 5.5 -0.397633 1.178799 5.5 -0.8550169 9.716344 2.27089 -0.9733328 10.87243 1.943426 -1.502045 11.2053 1.941374 -9.511228 15.00504 1.511736 -4.968675 14.30187 1.511736 -6.461233 14.66403 1.511736 -7.979025 14.89898 1.511736 -4.549677 15.75745 1.210822 -2.971685 15.23012 1.210822 -1.53866 14.62983 1.208979 -1.533602 14.60296 1.212388 -2.101572 13.20713 1.511736 -1.005079 11.14601 1.872757 -1.219084 12.74034 1.514093 -1.325909 13.42149 1.388903 -1.997179 4.799138 4.870237 -1.352808 4.095528 4.870237 -0.572361 4.815335 4.094441 -0.4690347 2.726526 4.940739 -0.4774389 2.89878 4.873528 -0.7700966 3.340062 4.870237 -0.480466 2.960531 4.849251 -0.5062228 3.481448 4.641203 -0.5105057 3.567547 4.606349 -0.5433701 4.227875 4.336348 -1.386577 2.904793 5.5 -0.9042031 2.156422 5.5 -0.4552724 2.441354 5.050192 -0.4325801 1.96001 5.228992 -1.930368 3.6098 5.5 -2.531701 4.266415 5.5 -3.186285 4.869957 5.5 -2.698614 5.445877 4.870237 -3.889456 5.416121 5.5 -3.452112 6.03113 4.870237 -4.636198 5.901014 5.5 -4.252299 6.550729 4.870237 -5.421186 6.321178 5.5 -5.093471 7.000964 4.870237 -6.238823 6.673616 5.5 -5.969628 7.378627 4.870237 -7.08328 6.955817 5.5 -6.874525 7.681025 4.870237 -7.948534 7.165766 5.5 -7.801707 7.906002 4.870237 -8.828417 7.301969 5.5 -8.744565 8.051953 4.870237 -9.716653 7.363452 5.5 -9.696373 8.117837 4.870237 -3.511992 13.81508 1.511736 -9.55109 13.52226 1.941374 -8.143843 13.42485 1.941374 -6.749831 13.20906 1.941374 -5.378995 12.87644 1.941374 -4.04111 12.42934 1.941374 -2.745714 11.87097 1.941374 -8.303961 11.99274 2.496573 -7.030201 11.79557 2.496573 -5.777619 11.49163 2.496573 -4.555143 11.08311 2.496573 -3.371493 10.5729 2.496573 -2.235107 9.964653 2.496573 -1.154089 9.2627 2.496573 -0.7939028 8.993072 2.498794 -0.7801952 8.812724 2.558303 -9.627117 10.69411 3.173247 -8.458202 10.61319 3.173247 -7.300282 10.43395 3.173247 -6.16161 10.15766 3.173247 -5.05031 9.786286 3.173247 -3.974303 9.322479 3.173247 -2.941262 8.769545 3.173247 -1.958554 8.131429 3.173247 -1.033186 7.412679 3.173247 -0.6832531 7.175183 3.145597 -1.110271 5.683062 3.966414 -0.6154763 5.705538 3.729239 -0.5847754 5.069242 3.989902 -9.662725 9.369554 3.966414 -8.605431 9.296368 3.966414 -7.558082 9.134243 3.966414 -6.528145 8.884333 3.966414 -5.522964 8.548422 3.966414 -4.549707 8.128905 3.966414 -3.615314 7.628771 3.966414 -2.726446 7.05159 3.966414 -1.889442 6.401475 3.966414 -8.134168 7.003888 5.650818 -6.883237 6.693028 5.650818 -9.414035 7.156854 5.650818 -5.680646 6.229095 5.650818 -4.545044 5.619284 5.650818 -3.494045 4.873052 5.650818 -2.543949 4.001974 5.650818 -1.70949 3.019559 5.650818 -1.003611 1.941043 5.650818 -0.4820389 0.8822728 5.653111 -0.4423369 1.022204 5.586376 -0.6049954 0.4416498 5.812025 -0.5724312 0.5596406 5.775916 -0.6919106 0.6777037 5.808763 -0.5140554 0.7687136 5.700845 -1.24318 1.804759 5.808763 -0.7336905 -0.03794211 5.919314 -0.6750876 0.1834818 5.877007 -0.9664539 0.5640159 5.921076 -0.6550073 0.2581025 5.860082 -0.8079879 -0.3285164 5.959382 -1.253964 0.4449586 5.984923 -0.8774368 -0.6137979 5.984066 -0.8881868 -0.6594704 5.98683 -1 -1.169402 6 -0.9415901 -0.8940165 5.996546 -1.107989 -0.735114 6 -1.480427 0.3511807 6 -1.771946 1.503958 5.984923 -1.984997 1.38276 6 -2.417539 2.490364 5.984923 -2.613873 2.343624 6 -3.180731 3.388876 5.984923 -3.357304 3.21887 6 -4.049685 4.18556 5.984923 -4.203758 3.994926 6 -5.010923 4.86806 5.984923 -5.140107 4.659753 6 -6.049539 5.42579 5.984923 -6.151829 5.203042 6 -7.149424 5.850101 5.984923 -7.223235 5.616367 6 -8.293519 6.134412 5.984923 -8.337706 5.893316 6 -9.46408 6.274313 5.984923 -9.477956 6.029596 6 -9.446463 6.585001 5.921076 -9.429639 6.881676 5.808763 -8.183855 6.732784 5.808763 -6.966235 6.430202 5.808763 -5.795668 5.978622 5.808763 -4.690307 5.38505 5.808763 -3.667295 4.65869 5.808763 -2.742499 3.810808 5.808763 -1.930262 2.854554 5.808763 -8.237421 6.4405 5.921076 -7.055716 6.146843 5.921076 -5.919675 5.708583 5.921076 -4.846917 5.132519 5.921076 -3.854079 4.427582 5.921076 -2.95656 3.604709 5.921076 -2.16828 2.67666 5.921076 -1.501464 1.657828 5.921076 -1.081741 -5.367704 6 -1 -6.823241 6 -4.807612 2.369146 6 -3.83619 1.282126 6 -9.706373 5.447241 6 -11.10723 5.850821 6 -1.325937 -3.930469 6 -7.083583 4.184173 6 -8.359512 4.889354 6 -2.992585 0.09317517 6 -2.287404 -1.182753 6 -5.894632 3.340567 6 -1.729516 -2.529614 6 -13.08384 6.467877 5.951273 -13.08545 6.264868 5.983892 -14.91968 6.860539 5.823689 -14.91789 6.66751 5.89764 -13.07849 7.043948 5.730755 -13.08033 6.860539 5.823689 -13.08213 6.667509 5.897641 -13.08693 6.061746 5.995485 -12.62293 6.125974 5.996957 -13.19519 5.84919 5.984772 -12.62415 5.934698 5.995464 -14.00002 7.212661 5.621865 -14.00002 7.034703 5.734864 -14.00002 6.843623 5.829458 -14.00002 6.642387 5.903536 -14.00002 6.434376 5.955644 -14.00002 6.223206 5.985076 -14.00002 6.012513 5.991912 -15.37708 6.125976 5.996957 -15.49657 5.959094 5.997324 -14.91174 5.861649 5.98668 -14.2662 5.81043 5.977953 -14.00002 5.805764 5.976972 -14.91456 6.264869 5.983892 -14.91308 6.061748 5.995485 -14.91617 6.467878 5.951272 -14.92153 7.043948 5.730755 -14.92339 7.215088 5.620742 -27.84363 -8.909834 5 -27.67269 -9.832829 5 -27.65785 -9.829563 5.173648 -26.61356 -12.89761 5 -25.996 -14.041 5 -25.98298 -14.03316 5.173648 -25.56734 -14.70972 5 -25.1453 -15.29568 5 -25.13321 -15.28649 5.173648 -22.72886 -17.76888 5 -21.85662 -18.41089 5 -21.84809 -18.39831 5.173648 -19.11477 -19.85548 5 -17.7454 -20.31294 5 -17.74133 -20.2983 5.173648 -17.11529 -20.47223 5 -16.26495 -20.63881 5 -16.26249 -20.62382 5.173648 -12.95378 -20.78409 5 -11.73505 -20.63881 5 -11.73751 -20.62382 5.173648 -10.88471 -20.47223 5 -10.2546 -20.31294 5 -10.25867 -20.2983 5.173648 -8.885226 -19.85548 5 -8.818066 -19.82892 5 -8.82369 -19.8148 5.173648 -7 -18.9476 5 -6.143381 -18.41089 5 -6.151906 -18.39831 5.173648 -3.737274 -16.34566 5 -2.854697 -15.29568 5 -2.866791 -15.28649 5.173648 -2.432657 -14.70972 5 -2.003999 -14.041 5 -2.017017 -14.03316 5.173648 -0.6219807 -10.94981 5 -0.3273122 -9.832829 5 -0.3421493 -9.829563 5.173648 -0.1563684 -8.909834 5 -0.08206856 -8.336909 5 -0.09717178 -8.335266 5.173648 -15.45554 -19.7415 6 -16.10317 -19.65199 6 -16.13126 -19.82335 5.984808 -14 -19.82324 6 -14.7038 -19.80418 6 -14.71321 -19.97757 5.984808 -12.54446 -19.7415 6 -13.29619 -19.80418 6 -13.28679 -19.97757 5.984808 -2.201519 -12.2818 6 -2.860857 -13.52544 6 -2.043921 -12.35471 5.984808 -2.712065 -13.61497 5.984808 -1.89111 -12.42541 5.939692 -2.567794 -13.70177 5.939692 -1.747732 -12.49174 5.866025 -2.432428 -13.78322 5.866025 -1.618141 -12.5517 5.766044 -2.31008 -13.85683 5.766044 -1.506276 -12.60345 5.642787 -2.204466 -13.92038 5.642787 -1.415536 -12.64543 5.5 -2.118797 -13.97192 5.5 -1.348678 -12.67637 5.34202 -2.055674 -14.0099 5.34202 -1.307732 -12.69531 5.173648 -5.583978 -16.73135 6 -6.704568 -17.5832 6 -5.47156 -16.8637 5.984808 -6.607119 -17.72693 5.984808 -5.362559 -16.99202 5.939692 -6.51263 -17.86629 5.939692 -5.260285 -17.11243 5.866025 -6.423974 -17.99704 5.866025 -5.167847 -17.22126 5.766044 -6.343844 -18.11523 5.766044 -5.088052 -17.3152 5.642787 -6.274674 -18.21725 5.642787 -5.023325 -17.3914 5.5 -6.218565 -18.3 5.5 -4.975634 -17.44755 5.34202 -6.177225 -18.36097 5.34202 -4.946427 -17.48193 5.173648 -14.72232 -20.1457 5.939692 -16.1585 -19.9895 5.939692 -14.73087 -20.30344 5.866025 -16.18406 -20.1454 5.866025 -14.7386 -20.44602 5.766044 -16.20716 -20.28631 5.766044 -14.74528 -20.5691 5.642787 -16.2271 -20.40794 5.642787 -14.75069 -20.66893 5.5 -16.24327 -20.5066 5.5 -14.75468 -20.74249 5.34202 -16.25519 -20.5793 5.34202 -14.75712 -20.78754 5.173648 -20.08931 -18.3089 6 -21.29543 -17.5832 6 -20.17065 -18.46232 5.984808 -21.39288 -17.72693 5.984808 -20.24952 -18.61108 5.939692 -21.48737 -17.86629 5.939692 -20.32351 -18.75065 5.866025 -21.57603 -17.99704 5.866025 -20.3904 -18.87681 5.766044 -21.65616 -18.11523 5.766044 -20.44813 -18.98571 5.642787 -21.72533 -18.21725 5.642787 -20.49497 -19.07404 5.5 -21.78143 -18.3 5.5 -20.52947 -19.13913 5.34202 -21.82278 -18.36097 5.34202 -20.5506 -19.17899 5.173648 -23.43794 -15.76333 6 -24.34921 -14.69051 6 -23.56401 -15.88275 5.984808 -24.48745 -14.79559 5.984808 -23.68625 -15.99854 5.939692 -24.62149 -14.89749 5.939692 -23.80094 -16.10719 5.866025 -24.74726 -14.99309 5.866025 -23.9046 -16.20538 5.766044 -24.86093 -15.0795 5.766044 -23.99409 -16.29014 5.642787 -24.95905 -15.1541 5.642787 -24.06667 -16.3589 5.5 -25.03865 -15.2146 5.5 -24.12015 -16.40956 5.34202 -25.09729 -15.25918 5.34202 -24.15291 -16.44059 5.173648 -26.31949 -10.97416 6 -26.69607 -9.617858 6 -26.48405 -11.02961 5.984808 -26.86566 -9.655187 5.984808 -26.64361 -11.08337 5.939692 -27.03009 -9.691382 5.939692 -26.79332 -11.13381 5.866025 -27.18438 -9.725343 5.866025 -26.92863 -11.1794 5.766044 -27.32383 -9.756038 5.766044 -27.04544 -11.21876 5.642787 -27.4442 -9.782534 5.642787 -27.14018 -11.25068 5.5 -27.54185 -9.804027 5.5 -27.20999 -11.27421 5.34202 -27.61379 -9.819864 5.34202 -27.25275 -11.28861 5.173648 -1.076207 -8.22879 6 -0.8263518 -6.823241 5.984808 -0.9035763 -8.247564 5.984808 -0.6579799 -6.823241 5.939692 -0.7361913 -8.265769 5.939692 -0.5 -6.823241 5.866025 -0.5791376 -8.282849 5.866025 -0.3572124 -6.823241 5.766044 -0.437187 -8.298287 5.766044 -0.2339555 -6.823241 5.642787 -0.3146527 -8.311613 5.642787 -0.1339746 -6.823241 5.5 -0.2152578 -8.322422 5.5 -0.06030738 -6.823241 5.34202 -0.1420224 -8.330389 5.34202 -0.01519221 -6.823241 5.173648 0 -6.823241 5 -1.303933 -9.617858 6 -1.134344 -9.655187 5.984808 -0.9699089 -9.691382 5.939692 -0.8156225 -9.725343 5.866025 -0.6761732 -9.756038 5.766044 -0.555798 -9.782534 5.642787 -0.4581546 -9.804027 5.5 -0.3862096 -9.819864 5.34202 -0.7328556 -11.29346 5 -0.7472526 -11.28861 5.173648 -0.7900061 -11.27421 5.34202 -0.8598171 -11.25068 5.5 -0.9545643 -11.21876 5.642787 -1.071369 -11.1794 5.766044 -1.206682 -11.13381 5.866025 -1.356392 -11.08337 5.939692 -1.51595 -11.02961 5.984808 -1.680509 -10.97416 6 -1.293944 -12.70169 5 -1.386436 -12.89761 5 -2.902707 -15.25918 5.34202 -2.961353 -15.2146 5.5 -3.040947 -15.1541 5.642787 -3.139071 -15.0795 5.766044 -3.252743 -14.99309 5.866025 -3.37851 -14.89749 5.939692 -3.51255 -14.79559 5.984808 -3.65079 -14.69051 6 -3.836063 -16.45104 5 -3.847093 -16.44059 5.173648 -3.879846 -16.40956 5.34202 -3.933328 -16.3589 5.5 -4.005914 -16.29014 5.642787 -4.095398 -16.20538 5.766044 -4.199061 -16.10719 5.866025 -4.313754 -15.99854 5.939692 -4.435991 -15.88275 5.984808 -4.562058 -15.76333 6 -4.936592 -17.49351 5 -5.271143 -17.76888 5 -7.442282 -19.19241 5 -7.449398 -19.17899 5.173648 -7.47053 -19.13913 5.34202 -7.505037 -19.07404 5.5 -7.551868 -18.98571 5.642787 -7.609603 -18.87681 5.766044 -7.676486 -18.75065 5.866025 -7.750485 -18.61108 5.939692 -7.829352 -18.46232 5.984808 -7.91069 -18.3089 6 -9.188204 -18.89994 6 -9.12393 -19.06126 5.984808 -9.06161 -19.21767 5.939692 -9.003135 -19.36443 5.866025 -8.950284 -19.49707 5.766044 -8.904663 -19.61158 5.642787 -8.867655 -19.70446 5.5 -8.840388 -19.77289 5.34202 -10.27074 -20.25483 5.34202 -10.29044 -20.18385 5.5 -10.31719 -20.08752 5.642787 -10.35017 -19.96875 5.766044 -10.38837 -19.83117 5.866025 -10.43063 -19.67895 5.939692 -10.47567 -19.51671 5.984808 -10.52213 -19.34939 6 -11.89683 -19.65199 6 -11.86874 -19.82335 5.984808 -11.8415 -19.9895 5.939692 -11.81594 -20.1454 5.866025 -11.79284 -20.28631 5.766044 -11.7729 -20.40794 5.642787 -11.75673 -20.5066 5.5 -11.74481 -20.5793 5.34202 -13.24206 -20.80271 5 -13.24288 -20.78754 5.173648 -13.24532 -20.74249 5.34202 -13.24931 -20.66893 5.5 -13.25472 -20.5691 5.642787 -13.26139 -20.44602 5.766044 -13.26912 -20.30344 5.866025 -13.27768 -20.1457 5.939692 -14.75794 -20.80271 5 -15.04622 -20.78409 5 -17.72926 -20.25483 5.34202 -17.70956 -20.18385 5.5 -17.68281 -20.08752 5.642787 -17.64983 -19.96875 5.766044 -17.61163 -19.83117 5.866025 -17.56937 -19.67895 5.939692 -17.52433 -19.51671 5.984808 -17.47787 -19.34939 6 -19.18193 -19.82892 5 -19.17631 -19.8148 5.173648 -19.15961 -19.77289 5.34202 -19.13235 -19.70446 5.5 -19.09534 -19.61158 5.642787 -19.04972 -19.49707 5.766044 -18.99686 -19.36443 5.866025 -18.93839 -19.21767 5.939692 -18.87607 -19.06126 5.984808 -18.8118 -18.89994 6 -20.55772 -19.19241 5 -21 -18.9476 5 -23.06341 -17.49351 5 -23.05357 -17.48193 5.173648 -23.02437 -17.44755 5.34202 -22.97668 -17.3914 5.5 -22.91195 -17.3152 5.642787 -22.83215 -17.22126 5.766044 -22.73971 -17.11243 5.866025 -22.63744 -16.99202 5.939692 -22.52844 -16.8637 5.984808 -22.41602 -16.73135 6 -24.16394 -16.45104 5 -24.26273 -16.34566 5 -25.13914 -13.52544 6 -25.28794 -13.61497 5.984808 -25.43221 -13.70177 5.939692 -25.56757 -13.78322 5.866025 -25.68992 -13.85683 5.766044 -25.79553 -13.92038 5.642787 -25.8812 -13.97192 5.5 -25.94433 -14.0099 5.34202 -26.70606 -12.70169 5 -26.69227 -12.69531 5.173648 -26.65132 -12.67637 5.34202 -26.58446 -12.64543 5.5 -26.49372 -12.60345 5.642787 -26.38186 -12.5517 5.766044 -26.25227 -12.49174 5.866025 -26.10889 -12.42541 5.939692 -25.95608 -12.35471 5.984808 -25.79848 -12.2818 6 -27.26715 -11.29346 5 -27.37802 -10.94981 5 -27.91793 -8.336909 5 -27.90283 -8.335266 5.173648 -27.85798 -8.330389 5.34202 -27.78474 -8.322422 5.5 -27.68535 -8.311613 5.642787 -27.56282 -8.298287 5.766044 -27.42086 -8.282849 5.866025 -27.26381 -8.265769 5.939692 -27.09642 -8.247564 5.984808 -26.92379 -8.22879 6 -27 -6.823241 6 -27.17365 -6.823241 5.984808 -27.34202 -6.823241 5.939692 -27.5 -6.823241 5.866025 -27.64279 -6.823241 5.766044 -27.76605 -6.823241 5.642787 -27.86602 -6.823241 5.5 -27.93969 -6.823241 5.34202 -27.98481 -6.823241 5.173648 -28 -6.823241 5 -22.10537 3.340567 6 -20.91642 4.184173 6 -21.84817 5.203042 6 -20.77676 5.616367 6 -19.64049 4.889354 6 -19.6623 5.893316 6 -27 -1.169402 6 -26.91826 -5.367704 6 -22.85989 4.659753 6 -23.79624 3.994926 6 -23.19239 2.369146 6 -24.6427 3.21887 6 -24.16381 1.282126 6 -25.38613 2.343624 6 -25.00741 0.09317517 6 -18.52204 6.029596 6 -18.29363 5.447241 6 -16.89277 5.850821 6 -26.67406 -3.930469 6 -26.27048 -2.529614 6 -26.89201 -0.735114 6 -25.7126 -1.182753 6 -26.51957 0.3511807 6 -26.015 1.38276 6 -18.53592 6.274313 5.984923 -25.4683 4.266415 5.5 -25.45605 4.001974 5.650818 -24.50596 4.873052 5.650818 -27.5556 1.014973 5.590016 -27.51769 0.8813055 5.653475 -26.99639 1.941043 5.650818 -27.51331 1.370022 5.5 -27.60237 1.178799 5.5 -27.0958 2.156422 5.5 -26.29051 3.019559 5.650818 -26.61343 2.904793 5.5 -26.06963 3.6098 5.5 -23.3638 5.901014 5.5 -24.11054 5.416121 5.5 -24.81372 4.869957 5.5 -23.45496 5.619284 5.650818 -22.31936 6.229095 5.650818 -22.57882 6.321178 5.5 -21.76118 6.673616 5.5 -21.11676 6.693028 5.650818 -20.91672 6.955817 5.5 -19.86583 7.003888 5.650818 -20.05147 7.165766 5.5 -19.17158 7.301969 5.5 -18.58596 7.156854 5.650818 -18.28335 7.363452 5.5 -19.70648 6.134412 5.984923 -20.85058 5.850101 5.984923 -21.95046 5.42579 5.984923 -22.98908 4.86806 5.984923 -23.95031 4.18556 5.984923 -24.81927 3.388876 5.984923 -25.58246 2.490364 5.984923 -26.22805 1.503958 5.984923 -26.74604 0.4449586 5.984923 -27.11174 -0.6597809 5.986822 -27.1058 -0.6852344 5.98823 -27.05889 -0.8918634 5.996473 -27.26272 -0.05172085 5.921589 -27.19341 -0.322926 5.958751 -27.12353 -0.6097319 5.98378 -27.38765 0.4148333 5.819643 -27.34685 0.2649585 5.858448 -27.03355 0.5640159 5.921076 -27.30695 0.116214 5.891059 -27.26803 -0.03136426 5.918214 -27.30809 0.6777037 5.808763 -27.42928 0.5658029 5.773911 -27.47168 0.7178934 5.720481 -26.75682 1.804759 5.808763 -26.06974 2.854554 5.808763 -25.2575 3.810808 5.808763 -24.33271 4.65869 5.808763 -23.30969 5.38505 5.808763 -22.20433 5.978622 5.808763 -21.03376 6.430202 5.808763 -19.81615 6.732784 5.808763 -18.57036 6.881676 5.808763 -26.49854 1.657828 5.921076 -25.83172 2.67666 5.921076 -25.04344 3.604709 5.921076 -24.14592 4.427582 5.921076 -23.15308 5.132519 5.921076 -22.08032 5.708583 5.921076 -20.94429 6.146843 5.921076 -19.76258 6.4405 5.921076 -18.55354 6.585001 5.921076 -27.38452 5.705538 3.729239 -27.4128 5.118957 3.969455 -26.88973 5.683062 3.966414 -27.41708 5.031145 4.005577 -26.64719 4.095528 4.870237 -26.00282 4.799138 4.870237 -27.49378 3.481448 4.641203 -27.52598 2.828784 4.900932 -27.2299 3.340062 4.870237 -18.37289 10.69411 3.173247 -25.02832 15.23012 1.210822 -23.45032 15.75745 1.210822 -18.48877 15.00504 1.511736 -20.02098 14.89898 1.511736 -25.30139 5.445877 4.870237 -24.54789 6.03113 4.870237 -23.7477 6.550729 4.870237 -22.90653 7.000964 4.870237 -22.03037 7.378627 4.870237 -21.12548 7.681025 4.870237 -20.19829 7.906002 4.870237 -19.25544 8.051953 4.870237 -18.30363 8.117837 4.870237 -27.53096 2.726526 4.940739 -27.54361 2.464585 5.041368 -27.56742 1.96001 5.228992 -27.59175 1.422459 5.418285 -27.45663 4.227875 4.336348 -27.49062 3.54496 4.615503 -27.49154 3.526409 4.623016 -27.36127 6.197898 3.53001 -26.11056 6.401475 3.966414 -27.32015 7.098396 3.175123 -26.96681 7.412679 3.173247 -27.28443 7.819261 2.904806 -27.31675 7.175183 3.145597 -27.25975 8.231414 2.757424 -26.04145 8.131429 3.173247 -27.20713 8.977168 2.504343 -27.14724 9.689476 2.279387 -26.84591 9.2627 2.496573 -27.14351 9.730341 2.26699 -25.7649 9.964653 2.496573 -25.25429 11.87097 1.941374 -26.88718 11.99492 1.670444 -26.49796 11.2053 1.941374 -26.96021 11.43182 1.801772 -24.48801 13.81508 1.511736 -26.5056 14.39184 1.240136 -25.89843 13.20713 1.511736 -26.64942 13.57072 1.36378 -23.03133 14.30187 1.511736 -21.53877 14.66403 1.511736 -23.95889 12.42934 1.941374 -22.621 12.87644 1.941374 -21.25017 13.20906 1.941374 -19.85616 13.42485 1.941374 -18.44891 13.52226 1.941374 -24.62851 10.5729 2.496573 -23.44485 11.08311 2.496573 -22.22238 11.49163 2.496573 -20.9698 11.79557 2.496573 -19.69604 11.99274 2.496573 -18.41019 12.08175 2.496573 -25.05874 8.769545 3.173247 -24.0257 9.322479 3.173247 -22.94969 9.786286 3.173247 -21.83839 10.15766 3.173247 -20.69972 10.43395 3.173247 -19.5418 10.61319 3.173247 -25.27355 7.05159 3.966414 -24.38469 7.628771 3.966414 -23.45029 8.128905 3.966414 -22.47703 8.548422 3.966414 -21.47186 8.884333 3.966414 -20.44192 9.134243 3.966414 -19.39457 9.296368 3.966414 -18.33728 9.369554 3.966414 -26.33022 15.72882 1.08539 -26.4174 15.74327 1.068523 -26.50518 15.75708 1.04302 -26.59235 15.77 1.008569 -26.6776 15.7818 0.9650859 -26.7596 15.79223 0.9127438 -26.83699 15.80109 0.8519895 -26.90855 15.80822 0.7835364 -26.97315 15.8135 0.7083398 -27.02992 15.81686 0.6275526 -27.07819 15.8183 0.5424679 -27.11757 15.81787 0.4544518 -27.14796 15.81566 0.3648763 -27.1695 15.81181 0.2750561 -27.18253 15.80649 0.1861963 -27.1876 15.7999 0.09935444 -26.57864 17.2045 -0.9574131 -26.81176 17.1228 -1.519 -26.80389 17.03394 -1.42576 -26.69668 17.24726 -1.321902 -26.69308 17.14079 -1.20816 -26.57995 17.45274 -1.224556 -26.9003 16.81461 -1.534544 -26.90953 16.67971 -1.377724 -26.91583 16.56145 -0.8263771 -26.8339 16.68616 -0.6000949 -26.78557 16.76405 -0.7232459 -27.04813 16.30178 -1.288679 -27.01586 16.39386 -1.40886 -27.09907 16.16739 -1.523504 -27.08047 16.23046 -1.603419 -27.10649 16.145 -1.562335 -27.15256 15.97902 -1.847731 -26.92164 16.61478 -1.297862 -27.06703 16.29518 -1.683214 -27.17118 15.8894 -2 -27.05882 16.36131 -1.762569 -26.96058 16.49125 -1.136842 -26.98718 16.4331 -1.056334 -26.98073 16.44567 -1.033951 -26.9431 16.51498 -0.9099605 -26.87882 16.63051 -0.927896 -26.74683 16.84914 -0.846755 -26.93869 16.55188 -1.21746 -26.68161 16.89049 -0.5250462 -26.63387 16.98564 -0.6709936 -26.81092 16.71779 -0.5422307 -26.74157 16.8061 -0.3796995 -26.60157 17.58393 -1.346853 -26.7109 17.35673 -1.430589 -26.80304 17.28246 -1.588248 -26.82708 17.21307 -1.608791 -26.62283 17.74978 -1.450438 -26.63635 17.71756 -1.459895 -26.73538 17.46813 -1.53336 -26.81108 16.86279 -1.231115 -26.70028 17.03832 -1.090339 -26.57218 17.3257 -1.094247 -26.98715 16.69304 -1.762892 -26.98476 16.64144 -1.705343 -26.95863 16.79431 -1.732886 -26.90319 16.88403 -1.610881 -26.91101 16.95438 -1.685445 -27.05585 16.42857 -1.841166 -27.05668 16.39481 -1.801982 -27.09248 16.2729 -1.88715 -26.84487 17.16046 -1.624374 -26.71827 16.94082 -0.9694983 -15.15217 62.17676 1 -15.25 62.17676 1 -15.53909 62.05537 1 -16.33483 62.11114 1 -16.25 61.72387 1 -16.25 53.92964 1 -16.89255 54.37955 1 -24.25 52.02676 1 -10.5528 54.93421 1 -11.10746 54.37955 1 -3.75 52.02676 1 -11.75 53.92964 1 -12.46091 53.59814 1 -15.53909 53.59814 1 -13.21858 53.39512 1 -14 53.32676 1 -14.78141 53.39512 1 -9.5 57.82676 1 -5.343145 58.28934 1 -9.568366 58.60817 1 -6.013403 59.14486 1 -9.771384 59.36585 1 -10.10289 55.57675 1 -3.75 53.17676 1 -9.771384 56.28767 1 -6.781896 59.91336 1 -7.637417 60.58361 1 -10.10289 60.07676 1 -8.567492 61.14587 1 -10.5528 60.7193 1 -9.558556 61.5919 1 -11.10746 61.27396 1 -10.59616 61.91523 1 -11.75 61.72387 1 -11.66517 62.11114 1 -12.46091 62.05537 1 -12.75 62.17676 1 -12.84783 62.17676 1 -3.81562 54.26159 1 -4.011523 55.3306 1 -9.568366 57.04534 1 -4.334854 56.3682 1 -4.780896 57.35927 1 -17.4472 54.93421 1 -17.89711 55.57675 1 -24.25 53.17676 1 -18.22862 56.28767 1 -17.89711 60.07676 1 -20.36258 60.58361 1 -18.22862 59.36585 1 -21.2181 59.91336 1 -18.43164 58.60817 1 -16.89255 61.27396 1 -17.40384 61.91523 1 -17.4472 60.7193 1 -18.44144 61.5919 1 -19.43251 61.14587 1 -18.43164 57.04534 1 -23.98848 55.3306 1 -24.18438 54.26159 1 -21.9866 59.14486 1 -22.65686 58.28934 1 -18.5 57.82676 1 -23.21911 57.35927 1 -23.66515 56.3682 1 -24.25 32.52676 1 -3.75 32.52676 1 -24.25 34.32675 1 -3.75 34.32675 1 -3.226618 22.8258 -1 -3.535845 25.4447 -1 -24.77338 22.8258 -1 -25.21757 20.22638 -1 -3.75 32.52676 -1 -24.25 32.52676 -1 -3.75 30.11353 -1 -24.25 30.11353 -1 -3.709286 28.07609 -1 -24.29071 28.07609 -1 -24.46416 25.4447 -1 -2.782432 20.22638 -1 -1.089649 17.17341 -1.886024 -1.083274 17.17476 -2 -1.375 18.46839 -2 -1.119053 17.16719 -1.732033 -1.462859 18.44735 -1.584638 -1.536929 18.42961 -1.447468 -1.551849 18.42603 -1.424995 -1.630953 18.40709 -1.323899 -1.659839 18.40017 -1.292893 -1.381337 18.46687 -1.886024 -1.409468 18.46013 -1.736127 -1.410566 18.45987 -1.732033 -0.1094846 10.13072 1.146417 -0.1867396 11.14055 0.8779718 -0.2131838 11.28633 1.010709 -1.264529 13.56082 1.353808 -0.7427311 9.285335 2.382728 -1.099332 12.48527 1.551422 -0.9578498 11.41459 1.789561 -1.017252 12.48976 1.529052 -0.8779054 11.41571 1.765568 -0.9353278 12.49264 1.499132 -0.7983736 11.415 1.734426 -0.8545969 12.49378 1.461519 -0.7202335 11.41236 1.696037 -0.7761557 12.49305 1.416249 -0.6445092 11.40771 1.65047 -0.7011165 12.49038 1.363562 -0.5722327 11.40103 1.597975 -0.6305613 12.48574 1.303897 -0.5044019 11.39233 1.538989 -0.5654929 12.47916 1.237895 -0.4419376 11.38169 1.474117 -0.5067898 12.4707 1.16637 -0.3856434 11.36921 1.404126 -0.4551662 12.4605 1.090276 -0.3361716 11.35508 1.329904 -0.4111441 12.4487 1.010669 -0.2939984 11.33949 1.252429 -0.3750373 12.43552 0.928659 -0.2594101 11.32266 1.172724 -0.3469493 12.42116 0.8453589 -0.2325013 11.30486 1.09182 -0.3267838 12.40587 0.7618412 -0.3142661 12.3899 0.6791005 -0.3089722 12.37346 0.5980221 -1.454366 14.6418 1.198028 -1.368693 14.65297 1.179218 -1.180549 13.56867 1.333163 -1.282669 14.66314 1.152115 -1.096469 13.5752 1.304589 -1.197444 14.67208 1.116468 -1.013385 13.5802 1.267888 -1.114255 14.6796 1.072236 -0.9324615 13.58354 1.223062 -1.034372 14.68551 1.019619 -0.8548918 13.58508 1.170331 -0.9590435 14.68967 0.9590661 -0.7818411 13.58474 1.110143 -0.8894374 14.692 0.891268 -0.7143943 13.58249 1.043164 -0.8265804 14.69244 0.817134 -0.6535041 13.57835 0.9702554 -0.7713093 14.691 0.7377521 -0.5999466 13.57238 0.8924396 -0.7242346 14.68775 0.6543356 -0.5542883 13.5647 0.8108512 -0.6857202 14.68278 0.5681642 -0.5168694 13.55546 0.7266839 -0.6558806 14.67624 0.4805227 -0.4878001 13.54487 0.6411365 -0.6345956 14.66832 0.392645 -0.4669735 13.53312 0.5553621 -0.6215372 14.6592 0.3056659 -0.4540899 13.52044 0.4704251 -0.616207 14.64911 0.2205862 -0.4417793 13.45562 0.3958567 -0.0918883 8.048738 2.216531 -0.04831671 6.937183 2.549957 -0.0629974 8.023161 2.144582 -0.04595333 6.934429 2.543063 -0.04069101 7.997099 2.071707 -0.01215302 6.880913 2.409131 -0.02489721 7.970831 1.99866 -0.01113522 6.87846 2.40299 0 6.823241 2.264796 -0.6678826 8.224774 2.734745 -0.6140876 7.165545 3.121476 -0.5960501 8.216074 2.706487 -0.539676 7.152638 3.089175 -0.52538 8.205217 2.672379 -0.4785531 7.13985 3.057168 -0.456655 8.192191 2.632441 -0.4072875 7.122088 3.012716 -0.3906713 8.17703 2.586812 -0.3514224 7.105663 2.97161 -0.3282123 8.159815 2.535759 -0.2893056 7.084273 2.918078 -0.2700208 8.14067 2.479674 -0.2383065 7.063657 2.866481 -0.2167707 8.119767 2.419062 -0.1885978 7.040113 2.807561 -0.1690428 8.097312 2.354532 -0.1441606 7.015162 2.745115 -0.1273031 8.073549 2.286773 -0.107612 6.990683 2.683852 -0.07260793 6.962047 2.612183 -0.8391984 10.34825 2.067111 -0.7616546 10.34604 2.041591 -0.667881 9.279842 2.355783 -0.6847799 10.34183 2.009338 -0.5939516 9.272244 2.32254 -0.6094909 10.33556 1.970299 -0.5217942 9.2625 2.282982 -0.5367381 10.32719 1.924571 -0.4522832 9.250611 2.237233 -0.4674718 10.31672 1.872414 -0.386286 9.236623 2.185556 -0.4026052 10.30423 1.814251 -0.3246309 9.220635 2.128361 -0.342977 10.28982 1.750659 -0.268074 9.20279 2.06619 -0.2893161 10.27365 1.682349 -0.2172699 9.183276 1.999703 -0.2422124 10.25591 1.610146 -0.1727464 9.162317 1.929657 -0.2020958 10.23685 1.534948 -0.1348865 9.140165 1.856875 -0.1692239 10.21671 1.457698 -0.1039187 9.117091 1.782214 -0.1436808 10.19577 1.379339 -0.07991558 9.093374 1.706536 -0.1253851 10.17428 1.300785 -0.06280076 9.069291 1.630675 -0.06959605 9.461348 1.343565 -0.03885573 8.795342 1.554661 -0.008771419 3.923443 3.642716 -0.1581438 2.606994 4.657307 -0.1250835 2.585488 4.60622 -0.1465863 4.079809 3.998988 -0.2342874 2.647161 4.752665 -0.1946312 2.627591 4.706217 -0.2279145 4.125739 4.103636 -0.1852943 4.103376 4.052684 -0.4859186 4.215049 4.307123 -0.03593599 3.9771 3.764971 -0.03075772 2.493138 4.386647 -0.05663043 4.003654 3.825474 -0.07006722 2.540287 4.498785 -0.08204919 4.029758 3.884948 -0.1120916 4.055208 3.942934 -0.007534861 2.445249 4.272683 -0.3692094 2.698741 4.874967 -0.4297996 4.200486 4.273942 -0.3994415 3.453536 4.577026 -0.3754792 4.18421 4.236859 -0.3000277 3.4195 4.498708 -0.3234243 4.166272 4.195988 -0.2740913 4.146747 4.151502 -0.2768197 2.665598 4.796406 -0.3397223 1.933185 5.161761 -0.2542686 1.901796 5.083027 -0.3538323 1.16681 5.467092 -0.196816 1.109488 5.309744 -0.1785831 1.866297 4.993927 -0.3115886 1.153846 5.431504 -0.2822827 1.143924 5.40427 -0.2328284 1.125134 5.352694 -0.1679785 5.560263 3.390769 -0.2122936 5.584431 3.447112 -0.2609707 5.607149 3.500066 -0.3135412 5.628242 3.549224 -0.3694814 5.647568 3.594253 -0.4282292 5.665015 3.6349 -0.4892011 5.680513 3.670992 -0.551809 5.694022 3.702442 -0.006358921 0.9441109 4.855792 0 0.9055701 4.75 0 1.330291 4.590992 -0.01184308 0.9580947 4.894177 -0.02586978 0.9829251 4.962336 -0.04709184 1.009375 5.03494 -0.05880922 1.021224 5.067465 0 2.397787 4.159671 0 3.87033 3.5217 -0.1049115 1.058197 5.168953 -0.1326638 1.07594 5.217656 -0.1633589 1.093064 5.264663 -0.1839323 1.103403 5.293043 -0.6606616 -0.04011553 5.896193 -0.02112299 0.4285089 5.088784 -0.02750587 -0.1063511 5.191562 -0.01200014 -0.1136952 5.113434 -0.009258389 0.4156329 5.021313 -0.2023502 0.8018746 5.413389 -0.1960944 0.5016743 5.472172 -0.1551423 0.4904709 5.413465 -0.1300672 0.7738983 5.307037 -0.4216777 -0.8966191 5.814094 -0.4527902 -1.169402 5.836995 -0.3697019 -1.169402 5.776353 -0.2508135 -0.625124 5.654164 -0.3167262 -0.6227734 5.721937 -0.3572124 -1.169402 5.766044 -0.5 -1.169402 5.866025 -0.5040777 -0.8958528 5.866649 -0.5407054 -1.169402 5.888284 -0.5899356 -0.8952202 5.910333 -0.6579799 -1.169402 5.939692 -0.6778863 -0.8947235 5.944973 -0.7248418 -1.169402 5.961399 -0.7666072 -0.894361 5.970649 -0.8263518 -1.169402 5.984808 -0.8548717 -0.894128 5.987673 -0.9101456 -1.169402 5.995955 -0.2879663 -0.3453841 5.680651 -0.3533869 -0.3417086 5.741217 -0.3884151 -0.6206628 5.782924 -0.4233765 -0.3384283 5.795312 -0.4648213 -0.6188154 5.836457 -0.4969835 -0.33557 5.842494 -0.5448004 -0.6172464 5.882081 -0.5732173 -0.3331496 5.882496 -0.6271748 -0.6159636 5.919568 -0.6510874 -0.331172 5.915235 -0.7107859 -0.6149669 5.948909 -0.7945384 -0.6142494 5.970289 -0.1644375 0.7882046 5.361423 -0.2411425 0.5122656 5.52767 -0.2898879 0.5221692 5.579565 -0.3355365 0.232263 5.670547 -0.3951025 0.2388802 5.719082 -0.4469404 -0.05017834 5.789142 -0.5164996 -0.0462287 5.831159 -0.2435261 0.8148261 5.462626 -0.3418828 0.5313221 5.627526 -0.4574895 0.2447897 5.762428 -0.5880089 -0.04287415 5.866845 -0.2876489 0.8269876 5.50886 -0.3343729 0.8382995 5.551865 -0.3966434 0.5396744 5.671292 -0.4536638 0.5471903 5.710676 -0.5220386 0.2499678 5.80041 -0.588091 0.2544043 5.832952 -0.3942004 1.012036 5.553458 -0.4341456 0.8581995 5.627523 -0.3833316 0.8487148 5.591463 -0.5124297 0.5538483 5.745564 -0.002936244 -0.1209837 5.035897 0 0.4599826 4.87407 -0.1141017 -0.08473682 5.421501 -0.1005954 0.1903538 5.363174 -0.1561318 -0.07793569 5.493853 -0.1375551 0.1996807 5.431579 -0.2042897 -0.0714662 5.562676 -0.1799413 0.208615 5.497104 -0.2580955 -0.06539911 5.627219 -0.227387 0.2170721 5.55913 -0.3169491 -0.05979645 5.686822 -0.2794317 0.2249763 5.617103 -0.3801535 -0.05470973 5.740936 -0.03798693 0.4413596 5.156122 -0.03196096 0.7122254 5.072597 -0.05989414 0.454084 5.222798 -0.07284605 0.7437483 5.192425 -0.09947454 0.7590468 5.25058 -0.118625 0.478741 5.352001 -0.0868113 0.4665788 5.28827 -0.07854408 -0.091793 5.346435 -0.04966002 -0.09902447 5.269505 -0.01519221 -1.169402 5.173648 0 -1.169402 5 0 -0.3890357 4.979753 -0.2928932 -1.169402 5.707107 -0.2339555 -1.169402 5.642787 -0.1915998 -0.6276848 5.580469 -0.1630045 -1.169402 5.54721 -0.1398294 -0.6304202 5.501873 -0.1339746 -1.169402 5.5 -0.09603744 -0.6332907 5.419508 -0.111716 -1.169402 5.459295 -0.07021164 -1.169402 5.368095 -0.06030738 -1.169402 5.34202 -0.03860104 -1.169402 5.275158 -0.7296398 -0.3296322 5.940788 -23.95035 -7.944377 3.282325 -23.76226 -9.051415 3.282325 -23.84808 -8.559723 3 -23.74928 -9.048451 3 -23.4514 -10.13043 3.282325 -23.43883 -10.12603 3 -21.66045 -13.25112 3 -21.81831 -13.05814 3 -21.82872 -13.06644 3.282325 -22.46724 -12.14356 3 -22.47852 -12.15065 3.282325 -22.66025 -11.82324 3 -23.02168 -11.16786 3.282325 -23.00969 -11.16208 3 -23.39693 -10.24344 3 -21.07107 -13.89431 3 -21.08048 -13.90372 3.282325 -20.42788 -14.48369 3 -20.2432 -14.65196 3.282325 -20.2349 -14.64156 3 -19.3274 -15.30176 3.282325 -19.32032 -15.29048 3 -16.22817 -16.5855 3.282325 -17.30279 -16.26208 3 -17.30719 -16.27464 3.282325 -17.4202 -16.22017 3 -18.34461 -15.84493 3.282325 -18.33884 -15.83293 3 -19 -15.4835 3 -15.11964 -16.76037 3 -15.73648 -16.67132 3 -16.22521 -16.57252 3 -15.12113 -16.77359 3.282325 -14 -16.83656 3.282325 -14 -16.82324 3 -12.87886 -16.77359 3.282325 -12.88035 -16.76037 3 -12.26352 -16.67132 3 -11.77183 -16.5855 3.282325 -11.77479 -16.57252 3 -10.69281 -16.27464 3.282325 -10.69721 -16.26208 3 -7.572124 -14.48369 3 -7.765102 -14.64156 3 -7.756801 -14.65196 3.282325 -8.67968 -15.29048 3 -8.672596 -15.30176 3.282325 -9 -15.4835 3 -9.655386 -15.84493 3.282325 -9.661163 -15.83293 3 -10.5798 -16.22017 3 -6.928932 -13.89431 3 -6.919517 -13.90372 3.282325 -6.339555 -13.25112 3 -6.171276 -13.06644 3.282325 -6.181685 -13.05814 3 -5.521485 -12.15065 3.282325 -5.532758 -12.14356 3 -4.237741 -9.051415 3.282325 -4.561167 -10.12603 3 -4.5486 -10.13043 3.282325 -4.603074 -10.24344 3 -4.978316 -11.16786 3.282325 -4.990311 -11.16208 3 -5.339746 -11.82324 3 -4.062878 -7.942886 3 -4.151923 -8.559723 3 -4.250721 -9.048451 3 -4.049648 -7.944377 3.282325 -3.986686 -6.823241 3.282325 -4 -6.823241 3 -4.049648 -5.702106 3.282325 -4.062878 -5.703597 3 -4.151923 -5.08676 3 -4.237741 -4.59507 3.282325 -4.250721 -4.598032 3 -4.5486 -3.516054 3.282325 -4.561167 -3.520451 3 -6.339555 -0.3953657 3 -6.181685 -0.5883438 3 -6.171276 -0.5800426 3.282325 -5.532758 -1.502921 3 -5.521485 -1.495837 3.282325 -5.339746 -1.823242 3 -4.978316 -2.478628 3.282325 -4.990311 -2.484405 3 -4.603074 -3.40304 3 -6.928932 0.247826 3 -6.919517 0.2572405 3.282325 -7.572124 0.8372027 3 -7.756801 1.005482 3.282325 -7.765102 0.995073 3 -8.672596 1.655273 3.282325 -8.67968 1.644 3 -11.77183 2.939018 3.282325 -10.69721 2.615592 3 -10.69281 2.628159 3.282325 -10.5798 2.573684 3 -9.655386 2.198443 3.282325 -9.661163 2.186447 3 -9 1.837012 3 -12.88035 3.11388 3 -12.26352 3.024836 3 -11.77479 2.926037 3 -12.87886 3.127111 3.282325 -14 3.190072 3.282325 -14 3.176758 3 -15.12113 3.127111 3.282325 -15.11964 3.11388 3 -15.73648 3.024836 3 -16.22817 2.939018 3.282325 -16.22521 2.926037 3 -17.30719 2.628159 3.282325 -17.30279 2.615592 3 -20.42788 0.8372027 3 -20.2349 0.995073 3 -20.2432 1.005482 3.282325 -19.32032 1.644 3 -19.3274 1.655273 3.282325 -19 1.837012 3 -18.34461 2.198443 3.282325 -18.33884 2.186447 3 -17.4202 2.573684 3 -21.07107 0.247826 3 -21.08048 0.2572405 3.282325 -21.66045 -0.3953657 3 -21.82872 -0.5800426 3.282325 -21.81831 -0.5883438 3 -22.47852 -1.495837 3.282325 -22.46724 -1.502921 3 -23.76226 -4.59507 3.282325 -23.43883 -3.520451 3 -23.4514 -3.516054 3.282325 -23.39693 -3.40304 3 -23.02168 -2.478628 3.282325 -23.00969 -2.484405 3 -22.66025 -1.823242 3 -23.93712 -5.703597 3 -23.84808 -5.08676 3 -23.74928 -4.598032 3 -23.95035 -5.702106 3.282325 -24.01332 -6.823241 3.282325 -24 -6.823241 3 -23.93712 -7.942886 3 -12.57607 -19.46095 5.986686 -11.17005 -19.22206 5.986686 -14 -19.54092 5.986686 -15.42393 -19.46095 5.986686 -16.82995 -19.22206 5.986686 -18.20038 -18.82724 5.986686 -19.51799 -18.28147 5.986686 -20.76621 -17.5916 5.986686 -21.92934 -16.76632 5.986686 -22.99275 -15.81599 5.986686 -23.94308 -14.75258 5.986686 -24.76836 -13.58945 5.986686 -25.45823 -12.34123 5.986686 -26.004 -11.02362 5.986686 -26.39882 -9.653191 5.986686 -26.63771 -8.24717 5.986686 -26.71768 -6.823241 5.986686 -26.63771 -5.399313 5.986686 -26.39882 -3.993293 5.986686 -26.004 -2.62286 5.986686 -25.45823 -1.305249 5.986686 -24.76836 -0.05703067 5.986686 -23.94308 1.106099 5.986686 -22.99275 2.169512 5.986686 -21.92934 3.119837 5.986686 -20.76621 3.945121 5.986686 -19.51799 4.634987 5.986686 -18.20038 5.18076 5.986686 -16.82995 5.575574 5.986686 -15.42393 5.814467 5.986686 -15.3669 5.308375 5.893672 -14 5.385139 5.893672 -9.799619 -18.82724 5.986686 -8.482007 -18.28147 5.986686 -7.233788 -17.5916 5.986686 -6.07066 -16.76632 5.986686 -5.007246 -15.81599 5.986686 -4.056921 -14.75258 5.986686 -3.231637 -13.58945 5.986686 -2.541771 -12.34123 5.986686 -1.995998 -11.02362 5.986686 -1.601184 -9.653191 5.986686 -1.362291 -8.24717 5.986686 -1.282325 -6.823241 5.986686 -1.362291 -5.399313 5.986686 -1.601184 -3.993293 5.986686 -1.995998 -2.62286 5.986686 -2.541771 -1.305249 5.986686 -3.231637 -0.05703067 5.986686 -4.056921 1.106099 5.986686 -5.007246 2.169512 5.986686 -6.07066 3.119837 5.986686 -7.233788 3.945121 5.986686 -8.482007 4.634987 5.986686 -9.799619 5.18076 5.986686 -11.17005 5.575574 5.986686 -12.57607 5.814467 5.986686 -12.86845 -16.86602 3.791619 -11.75113 -16.67618 3.791619 -10.66209 -16.36244 3.791619 -9.615029 -15.92873 3.791619 -8.623109 -15.38051 3.791619 -7.698807 -14.72469 3.791619 -6.853747 -13.96949 3.791619 -6.098555 -13.12443 3.791619 -5.442728 -12.20013 3.791619 -4.894513 -11.20821 3.791619 -4.460805 -10.16115 3.791619 -4.147059 -9.072112 3.791619 -3.957218 -7.954791 3.791619 -3.893672 -6.823241 3.791619 -3.957218 -5.691692 3.791619 -4.147059 -4.574372 3.791619 -4.460805 -3.485333 3.791619 -4.894513 -2.438271 3.791619 -5.442728 -1.446351 3.791619 -6.098555 -0.5220495 3.791619 -6.853747 0.3230111 3.791619 -7.698807 1.078203 3.791619 -8.623109 1.73403 3.791619 -9.615029 2.282245 3.791619 -10.66209 2.715952 3.791619 -11.75113 3.029699 3.791619 -12.86845 3.21954 3.791619 -14 3.283086 3.791619 -15.13155 3.21954 3.791619 -16.24887 3.029699 3.791619 -17.33791 2.715952 3.791619 -18.38497 2.282245 3.791619 -19.37689 1.73403 3.791619 -20.30119 1.078203 3.791619 -21.14625 0.3230111 3.791619 -21.90145 -0.5220495 3.791619 -22.55727 -1.446351 3.791619 -23.10549 -2.438271 3.791619 -23.53919 -3.485333 3.791619 -23.85294 -4.574372 3.791619 -24.04278 -5.691692 3.791619 -24.10633 -6.823241 3.791619 -24.04278 -7.954791 3.791619 -23.85294 -9.072112 3.791619 -23.53919 -10.16115 3.791619 -23.10549 -11.20821 3.791619 -22.55727 -12.20013 3.791619 -21.90145 -13.12443 3.791619 -21.14625 -13.96949 3.791619 -20.30119 -14.72469 3.791619 -19.37689 -15.38051 3.791619 -18.38497 -15.92873 3.791619 -17.33791 -16.36244 3.791619 -16.24887 -16.67618 3.791619 -15.13155 -16.86602 3.791619 -14 -16.92957 3.791619 -12.84839 -17.04409 4.277338 -11.71126 -16.85088 4.277338 -10.60291 -16.53157 4.277338 -9.537281 -16.09017 4.277338 -8.527775 -15.53224 4.277338 -7.587084 -14.86478 4.277338 -6.727039 -14.0962 4.277338 -5.958457 -13.23616 4.277338 -5.291002 -12.29547 4.277338 -4.733068 -11.28596 4.277338 -4.29167 -10.22033 4.277338 -3.97236 -9.111985 4.277338 -3.779154 -7.974854 4.277338 -3.714481 -6.823241 4.277338 -3.779154 -5.671629 4.277338 -3.97236 -4.534498 4.277338 -4.29167 -3.42615 4.277338 -4.733068 -2.360522 4.277338 -5.291002 -1.351016 4.277338 -5.958457 -0.4103257 4.277338 -6.727039 0.4497184 4.277338 -7.587084 1.218301 4.277338 -8.527775 1.885756 4.277338 -9.537281 2.443691 4.277338 -10.60291 2.885088 4.277338 -11.71126 3.204397 4.277338 -12.84839 3.397604 4.277338 -14 3.462277 4.277338 -15.15161 3.397604 4.277338 -16.28874 3.204397 4.277338 -17.39709 2.885088 4.277338 -18.46272 2.443691 4.277338 -19.47223 1.885756 4.277338 -20.41292 1.218301 4.277338 -21.27296 0.4497184 4.277338 -22.04154 -0.4103257 4.277338 -22.709 -1.351016 4.277338 -23.26693 -2.360522 4.277338 -23.70833 -3.42615 4.277338 -24.02764 -4.534498 4.277338 -24.22084 -5.671629 4.277338 -24.28552 -6.823241 4.277338 -24.22084 -7.974854 4.277338 -24.02764 -9.111985 4.277338 -23.70833 -10.22033 4.277338 -23.26693 -11.28596 4.277338 -22.709 -12.29547 4.277338 -22.04154 -13.23616 4.277338 -21.27296 -14.0962 4.277338 -20.41292 -14.86478 4.277338 -19.47223 -15.53224 4.277338 -18.46272 -16.09017 4.277338 -17.39709 -16.53157 4.277338 -16.28874 -16.85088 4.277338 -15.15161 -17.04409 4.277338 -14 -17.10876 4.277338 -12.81927 -17.30248 4.725016 -11.65339 -17.10439 4.725016 -10.51702 -16.77701 4.725016 -9.424458 -16.32446 4.725016 -8.389429 -15.75241 4.725016 -7.424957 -15.06809 4.725016 -6.543169 -14.28007 4.725016 -5.755156 -13.39828 4.725016 -5.070827 -12.43381 4.725016 -4.498787 -11.39878 4.725016 -4.046231 -10.30622 4.725016 -3.718848 -9.169848 4.725016 -3.520757 -8.00397 4.725016 -3.454449 -6.823241 4.725016 -3.520757 -5.642515 4.725016 -3.718848 -4.476636 4.725016 -4.046231 -3.340267 4.725016 -4.498787 -2.247699 4.725016 -5.070827 -1.21267 4.725016 -5.755156 -0.2481983 4.725016 -6.543169 0.6335887 4.725016 -7.424957 1.421602 4.725016 -8.389429 2.105931 4.725016 -9.424458 2.677971 4.725016 -10.51702 3.130528 4.725016 -11.65339 3.45791 4.725016 -12.81927 3.656001 4.725016 -14 3.722309 4.725016 -15.18073 3.656001 4.725016 -16.34661 3.45791 4.725016 -17.48298 3.130528 4.725016 -18.57555 2.677971 4.725016 -19.61057 2.105931 4.725016 -20.57504 1.421602 4.725016 -21.45683 0.6335887 4.725016 -22.24484 -0.2481983 4.725016 -22.92917 -1.21267 4.725016 -23.50121 -2.247699 4.725016 -23.95377 -3.340267 4.725016 -24.28115 -4.476636 4.725016 -24.47924 -5.642515 4.725016 -24.54555 -6.823241 4.725016 -24.47924 -8.00397 4.725016 -24.28115 -9.169848 4.725016 -23.95377 -10.30622 4.725016 -23.50121 -11.39878 4.725016 -22.92917 -12.43381 4.725016 -22.24484 -13.39828 4.725016 -21.45683 -14.28007 4.725016 -20.57504 -15.06809 4.725016 -19.61057 -15.75241 4.725016 -18.57555 -16.32446 4.725016 -17.48298 -16.77701 4.725016 -16.34661 -17.10439 4.725016 -15.18073 -17.30248 4.725016 -14 -17.36879 4.725016 -12.78197 -17.63352 5.121321 -11.57927 -17.42917 5.121321 -10.407 -17.09145 5.121321 -9.279918 -16.62459 5.121321 -8.212194 -16.03449 5.121321 -7.217254 -15.32853 5.121321 -6.307611 -14.51563 5.121321 -5.494706 -13.60599 5.121321 -4.788759 -12.61105 5.121321 -4.198648 -11.54332 5.121321 -3.731796 -10.41624 5.121321 -3.394072 -9.243976 5.121321 -3.189723 -8.041268 5.121321 -3.12132 -6.823241 5.121321 -3.189723 -5.605216 5.121321 -3.394072 -4.402508 5.121321 -3.731796 -3.230242 5.121321 -4.198648 -2.10316 5.121321 -4.788759 -1.035435 5.121321 -5.494706 -0.04049593 5.121321 -6.307611 0.8691464 5.121321 -7.217254 1.682052 5.121321 -8.212194 2.388 5.121321 -9.279918 2.97811 5.121321 -10.407 3.444963 5.121321 -11.57927 3.782687 5.121321 -12.78197 3.987035 5.121321 -14 4.055438 5.121321 -15.21802 3.987035 5.121321 -16.42073 3.782687 5.121321 -17.593 3.444963 5.121321 -18.72008 2.97811 5.121321 -19.78781 2.388 5.121321 -20.78275 1.682052 5.121321 -21.69239 0.8691464 5.121321 -22.5053 -0.04049593 5.121321 -23.21124 -1.035435 5.121321 -23.80135 -2.10316 5.121321 -24.2682 -3.230242 5.121321 -24.60593 -4.402508 5.121321 -24.81028 -5.605216 5.121321 -24.87868 -6.823241 5.121321 -24.81028 -8.041268 5.121321 -24.60593 -9.243976 5.121321 -24.2682 -10.41624 5.121321 -23.80135 -11.54332 5.121321 -23.21124 -12.61105 5.121321 -22.5053 -13.60599 5.121321 -21.69239 -14.51563 5.121321 -20.78275 -15.32853 5.121321 -19.78781 -16.03449 5.121321 -18.72008 -16.62459 5.121321 -17.593 -17.09145 5.121321 -16.42073 -17.42917 5.121321 -15.21802 -17.63352 5.121321 -14 -17.70192 5.121321 -12.7376 -18.02733 5.454449 -11.49108 -17.81554 5.454449 -10.27611 -17.46551 5.454449 -9.107968 -16.98165 5.454449 -8.001348 -16.37004 5.454449 -6.970162 -15.63838 5.454449 -6.027382 -14.79586 5.454449 -5.184862 -13.85308 5.454449 -4.453198 -12.82189 5.454449 -3.84159 -11.71527 5.454449 -3.35773 -10.54713 5.454449 -3.007703 -9.332161 5.454449 -2.79591 -8.085639 5.454449 -2.725016 -6.823241 5.454449 -2.79591 -5.560844 5.454449 -3.007703 -4.314321 5.454449 -3.35773 -3.09935 5.454449 -3.84159 -1.931209 5.454449 -4.453198 -0.8245885 5.454449 -5.184862 0.2065959 5.454449 -6.027382 1.149376 5.454449 -6.970162 1.991896 5.454449 -8.001348 2.72356 5.454449 -9.107968 3.335168 5.454449 -10.27611 3.819028 5.454449 -11.49108 4.169055 5.454449 -12.7376 4.380847 5.454449 -14 4.451742 5.454449 -15.2624 4.380847 5.454449 -16.50892 4.169055 5.454449 -17.72389 3.819028 5.454449 -18.89203 3.335168 5.454449 -19.99865 2.72356 5.454449 -21.02984 1.991896 5.454449 -21.97262 1.149376 5.454449 -22.81514 0.2065959 5.454449 -23.5468 -0.8245885 5.454449 -24.15841 -1.931209 5.454449 -24.64227 -3.09935 5.454449 -24.9923 -4.314321 5.454449 -25.20409 -5.560844 5.454449 -25.27499 -6.823241 5.454449 -25.20409 -8.085639 5.454449 -24.9923 -9.332161 5.454449 -24.64227 -10.54713 5.454449 -24.15841 -11.71527 5.454449 -23.5468 -12.82189 5.454449 -22.81514 -13.85308 5.454449 -21.97262 -14.79586 5.454449 -21.02984 -15.63838 5.454449 -19.99865 -16.37004 5.454449 -18.89203 -16.98165 5.454449 -17.72389 -17.46551 5.454449 -16.50892 -17.81554 5.454449 -15.2624 -18.02733 5.454449 -14 -18.09823 5.454449 -12.68748 -18.4722 5.714481 -11.39146 -18.25199 5.714481 -10.12825 -17.88807 5.714481 -8.913728 -17.385 5.714481 -7.763168 -16.7491 5.714481 -6.69104 -15.98839 5.714481 -5.710826 -15.11242 5.714481 -4.834853 -14.1322 5.714481 -4.074138 -13.06007 5.714481 -3.438246 -11.90951 5.714481 -2.935174 -10.69499 5.714481 -2.571249 -9.43178 5.714481 -2.351047 -8.135765 5.714481 -2.277338 -6.823241 5.714481 -2.351047 -5.51072 5.714481 -2.571249 -4.214704 5.714481 -2.935174 -2.951492 5.714481 -3.438246 -1.736969 5.714481 -4.074138 -0.5864095 5.714481 -4.834853 0.4857185 5.714481 -5.710826 1.465932 5.714481 -6.69104 2.341904 5.714481 -7.763168 3.10262 5.714481 -8.913728 3.738512 5.714481 -10.12825 4.241583 5.714481 -11.39146 4.605509 5.714481 -12.68748 4.825711 5.714481 -14 4.89942 5.714481 -15.31252 4.825711 5.714481 -16.60854 4.605509 5.714481 -17.87175 4.241583 5.714481 -19.08627 3.738512 5.714481 -20.23683 3.10262 5.714481 -21.30896 2.341904 5.714481 -22.28917 1.465932 5.714481 -23.16515 0.4857185 5.714481 -23.92586 -0.5864095 5.714481 -24.56175 -1.736969 5.714481 -25.06483 -2.951492 5.714481 -25.42875 -4.214704 5.714481 -25.64895 -5.51072 5.714481 -25.72266 -6.823241 5.714481 -25.64895 -8.135765 5.714481 -25.42875 -9.43178 5.714481 -25.06483 -10.69499 5.714481 -24.56175 -11.90951 5.714481 -23.92586 -13.06007 5.714481 -23.16515 -14.1322 5.714481 -22.28917 -15.11242 5.714481 -21.30896 -15.98839 5.714481 -20.23683 -16.7491 5.714481 -19.08627 -17.385 5.714481 -17.87175 -17.88807 5.714481 -16.60854 -18.25199 5.714481 -15.31252 -18.4722 5.714481 -14 -18.5459 5.714481 -12.6331 -18.95486 5.893672 -11.28338 -18.72553 5.893672 -9.967826 -18.34653 5.893672 -8.702982 -17.82261 5.893672 -7.50475 -17.16037 5.893672 -6.388199 -16.36814 5.893672 -5.367371 -15.45587 5.893672 -4.455103 -14.43504 5.893672 -3.662868 -13.31849 5.893672 -3.000629 -12.12026 5.893672 -2.476713 -10.85541 5.893672 -2.097709 -9.539863 5.893672 -1.868383 -8.190147 5.893672 -1.791619 -6.823241 5.893672 -1.868383 -5.456337 5.893672 -2.097709 -4.106621 5.893672 -2.476713 -2.791069 5.893672 -3.000629 -1.526224 5.893672 -3.662868 -0.3279916 5.893672 -4.455103 0.7885592 5.893672 -5.367371 1.809387 5.893672 -6.388199 2.721655 5.893672 -7.50475 3.51389 5.893672 -8.702982 4.176129 5.893672 -9.967826 4.700046 5.893672 -11.28338 5.07905 5.893672 -12.6331 5.308375 5.893672 -16.71662 5.07905 5.893672 -18.03217 4.700046 5.893672 -19.29702 4.176129 5.893672 -20.49525 3.51389 5.893672 -21.6118 2.721655 5.893672 -22.63263 1.809387 5.893672 -23.5449 0.7885592 5.893672 -24.33713 -0.3279916 5.893672 -24.99937 -1.526224 5.893672 -25.52329 -2.791069 5.893672 -25.90229 -4.106621 5.893672 -26.13162 -5.456337 5.893672 -26.20838 -6.823241 5.893672 -26.13162 -8.190147 5.893672 -25.90229 -9.539863 5.893672 -25.52329 -10.85541 5.893672 -24.99937 -12.12026 5.893672 -24.33713 -13.31849 5.893672 -23.5449 -14.43504 5.893672 -22.63263 -15.45587 5.893672 -21.6118 -16.36814 5.893672 -20.49525 -17.16037 5.893672 -19.29702 -17.82261 5.893672 -18.03217 -18.34653 5.893672 -16.71662 -18.72553 5.893672 -15.3669 -18.95486 5.893672 -14 -19.03162 5.893672 -28 -6.823241 -6 -27.91793 -8.336909 -6 -27.84363 -8.909834 -6 -27.67269 -9.832829 -6 -27.37802 -10.94981 -6 -27.26715 -11.29346 -6 -26.70606 -12.70169 -6 -26.61356 -12.89761 -6 -25.996 -14.041 -6 -25.56734 -14.70972 -6 -25.1453 -15.29568 -6 -24.26273 -16.34566 -6 -24.16394 -16.45104 -6 -23.06341 -17.49351 -6 -22.72886 -17.76888 -6 -21.85662 -18.41089 -6 -21 -18.9476 -6 -20.55772 -19.19241 -6 -19.18193 -19.82892 -6 -19.11477 -19.85548 -6 -17.7454 -20.31294 -6 -17.11529 -20.47223 -6 -16.26495 -20.63881 -6 -15.04622 -20.78409 -6 -14.75794 -20.80271 -6 -13.24206 -20.80271 -6 -12.95378 -20.78409 -6 -11.73505 -20.63881 -6 -10.88471 -20.47223 -6 -10.2546 -20.31294 -6 -8.885226 -19.85548 -6 -8.818066 -19.82892 -6 -7.442282 -19.19241 -6 -7 -18.9476 -6 -6.143381 -18.41089 -6 -5.271143 -17.76888 -6 -4.936592 -17.49351 -6 -3.836063 -16.45104 -6 -3.737274 -16.34566 -6 -2.854697 -15.29568 -6 -2.432657 -14.70972 -6 -2.003999 -14.041 -6 -1.386436 -12.89761 -6 -1.293944 -12.70169 -6 -0.7328556 -11.29346 -6 -0.6219807 -10.94981 -6 -0.3273122 -9.832829 -6 -0.1563684 -8.909834 -6 -0.08206856 -8.336909 -6 0 -6.823241 -6 -28 -1.169402 5 -27.92979 -1.169402 5.368095 -27.93969 -1.169402 5.34202 -27.9614 -1.169402 5.275158 -27.98481 -1.169402 5.173648 -27.88828 -1.169402 5.459295 -27.86602 -1.169402 5.5 -27.837 -1.169402 5.54721 -27.76605 -1.169402 5.642787 -27.70711 -1.169402 5.707107 -27.64279 -1.169402 5.766044 -27.54721 -1.169402 5.836995 -27.5 -1.169402 5.866025 -27.45929 -1.169402 5.888284 -27.34202 -1.169402 5.939692 -27.27516 -1.169402 5.961399 -27.17365 -1.169402 5.984808 -27.08986 -1.169402 5.995955 -27.81745 0.9496604 5.342808 -27.83664 1.093064 5.264663 -27.89509 1.058197 5.168953 -27.20637 -0.6101875 5.969933 -27.88271 0.9182696 5.241462 -27.87028 0.7777785 5.305335 -27.79818 0.8058427 5.411559 -27.68841 1.153846 5.431504 -27.57998 0.1005719 5.754861 -27.6061 0.2455525 5.717236 -27.6655 0.2388823 5.668703 -27.4848 -0.03974729 5.829825 -27.41344 -0.0363571 5.86557 -27.44617 0.1097362 5.834653 -27.34093 -0.03356629 5.894997 -27.97894 0.4339284 5.087422 -27.99077 0.4209908 5.020073 -27.98803 -0.1077623 5.112684 -27.86035 -0.6265076 5.501421 -27.80865 -0.6237468 5.579978 -27.74951 -0.6211624 5.653645 -27.97257 -0.1003625 5.190706 -27.95047 -0.0929802 5.268544 -27.90408 -0.6294049 5.419103 -27.90079 0.7628828 5.248956 -27.92166 -0.08569359 5.345374 -27.9403 0.4596263 5.221195 -27.96213 0.4468406 5.154638 -28 0.5188328 4.861386 -28 -0.1223278 4.959107 -27.99707 -0.1151063 5.03525 -27.55421 -0.04373592 5.78777 -27.51411 0.1054888 5.797672 -27.89972 0.1966792 5.361651 -27.8862 -0.07858312 5.420345 -27.86288 0.2060678 5.429956 -27.84428 -0.07172882 5.492616 -27.82062 0.2150626 5.495398 -27.79625 -0.06520783 5.561373 -27.77333 0.2235788 5.557358 -27.74258 -0.05909103 5.625867 -27.72144 0.2315403 5.615284 -27.68388 -0.05344092 5.685441 -27.62083 -0.04830932 5.739548 -27.63253 0.3911402 5.674286 -27.65921 0.5372769 5.625416 -27.71105 0.5280679 5.577476 -27.68608 0.6839678 5.570005 -27.77889 0.6618921 5.472096 -27.88176 0.4844047 5.350182 -27.84536 0.4961944 5.411556 -27.85781 0.6369915 5.361662 -27.80455 0.5074572 5.470185 -27.75964 0.5181069 5.525623 -27.74015 0.9781954 5.434938 -27.76717 1.125134 5.352694 -27.81607 1.103403 5.293043 -27.47951 0.2567381 5.798626 -27.54389 0.2515125 5.760601 -27.51339 0.4045938 5.756822 -27.57407 0.3982626 5.717979 -27.54774 0.5532528 5.70858 -27.60461 0.5456839 5.669179 -27.58252 0.702728 5.653213 -27.63544 0.693785 5.613547 -27.61764 0.8528552 5.58952 -27.7131 0.8310427 5.506948 -27.91347 0.4721819 5.286555 -27.37688 0.1133089 5.865762 -27.41361 0.2612191 5.831234 -27.45105 0.4101181 5.790714 -27.48913 0.5599619 5.743505 -27.52779 0.710769 5.688879 -27.56694 0.8623816 5.625586 -27.65297 1.003327 5.516085 -27.71772 1.143924 5.40427 -27.14558 -0.8919748 5.987562 -27.27166 -0.3240566 5.940066 -27.29005 -0.6109119 5.948493 -27.23381 -0.8922088 5.970504 -27.32249 -0.8925735 5.944799 -27.4104 -0.8930738 5.910138 -27.49622 -0.8937114 5.866437 -27.57857 -0.8944839 5.813874 -27.65613 -0.8953848 5.752896 -27.68368 -0.6187902 5.7214 -27.61208 -0.6166602 5.782384 -27.53576 -0.6147958 5.835927 -27.45587 -0.6132124 5.881576 -27.37358 -0.6119178 5.919102 -28 0.9055701 4.75 -27.99364 0.9441109 4.855792 -27.98816 0.9580947 4.894177 -27.97413 0.9829251 4.962336 -27.96812 0.7159277 5.071246 -27.95291 1.009375 5.03494 -27.92735 0.7475399 5.190887 -27.94119 1.021224 5.067465 -27.35011 -0.3256145 5.914435 -27.42786 -0.3276135 5.881636 -27.50397 -0.3300588 5.841588 -27.57745 -0.3329449 5.794383 -27.64731 -0.336256 5.740282 -27.7126 -0.3399652 5.679729 -27.83202 5.560263 3.390769 -27.8114 7.040113 2.807561 -27.85584 7.015162 2.745115 -27.51408 4.215049 4.307123 -27.5702 4.200486 4.273942 -27.60056 3.453536 4.577026 -27.62452 4.18421 4.236859 -27.67658 4.166272 4.195988 -27.69997 3.4195 4.498708 -27.38591 7.165545 3.121476 -27.76169 7.063657 2.866481 -27.78771 5.584431 3.447112 -27.71069 7.084273 2.918078 -27.73903 5.607149 3.500066 -27.64858 7.105663 2.97161 -27.68646 5.628242 3.549224 -27.59271 7.122088 3.012716 -27.63052 5.647568 3.594253 -27.52145 7.13985 3.057168 -27.57177 5.665015 3.6349 -27.46032 7.152638 3.089175 -27.5108 5.680513 3.670992 -27.44819 5.694022 3.702442 -27.87492 2.585488 4.60622 -27.84185 2.606994 4.657307 -27.81471 4.103376 4.052684 -27.77209 4.125739 4.103636 -27.80537 2.627591 4.706217 -27.72591 4.146747 4.151502 -27.76571 2.647161 4.752665 -27.74573 1.901796 5.083027 -27.82142 1.866297 4.993927 -27.63079 2.698741 4.874967 -27.72318 2.665598 4.796406 -27.66028 1.933185 5.161761 -27.96407 3.9771 3.764971 -27.96924 2.493138 4.386647 -27.94337 4.003654 3.825474 -27.92993 2.540287 4.498785 -28 2.397787 4.159671 -27.99246 2.445249 4.272683 -27.85342 4.079809 3.998988 -27.88791 4.055208 3.942934 -27.91795 4.029758 3.884948 -28 3.278569 3.781032 -27.99123 3.923443 3.642716 -28 6.224904 2.508238 -27.98785 6.880913 2.409131 -28 6.823241 2.264796 -27.95405 6.934429 2.543063 -27.89239 6.990683 2.683852 -27.92739 6.962047 2.612183 -27.95168 6.937183 2.549957 -27.332 8.224806 2.734932 -27.25657 9.29137 2.381195 -27.40383 8.216092 2.706681 -27.33143 9.285869 2.354268 -27.4745 8.205222 2.672579 -27.40538 9.278268 2.321039 -27.54322 8.192184 2.632645 -27.47755 9.268525 2.281493 -27.54708 9.25664 2.23575 -27.15926 10.3623 2.063409 -27.03971 11.43467 1.78472 -27.23684 10.36012 2.037914 -27.11969 11.43585 1.760757 -27.31375 10.35594 2.005681 -27.19927 11.43521 1.729637 -27.38908 10.34971 1.966654 -27.27746 11.43263 1.691261 -27.46187 10.34138 1.920931 -27.35324 11.42806 1.645698 -27.53117 10.33095 1.868772 -27.42557 11.42145 1.593199 -27.59608 10.31851 1.8106 -27.49345 11.41283 1.534198 -27.65574 10.30414 1.746991 -27.55597 11.40225 1.469304 -27.70944 10.28802 1.678659 -27.61231 11.38986 1.399283 -27.75658 10.27034 1.606428 -27.66183 11.3758 1.325024 -27.79672 10.25133 1.531199 -27.70404 11.36027 1.247507 -27.82961 10.23124 1.453913 -27.73865 11.34351 1.167758 -27.85518 10.21035 1.375517 -27.76559 11.32577 1.086808 -27.87348 10.18891 1.296924 -27.78492 11.3073 1.00565 -27.8894 10.14546 1.142482 -27.61309 9.242662 2.184077 -27.67477 9.226687 2.12688 -27.73134 9.20886 2.064703 -27.78216 9.189369 1.998207 -27.82669 9.168437 1.928149 -27.86457 9.146313 1.855351 -27.89554 9.123273 1.780671 -27.91955 9.099593 1.704973 -27.93667 9.075549 1.62909 -27.93674 9.334007 1.383172 -27.37648 14.67162 0.3041378 -27.44061 14.28172 0.2692087 -27.54319 13.54038 0.4671754 -27.54859 13.52704 0.3839871 -27.65556 12.68222 0.5361933 -27.68317 12.41264 0.6744788 -27.74594 11.85731 0.7088288 -27.80195 11.26916 0.8463152 -26.54342 14.65358 1.196586 -26.62911 14.66479 1.177795 -26.71516 14.67499 1.150708 -26.80041 14.68398 1.115071 -26.88362 14.69154 1.070846 -26.96353 14.6975 1.01823 -27.03888 14.70171 0.957674 -27.10851 14.70409 0.8898679 -27.17139 14.70458 0.8157217 -27.22667 14.7032 0.736324 -27.27376 14.69999 0.6528891 -27.31229 14.69507 0.5666977 -27.34213 14.68858 0.4790354 -27.36342 14.6807 0.3911368 -26.89756 12.50693 1.547043 -26.73233 13.57977 1.350733 -26.97968 12.51149 1.524705 -26.81634 13.58768 1.330117 -27.06165 12.51445 1.494811 -26.90047 13.59427 1.301566 -27.14243 12.51566 1.457214 -26.98359 13.59934 1.264881 -27.22093 12.51501 1.411951 -27.06455 13.60275 1.220062 -27.29602 12.51242 1.35926 -27.14217 13.60436 1.167331 -27.36663 12.50787 1.299584 -27.21526 13.6041 1.107135 -27.43175 12.50138 1.23356 -27.28275 13.60193 1.04014 -27.4905 12.493 1.162005 -27.34367 13.59787 0.9672084 -27.54216 12.48288 1.085875 -27.39727 13.59197 0.8893646 -27.58622 12.47117 1.006228 -27.44295 13.58437 0.8077437 -27.62235 12.45806 0.9241736 -27.48039 13.57521 0.7235414 -27.65046 12.44378 0.8408275 -27.50947 13.56468 0.6379578 -27.67064 12.42856 0.7572641 -27.53031 13.553 0.5521472 -27.98789 7.91876 1.855041 -27.97497 7.970852 1.998871 -27.95917 7.997106 2.07192 -27.93687 8.023158 2.144799 -27.90798 8.048725 2.216749 -27.87257 8.073528 2.286992 -27.83083 8.097289 2.354751 -27.7831 8.119741 2.41928 -27.72985 8.140645 2.479889 -27.67166 8.159793 2.535972 -26.61866 18.46687 -1.886024 -26.625 18.46839 -2 -26.91672 17.17476 -2 -26.88095 17.16719 -1.732033 -26.53714 18.44735 -1.584638 -26.58943 18.45987 -1.732033 -26.59053 18.46013 -1.736127 -26.91035 17.17341 -1.886024 -26.46307 18.42961 -1.447468 -26.44815 18.42603 -1.424995 -26.36905 18.40709 -1.323899 -26.34016 18.40017 -1.292893 -25.4034 26.19985 -2 -25.45996 25.53625 -2 -25.45554 25.53584 -1.905892 -25.86268 22.31017 -2 -26.1986 20.42024 -2 -26.19424 20.41938 -1.905892 -25.30989 20.24462 -1.004438 -25.47643 20.27753 -1.035443 -25.63527 20.30892 -1.095173 -25.78167 20.33785 -1.18185 -25.91126 20.36346 -1.292893 -26.0202 20.38499 -1.424995 -26.10523 20.40179 -1.574221 -26.16383 20.41337 -1.736127 -25.25 30.11353 -2 -25.28992 28.11604 -2 -25.24556 30.11353 -1.905892 -25.28548 28.11586 -1.905892 -25.23481 30.11353 -1.826352 -25.2545 28.11462 -1.736127 -25.19482 28.11223 -1.574221 -25.18969 30.11353 -1.65798 -25.21455 30.11353 -1.736127 -25.10821 28.10877 -1.424995 -25.11602 30.11353 -1.5 -25.15483 30.11353 -1.574221 -24.99726 28.10434 -1.292893 -25.01605 30.11353 -1.357212 -25.06815 30.11353 -1.424995 -24.86526 28.09906 -1.18185 -24.89279 30.11353 -1.233956 -24.95711 30.11353 -1.292893 -24.71615 28.0931 -1.095173 -24.75 30.11353 -1.133975 -24.82501 30.11353 -1.18185 -24.55438 28.08663 -1.035443 -24.59202 30.11353 -1.060307 -24.67578 30.11353 -1.095173 -24.38475 28.07985 -1.004438 -24.42365 30.11353 -1.015192 -24.51387 30.11353 -1.035443 -24.34411 30.11353 -1.004438 -25.42466 25.533 -1.736127 -25.36518 25.52753 -1.574221 -25.27887 25.5196 -1.424995 -25.16829 25.50943 -1.292893 -25.03675 25.49734 -1.18185 -24.88815 25.48368 -1.095173 -24.72692 25.46886 -1.035443 -24.55787 25.45331 -1.004438 -25.76312 22.96869 -2 -25.75873 22.96806 -1.905892 -25.72804 22.96363 -1.736127 -25.66892 22.95509 -1.574221 -25.58314 22.94271 -1.424995 -25.47323 22.92684 -1.292893 -25.34249 22.90796 -1.18185 -25.19479 22.88664 -1.095173 -25.03455 22.86351 -1.035443 -24.86653 22.83925 -1.004438 -24.32846 52.02367 0.9969174 -24.40644 53.17676 0.9876883 -24.40644 52.01445 0.9876883 -24.48345 51.99913 0.9723699 -24.55902 53.17676 0.9510565 -24.55902 51.97781 0.9510565 -24.63268 51.95064 0.9238796 -24.70399 53.17676 0.8910065 -24.70399 51.91777 0.8910065 -24.7725 51.8794 0.8526402 -24.83778 53.17676 0.809017 -24.85 51.82675 0.8 -24.95711 53.17676 0.7071068 -24.95711 51.82675 0.7071068 -25.05902 53.17676 0.5877853 -25.05902 51.82675 0.5877853 -25.14101 53.17676 0.4539905 -25.14101 51.82675 0.4539905 -25.20106 53.17676 0.309017 -25.20106 51.82675 0.309017 -25.23769 53.17676 0.1564344 -25.23769 51.82675 0.1564344 -25.25 53.17676 0 -25.25 51.82675 0 -24.75 34.46073 0.8660254 -24.85 34.52676 0.8 -24.75 32.52676 0.8660254 -24.89279 32.52676 0.7660444 -24.59202 32.52676 0.9396926 -24.59202 34.38706 0.9396926 -24.67262 34.42045 0.9063078 -24.42365 32.52676 0.9848077 -24.33716 34.33056 0.9961947 -24.42365 34.34194 0.9848077 -24.50882 34.36083 0.9659258 -24.89279 34.52676 0.7660444 -25.01605 34.52676 0.6427876 -25.01605 32.52676 0.6427876 -25.11602 34.52676 0.5 -25.11602 32.52676 0.5 -25.18969 34.52676 0.3420202 -25.18969 32.52676 0.3420202 -25.23481 34.52676 0.1736481 -25.23481 32.52676 0.1736481 -25.25 34.52676 0 -25.25 32.52676 0 -24.42365 32.52676 -1.015192 -24.59202 32.52676 -1.060307 -24.75 32.52676 -1.133975 -24.89279 32.52676 -1.233956 -25.01605 32.52676 -1.357212 -25.11602 32.52676 -1.5 -25.18969 32.52676 -1.65798 -25.23481 32.52676 -1.826352 -25.25 32.52676 -2 -18.6702 62.57368 0 -18.79605 62.52692 0 -18.79168 62.51541 0.1564344 -20.25 61.83701 0 -20.93065 61.4066 0 -20.92366 61.39646 0.1564344 -22.91044 59.60463 0 -23.47984 58.85741 0 -23.46971 58.85041 0.1564344 -24.64693 56.59696 0 -24.95942 55.56991 0 -24.94746 55.56697 0.1564344 -25.09808 54.91324 0 -25.17709 54.38212 0 -25.16487 54.38064 0.1564344 -16.35369 62.26643 0.9876883 -15.25 62.33319 0.9876883 -15.25 62.35041 0.9848077 -16.37208 62.4179 0.9510565 -15.25 62.48577 0.9510565 -15.25 62.51877 0.9396926 -16.38955 62.56181 0.8910065 -15.25 62.63075 0.8910065 -15.25 62.67676 0.8660254 -16.40568 62.69464 0.809017 -15.25 62.76454 0.809017 -15.25 62.81954 0.7660444 -16.42006 62.81308 0.7071068 -15.25 62.88386 0.7071068 -15.25 62.9428 0.6427876 -16.43235 62.91426 0.5877853 -15.25 62.98577 0.5877853 -15.25 63.04278 0.5 -16.44223 62.99565 0.4539905 -18.49692 61.73817 0.9876883 -17.44128 62.06712 0.9876883 -18.55102 61.88084 0.9510565 -17.47779 62.21527 0.9510565 -18.60243 62.01639 0.8910065 -17.51249 62.35603 0.8910065 -18.64988 62.14149 0.809017 -17.54451 62.48593 0.809017 -18.69219 62.25306 0.7071068 -17.57306 62.6018 0.7071068 -18.72833 62.34835 0.5877853 -17.59745 62.70074 0.5877853 -18.7574 62.42501 0.4539905 -17.61707 62.78035 0.4539905 -18.77869 62.48115 0.309017 -17.63144 62.83866 0.309017 -16.44947 63.05526 0.309017 -23.35762 57.43196 0.9876883 -22.7856 58.3782 0.9876883 -23.49273 57.50287 0.9510565 -22.91117 58.46488 0.9510565 -23.62109 57.57024 0.8910065 -23.03048 58.54723 0.8910065 -23.73956 57.63242 0.809017 -23.14059 58.62323 0.809017 -23.84522 57.68787 0.7071068 -23.23879 58.69102 0.7071068 -23.93545 57.73523 0.5877853 -23.32266 58.74892 0.5877853 -24.00805 57.77333 0.4539905 -23.39014 58.79549 0.4539905 -24.06122 57.80124 0.309017 -23.43956 58.8296 0.309017 -24.09366 57.81826 0.1564344 -21.32184 60.03045 0.9876883 -20.45145 60.71236 0.9876883 -21.42302 60.14466 0.9510565 -20.53813 60.83793 0.9510565 -21.51916 60.25317 0.8910065 -20.62048 60.95723 0.8910065 -21.60788 60.35332 0.809017 -20.69648 61.06735 0.809017 -21.687 60.44263 0.7071068 -20.76426 61.16555 0.7071068 -21.75458 60.51891 0.5877853 -20.82216 61.24942 0.5877853 -21.80895 60.58028 0.4539905 -20.86873 61.31689 0.4539905 -21.84877 60.62523 0.309017 -20.90284 61.36632 0.309017 -21.87306 60.65266 0.1564344 -15.25 63.06776 0.4539905 -15.25 63.11645 0.3420202 -15.25 63.12781 0.309017 -15.25 63.16157 0.1736481 -17.64021 62.87422 0.1564344 -16.45388 63.09162 0.1564344 -15.25 63.16445 0.1564344 -24.33967 54.28044 0.9876883 -24.49114 54.29883 0.9510565 -24.63506 54.31631 0.8910065 -24.76788 54.33244 0.809017 -24.88633 54.34682 0.7071068 -24.9875 54.3591 0.5877853 -25.06889 54.36899 0.4539905 -25.1285 54.37622 0.309017 -24.14037 55.36803 0.9876883 -24.28852 55.40455 0.9510565 -24.42928 55.43924 0.8910065 -24.55918 55.47126 0.809017 -24.67504 55.49982 0.7071068 -24.77399 55.52421 0.5877853 -24.85359 55.54383 0.4539905 -24.9119 55.5582 0.309017 -24.60016 56.7228 0 -24.58865 56.71844 0.1564344 -24.5544 56.70545 0.309017 -24.49825 56.68416 0.4539905 -24.42159 56.65508 0.5877853 -24.3263 56.61894 0.7071068 -24.21474 56.57663 0.809017 -24.08963 56.52919 0.8910065 -23.95408 56.47778 0.9510565 -23.81142 56.42367 0.9876883 -24.10456 57.82399 0 -23.91025 58.17676 0 -22.73511 59.80799 0 -22.72589 59.79982 0.1564344 -22.69847 59.77553 0.309017 -22.65353 59.73571 0.4539905 -22.59216 59.68134 0.5877853 -22.51588 59.61376 0.7071068 -22.42656 59.53463 0.809017 -22.32641 59.44591 0.8910065 -22.2179 59.34978 0.9510565 -22.10369 59.2486 0.9876883 -21.88123 60.66187 0 -21.67788 60.8372 0 -19.89723 62.03132 0 -19.89151 62.02041 0.1564344 -19.87449 61.98798 0.309017 -19.84658 61.93481 0.4539905 -19.80848 61.86221 0.5877853 -19.76112 61.77197 0.7071068 -19.70567 61.66632 0.809017 -19.64349 61.54785 0.8910065 -19.57612 61.41948 0.9510565 -19.50521 61.28438 0.9876883 -17.64316 62.88618 0 -16.98648 63.02483 0 -16.45537 63.10385 0 -15.25 63.17676 0 -12.75 63.17676 0 -12.75 63.16445 0.1564344 -12.75 63.16157 0.1736481 -12.75 63.12781 0.309017 -12.75 63.11645 0.3420202 -12.75 63.06776 0.4539905 -12.75 63.04278 0.5 -12.75 62.98577 0.5877853 -12.75 62.9428 0.6427876 -12.75 62.88386 0.7071068 -12.75 62.81954 0.7660444 -12.75 62.76454 0.809017 -12.75 62.67676 0.8660254 -12.75 62.63075 0.8910065 -12.75 62.51877 0.9396926 -12.75 62.48577 0.9510565 -12.75 62.35041 0.9848077 -12.75 62.33319 0.9876883 -2.901922 54.91324 0 -3.040582 55.56991 0 -3.052536 55.56697 0.1564344 -4.089746 58.17676 0 -4.520162 58.85741 0 -4.530293 58.85041 0.1564344 -6.322124 60.8372 0 -7.069352 61.4066 0 -7.076346 61.39646 0.1564344 -9.329799 62.57368 0 -10.35684 62.88618 0 -10.35979 62.87422 0.1564344 -11.01352 63.02483 0 -11.54463 63.10385 0 -11.54612 63.09162 0.1564344 -11.64631 62.26643 0.9876883 -11.62792 62.4179 0.9510565 -11.61045 62.56181 0.8910065 -11.59432 62.69464 0.809017 -11.57994 62.81308 0.7071068 -11.56765 62.91426 0.5877853 -11.55777 62.99565 0.4539905 -11.55053 63.05526 0.309017 -8.494793 61.28438 0.9876883 -7.548552 60.71236 0.9876883 -8.423885 61.41948 0.9510565 -7.461876 60.83793 0.9510565 -8.356513 61.54785 0.8910065 -7.379521 60.95723 0.8910065 -8.294334 61.66632 0.809017 -7.303517 61.06735 0.809017 -8.238883 61.77197 0.7071068 -7.235734 61.16555 0.7071068 -8.191523 61.86221 0.5877853 -7.177843 61.24942 0.5877853 -8.15342 61.93481 0.4539905 -7.131268 61.31689 0.4539905 -8.125514 61.98798 0.309017 -7.097156 61.36632 0.309017 -8.10849 62.02041 0.1564344 -5.89631 59.2486 0.9876883 -5.214402 58.3782 0.9876883 -5.7821 59.34978 0.9510565 -5.088829 58.46488 0.9510565 -5.673586 59.44591 0.8910065 -4.969518 58.54723 0.8910065 -5.57344 59.53463 0.809017 -4.859407 58.62323 0.809017 -5.484126 59.61376 0.7071068 -4.761208 58.69102 0.7071068 -5.407845 59.68134 0.5877853 -4.677337 58.74892 0.5877853 -5.346475 59.73571 0.4539905 -4.609861 58.79549 0.4539905 -5.301527 59.77553 0.309017 -4.560441 58.8296 0.309017 -5.274107 59.79982 0.1564344 -4.188585 56.42367 0.9876883 -3.859635 55.36803 0.9876883 -4.045918 56.47778 0.9510565 -3.711486 55.40455 0.9510565 -3.910366 56.52919 0.8910065 -3.570725 55.43924 0.8910065 -3.785265 56.57663 0.809017 -3.440818 55.47126 0.809017 -3.673697 56.61894 0.7071068 -3.324964 55.49982 0.7071068 -3.57841 56.65508 0.5877853 -3.226015 55.52421 0.5877853 -3.501748 56.68416 0.4539905 -3.146408 55.54383 0.4539905 -3.4456 56.70545 0.309017 -3.088103 55.5582 0.309017 -3.411349 56.71844 0.1564344 -10.55872 62.06712 0.9876883 -10.52221 62.21527 0.9510565 -10.48751 62.35603 0.8910065 -10.45549 62.48593 0.809017 -10.42694 62.6018 0.7071068 -10.40255 62.70074 0.5877853 -10.38293 62.78035 0.4539905 -10.36856 62.83866 0.309017 -9.203951 62.52692 0 -9.208317 62.51541 0.1564344 -9.221307 62.48115 0.309017 -9.242601 62.42501 0.4539905 -9.271676 62.34835 0.5877853 -9.307813 62.25306 0.7071068 -9.350125 62.14149 0.809017 -9.397569 62.01639 0.8910065 -9.448978 61.88084 0.9510565 -9.503084 61.73817 0.9876883 -8.102768 62.03132 0 -7.75 61.83701 0 -6.118773 60.66187 0 -6.126937 60.65266 0.1564344 -6.151228 60.62523 0.309017 -6.191049 60.58028 0.4539905 -6.245419 60.51891 0.5877853 -6.312997 60.44263 0.7071068 -6.392122 60.35332 0.809017 -6.480844 60.25317 0.8910065 -6.57698 60.14466 0.9510565 -6.678161 60.03045 0.9876883 -5.264893 59.80799 0 -5.089555 59.60463 0 -3.89544 57.82399 0 -3.906341 57.81826 0.1564344 -3.938777 57.80124 0.309017 -3.991948 57.77333 0.4539905 -4.064547 57.73523 0.5877853 -4.154784 57.68787 0.7071068 -4.260437 57.63242 0.809017 -4.378907 57.57024 0.8910065 -4.507275 57.50287 0.9510565 -4.64238 57.43196 0.9876883 -3.399837 56.7228 0 -3.353074 56.59696 0 -2.822911 54.38212 0 -2.835133 54.38064 0.1564344 -2.871498 54.37622 0.309017 -2.93111 54.36899 0.4539905 -3.012502 54.3591 0.5877853 -3.113669 54.34682 0.7071068 -3.23212 54.33244 0.809017 -3.36494 54.31631 0.8910065 -3.508856 54.29883 0.9510565 -3.660326 54.28044 0.9876883 -3.593565 53.17676 0.9876883 -3.440983 53.17676 0.9510565 -3.29601 53.17676 0.8910065 -3.162214 53.17676 0.809017 -3.042893 53.17676 0.7071068 -2.940983 53.17676 0.5877853 -2.858993 53.17676 0.4539905 -2.798943 53.17676 0.309017 -2.762312 53.17676 0.1564344 -2.75 53.17676 0 -25.25 32.52676 0 -25.25 32.52676 -2 -25.23481 32.52676 -1.826352 -2.883975 32.52676 -1.5 -2.810307 32.52676 -1.65798 -2.75 32.52676 0 -2.765192 32.52676 -1.826352 -2.75 32.52676 -2 -25.18969 32.52676 -1.65798 -25.11602 32.52676 -1.5 -25.01605 32.52676 -1.357212 -2.810307 32.52676 0.3420202 -2.883975 32.52676 0.5 -3.40798 32.52676 -1.060307 -3.107213 32.52676 0.7660444 -3.25 32.52676 0.8660254 -3.576352 32.52676 -1.015192 -3.25 32.52676 -1.133975 -3.107213 32.52676 -1.233956 -2.983956 32.52676 -1.357212 -24.75 32.52676 0.8660254 -24.42365 32.52676 -1.015192 -24.59202 32.52676 0.9396926 -24.25 32.52676 -1 -3.576352 32.52676 0.9848077 -3.75 32.52676 1 -3.75 32.52676 -1 -3.75 32.52676 -1 -24.25 32.52676 1 -24.42365 32.52676 0.9848077 -25.11602 32.52676 0.5 -24.59202 32.52676 -1.060307 -25.01605 32.52676 0.6427876 -24.89279 32.52676 0.7660444 -3.40798 32.52676 0.9396926 -2.983956 32.52676 0.6427876 -2.75 32.52676 0 -2.765192 32.52676 0.1736481 -24.89279 32.52676 -1.233956 -24.75 32.52676 -1.133975 -25.23481 32.52676 0.1736481 -25.18969 32.52676 0.3420202 -3.662844 34.33056 0.9961947 -3.576352 32.52676 0.9848077 -3.576352 34.34194 0.9848077 -3.491181 34.36083 0.9659258 -3.40798 32.52676 0.9396926 -3.40798 34.38706 0.9396926 -3.327382 34.42045 0.9063078 -3.25 32.52676 0.8660254 -3.25 34.46073 0.8660254 -3.15 34.52676 0.8 -3.107213 32.52676 0.7660444 -3.107213 34.52676 0.7660444 -2.983956 32.52676 0.6427876 -2.983956 34.52676 0.6427876 -2.883975 32.52676 0.5 -2.883975 34.52676 0.5 -2.810307 32.52676 0.3420202 -2.810307 34.52676 0.3420202 -2.765192 32.52676 0.1736481 -2.765192 34.52676 0.1736481 -2.75 32.52676 0 -2.75 34.52676 0 -3.162214 51.83577 0.809017 -3.15 51.82675 0.8 -3.440983 51.97781 0.9510565 -3.367317 51.95064 0.9238796 -3.29601 51.91777 0.8910065 -3.227501 51.8794 0.8526402 -3.671541 52.02367 0.9969174 -3.593565 52.01445 0.9876883 -3.516554 51.99913 0.9723699 -3.042893 51.82675 0.7071068 -2.940983 51.82675 0.5877853 -2.858993 51.82675 0.4539905 -2.798943 51.82675 0.309017 -2.762312 51.82675 0.1564344 -2.75 51.82675 0 -3.655891 30.11353 -1.004438 -3.576352 32.52676 -1.015192 -3.576352 30.11353 -1.015192 -3.486127 30.11353 -1.035443 -3.40798 32.52676 -1.060307 -3.40798 30.11353 -1.060307 -3.324221 30.11353 -1.095173 -3.25 32.52676 -1.133975 -3.25 30.11353 -1.133975 -3.174995 30.11353 -1.18185 -3.107213 32.52676 -1.233956 -3.107213 30.11353 -1.233956 -3.042893 30.11353 -1.292893 -2.983956 32.52676 -1.357212 -2.983956 30.11353 -1.357212 -2.983956 32.52676 -1.357212 -2.93185 30.11353 -1.424995 -2.883975 32.52676 -1.5 -2.883975 30.11353 -1.5 -2.883975 32.52676 -1.5 -2.845173 30.11353 -1.574221 -2.810307 32.52676 -1.65798 -2.810307 30.11353 -1.65798 -2.785443 30.11353 -1.736127 -2.765192 32.52676 -1.826352 -2.75 30.11353 -2 -2.75 32.52676 -2 -2.754438 30.11353 -1.905892 -2.765192 30.11353 -1.826352 -2.137323 22.31017 -2 -2.23688 22.96869 -2 -2.241273 22.96806 -1.905892 -2.596595 26.19985 -2 -2.710084 28.11604 -2 -2.714519 28.11586 -1.905892 -2.690109 20.24462 -1.004438 -3.615253 28.07985 -1.004438 -3.445624 28.08663 -1.035443 -3.283847 28.0931 -1.095173 -3.13474 28.09906 -1.18185 -3.002744 28.10434 -1.292893 -2.891789 28.10877 -1.424995 -2.805181 28.11223 -1.574221 -2.745499 28.11462 -1.736127 -1.801403 20.42024 -2 -1.836174 20.41337 -1.736127 -1.805757 20.41938 -1.905892 -1.894771 20.40179 -1.574221 -1.979804 20.38499 -1.424995 -2.08874 20.36346 -1.292893 -2.218335 20.33785 -1.18185 -2.36473 20.30892 -1.095173 -2.523565 20.27753 -1.035443 -2.271959 22.96363 -1.736127 -2.331076 22.95509 -1.574221 -2.416864 22.94271 -1.424995 -2.526767 22.92684 -1.292893 -2.657513 22.90796 -1.18185 -2.805208 22.88664 -1.095173 -2.965453 22.86351 -1.035443 -3.133475 22.83925 -1.004438 -2.540044 25.53625 -2 -2.544463 25.53584 -1.905892 -2.575338 25.533 -1.736127 -2.634817 25.52753 -1.574221 -2.721131 25.5196 -1.424995 -2.831707 25.50943 -1.292893 -2.963254 25.49734 -1.18185 -3.111853 25.48368 -1.095173 -3.27308 25.46886 -1.035443 -3.442132 25.45331 -1.004438 -1.375 18.46839 -6 -0.881461 16.17039 -6 -0.8273806 15.88158 -6 0 6.823241 -6 -0.05524373 9.172992 -6 -0.06991446 9.466452 -6 -0.4964618 13.85173 -6 -0.3449398 12.68626 -6 -0.220853 11.51755 -6 -23.93712 -7.942886 -4 -23.84808 -8.559723 -4 -23.74928 -9.048451 -4 -23.43883 -10.12603 -4 -23.39693 -10.24344 -4 -23.00969 -11.16208 -4 -22.66025 -11.82324 -4 -22.46724 -12.14356 -4 -21.81831 -13.05814 -4 -21.66045 -13.25112 -4 -21.07107 -13.89431 -4 -20.42788 -14.48369 -4 -20.2349 -14.64156 -4 -19.32032 -15.29048 -4 -19 -15.4835 -4 -18.33884 -15.83293 -4 -17.4202 -16.22017 -4 -17.30279 -16.26208 -4 -16.22521 -16.57252 -4 -15.73648 -16.67132 -4 -15.11964 -16.76037 -4 -14 -16.82324 -4 -12.88035 -16.76037 -4 -12.26352 -16.67132 -4 -11.77479 -16.57252 -4 -10.69721 -16.26208 -4 -10.5798 -16.22017 -4 -9.661163 -15.83293 -4 -9 -15.4835 -4 -8.67968 -15.29048 -4 -7.765102 -14.64156 -4 -7.572124 -14.48369 -4 -6.928932 -13.89431 -4 -6.339555 -13.25112 -4 -6.181685 -13.05814 -4 -5.532758 -12.14356 -4 -5.339746 -11.82324 -4 -4.990311 -11.16208 -4 -4.603074 -10.24344 -4 -4.561167 -10.12603 -4 -4.250721 -9.048451 -4 -4.151923 -8.559723 -4 -4.062878 -7.942886 -4 -4 -6.823241 -4 -4.062878 -5.703597 -4 -4.151923 -5.08676 -4 -4.250721 -4.598032 -4 -4.561167 -3.520451 -4 -4.603074 -3.40304 -4 -4.990311 -2.484405 -4 -5.339746 -1.823242 -4 -5.532758 -1.502921 -4 -6.181685 -0.5883438 -4 -6.339555 -0.3953657 -4 -6.928932 0.247826 -4 -7.572124 0.8372027 -4 -7.765102 0.995073 -4 -8.67968 1.644 -4 -9 1.837012 -4 -9.661163 2.186447 -4 -10.5798 2.573684 -4 -10.69721 2.615592 -4 -11.77479 2.926037 -4 -12.26352 3.024836 -4 -12.88035 3.11388 -4 -14 3.176758 -4 -15.11964 3.11388 -4 -15.73648 3.024836 -4 -16.22521 2.926037 -4 -17.30279 2.615592 -4 -17.4202 2.573684 -4 -18.33884 2.186447 -4 -19 1.837012 -4 -19.32032 1.644 -4 -20.2349 0.995073 -4 -20.42788 0.8372027 -4 -21.07107 0.247826 -4 -21.66045 -0.3953657 -4 -21.81831 -0.5883438 -4 -22.46724 -1.502921 -4 -22.66025 -1.823242 -4 -23.00969 -2.484405 -4 -23.39693 -3.40304 -4 -23.43883 -3.520451 -4 -23.74928 -4.598032 -4 -23.84808 -5.08676 -4 -23.93712 -5.703597 -4 -24 -6.823241 -4 -0.3421493 -9.829563 -6.173648 -2.017017 -14.03316 -6.173648 -2.866791 -15.28649 -6.173648 -6.151906 -18.39831 -6.173648 -10.25867 -20.2983 -6.173648 -11.73751 -20.62382 -6.173648 -16.26249 -20.62382 -6.173648 -17.74133 -20.2983 -6.173648 -19.17631 -19.8148 -6.173648 -21.84809 -18.39831 -6.173648 -25.13321 -15.28649 -6.173648 -25.98298 -14.03316 -6.173648 -27.65785 -9.829563 -6.173648 -27.90283 -8.335266 -6.173648 -12.54446 -19.7415 -7 -11.89683 -19.65199 -7 -11.86874 -19.82335 -6.984807 -14 -19.82324 -7 -13.29619 -19.80418 -7 -13.28679 -19.97757 -6.984807 -15.45554 -19.7415 -7 -14.7038 -19.80418 -7 -14.71321 -19.97757 -6.984807 -25.79848 -12.2818 -7 -25.13914 -13.52544 -7 -25.95608 -12.35471 -6.984807 -25.28794 -13.61497 -6.984807 -26.10889 -12.42541 -6.939692 -25.43221 -13.70177 -6.939692 -26.25227 -12.49174 -6.866025 -25.56757 -13.78322 -6.866025 -26.38186 -12.5517 -6.766045 -25.68992 -13.85683 -6.766045 -26.49372 -12.60345 -6.642787 -25.79553 -13.92038 -6.642787 -26.58446 -12.64543 -6.5 -25.8812 -13.97192 -6.5 -26.65132 -12.67637 -6.34202 -25.94433 -14.0099 -6.34202 -26.69227 -12.69531 -6.173648 -22.41602 -16.73135 -7 -21.29543 -17.5832 -7 -22.52844 -16.8637 -6.984807 -21.39288 -17.72693 -6.984807 -22.63744 -16.99202 -6.939692 -21.48737 -17.86629 -6.939692 -22.73971 -17.11243 -6.866025 -21.57603 -17.99704 -6.866025 -22.83215 -17.22126 -6.766045 -21.65616 -18.11523 -6.766045 -22.91195 -17.3152 -6.642787 -21.72533 -18.21725 -6.642787 -22.97668 -17.3914 -6.5 -21.78143 -18.3 -6.5 -23.02437 -17.44755 -6.34202 -21.82278 -18.36097 -6.34202 -23.05357 -17.48193 -6.173648 -13.27768 -20.1457 -6.939692 -11.8415 -19.9895 -6.939692 -13.26912 -20.30344 -6.866025 -11.81594 -20.1454 -6.866025 -13.26139 -20.44602 -6.766045 -11.79284 -20.28631 -6.766045 -13.25472 -20.5691 -6.642787 -11.7729 -20.40794 -6.642787 -13.24931 -20.66893 -6.5 -11.75673 -20.5066 -6.5 -13.24532 -20.74249 -6.34202 -11.74481 -20.5793 -6.34202 -13.24288 -20.78754 -6.173648 -7.91069 -18.3089 -7 -6.704568 -17.5832 -7 -7.829352 -18.46232 -6.984807 -6.607119 -17.72693 -6.984807 -7.750485 -18.61108 -6.939692 -6.51263 -17.86629 -6.939692 -7.676486 -18.75065 -6.866025 -6.423974 -17.99704 -6.866025 -7.609603 -18.87681 -6.766045 -6.343844 -18.11523 -6.766045 -7.551868 -18.98571 -6.642787 -6.274674 -18.21725 -6.642787 -7.505037 -19.07404 -6.5 -6.218565 -18.3 -6.5 -7.47053 -19.13913 -6.34202 -6.177225 -18.36097 -6.34202 -7.449398 -19.17899 -6.173648 -4.562058 -15.76333 -7 -3.65079 -14.69051 -7 -4.435991 -15.88275 -6.984807 -3.51255 -14.79559 -6.984807 -4.313754 -15.99854 -6.939692 -3.37851 -14.89749 -6.939692 -4.199061 -16.10719 -6.866025 -3.252743 -14.99309 -6.866025 -4.095398 -16.20538 -6.766045 -3.139071 -15.0795 -6.766045 -4.005914 -16.29014 -6.642787 -3.040947 -15.1541 -6.642787 -3.933328 -16.3589 -6.5 -2.961353 -15.2146 -6.5 -3.879846 -16.40956 -6.34202 -2.902707 -15.25918 -6.34202 -3.847093 -16.44059 -6.173648 -1.680509 -10.97416 -7 -1.303933 -9.617858 -7 -1.51595 -11.02961 -6.984807 -1.134344 -9.655187 -6.984807 -1.356392 -11.08337 -6.939692 -0.9699089 -9.691382 -6.939692 -1.206682 -11.13381 -6.866025 -0.8156225 -9.725343 -6.866025 -1.071369 -11.1794 -6.766045 -0.6761732 -9.756038 -6.766045 -0.9545643 -11.21876 -6.642787 -0.555798 -9.782534 -6.642787 -0.8598171 -11.25068 -6.5 -0.4581546 -9.804027 -6.5 -0.7900061 -11.27421 -6.34202 -0.3862096 -9.819864 -6.34202 -0.7472526 -11.28861 -6.173648 -27 -6.823241 -7 -26.92379 -8.22879 -7 -27.17365 -6.823241 -6.984807 -27.09642 -8.247564 -6.984807 -27.34202 -6.823241 -6.939692 -27.26381 -8.265769 -6.939692 -27.5 -6.823241 -6.866025 -27.42086 -8.282849 -6.866025 -27.64279 -6.823241 -6.766045 -27.56282 -8.298287 -6.766045 -27.76605 -6.823241 -6.642787 -27.68535 -8.311613 -6.642787 -27.86602 -6.823241 -6.5 -27.78474 -8.322422 -6.5 -27.93969 -6.823241 -6.34202 -27.85798 -8.330389 -6.34202 -27.98481 -6.823241 -6.173648 -26.69607 -9.617858 -7 -26.86566 -9.655187 -6.984807 -27.03009 -9.691382 -6.939692 -27.18438 -9.725343 -6.866025 -27.32383 -9.756038 -6.766045 -27.4442 -9.782534 -6.642787 -27.54185 -9.804027 -6.5 -27.61379 -9.819864 -6.34202 -27.25275 -11.28861 -6.173648 -27.20999 -11.27421 -6.34202 -27.14018 -11.25068 -6.5 -27.04544 -11.21876 -6.642787 -26.92863 -11.1794 -6.766045 -26.79332 -11.13381 -6.866025 -26.64361 -11.08337 -6.939692 -26.48405 -11.02961 -6.984807 -26.31949 -10.97416 -7 -25.09729 -15.25918 -6.34202 -25.03865 -15.2146 -6.5 -24.95905 -15.1541 -6.642787 -24.86093 -15.0795 -6.766045 -24.74726 -14.99309 -6.866025 -24.62149 -14.89749 -6.939692 -24.48745 -14.79559 -6.984807 -24.34921 -14.69051 -7 -24.15291 -16.44059 -6.173648 -24.12015 -16.40956 -6.34202 -24.06667 -16.3589 -6.5 -23.99409 -16.29014 -6.642787 -23.9046 -16.20538 -6.766045 -23.80094 -16.10719 -6.866025 -23.68625 -15.99854 -6.939692 -23.56401 -15.88275 -6.984807 -23.43794 -15.76333 -7 -20.5506 -19.17899 -6.173648 -20.52947 -19.13913 -6.34202 -20.49497 -19.07404 -6.5 -20.44813 -18.98571 -6.642787 -20.3904 -18.87681 -6.766045 -20.32351 -18.75065 -6.866025 -20.24952 -18.61108 -6.939692 -20.17065 -18.46232 -6.984807 -20.08931 -18.3089 -7 -18.8118 -18.89994 -7 -18.87607 -19.06126 -6.984807 -18.93839 -19.21767 -6.939692 -18.99686 -19.36443 -6.866025 -19.04972 -19.49707 -6.766045 -19.09534 -19.61158 -6.642787 -19.13235 -19.70446 -6.5 -19.15961 -19.77289 -6.34202 -17.72926 -20.25483 -6.34202 -17.70956 -20.18385 -6.5 -17.68281 -20.08752 -6.642787 -17.64983 -19.96875 -6.766045 -17.61163 -19.83117 -6.866025 -17.56937 -19.67895 -6.939692 -17.52433 -19.51671 -6.984807 -17.47787 -19.34939 -7 -16.10317 -19.65199 -7 -16.13126 -19.82335 -6.984807 -16.1585 -19.9895 -6.939692 -16.18406 -20.1454 -6.866025 -16.20716 -20.28631 -6.766045 -16.2271 -20.40794 -6.642787 -16.24327 -20.5066 -6.5 -16.25519 -20.5793 -6.34202 -14.75712 -20.78754 -6.173648 -14.75468 -20.74249 -6.34202 -14.75069 -20.66893 -6.5 -14.74528 -20.5691 -6.642787 -14.7386 -20.44602 -6.766045 -14.73087 -20.30344 -6.866025 -14.72232 -20.1457 -6.939692 -10.27074 -20.25483 -6.34202 -10.29044 -20.18385 -6.5 -10.31719 -20.08752 -6.642787 -10.35017 -19.96875 -6.766045 -10.38837 -19.83117 -6.866025 -10.43063 -19.67895 -6.939692 -10.47567 -19.51671 -6.984807 -10.52213 -19.34939 -7 -8.82369 -19.8148 -6.173648 -8.840388 -19.77289 -6.34202 -8.867655 -19.70446 -6.5 -8.904663 -19.61158 -6.642787 -8.950284 -19.49707 -6.766045 -9.003135 -19.36443 -6.866025 -9.06161 -19.21767 -6.939692 -9.12393 -19.06126 -6.984807 -9.188204 -18.89994 -7 -4.946427 -17.48193 -6.173648 -4.975634 -17.44755 -6.34202 -5.023325 -17.3914 -6.5 -5.088052 -17.3152 -6.642787 -5.167847 -17.22126 -6.766045 -5.260285 -17.11243 -6.866025 -5.362559 -16.99202 -6.939692 -5.47156 -16.8637 -6.984807 -5.583978 -16.73135 -7 -2.860857 -13.52544 -7 -2.712065 -13.61497 -6.984807 -2.567794 -13.70177 -6.939692 -2.432428 -13.78322 -6.866025 -2.31008 -13.85683 -6.766045 -2.204466 -13.92038 -6.642787 -2.118797 -13.97192 -6.5 -2.055674 -14.0099 -6.34202 -1.307732 -12.69531 -6.173648 -1.348678 -12.67637 -6.34202 -1.415536 -12.64543 -6.5 -1.506276 -12.60345 -6.642787 -1.618141 -12.5517 -6.766045 -1.747732 -12.49174 -6.866025 -1.89111 -12.42541 -6.939692 -2.043921 -12.35471 -6.984807 -2.201519 -12.2818 -7 -0.09717178 -8.335266 -6.173648 -0.1420224 -8.330389 -6.34202 -0.2152578 -8.322422 -6.5 -0.3146527 -8.311613 -6.642787 -0.437187 -8.298287 -6.766045 -0.5791376 -8.282849 -6.866025 -0.7361913 -8.265769 -6.939692 -0.9035763 -8.247564 -6.984807 -1.076207 -8.22879 -7 -1 -6.823241 -7 -0.8263518 -6.823241 -6.984807 -0.6579799 -6.823241 -6.939692 -0.5 -6.823241 -6.866025 -0.3572124 -6.823241 -6.766045 -0.2339555 -6.823241 -6.642787 -0.1339746 -6.823241 -6.5 -0.06030738 -6.823241 -6.34202 -0.01519221 -6.823241 -6.173648 -28 6.823241 -6 -26.625 18.46839 -6 -27.11854 16.17039 -6 -27.17262 15.88158 -6 -27.94476 9.172992 -6 -27.77915 11.51755 -6 -27.65506 12.68626 -6 -27.50354 13.85173 -6 -25.25 30.11353 -6 -25.30524 27.76378 -6 -25.4034 26.19985 -6 -25.47085 25.41922 -6 -25.74646 23.08504 -6 -25.86268 22.31017 -6 -26.13146 20.76638 -6 -25.25 53.17676 -6 -25.25 32.52676 -2 -25.25 34.52676 6.5 -25.25 39.57675 6.5 -25.25 39.57675 1.5 -25.25 46.77676 1.5 -25.25 46.77676 6.5 -25.25 51.82675 6.5 -15.25 63.17676 -6 -16.45537 63.10385 0 -16.45537 63.10385 -6 -16.98648 63.02483 0 -16.98648 63.02483 -6 -17.64316 62.88618 0 -17.64316 62.88618 -6 -18.6702 62.57368 0 -18.6702 62.57368 -6 -18.79605 62.52692 0 -18.79605 62.52692 -6 -19.89723 62.03132 0 -19.89723 62.03132 -6 -20.25 61.83701 0 -20.25 61.83701 -6 -20.93065 61.4066 0 -20.93065 61.4066 -6 -21.67788 60.8372 0 -21.67788 60.8372 -6 -21.88123 60.66187 0 -21.88123 60.66187 -6 -22.73511 59.80799 0 -22.73511 59.80799 -6 -22.91044 59.60463 0 -22.91044 59.60463 -6 -23.47984 58.85741 0 -23.47984 58.85741 -6 -23.91025 58.17676 0 -23.91025 58.17676 -6 -24.10456 57.82399 0 -24.10456 57.82399 -6 -24.60016 56.7228 0 -24.60016 56.7228 -6 -24.64693 56.59696 0 -24.64693 56.59696 -6 -24.95942 55.56991 0 -24.95942 55.56991 -6 -25.09808 54.91324 0 -25.09808 54.91324 -6 -25.17709 54.38212 0 -25.17709 54.38212 -6 -12.75 63.17676 -6 -2.75 53.17676 -6 -2.822911 54.38212 0 -2.822911 54.38212 -6 -2.901922 54.91324 0 -2.901922 54.91324 -6 -3.040582 55.56991 0 -3.040582 55.56991 -6 -3.353074 56.59696 0 -3.353074 56.59696 -6 -3.399837 56.7228 0 -3.399837 56.7228 -6 -3.89544 57.82399 0 -3.89544 57.82399 -6 -4.089746 58.17676 0 -4.089746 58.17676 -6 -4.520162 58.85741 0 -4.520162 58.85741 -6 -5.089555 59.60463 0 -5.089555 59.60463 -6 -5.264893 59.80799 0 -5.264893 59.80799 -6 -6.118773 60.66187 0 -6.118773 60.66187 -6 -6.322124 60.8372 0 -6.322124 60.8372 -6 -7.069352 61.4066 0 -7.069352 61.4066 -6 -7.75 61.83701 0 -7.75 61.83701 -6 -8.102768 62.03132 0 -8.102768 62.03132 -6 -9.203951 62.52692 0 -9.203951 62.52692 -6 -9.329799 62.57368 0 -9.329799 62.57368 -6 -10.35684 62.88618 0 -10.35684 62.88618 -6 -11.01352 63.02483 0 -11.01352 63.02483 -6 -11.54463 63.10385 0 -11.54463 63.10385 -6 -2.75 30.11353 -6 -2.75 39.57675 6.5 -2.75 34.52676 6.5 -2.75 39.57675 1.5 -2.75 51.82675 6.5 -2.75 46.77676 6.5 -2.75 51.82675 0 -2.75 46.77676 1.5 -2.75 32.52676 -2 -2.694756 27.76378 -6 -2.596595 26.19985 -6 -2.529147 25.41922 -6 -2.253538 23.08504 -6 -2.137323 22.31017 -6 -1.868539 20.76638 -6 -16.8 49.17676 -7 -16.8 49.17676 0 -16.81823 49.38514 -7 -16.81823 49.38514 0 -16.87237 49.58718 -7 -16.87237 49.58718 0 -16.96077 49.77676 -7 -16.96077 49.77676 0 -17.08075 49.9481 -7 -17.08075 49.9481 0 -17.22866 50.09601 -7 -17.22866 50.09601 0 -17.4 50.21599 -7 -17.4 50.21599 0 -17.58958 50.30438 -7 -17.58958 50.30438 0 -17.79162 50.35853 -7 -17.79162 50.35853 0 -18 50.37676 -7 -18 50.37676 0 -18.20838 50.35853 -7 -18.20838 50.35853 0 -18.41042 50.30438 -7 -18.41042 50.30438 0 -18.6 50.21599 -7 -18.6 50.21599 0 -18.77135 50.09601 -7 -18.77135 50.09601 0 -18.91926 49.9481 -7 -18.91926 49.9481 0 -19.03923 49.77676 -7 -19.03923 49.77676 0 -19.12763 49.58718 -7 -19.12763 49.58718 0 -19.18177 49.38514 -7 -19.18177 49.38514 0 -19.2 49.17676 -7 -19.2 49.17676 0 -19.18177 48.96838 -7 -19.18177 48.96838 0 -19.12763 48.76633 -7 -19.12763 48.76633 0 -19.03923 48.57675 -7 -19.03923 48.57675 0 -18.91926 48.40541 -7 -18.91926 48.40541 0 -18.77135 48.2575 -7 -18.77135 48.2575 0 -18.6 48.13753 -7 -18.6 48.13753 0 -18.41042 48.04912 -7 -18.41042 48.04912 0 -18.20838 47.99499 -7 -18.20838 47.99499 0 -18 47.97676 -7 -18 47.97676 0 -17.79162 47.99499 -7 -17.79162 47.99499 0 -17.58958 48.04912 -7 -17.58958 48.04912 0 -17.4 48.13753 -7 -17.4 48.13753 0 -17.22866 48.2575 -7 -17.22866 48.2575 0 -17.08075 48.40541 -7 -17.08075 48.40541 0 -16.96077 48.57675 -7 -16.96077 48.57675 0 -16.87237 48.76633 -7 -16.87237 48.76633 0 -16.81823 48.96838 -7 -16.81823 48.96838 0 -8.800001 37.17676 -7 -8.800001 37.17676 0 -8.818231 37.38513 -7 -8.818231 37.38513 0 -8.87237 37.58718 -7 -8.87237 37.58718 0 -8.96077 37.77676 -7 -8.96077 37.77676 0 -9.080747 37.9481 -7 -9.080747 37.9481 0 -9.228655 38.09601 -7 -9.228655 38.09601 0 -9.4 38.21599 -7 -9.4 38.21599 0 -9.589576 38.30439 -7 -9.589576 38.30439 0 -9.791623 38.35853 -7 -9.791623 38.35853 0 -10 38.37676 -7 -10 38.37676 0 -10.20838 38.35853 -7 -10.20838 38.35853 0 -10.41042 38.30439 -7 -10.41042 38.30439 0 -10.6 38.21599 -7 -10.6 38.21599 0 -10.77134 38.09601 -7 -10.77134 38.09601 0 -10.91925 37.9481 -7 -10.91925 37.9481 0 -11.03923 37.77676 -7 -11.03923 37.77676 0 -11.12763 37.58718 -7 -11.12763 37.58718 0 -11.18177 37.38513 -7 -11.18177 37.38513 0 -11.2 37.17676 -7 -11.2 37.17676 0 -11.18177 36.96838 -7 -11.18177 36.96838 0 -11.12763 36.76633 -7 -11.12763 36.76633 0 -11.03923 36.57676 -7 -11.03923 36.57676 0 -10.91925 36.40541 -7 -10.91925 36.40541 0 -10.77134 36.25751 -7 -10.77134 36.25751 0 -10.6 36.13752 -7 -10.6 36.13752 0 -10.41042 36.04912 -7 -10.41042 36.04912 0 -10.20838 35.99499 -7 -10.20838 35.99499 0 -10 35.97676 -7 -10 35.97676 0 -9.791623 35.99499 -7 -9.791623 35.99499 0 -9.589576 36.04912 -7 -9.589576 36.04912 0 -9.4 36.13752 -7 -9.4 36.13752 0 -9.228655 36.25751 -7 -9.228655 36.25751 0 -9.080747 36.40541 -7 -9.080747 36.40541 0 -8.96077 36.57676 -7 -8.96077 36.57676 0 -8.87237 36.76633 -7 -8.87237 36.76633 0 -8.818231 36.96838 -7 -8.818231 36.96838 0 -16.8 37.17676 -7 -16.8 37.17676 0 -16.81823 37.38513 -7 -16.81823 37.38513 0 -16.87237 37.58718 -7 -16.87237 37.58718 0 -16.96077 37.77676 -7 -16.96077 37.77676 0 -17.08075 37.9481 -7 -17.08075 37.9481 0 -17.22866 38.09601 -7 -17.22866 38.09601 0 -17.4 38.21599 -7 -17.4 38.21599 0 -17.58958 38.30439 -7 -17.58958 38.30439 0 -17.79162 38.35853 -7 -17.79162 38.35853 0 -18 38.37676 -7 -18 38.37676 0 -18.20838 38.35853 -7 -18.20838 38.35853 0 -18.41042 38.30439 -7 -18.41042 38.30439 0 -18.6 38.21599 -7 -18.6 38.21599 0 -18.77135 38.09601 -7 -18.77135 38.09601 0 -18.91926 37.9481 -7 -18.91926 37.9481 0 -19.03923 37.77676 -7 -19.03923 37.77676 0 -19.12763 37.58718 -7 -19.12763 37.58718 0 -19.18177 37.38513 -7 -19.18177 37.38513 0 -19.2 37.17676 -7 -19.2 37.17676 0 -19.18177 36.96838 -7 -19.18177 36.96838 0 -19.12763 36.76633 -7 -19.12763 36.76633 0 -19.03923 36.57676 -7 -19.03923 36.57676 0 -18.91926 36.40541 -7 -18.91926 36.40541 0 -18.77135 36.25751 -7 -18.77135 36.25751 0 -18.6 36.13752 -7 -18.6 36.13752 0 -18.41042 36.04912 -7 -18.41042 36.04912 0 -18.20838 35.99499 -7 -18.20838 35.99499 0 -18 35.97676 -7 -18 35.97676 0 -17.79162 35.99499 -7 -17.79162 35.99499 0 -17.58958 36.04912 -7 -17.58958 36.04912 0 -17.4 36.13752 -7 -17.4 36.13752 0 -17.22866 36.25751 -7 -17.22866 36.25751 0 -17.08075 36.40541 -7 -17.08075 36.40541 0 -16.96077 36.57676 -7 -16.96077 36.57676 0 -16.87237 36.76633 -7 -16.87237 36.76633 0 -16.81823 36.96838 -7 -16.81823 36.96838 0 -8.800001 49.17676 -7 -8.800001 49.17676 0 -8.818231 49.38514 -7 -8.818231 49.38514 0 -8.87237 49.58718 -7 -8.87237 49.58718 0 -8.96077 49.77676 -7 -8.96077 49.77676 0 -9.080747 49.9481 -7 -9.080747 49.9481 0 -9.228655 50.09601 -7 -9.228655 50.09601 0 -9.4 50.21599 -7 -9.4 50.21599 0 -9.589576 50.30438 -7 -9.589576 50.30438 0 -9.791623 50.35853 -7 -9.791623 50.35853 0 -10 50.37676 -7 -10 50.37676 0 -10.20838 50.35853 -7 -10.20838 50.35853 0 -10.41042 50.30438 -7 -10.41042 50.30438 0 -10.6 50.21599 -7 -10.6 50.21599 0 -10.77134 50.09601 -7 -10.77134 50.09601 0 -10.91925 49.9481 -7 -10.91925 49.9481 0 -11.03923 49.77676 -7 -11.03923 49.77676 0 -11.12763 49.58718 -7 -11.12763 49.58718 0 -11.18177 49.38514 -7 -11.18177 49.38514 0 -11.2 49.17676 -7 -11.2 49.17676 0 -11.18177 48.96838 -7 -11.18177 48.96838 0 -11.12763 48.76633 -7 -11.12763 48.76633 0 -11.03923 48.57675 -7 -11.03923 48.57675 0 -10.91925 48.40541 -7 -10.91925 48.40541 0 -10.77134 48.2575 -7 -10.77134 48.2575 0 -10.6 48.13753 -7 -10.6 48.13753 0 -10.41042 48.04912 -7 -10.41042 48.04912 0 -10.20838 47.99499 -7 -10.20838 47.99499 0 -10 47.97676 -7 -10 47.97676 0 -9.791623 47.99499 -7 -9.791623 47.99499 0 -9.589576 48.04912 -7 -9.589576 48.04912 0 -9.4 48.13753 -7 -9.4 48.13753 0 -9.228655 48.2575 -7 -9.228655 48.2575 0 -9.080747 48.40541 -7 -9.080747 48.40541 0 -8.96077 48.57675 -7 -8.96077 48.57675 0 -8.87237 48.76633 -7 -8.87237 48.76633 0 -8.818231 48.96838 -7 -8.818231 48.96838 0 -0.5086512 13.85 -6.156434 -0.2331103 11.51639 -6.156434 -1.710155 16.01269 -6.987688 -1.863832 15.98344 -7 -2.3475 18.23548 -7 -1 6.823241 -7 -1.054139 9.125997 -7 -0.8435656 6.823241 -6.987688 -0.8978773 9.133349 -6.987688 -0.8263518 6.823241 -6.984807 -0.7454633 9.14052 -6.951056 -2.195368 18.27192 -6.987688 -2.178627 18.27593 -6.984807 -1.560263 16.04121 -6.951056 -0.60065 9.147333 -6.891006 -0.6579799 6.823241 -6.939692 -0.6909829 6.823241 -6.951056 -2.046981 18.30745 -6.951056 -2.014885 18.31514 -6.939692 -1.417845 16.06832 -6.891006 -0.4670031 9.15362 -6.809017 -0.5 6.823241 -6.866025 -0.5460096 6.823241 -6.891006 -1.905994 18.34122 -6.891006 -1.86125 18.35194 -6.866025 -1.286409 16.09333 -6.809017 -0.3478134 9.159228 -6.707107 -0.3572124 6.823241 -6.766045 -0.4122148 6.823241 -6.809017 -1.775879 18.37238 -6.809017 -1.722389 18.38519 -6.766045 -1.169191 16.11563 -6.707107 -0.2460157 9.164017 -6.587785 -0.2339555 6.823241 -6.642787 -0.2928932 6.823241 -6.707107 -1.659839 18.40017 -6.707107 -1.602522 18.4139 -6.642787 -1.069077 16.13469 -6.587785 -0.1641168 9.16787 -6.45399 -0.1339746 6.823241 -6.5 -0.1909829 6.823241 -6.587785 -1.560731 18.42391 -6.587785 -1.50529 18.43718 -6.5 -0.988533 16.15001 -6.45399 -0.1041331 9.170692 -6.309017 -0.06030738 6.823241 -6.34202 -0.1089934 6.823241 -6.45399 -1.480996 18.443 -6.45399 -1.433649 18.45434 -6.34202 -0.9295417 16.16124 -6.309017 -0.06754183 9.172414 -6.156434 -0.01519221 6.823241 -6.173648 -0.04894345 6.823241 -6.309017 -1.216436 11.42366 -7 -1.060692 11.43835 -6.987688 -0.908784 11.45268 -6.951056 -0.7644507 11.46629 -6.891006 -0.631247 11.47885 -6.809017 -0.5124525 11.49005 -6.707107 -0.4109925 11.49962 -6.587785 -0.329365 11.50732 -6.45399 -0.2695803 11.51295 -6.309017 -0.01231163 6.823241 -6.156434 -0.5449193 13.84485 -6.309017 -0.604373 13.83641 -6.45399 -0.6855485 13.82489 -6.587785 -0.7864468 13.81056 -6.707107 -0.9045836 13.79379 -6.809017 -1.03705 13.77498 -6.891006 -1.180584 13.7546 -6.951056 -1.331651 13.73315 -6.987688 -1.486532 13.71116 -7 -0.8935557 16.16809 -6.156434 -1.422598 18.45699 -6.309017 -1.389774 18.46485 -6.173648 -1.386973 18.46552 -6.156434 -12.60279 -19.22383 -6.954423 -26.47906 -6.823241 -6.954423 -26.40059 -8.220454 -6.954423 -3.954423 -6.823241 -4.520944 -6.896705 -13.92654 -4.520944 -16.23535 2.970471 -4.520944 -17.31785 2.658611 -4.520944 -18.35861 2.22751 -4.520944 -19.34457 1.682591 -4.520944 -20.26331 1.030706 -4.520944 -21.1033 0.2800536 -4.520944 -21.85395 -0.5599272 -4.520944 -22.50583 -1.478673 -4.520944 -23.05075 -2.464629 -4.520944 -23.48185 -3.505398 -4.520944 -23.79371 -4.587891 -4.520944 -23.98241 -5.698494 -4.520944 -24.04558 -6.823241 -4.520944 -23.79371 -9.058593 -4.520944 -23.98241 -7.94799 -4.520944 -23.48185 -10.14109 -4.520944 -23.05075 -11.18185 -4.520944 -22.50583 -12.16781 -4.520944 -21.85395 -13.08656 -4.520944 -21.1033 -13.92654 -4.520944 -20.26331 -14.67719 -4.520944 -19.34457 -15.32907 -4.520944 -18.35861 -15.87399 -4.520944 -17.31785 -16.30509 -4.520944 -16.23535 -16.61696 -4.520944 -15.12475 -16.80566 -4.520944 -14 -16.86882 -4.520944 -11.76465 -16.61696 -4.520944 -12.87525 -16.80566 -4.520944 -10.68216 -16.30509 -4.520944 -9.641388 -15.87399 -4.520944 -8.655431 -15.32907 -4.520944 -7.736685 -14.67719 -4.520944 -6.146052 -13.08656 -4.520944 -5.494167 -12.16781 -4.520944 -4.949248 -11.18185 -4.520944 -4.518147 -10.14109 -4.520944 -4.017588 -7.94799 -4.520944 -4.206287 -9.058593 -4.520944 -4.206287 -4.587891 -4.520944 -4.017588 -5.698494 -4.520944 -4.518147 -3.505398 -4.520944 -4.949248 -2.464629 -4.520944 -5.494167 -1.478673 -4.520944 -6.146052 -0.5599272 -4.520944 -6.896705 0.2800536 -4.520944 -7.736685 1.030706 -4.520944 -8.655431 1.682591 -4.520944 -9.641388 2.22751 -4.520944 -10.68216 2.658611 -4.520944 -11.76465 2.970471 -4.520944 -12.87525 3.15917 -4.520944 -15.12475 3.15917 -4.520944 -14 3.222335 -4.520944 -6.801001 -14.02224 -5.026061 -6.040235 -13.17094 -5.026061 -5.379567 -12.23982 -5.026061 -4.827306 -11.24058 -5.026061 -4.390397 -10.18579 -5.026061 -4.074335 -9.08871 -5.026061 -3.883093 -7.963143 -5.026061 -8.583423 -15.44367 -5.026061 -9.582664 -15.99594 -5.026061 -10.63745 -16.43284 -5.026061 -11.73453 -16.74891 -5.026061 -12.8601 -16.94015 -5.026061 -14 -17.00416 -5.026061 -15.1399 -16.94015 -5.026061 -16.26547 -16.74891 -5.026061 -17.36255 -16.43284 -5.026061 -18.41733 -15.99594 -5.026061 -19.41658 -15.44367 -5.026061 -20.3477 -14.78301 -5.026061 -21.199 -14.02224 -5.026061 -21.95977 -13.17094 -5.026061 -22.62043 -12.23982 -5.026061 -23.17269 -11.24058 -5.026061 -23.6096 -10.18579 -5.026061 -23.92567 -9.08871 -5.026061 -24.11691 -7.963143 -5.026061 -24.18092 -6.823241 -5.026061 -24.11691 -5.68334 -5.026061 -23.92567 -4.557774 -5.026061 -23.6096 -3.460696 -5.026061 -23.17269 -2.405905 -5.026061 -22.62043 -1.406665 -5.026061 -21.95977 -0.4755406 -5.026061 -21.199 0.3757573 -5.026061 -20.3477 1.136524 -5.026061 -19.41658 1.797191 -5.026061 -18.41733 2.349452 -5.026061 -17.36255 2.786361 -5.026061 -16.26547 3.102423 -5.026061 -15.1399 3.293665 -5.026061 -14 3.35768 -5.026061 -12.8601 3.293665 -5.026061 -11.73453 3.102423 -5.026061 -10.63745 2.786361 -5.026061 -9.582664 2.349452 -5.026061 -8.583423 1.797191 -5.026061 -7.652299 1.136524 -5.026061 -6.801001 0.3757573 -5.026061 -6.040235 -0.4755406 -5.026061 -5.379567 -1.406665 -5.026061 -4.827306 -2.405905 -5.026061 -4.390397 -3.460696 -5.026061 -4.074335 -4.557774 -5.026061 -3.883093 -5.68334 -5.026061 -3.819078 -6.823241 -5.026061 -7.514506 -14.95579 -5.5 -6.644729 -14.17851 -5.5 -5.867449 -13.30873 -5.5 -5.19244 -12.3574 -5.5 -4.62819 -11.33647 -5.5 -4.181797 -10.25878 -5.5 -3.858874 -9.137888 -5.5 -3.663481 -7.987887 -5.5 -9.486775 -16.19505 -5.5 -10.56446 -16.64144 -5.5 -11.68535 -16.96437 -5.5 -12.83535 -17.15976 -5.5 -14 -17.22517 -5.5 -15.16464 -17.15976 -5.5 -16.31465 -16.96437 -5.5 -17.43554 -16.64144 -5.5 -18.51323 -16.19505 -5.5 -19.53416 -15.6308 -5.5 -20.4855 -14.95579 -5.5 -21.35527 -14.17851 -5.5 -22.13255 -13.30873 -5.5 -22.80756 -12.3574 -5.5 -23.37181 -11.33647 -5.5 -23.8182 -10.25878 -5.5 -24.14113 -9.137888 -5.5 -24.33652 -7.987887 -5.5 -24.40192 -6.823241 -5.5 -24.33652 -5.658596 -5.5 -24.14113 -4.508596 -5.5 -23.8182 -3.387704 -5.5 -23.37181 -2.310016 -5.5 -22.80756 -1.289085 -5.5 -22.13255 -0.3377484 -5.5 -21.35527 0.5320291 -5.5 -20.4855 1.30931 -5.5 -19.53416 1.984319 -5.5 -18.51323 2.548568 -5.5 -17.43554 2.994961 -5.5 -16.31465 3.317884 -5.5 -15.16464 3.513277 -5.5 -14 3.578682 -5.5 -12.83535 3.513277 -5.5 -11.68535 3.317884 -5.5 -10.56446 2.994961 -5.5 -9.486775 2.548568 -5.5 -8.465844 1.984319 -5.5 -7.514506 1.30931 -5.5 -6.644729 0.5320291 -5.5 -5.867449 -0.3377484 -5.5 -5.19244 -1.289085 -5.5 -4.62819 -2.310016 -5.5 -4.181797 -3.387704 -5.5 -3.858874 -4.508596 -5.5 -3.663481 -5.658596 -5.5 -3.598076 -6.823241 -5.5 -8.306264 -15.88477 -5.928363 -7.327495 -15.1903 -5.928363 -6.432637 -14.3906 -5.928363 -5.632944 -13.49575 -5.928363 -4.938471 -12.51698 -5.928363 -4.357951 -11.46661 -5.928363 -3.898686 -10.35784 -5.928363 -3.566451 -9.204631 -5.928363 -3.365424 -8.021471 -5.928363 -10.4654 -16.92456 -5.928363 -11.61861 -17.25679 -5.928363 -12.80177 -17.45782 -5.928363 -14 -17.52511 -5.928363 -15.19823 -17.45782 -5.928363 -16.38139 -17.25679 -5.928363 -17.5346 -16.92456 -5.928363 -18.64337 -16.46529 -5.928363 -19.69374 -15.88477 -5.928363 -20.67251 -15.1903 -5.928363 -21.56736 -14.3906 -5.928363 -22.36706 -13.49575 -5.928363 -23.06153 -12.51698 -5.928363 -23.64205 -11.46661 -5.928363 -24.10131 -10.35784 -5.928363 -24.43355 -9.204631 -5.928363 -24.63458 -8.021471 -5.928363 -24.70187 -6.823241 -5.928363 -24.63458 -5.625013 -5.928363 -24.43355 -4.441852 -5.928363 -24.10131 -3.288639 -5.928363 -23.64205 -2.179876 -5.928363 -23.06153 -1.129505 -5.928363 -22.36706 -0.150737 -5.928363 -21.56736 0.7441207 -5.928363 -20.67251 1.543815 -5.928363 -19.69374 2.238288 -5.928363 -18.64337 2.818807 -5.928363 -17.5346 3.278072 -5.928363 -16.38139 3.610307 -5.928363 -15.19823 3.811334 -5.928363 -14 3.878625 -5.928363 -12.80177 3.811334 -5.928363 -11.61861 3.610307 -5.928363 -10.4654 3.278072 -5.928363 -9.356635 2.818807 -5.928363 -8.306264 2.238288 -5.928363 -7.327495 1.543815 -5.928363 -6.432637 0.7441207 -5.928363 -5.632944 -0.150737 -5.928363 -4.938471 -1.129505 -5.928363 -4.357951 -2.179876 -5.928363 -3.898686 -3.288639 -5.928363 -3.566451 -4.441852 -5.928363 -3.365424 -5.625013 -5.928363 -3.298133 -6.823241 -5.928363 -9.196197 -16.79844 -6.298133 -8.109535 -16.19787 -6.298133 -7.096947 -15.4794 -6.298133 -6.17117 -14.65207 -6.298133 -5.343845 -13.72629 -6.298133 -4.625377 -12.71371 -6.298133 -4.024799 -11.62704 -6.298133 -3.549666 -10.47997 -6.298133 -3.205952 -9.286913 -6.298133 -2.997979 -8.062872 -6.298133 -11.53633 -17.61729 -6.298133 -12.76037 -17.82526 -6.298133 -14 -17.89488 -6.298133 -15.23963 -17.82526 -6.298133 -16.46367 -17.61729 -6.298133 -17.65673 -17.27358 -6.298133 -18.8038 -16.79844 -6.298133 -19.89047 -16.19787 -6.298133 -20.90305 -15.4794 -6.298133 -21.82883 -14.65207 -6.298133 -22.65615 -13.72629 -6.298133 -23.37462 -12.71371 -6.298133 -23.9752 -11.62704 -6.298133 -24.45034 -10.47997 -6.298133 -24.79405 -9.286913 -6.298133 -25.00202 -8.062872 -6.298133 -25.07164 -6.823241 -6.298133 -25.00202 -5.583612 -6.298133 -24.79405 -4.359571 -6.298133 -24.45034 -3.166512 -6.298133 -23.9752 -2.019438 -6.298133 -23.37462 -0.9327757 -6.298133 -22.65615 0.07981103 -6.298133 -21.82883 1.005588 -6.298133 -20.90305 1.832913 -6.298133 -19.89047 2.551381 -6.298133 -18.8038 3.151958 -6.298133 -17.65673 3.627092 -6.298133 -16.46367 3.970807 -6.298133 -15.23963 4.178779 -6.298133 -14 4.248395 -6.298133 -12.76037 4.178779 -6.298133 -11.53633 3.970807 -6.298133 -10.34327 3.627092 -6.298133 -9.196197 3.151958 -6.298133 -8.109535 2.551381 -6.298133 -7.096947 1.832913 -6.298133 -6.17117 1.005588 -6.298133 -5.343845 0.07981103 -6.298133 -4.625377 -0.9327757 -6.298133 -4.024799 -2.019438 -6.298133 -3.549666 -3.166512 -6.298133 -3.205952 -4.359571 -6.298133 -2.997979 -5.583612 -6.298133 -2.928363 -6.823241 -6.298133 -10.20179 -17.6779 -6.598076 -9.010337 -17.18438 -6.598076 -7.881631 -16.56057 -6.598076 -6.829867 -15.8143 -6.598076 -5.868271 -14.95497 -6.598076 -5.008938 -13.99337 -6.598076 -4.262672 -12.94161 -6.598076 -3.638858 -11.8129 -6.598076 -3.145342 -10.62145 -6.598076 -2.788329 -9.382232 -6.598076 -2.57231 -8.110834 -6.598076 -12.71241 -18.25093 -6.598076 -14 -18.32324 -6.598076 -15.28759 -18.25093 -6.598076 -16.55899 -18.03491 -6.598076 -17.79821 -17.6779 -6.598076 -18.98966 -17.18438 -6.598076 -20.11837 -16.56057 -6.598076 -21.17013 -15.8143 -6.598076 -22.13173 -14.95497 -6.598076 -22.99106 -13.99337 -6.598076 -23.73733 -12.94161 -6.598076 -24.36114 -11.8129 -6.598076 -24.85466 -10.62145 -6.598076 -25.21167 -9.382232 -6.598076 -25.42769 -8.110834 -6.598076 -25.5 -6.823241 -6.598076 -25.42769 -5.535651 -6.598076 -25.21167 -4.264251 -6.598076 -24.85466 -3.025032 -6.598076 -24.36114 -1.833579 -6.598076 -23.73733 -0.7048729 -6.598076 -22.99106 0.3468909 -6.598076 -22.13173 1.308486 -6.598076 -21.17013 2.16782 -6.598076 -20.11837 2.914086 -6.598076 -18.98966 3.5379 -6.598076 -17.79821 4.031416 -6.598076 -16.55899 4.388429 -6.598076 -15.28759 4.604448 -6.598076 -14 4.676758 -6.598076 -12.71241 4.604448 -6.598076 -11.44101 4.388429 -6.598076 -10.20179 4.031416 -6.598076 -9.010337 3.5379 -6.598076 -7.881631 2.914086 -6.598076 -6.829867 2.16782 -6.598076 -5.868271 1.308486 -6.598076 -5.008938 0.3468909 -6.598076 -4.262672 -0.7048729 -6.598076 -3.638858 -1.833579 -6.598076 -3.145342 -3.025032 -6.598076 -2.788329 -4.264251 -6.598076 -2.57231 -5.535651 -6.598076 -2.5 -6.823241 -6.598076 -11.33555 -18.49697 -6.819078 -10.04526 -18.12524 -6.819078 -8.804702 -17.61139 -6.819078 -7.62948 -16.96187 -6.819078 -6.53437 -16.18485 -6.819078 -5.533146 -15.2901 -6.819078 -4.638397 -14.28887 -6.819078 -3.861376 -13.19376 -6.819078 -3.211853 -12.01854 -6.819078 -2.697998 -10.77798 -6.819078 -2.326272 -9.487694 -6.819078 -2.10135 -8.163898 -6.819078 -14 -18.79718 -6.819078 -15.34066 -18.72189 -6.819078 -16.66445 -18.49697 -6.819078 -17.95474 -18.12524 -6.819078 -19.1953 -17.61139 -6.819078 -20.37052 -16.96187 -6.819078 -21.46563 -16.18485 -6.819078 -22.46685 -15.2901 -6.819078 -23.3616 -14.28887 -6.819078 -24.13862 -13.19376 -6.819078 -24.78815 -12.01854 -6.819078 -25.302 -10.77798 -6.819078 -25.67373 -9.487694 -6.819078 -25.89865 -8.163898 -6.819078 -25.97394 -6.823241 -6.819078 -25.89865 -5.482586 -6.819078 -25.67373 -4.15879 -6.819078 -25.302 -2.8685 -6.819078 -24.78815 -1.627944 -6.819078 -24.13862 -0.4527218 -6.819078 -23.3616 0.6423875 -6.819078 -22.46685 1.643612 -6.819078 -21.46563 2.538361 -6.819078 -20.37052 3.315382 -6.819078 -19.1953 3.964905 -6.819078 -17.95474 4.47876 -6.819078 -16.66445 4.850486 -6.819078 -15.34066 5.075407 -6.819078 -14 5.150698 -6.819078 -12.65934 5.075407 -6.819078 -11.33555 4.850486 -6.819078 -10.04526 4.47876 -6.819078 -8.804702 3.964905 -6.819078 -7.62948 3.315382 -6.819078 -6.53437 2.538361 -6.819078 -5.533146 1.643612 -6.819078 -4.638397 0.6423875 -6.819078 -3.861376 -0.4527218 -6.819078 -3.211853 -1.627944 -6.819078 -2.697998 -2.8685 -6.819078 -2.326272 -4.15879 -6.819078 -2.10135 -5.482586 -6.819078 -2.02606 -6.823241 -6.819078 -11.22315 -18.98942 -6.954423 -9.87843 -18.60201 -6.954423 -8.585541 -18.06648 -6.954423 -7.360743 -17.38956 -6.954423 -6.219436 -16.57976 -6.954423 -5.175975 -15.64727 -6.954423 -4.243482 -14.6038 -6.954423 -3.433682 -13.4625 -6.954423 -2.75676 -12.2377 -6.954423 -2.221227 -10.94481 -6.954423 -1.83382 -9.600093 -6.954423 -1.59941 -8.220454 -6.954423 -15.39721 -19.22383 -6.954423 -16.77685 -18.98942 -6.954423 -18.12157 -18.60201 -6.954423 -19.41446 -18.06648 -6.954423 -20.63926 -17.38956 -6.954423 -21.78056 -16.57976 -6.954423 -22.82402 -15.64727 -6.954423 -23.75652 -14.6038 -6.954423 -24.56632 -13.4625 -6.954423 -25.24324 -12.2377 -6.954423 -25.77877 -10.94481 -6.954423 -26.16618 -9.600093 -6.954423 -26.40059 -5.426031 -6.954423 -26.16618 -4.046391 -6.954423 -25.77877 -2.701671 -6.954423 -25.24324 -1.408783 -6.954423 -24.56632 -0.1839839 -6.954423 -23.75652 0.957322 -6.954423 -22.82402 2.000783 -6.954423 -21.78056 2.933277 -6.954423 -20.63926 3.743076 -6.954423 -19.41446 4.419999 -6.954423 -18.12157 4.955531 -6.954423 -16.77685 5.342937 -6.954423 -15.39721 5.577348 -6.954423 -14 5.655814 -6.954423 -12.60279 5.577348 -6.954423 -11.22315 5.342937 -6.954423 -9.87843 4.955531 -6.954423 -8.585541 4.419999 -6.954423 -7.360743 3.743076 -6.954423 -6.219436 2.933277 -6.954423 -5.175975 2.000783 -6.954423 -4.243482 0.957322 -6.954423 -3.433682 -0.1839839 -6.954423 -2.75676 -1.408783 -6.954423 -2.221227 -2.701671 -6.954423 -1.83382 -4.046391 -6.954423 -1.59941 -5.426031 -6.954423 -1.520944 -6.823241 -6.954423 -14 -19.3023 -6.954423 -7.652299 -14.78301 -5.026061 -8.465844 -15.6308 -5.5 -9.356635 -16.46529 -5.928363 -10.34327 -17.27358 -6.298133 -11.44101 -18.03491 -6.598076 -12.65934 -18.72189 -6.819078 -26.91826 -5.367704 -7 -26.67406 -3.930469 -7 -26.27048 -2.529614 -7 -25.7126 -1.182753 -7 -25.00741 0.09317517 -7 -24.16381 1.282126 -7 -23.19239 2.369146 -7 -22.10537 3.340567 -7 -20.91642 4.184173 -7 -19.64049 4.889354 -7 -18.29363 5.447241 -7 -16.89277 5.850821 -7 -15.45554 6.095017 -7 -14 6.176758 -7 -12.54446 6.095017 -7 -11.10723 5.850821 -7 -9.706373 5.447241 -7 -8.359512 4.889354 -7 -7.083583 4.184173 -7 -5.894632 3.340567 -7 -4.807612 2.369146 -7 -3.83619 1.282126 -7 -2.992585 0.09317517 -7 -2.287404 -1.182753 -7 -1.729516 -2.529614 -7 -1.325937 -3.930469 -7 -1.081741 -5.367704 -7 -27.98481 6.823241 -6.173648 -27.93969 6.823241 -6.34202 -27.86602 6.823241 -6.5 -27.76605 6.823241 -6.642787 -27.64279 6.823241 -6.766045 -27.5 6.823241 -6.866025 -27.34202 6.823241 -6.939692 -27.17365 6.823241 -6.984807 -27 6.823241 -7 -27.4885 13.8496 -6.173648 -26.13617 15.98344 -7 -26.51347 13.71116 -7 -26.30676 16.01591 -6.984807 -26.68539 13.73557 -6.984807 -26.47216 16.04738 -6.939692 -26.85209 13.75924 -6.939692 -26.62735 16.07692 -6.866025 -27.0085 13.78145 -6.866025 -26.76762 16.10361 -6.766045 -27.14987 13.80152 -6.766045 -26.88871 16.12665 -6.642787 -27.27191 13.81885 -6.642787 -26.98693 16.14534 -6.5 -27.37089 13.8329 -6.5 -27.05929 16.15911 -6.34202 -27.44383 13.84326 -6.34202 -27.10361 16.16755 -6.173648 -25.6525 18.23548 -7 -25.82137 18.27593 -6.984807 -25.98512 18.31514 -6.939692 -26.13875 18.35194 -6.866025 -26.27761 18.38519 -6.766045 -26.39748 18.4139 -6.642787 -26.49471 18.43718 -6.5 -26.56635 18.45434 -6.34202 -26.61022 18.46485 -6.173648 -26.78356 11.42366 -7 -26.95644 11.43997 -6.984807 -27.12407 11.45577 -6.939692 -27.28136 11.47061 -6.866025 -27.42351 11.48401 -6.766045 -27.54622 11.49558 -6.642787 -27.64577 11.50497 -6.5 -27.71911 11.51189 -6.34202 -27.76402 11.51612 -6.173648 -26.94586 9.125997 -7 -27.11932 9.134158 -6.984807 -27.2875 9.14207 -6.939692 -27.44531 9.149495 -6.866025 -27.58794 9.156206 -6.766045 -27.71106 9.161997 -6.642787 -27.81093 9.166697 -6.5 -27.88452 9.170158 -6.34202 -27.92958 9.172277 -6.173648 -25.29007 27.76306 -6.173648 -25.73142 23.0829 -6.173648 -26.11654 20.76354 -6.173648 -26.07222 20.75511 -6.34202 -25.99985 20.74134 -6.5 -25.90163 20.72265 -6.642787 -25.78055 20.69961 -6.766045 -25.64027 20.67291 -6.866025 -25.48508 20.64338 -6.939692 -25.31968 20.6119 -6.984807 -25.14909 20.57944 -7 -25.68675 23.07656 -6.34202 -25.61382 23.0662 -6.5 -25.51483 23.05215 -6.642787 -25.3928 23.03483 -6.766045 -25.25143 23.01475 -6.866025 -25.09502 22.99255 -6.939692 -24.92831 22.96888 -6.984807 -24.75639 22.94447 -7 -25.45573 25.4178 -6.173648 -25.41081 25.41356 -6.34202 -25.33747 25.40664 -6.5 -25.23793 25.39726 -6.642787 -25.11522 25.38569 -6.766045 -24.97306 25.37228 -6.866025 -24.81578 25.35745 -6.939692 -24.64815 25.34164 -6.984807 -24.47527 25.32534 -7 -25.245 27.76095 -6.34202 -25.17142 27.75748 -6.5 -25.07155 27.75279 -6.642787 -24.94843 27.74699 -6.766045 -24.80579 27.74028 -6.866025 -24.64799 27.73286 -6.939692 -24.47981 27.72494 -6.984807 -24.30635 27.71678 -7 -25.23481 30.11353 -6.173648 -25.18969 30.11353 -6.34202 -25.11602 30.11353 -6.5 -25.01605 30.11353 -6.642787 -24.89279 30.11353 -6.766045 -24.75 30.11353 -6.866025 -24.59202 30.11353 -6.939692 -24.42365 30.11353 -6.984807 -24.25 30.11353 -7 -24.25 53.17676 -7 -24.42365 53.17676 -6.984807 -24.59202 53.17676 -6.939692 -24.75 53.17676 -6.866025 -24.89279 53.17676 -6.766045 -25.01605 53.17676 -6.642787 -25.11602 53.17676 -6.5 -25.18969 53.17676 -6.34202 -25.23481 53.17676 -6.173648 -24.94467 55.56628 -6.173648 -23.46734 58.84877 -6.173648 -20.92202 61.39409 -6.173648 -17.63952 62.87142 -6.173648 -16.33483 62.11114 -7 -17.40384 61.91523 -7 -16.35576 62.28352 -6.984807 -17.4454 62.08383 -6.984807 -16.37606 62.45066 -6.939692 -17.48569 62.24731 -6.939692 -16.3951 62.60749 -6.866025 -17.5235 62.40071 -6.866025 -16.41231 62.74924 -6.766045 -17.55767 62.53934 -6.766045 -16.42717 62.8716 -6.642787 -17.58717 62.65901 -6.642787 -16.43922 62.97085 -6.5 -17.61109 62.75609 -6.5 -16.4481 63.04398 -6.34202 -17.62872 62.82762 -6.34202 -16.45354 63.08877 -6.173648 -19.43251 61.14587 -7 -20.36258 60.58361 -7 -19.51321 61.29962 -6.984807 -20.46123 60.72652 -6.984807 -19.59145 61.4487 -6.939692 -20.55687 60.86509 -6.939692 -19.66487 61.58859 -6.866025 -20.64661 60.9951 -6.866025 -19.73123 61.71502 -6.766045 -20.72773 61.11262 -6.766045 -19.78851 61.82416 -6.642787 -20.79775 61.21405 -6.642787 -19.83497 61.91269 -6.5 -20.85454 61.29634 -6.5 -19.86921 61.97792 -6.34202 -20.89639 61.35696 -6.34202 -19.89017 62.01786 -6.173648 -21.9866 59.14486 -7 -22.65686 58.28934 -7 -22.11657 59.26001 -6.984807 -22.79977 58.38798 -6.984807 -22.2426 59.37166 -6.939692 -22.93833 58.48363 -6.939692 -22.36085 59.47642 -6.866025 -23.06835 58.57337 -6.866025 -22.46773 59.57111 -6.766045 -23.18586 58.65449 -6.766045 -22.55999 59.65284 -6.642787 -23.2873 58.7245 -6.642787 -22.63483 59.71914 -6.5 -23.36958 58.78129 -6.5 -22.68997 59.76799 -6.34202 -23.43021 58.82315 -6.34202 -22.72374 59.7979 -6.173648 -23.66515 56.3682 -7 -23.98848 55.3306 -7 -23.82751 56.42977 -6.984807 -24.15708 55.37216 -6.984807 -23.98494 56.48948 -6.939692 -24.32056 55.41245 -6.939692 -24.13265 56.5455 -6.866025 -24.47394 55.45026 -6.866025 -24.26616 56.59614 -6.766045 -24.61259 55.48443 -6.766045 -24.38141 56.63985 -6.642787 -24.73226 55.51393 -6.642787 -24.4749 56.6753 -6.5 -24.82934 55.53785 -6.5 -24.54377 56.70143 -6.34202 -24.90086 55.55548 -6.34202 -24.58596 56.71742 -6.173648 -15.25 62.17676 -7 -15.25 62.35041 -6.984807 -15.25 62.51877 -6.939692 -15.25 62.67676 -6.866025 -15.25 62.81954 -6.766045 -15.25 62.9428 -6.642787 -15.25 63.04278 -6.5 -15.25 63.11645 -6.34202 -15.25 63.16157 -6.173648 -18.79066 62.51272 -6.173648 -18.77466 62.47053 -6.34202 -18.74854 62.40165 -6.5 -18.71309 62.30817 -6.642787 -18.66938 62.19292 -6.766045 -18.61875 62.05941 -6.866025 -18.56273 61.9117 -6.939692 -18.50302 61.75427 -6.984807 -18.44144 61.5919 -7 -21.87115 60.65049 -6.173648 -21.84124 60.61672 -6.34202 -21.79239 60.56158 -6.5 -21.72609 60.48675 -6.642787 -21.64435 60.39448 -6.766045 -21.54966 60.28761 -6.866025 -21.44491 60.16936 -6.939692 -21.33326 60.04333 -6.984807 -21.2181 59.91336 -7 -24.09111 57.81693 -6.173648 -24.05116 57.79596 -6.34202 -23.98593 57.76173 -6.5 -23.8974 57.71527 -6.642787 -23.78826 57.65798 -6.766045 -23.66183 57.59162 -6.866025 -23.52195 57.51821 -6.939692 -23.37286 57.43996 -6.984807 -23.21911 57.35927 -7 -25.16201 54.38029 -6.173648 -25.11722 54.37485 -6.34202 -25.04409 54.36598 -6.5 -24.94484 54.35393 -6.642787 -24.82248 54.33906 -6.766045 -24.68073 54.32185 -6.866025 -24.52391 54.30281 -6.939692 -24.35676 54.28252 -6.984807 -24.18438 54.26159 -7 -12.75 63.16157 -6.173648 -12.75 63.11645 -6.34202 -12.75 63.04278 -6.5 -12.75 62.9428 -6.642787 -12.75 62.81954 -6.766045 -12.75 62.67676 -6.866025 -12.75 62.51877 -6.939692 -12.75 62.35041 -6.984807 -12.75 62.17676 -7 -10.36048 62.87142 -6.173648 -7.077983 61.39409 -6.173648 -4.532664 58.84877 -6.173648 -3.055333 55.56628 -6.173648 -3.81562 54.26159 -7 -4.011523 55.3306 -7 -3.643238 54.28252 -6.984807 -3.842921 55.37216 -6.984807 -3.476094 54.30281 -6.939692 -3.679442 55.41245 -6.939692 -3.319266 54.32185 -6.866025 -3.526053 55.45026 -6.866025 -3.177519 54.33906 -6.766045 -3.387414 55.48443 -6.766045 -3.055161 54.35393 -6.642787 -3.267739 55.51393 -6.642787 -2.955909 54.36598 -6.5 -3.170663 55.53785 -6.5 -2.882779 54.37485 -6.34202 -3.099137 55.55548 -6.34202 -2.837992 54.38029 -6.173648 -4.780896 57.35927 -7 -5.343145 58.28934 -7 -4.627138 57.43996 -6.984807 -5.200236 58.38798 -6.984807 -4.478052 57.51821 -6.939692 -5.061668 58.48363 -6.939692 -4.338168 57.59162 -6.866025 -4.931653 58.57337 -6.866025 -4.211735 57.65798 -6.766045 -4.814141 58.65449 -6.766045 -4.102597 57.71527 -6.642787 -4.712703 58.7245 -6.642787 -4.014068 57.76173 -6.5 -4.63042 58.78129 -6.5 -3.948839 57.79596 -6.34202 -4.569793 58.82315 -6.34202 -3.908892 57.81693 -6.173648 -6.781896 59.91336 -7 -7.637417 60.58361 -7 -6.666746 60.04333 -6.984807 -7.538774 60.72652 -6.984807 -6.555094 60.16936 -6.939692 -7.443127 60.86509 -6.939692 -6.450335 60.28761 -6.866025 -7.353384 60.9951 -6.866025 -6.355649 60.39448 -6.766045 -7.272273 61.11262 -6.766045 -6.273915 60.48675 -6.642787 -7.202255 61.21405 -6.642787 -6.207615 60.56158 -6.5 -7.145458 61.29634 -6.5 -6.158764 60.61672 -6.34202 -7.103611 61.35696 -6.34202 -6.128848 60.65049 -6.173648 -9.558556 61.5919 -7 -10.59616 61.91523 -7 -9.49698 61.75427 -6.984807 -10.5546 62.08383 -6.984807 -9.437274 61.9117 -6.939692 -10.51431 62.24731 -6.939692 -9.381254 62.05941 -6.866025 -10.4765 62.40071 -6.866025 -9.33062 62.19292 -6.766045 -10.44233 62.53934 -6.766045 -9.286913 62.30817 -6.642787 -10.41283 62.65901 -6.642787 -9.25146 62.40165 -6.5 -10.3889 62.75609 -6.5 -9.225337 62.47053 -6.34202 -10.37128 62.82762 -6.34202 -9.209339 62.51272 -6.173648 -3.75 53.17676 -7 -3.576352 53.17676 -6.984807 -3.40798 53.17676 -6.939692 -3.25 53.17676 -6.866025 -3.107213 53.17676 -6.766045 -2.983956 53.17676 -6.642787 -2.883975 53.17676 -6.5 -2.810307 53.17676 -6.34202 -2.765192 53.17676 -6.173648 -3.414042 56.71742 -6.173648 -3.456226 56.70143 -6.34202 -3.525106 56.6753 -6.5 -3.61859 56.63985 -6.642787 -3.733837 56.59614 -6.766045 -3.867346 56.5455 -6.866025 -4.015059 56.48948 -6.939692 -4.17249 56.42977 -6.984807 -4.334854 56.3682 -7 -5.276264 59.7979 -6.173648 -5.310033 59.76799 -6.34202 -5.365174 59.71914 -6.5 -5.440011 59.65284 -6.642787 -5.532269 59.57111 -6.766045 -5.639148 59.47642 -6.866025 -5.757398 59.37166 -6.939692 -5.883425 59.26001 -6.984807 -6.013403 59.14486 -7 -8.109828 62.01786 -6.173648 -8.130795 61.97792 -6.34202 -8.16503 61.91269 -6.5 -8.211493 61.82416 -6.642787 -8.268774 61.71502 -6.766045 -8.335131 61.58859 -6.866025 -8.408547 61.4487 -6.939692 -8.486794 61.29962 -6.984807 -8.567492 61.14587 -7 -11.54646 63.08877 -6.173648 -11.5519 63.04398 -6.34202 -11.56078 62.97085 -6.5 -11.57283 62.8716 -6.642787 -11.58769 62.74924 -6.766045 -11.6049 62.60749 -6.866025 -11.62394 62.45066 -6.939692 -11.64424 62.28352 -6.984807 -11.66517 62.11114 -7 -3.75 30.11353 -7 -3.576352 30.11353 -6.984807 -3.40798 30.11353 -6.939692 -3.25 30.11353 -6.866025 -3.107213 30.11353 -6.766045 -2.983956 30.11353 -6.642787 -2.883975 30.11353 -6.5 -2.810307 30.11353 -6.34202 -2.765192 30.11353 -6.173648 -3.520195 27.72494 -6.984807 -2.514919 20.64338 -6.939692 -3.194204 27.74028 -6.866025 -2.359724 20.67291 -6.866025 -3.051574 27.74699 -6.766045 -2.219454 20.69961 -6.766045 -2.928453 27.75279 -6.642787 -2.09837 20.72265 -6.642787 -2.828583 27.75748 -6.5 -2.000152 20.74134 -6.5 -2.754997 27.76095 -6.34202 -1.927783 20.75511 -6.34202 -2.709932 27.76306 -6.173648 -2.544272 25.4178 -6.173648 -1.883463 20.76354 -6.173648 -2.268579 23.0829 -6.173648 -2.589188 25.41356 -6.34202 -2.313247 23.07656 -6.34202 -2.66253 25.40664 -6.5 -2.386183 23.0662 -6.5 -2.762069 25.39726 -6.642787 -2.485171 23.05215 -6.642787 -2.884781 25.38569 -6.766045 -2.607204 23.03483 -6.766045 -3.026938 25.37228 -6.866025 -2.748574 23.01475 -6.866025 -3.352009 27.73286 -6.939692 -3.184221 25.35745 -6.939692 -2.904985 22.99255 -6.939692 -2.680323 20.6119 -6.984807 -3.071685 22.96888 -6.984807 -3.351849 25.34164 -6.984807 -3.693651 27.71678 -7 -3.52473 25.32534 -7 -3.243609 22.94447 -7 -2.85091 20.57944 -7 -10 35.97676 -7 -19.18177 36.96838 -7 -19.12763 36.76633 -7 -19.03923 36.57676 -7 -17.79162 35.99499 -7 -11.18177 36.96838 -7 -11.12763 36.76633 -7 -10 35.97676 -7 -10.20838 35.99499 -7 -10.6 50.21599 -7 -10.77134 50.09601 -7 -18.20838 50.35853 -7 -18.20838 50.35853 -7 -18 50.37676 -7 -17.4 36.13752 -7 -17.22866 36.25751 -7 -11.2 37.17676 -7 -10.41042 36.04912 -7 -9.791623 35.99499 -7 -9.791623 35.99499 -7 -8.96077 36.57676 -7 -8.87237 36.76633 -7 -8.818231 37.38513 -7 -8.800001 37.17676 -7 -8.818231 36.96838 -7 -11.03923 48.57675 -7 -10.20838 38.35853 -7 -11.12763 48.76633 -7 -11.18177 48.96838 -7 -10.91925 48.40541 -7 -10.77134 48.2575 -7 -10.6 48.13753 -7 -18 50.37676 -7 -17.79162 50.35853 -7 -19.03923 37.77676 -7 -19.12763 37.58718 -7 -19.18177 37.38513 -7 -19.18177 37.38513 -7 -19.2 37.17676 -7 -10.41042 36.04912 -7 -10.6 36.13752 -7 -8.87237 37.58718 -7 -8.96077 37.77676 -7 -9.080747 37.9481 -7 -9.589576 48.04912 -7 -9.4 48.13753 -7 -9.791623 38.35853 -7 -9.228655 48.2575 -7 -9.080747 48.40541 -7 -18.41042 50.30438 -7 -18.41042 50.30438 -7 -18.6 50.21599 -7 -18.6 50.21599 -7 -18.77135 50.09601 -7 -18.77135 50.09601 -7 -18.91926 49.9481 -7 -18.91926 49.9481 -7 -19.03923 49.77676 -7 -19.12763 49.58718 -7 -17.58958 36.04912 -7 -17.08075 36.40541 -7 -16.96077 36.57676 -7 -16.87237 36.76633 -7 -10.91925 37.9481 -7 -16.87237 37.58718 -7 -10.77134 38.09601 -7 -10.6 38.21599 -7 -17.08075 37.9481 -7 -16.96077 37.77676 -7 -10.41042 38.30439 -7 -18.6 38.21599 -7 -18.77135 38.09601 -7 -18.91926 37.9481 -7 -18.91926 36.40541 -7 -18.77135 36.25751 -7 -18.77135 36.25751 -7 -18.6 36.13752 -7 -18.41042 36.04912 -7 -18.6 36.13752 -7 -18 35.97676 -7 -9.4 36.13752 -7 -9.228655 36.25751 -7 -9.080747 36.40541 -7 -10.20838 50.35853 -7 -10.41042 50.30438 -7 -17.58958 50.30438 -7 -17.4 50.21599 -7 -11.03923 37.77676 -7 -11.12763 37.58718 -7 -11.18177 37.38513 -7 -16.81823 36.96838 -7 -11.2 37.17676 -7 -16.8 37.17676 -7 -11.18177 37.38513 -7 -16.81823 37.38513 -7 -17.22866 38.09601 -7 -17.4 38.21599 -7 -11.2 49.17676 -7 -17.58958 38.30439 -7 -19.03923 48.57675 -7 -18.91926 48.40541 -7 -18.20838 38.35853 -7 -18.77135 48.2575 -7 -18.6 48.13753 -7 -19.18177 49.38514 -7 -19.2 49.17676 -7 -19.18177 48.96838 -7 -11.03923 36.57676 -7 -10.91925 36.40541 -7 -10.91925 36.40541 -7 -10.77134 36.25751 -7 -9.589576 36.04912 -7 -9.4 36.13752 -7 -8.96077 48.57675 -7 -8.87237 48.76633 -7 -8.818231 48.96838 -7 -9.791623 50.35853 -7 -10 50.37676 -7 -11.03923 49.77676 -7 -17.08075 49.9481 -7 -10.91925 49.9481 -7 -17.22866 50.09601 -7 -18.41042 48.04912 -7 -18.20838 47.99499 -7 -18 38.37676 -7 -18.20838 47.99499 -7 -18 47.97676 -7 -17.79162 38.35853 -7 -18 47.97676 -7 -17.79162 47.99499 -7 -18.41042 38.30439 -7 -19.18177 48.96838 -7 -19.12763 48.76633 -7 -10.41042 48.04912 -7 -10.20838 38.35853 -7 -10.20838 47.99499 -7 -10 38.37676 -7 -10 47.97676 -7 -9.791623 47.99499 -7 -8.800001 49.17676 -7 -8.818231 49.38514 -7 -8.87237 49.58718 -7 -10.20838 50.35853 -7 -17.4 48.13753 -7 -17.22866 48.2575 -7 -11.12763 49.58718 -7 -17.08075 49.9481 -7 -11.18177 49.38514 -7 -16.96077 49.77676 -7 -16.87237 49.58718 -7 -18.20838 35.99499 -7 -18.41042 36.04912 -7 -9.589576 36.04912 -7 -9.228655 38.09601 -7 -9.4 38.21599 -7 -9.4 38.21599 -7 -9.589576 38.30439 -7 -9.589576 38.30439 -7 -9.791623 38.35853 -7 -8.96077 49.77676 -7 -9.080747 49.9481 -7 -9.228655 50.09601 -7 -17.08075 48.40541 -7 -16.96077 48.57675 -7 -16.87237 48.76633 -7 -16.81823 48.96838 -7 -11.2 49.17676 -7 -16.8 49.17676 -7 -16.81823 49.38514 -7 -9.589576 50.30438 -7 -9.4 50.21599 -7 -17.79162 47.99499 -7 -17.58958 48.04912 -7 -25.25 34.52676 6.5 -25.25 34.52676 0 -25.23481 34.52676 0.1736481 -25.18969 34.52676 0.3420202 -25.11602 34.52676 0.5 -25.01605 34.52676 0.6427876 -3.15 34.52676 0.8 -2.75 34.52676 6.5 -24.85 34.52676 0.8 -25.25 34.52676 6.5 -24.89279 34.52676 0.7660444 -3.107213 34.52676 0.7660444 -2.983956 34.52676 0.6427876 -2.883975 34.52676 0.5 -2.810307 34.52676 0.3420202 -2.765192 34.52676 0.1736481 -2.75 34.52676 0 -2.75 51.82675 6.5 -2.858993 51.82675 0.4539905 -2.940983 51.82675 0.5877853 -25.05902 51.82675 0.5877853 -25.14101 51.82675 0.4539905 -25.25 51.82675 6.5 -2.75 51.82675 0 -2.762312 51.82675 0.1564344 -2.798943 51.82675 0.309017 -24.95711 51.82675 0.7071068 -3.042893 51.82675 0.7071068 -3.15 51.82675 0.8 -24.85 51.82675 0.8 -25.20106 51.82675 0.309017 -25.23769 51.82675 0.1564344 -25.25 51.82675 0 -2.75 51.82675 6.5 -25.25 51.82675 6.5 -2.75 46.77676 6.5 -25.25 46.77676 6.5 -14 62.32676 1 -13.21858 62.25839 1 -14.78141 62.25839 1 -12.84783 62.17676 1 -15.15217 62.17676 1 -9.771384 56.28767 5 -9.568366 57.04534 5 -14 57.82676 5 -9.5 57.82676 5 -9.568366 58.60817 5 -11.10746 54.37955 5 -10.5528 54.93421 5 -10.10289 55.57675 5 -13.21858 53.39512 5 -12.46091 53.59814 5 -11.75 53.92964 5 -15.53909 53.59814 5 -14.78141 53.39512 5 -14 53.32676 5 -17.4472 54.93421 5 -16.89255 54.37955 5 -16.25 53.92964 5 -18.43164 57.04534 5 -18.22862 56.28767 5 -17.89711 55.57675 5 -18.22862 59.36585 5 -18.43164 58.60817 5 -18.5 57.82676 5 -16.89255 61.27396 5 -17.4472 60.7193 5 -17.89711 60.07676 5 -14.78141 62.25839 5 -15.53909 62.05537 5 -16.25 61.72387 5 -12.46091 62.05537 5 -13.21858 62.25839 5 -14 62.32676 5 -10.5528 60.7193 5 -11.10746 61.27396 5 -11.75 61.72387 5 -9.771384 59.36585 5 -10.10289 60.07676 5 -13.21858 62.25839 5 -14 62.32676 1 -14 62.32676 5 -14.78141 62.25839 1 -14.78141 62.25839 5 -15.15217 62.17676 1 -15.53909 62.05537 5 -15.53909 62.05537 1 -16.25 61.72387 1 -16.25 61.72387 1 -16.25 61.72387 5 -16.89255 61.27396 1 -16.89255 61.27396 5 -17.4472 60.7193 1 -17.4472 60.7193 5 -17.89711 60.07676 1 -17.89711 60.07676 5 -18.22862 59.36585 1 -18.22862 59.36585 5 -18.22862 59.36585 1 -18.43164 58.60817 1 -18.43164 58.60817 1 -18.43164 58.60817 5 -18.5 57.82676 1 -18.5 57.82676 5 -18.43164 57.04534 1 -18.43164 57.04534 5 -18.22862 56.28767 1 -18.22862 56.28767 5 -17.89711 55.57675 1 -17.89711 55.57675 5 -17.4472 54.93421 1 -17.4472 54.93421 5 -16.89255 54.37955 1 -16.89255 54.37955 5 -16.25 53.92964 1 -16.25 53.92964 5 -15.53909 53.59814 1 -15.53909 53.59814 5 -14.78141 53.39512 1 -14.78141 53.39512 5 -14 53.32676 1 -14 53.32676 5 -13.21858 53.39512 1 -13.21858 53.39512 5 -12.46091 53.59814 1 -12.46091 53.59814 5 -11.75 53.92964 1 -11.75 53.92964 5 -11.10746 54.37955 1 -11.10746 54.37955 5 -10.5528 54.93421 1 -10.5528 54.93421 5 -10.10289 55.57675 1 -10.10289 55.57675 5 -9.771384 56.28767 1 -9.771384 56.28767 5 -9.771384 56.28767 1 -9.568366 57.04534 1 -9.568366 57.04534 5 -9.5 57.82676 1 -9.5 57.82676 5 -9.568366 58.60817 1 -9.568366 58.60817 1 -9.568366 58.60817 5 -9.771384 59.36585 1 -9.771384 59.36585 1 -9.771384 59.36585 5 -10.10289 60.07676 1 -10.10289 60.07676 1 -10.10289 60.07676 5 -10.5528 60.7193 1 -10.5528 60.7193 5 -10.5528 60.7193 1 -11.10746 61.27396 1 -11.10746 61.27396 1 -11.10746 61.27396 5 -11.75 61.72387 1 -11.75 61.72387 1 -11.75 61.72387 5 -12.46091 62.05537 1 -12.46091 62.05537 5 -12.46091 62.05537 1 -12.84783 62.17676 1 -13.21858 62.25839 1 -14 62.32676 1 -25.25 39.57675 1.5 -2.75 39.57675 1.5 -25.25 46.77676 1.5 -2.75 46.77676 1.5 -25.25 39.57675 6.5 -2.75 39.57675 6.5 -25.25 39.57675 1.5 -2.75 39.57675 1.5 -25.25 46.77676 1.5 -2.75 46.77676 1.5 -25.25 46.77676 6.5 -2.75 46.77676 6.5</float_array>
          <technique_common>
            <accessor source="#solid_ʾ___link8_005-mesh-positions-array" count="5637" stride="3">
              <param name="X" type="float"/>
              <param name="Y" type="float"/>
              <param name="Z" type="float"/>
            </accessor>
          </technique_common>
        </source>
        <source id="solid_ʾ___link8_005-mesh-normals">
          <float_array id="solid_ʾ___link8_005-mesh-normals-array" count="16137">0 0 1 -0.7674742 0.1936601 0.6111294 -0.7961063 0.2019594 0.5704625 -0.791111 0.2442877 0.5607734 -0.8159719 0.4704641 0.335937 -0.8059264 0.5204383 0.2821817 -0.7820353 0.5461823 0.3001765 -0.8120212 0.5402308 0.2208448 -0.7590563 0.6130452 0.21911 -0.7174304 0.6437249 0.2662929 -0.6659884 0.6864772 0.291905 -0.6883755 0.6142212 0.3858387 -0.6453959 0.6520807 0.3978128 -0.634081 0.6929654 0.3431332 -0.6198127 0.7297117 0.2887095 -0.7342652 0.2562024 0.6286613 -0.7486352 0.3442471 0.5666034 -0.6902873 0.2666988 0.6725885 -0.6998186 0.3783584 0.6058868 -0.6503342 0.2361369 0.7220144 -0.6570996 0.1755339 0.7330813 -0.6968184 0.1856383 0.6928077 -0.7286121 0.1940287 0.6568693 -0.7381197 0.583254 0.3391079 -0.7146282 0.5232213 0.4642693 -0.7509365 0.5092464 0.4204315 -0.7190617 0.4502649 0.5293502 -0.7545081 0.4290311 0.4966387 -0.6783322 0.4629189 0.5705888 -0.6677547 0.4144887 0.6183066 -0.6713644 0.3538536 0.651197 -0.6667307 0.2967771 0.6836619 -0.808686 0.2941159 0.509434 -0.785397 0.3313018 0.5228679 -0.7628118 0.2438243 0.598889 -0.7836842 0.4848839 0.3882356 -0.785569 0.4206028 0.4538443 -0.8210712 0.4052234 0.4020398 -0.8244411 0.3380936 0.4538608 -0.7097235 0.6839275 0.1689251 -0.658714 0.7465786 0.09336072 -0.6367272 0.7406737 0.2144321 -0.5904454 0.7851269 0.1869489 -0.6007326 0.7640062 0.2354037 -0.7243402 0.6890777 0.02243489 -0.741308 0.6664637 0.07930147 -0.7704005 0.6219694 0.1401324 -0.7862611 0.5908973 0.1806488 -0.6723483 0.5358433 0.5107052 -0.6554529 0.6015605 0.4566251 0.6472897 0.7241672 0.2379032 0.5935172 0.7703562 0.2329996 0.6083425 0.7725235 0.1820086 0.7872419 0.4973962 0.3644824 0.8206091 0.4648291 0.3324676 0.8181329 0.4106353 0.4025384 0.7855772 0.4219876 0.4525428 0.8096249 0.3515716 0.4700053 0.7819195 0.3434547 0.5202315 0.8096151 0.293518 0.5083019 0.7705603 0.2613985 0.5812983 0.8001257 0.2409814 0.5492967 0.7837113 0.1993244 0.588274 0.7639495 0.19495 0.6151225 0.7280811 0.1906416 0.658448 0.6882532 0.1823576 0.7021775 0.6973516 0.2522757 0.6708635 0.7058154 0.3446801 0.6188864 0.6737865 0.3536819 0.6487842 0.675193 0.4063448 0.6156285 0.7127982 0.4389039 0.5470669 0.7343762 0.2577123 0.6279141 0.748578 0.3457559 0.5657597 0.754023 0.4305844 0.4960305 0.7145143 0.5241945 0.463346 0.750459 0.510515 0.419745 0.6986715 0.6000742 0.3895757 0.7376717 0.5842465 0.3383734 0.681229 0.6633077 0.3097579 0.7157007 0.6507322 0.2536142 0.7068563 0.6900007 0.1557345 0.6418812 0.7557381 0.1298014 0.8063328 0.5168517 0.287562 0.770682 0.5679302 0.2889714 0.8150522 0.5292784 0.2356996 0.7582236 0.6139041 0.2195879 0.7820454 0.5988723 0.1725024 0.7146745 0.697703 0.0495069 0.7461891 0.6616272 0.07383418 0.7649278 0.6295074 0.1364043 0.6657039 0.2985544 0.6838886 0.6605203 0.2347705 0.713159 0.6519619 0.1873467 0.7347428 0.6723138 0.4679474 0.5736021 0.671405 0.5373877 0.5103234 0.6652297 0.6010631 0.4429364 0.6606817 0.6469007 0.3808139 0.6328212 0.6930413 0.3452988 0.604116 0.7361628 0.3051367 -0.4955819 0.4678683 0.7317771 -0.560478 0.4678461 0.6833627 -0.54294 0.5624253 0.6236137 -0.6108564 0.1622433 0.7749397 -0.2773449 0.5380768 0.7959606 -0.235965 0.5257617 0.8172485 -0.2471198 0.4328194 0.8669483 -0.290891 0.4379089 0.8506577 -0.3336222 0.4424183 0.8324435 -0.3231434 0.5332475 0.7818092 -0.419792 0.8477948 0.3240659 -0.3806442 0.8582195 0.3443389 -0.4152388 0.8199309 0.3940687 -0.5534122 0.7785289 0.2960202 -0.5390588 0.8086346 0.235639 -0.4989531 0.8217573 0.2752466 -0.4806961 0.8300917 0.2826287 -0.2281159 0.5978441 0.7684697 -0.3836916 0.5644356 0.7308853 -0.4061025 0.651332 0.6409739 -0.3126137 0.6726528 0.6706795 -0.3818476 0.7341215 0.5614785 -0.2928443 0.752043 0.5904861 -0.3445948 0.8248367 0.4482176 -0.2613219 0.8347976 0.4845865 -0.3102223 0.6025058 0.7353564 -0.2423326 0.6717053 0.700062 -0.1547153 0.6644492 0.7311434 -0.2100538 0.7504291 0.6266846 -0.1253433 0.7442113 0.6560783 -0.1816983 0.8351544 0.5191368 -0.1047705 0.8308505 0.5465443 -0.352752 0.8609312 0.3665564 -0.3145623 0.8658443 0.3890557 -0.2881677 0.8661028 0.4084427 -0.2467992 0.8682691 0.4303476 -0.2126482 0.8702386 0.4443709 -0.2601409 0.1751703 0.9495484 -0.2902202 0.09335225 0.9523958 -0.2966108 0.1931627 0.9352595 -0.3258934 0.1080177 0.9392155 -0.3462092 0.2018176 0.9161926 -0.3750075 0.1173607 0.9195629 -0.4098494 0.2135312 0.8868078 -0.4035478 0.4294454 0.8079144 -0.3818369 0.3150412 0.8688784 -0.4383271 0.3254325 0.8378323 -0.3349384 0.3217182 0.8856148 -0.2935338 0.3159635 0.9022224 -0.2506417 0.3093333 0.9173285 -0.3616326 0.5311428 0.7662305 -0.1543824 0.1753948 0.9723183 -0.1859428 0.07256251 0.9798775 -0.2120928 0.1772609 0.9610386 -0.2354727 0.0898109 0.9677225 -0.2696546 0.08489215 0.959208 -0.08185571 0.1588099 0.9839102 -0.07203441 0.04572451 0.9963536 -0.1390154 0.06828773 0.9879329 -0.1391154 0.5880418 0.7967772 -0.1459073 0.514603 0.844923 -0.1881543 0.5288102 0.8276218 -0.1570346 0.4197617 0.8939466 -0.2024175 0.4269273 0.8813401 -0.1613847 0.3093368 0.9371584 -0.2069405 0.3022392 0.9304984 -0.6331313 0.3231092 0.7033814 -0.6065881 0.2306326 0.7608283 -0.5673328 0.1569284 0.8083978 -0.5556009 0.2289085 0.7993176 -0.4877742 0.2171355 0.8455346 -0.5082328 0.1453659 0.848863 -0.545337 0.1410496 0.8262643 -0.4126705 0.1144147 0.903666 -0.432812 0.1287252 0.8922464 -0.4816865 0.1244955 0.8674555 -0.6370118 0.4407494 0.6324208 -0.6176116 0.5462794 0.5658044 -0.6103231 0.6265826 0.4846648 -0.5922929 0.6979984 0.4024769 -0.5383033 0.3599746 0.7620027 -0.4750921 0.4024692 0.7824999 -0.4690272 0.3223441 0.8222578 -0.526738 0.6646969 0.529835 -0.5038117 0.7441852 0.4385912 -0.4698359 0.8128125 0.3443692 -0.4400722 0.8468614 0.2986004 -0.1680274 0.877477 0.4492225 -0.138543 0.8734202 0.4668436 -0.09990292 0.870184 0.4824929 -0.06267374 0.8649225 0.497977 -0.06425374 0.6535342 0.7541649 -0.0445398 0.7441002 0.6665818 -0.04181611 0.8308491 0.5549247 -0.03244495 0.8593303 0.5103908 -0.4440749 0.7423238 0.5017499 -0.4659905 0.6571919 0.5924119 -0.4676359 0.5574641 0.6859669 -0.4353307 0.4659759 0.7702945 -0.4558364 0.3820567 0.8038942 -0.06482732 0.581161 0.8112024 -0.05057179 0.5172871 0.8543165 -0.0989474 0.5158993 0.8509157 -0.05799031 0.4244049 0.9036138 -0.1127716 0.4125257 0.9039387 -0.06199586 0.2980088 0.9525479 -0.1232855 0.2886216 0.9494727 0.1261488 0.0600388 0.9901929 0.07812935 0.04887259 0.9957447 0.09639871 0.1350429 0.9861394 0.612392 0.6408107 0.4629662 0.2065833 0.08253002 0.9749421 0.1685978 0.06938213 0.9832401 0.1702514 0.1437911 0.9748532 0.3342328 0.3827909 0.8612547 0.3323159 0.4423744 0.8329892 0.4004253 0.4419503 0.8027077 0.4125263 0.4961224 0.7639926 0.404953 0.5618135 0.7213727 0.4570163 0.5643264 0.6875114 0.4769061 0.4682843 0.7438216 0.5516325 0.5465655 0.6300539 0.6133942 0.2407499 0.7521883 0.6269308 0.3593316 0.6912588 0.6228197 0.457715 0.6345019 0.5683127 0.433378 0.6994313 0.5694099 0.3371678 0.7497268 0.4965056 0.3527848 0.793111 0.5465177 0.2255342 0.8065066 0.5191124 0.1475493 0.8418738 0.471803 0.2253888 0.8524096 0.4857484 0.1305119 0.8643005 0.6170405 0.5477864 0.5649702 0.4372397 0.4266803 0.7916853 0.4303042 0.3518428 0.8312911 0.3931636 0.3887746 0.8332328 0.6234688 0.1635447 0.764552 0.5794669 0.1547231 0.8001744 0.5527374 0.1405284 0.8214214 0.3150179 0.5085992 0.8013057 0.4040542 0.310691 0.8603554 0.3343154 0.321748 0.8858395 0.1041594 0.6294624 0.7700182 0.1342715 0.6461509 0.7513057 0.1551921 0.5560024 0.816564 0.1892329 0.5708396 0.7989575 0.2214069 0.4947475 0.8403595 0.4440557 0.1262267 0.8870634 0.3860468 0.1191451 0.9147526 0.397281 0.2058449 0.894313 0.3398086 0.1687368 0.9252341 0.3288315 0.2557007 0.9091133 0.2622531 0.15641 0.9522391 0.2505584 0.2460318 0.9363167 0.2515117 0.08381527 0.9642183 0.1711422 0.2359508 0.956576 0.3521258 0.1019809 0.9303803 0.3039168 0.1039624 0.9470093 0.2935981 0.08441001 0.952195 0.1687554 0.8772557 0.4493818 0.202959 0.8721048 0.4452427 0.1817516 0.8349239 0.5194886 0.2559254 0.8345581 0.4878678 0.1415556 0.8742529 0.4643749 0.1032475 0.8306252 0.5471761 0.09510034 0.869896 0.4839802 0.05573451 0.8642643 0.4999411 0.04055017 0.8179146 0.5739091 0.02510839 0.8585132 0.5121763 0.1484784 0.7394861 0.6565931 0.2333773 0.7447273 0.6252329 0.222504 0.6548093 0.7222996 0.2502666 0.3091693 0.9174863 0.1693345 0.3042065 0.9374349 0.2490018 0.3716316 0.8943647 0.1605957 0.3578996 0.9198462 0.2466245 0.4328563 0.8670709 0.1572374 0.4199171 0.8938378 0.1320894 0.482292 0.8659948 0.1002154 0.5584851 0.8234387 0.2449403 0.5660431 0.7871465 0.192153 0.6398155 0.7441192 0.3448607 0.8192489 0.4581511 0.293565 0.7619811 0.5772386 0.05847907 0.7199355 0.6915729 0.5454891 0.8071659 0.2256652 0.5468588 0.7856438 0.2893257 0.4164673 0.8195505 0.393563 0.4299011 0.8468606 0.3130689 0.4887699 0.7987167 0.3509356 0.4744848 0.8344382 0.2803166 0.5031515 0.8251472 0.2568477 0.2201907 0.8697799 0.4415871 0.2744241 0.8665623 0.4168469 0.3334522 0.861184 0.3836299 0.3854448 0.8568178 0.3424846 0.2783962 0.5792468 0.766139 0.2799472 0.6458805 0.7102591 0.3278647 0.5840297 0.7425726 0.3061419 0.6762838 0.670013 0.4031053 0.6429476 0.6512484 0.3816381 0.7341386 0.5615985 0.4658444 0.6572007 0.592517 0.4438085 0.7424131 0.5018535 0.5371982 0.6483324 0.5395213 0.5141606 0.7300271 0.4502214 0.5752591 0.7224587 0.3835759 0.09407275 0.2624071 0.9603608 0.08122658 0.3471671 0.934279 0.07972228 0.4138395 0.9068524 0.07156676 0.463447 0.88323 0.07599359 0.5356768 0.8409966 0.04860019 0.6123016 0.7891292 0.69363 0.7118833 0.1099985 0.6609739 0.7427292 0.1070842 0.5942223 0.7792848 0.1990358 0.3178997 0.7289497 0.6062774 0.3734358 0.7387278 0.5610944 0.3311291 0.7917426 0.5133198 0.3767297 0.8024736 0.4627212 0.2079185 0.2777177 0.9378928 0.1980172 0.2012045 0.9593258 0.2845158 0.2143747 0.9343951 0.4474143 0.8487429 0.2818795 0.1718056 0.8749693 0.4526718 0.5677481 0.7983621 0.2006992 0.1020572 0.8600421 0.499912 0.371958 0.8547311 0.3620528 0.2997564 0.8462005 0.4405575 0.4889854 0.8249014 0.2836035 0.1137161 0.1841092 0.9763056 0.121399 0.2581319 0.9584521 0.1218641 0.3306449 0.9358543 0.1106376 0.3972097 0.9110346 0.06331855 0.3487263 0.9350833 0.05521881 0.3207141 0.9455651 0.05987042 0.2893248 0.9553568 0.05781036 0.218415 0.9741422 0.06277608 0.168562 0.98369 0.4189655 0.6861799 0.5946639 0.4925059 0.6453177 0.5839546 0.511467 0.6963039 0.5035499 0.5551192 0.6285519 0.5447618 0.5967481 0.6579377 0.459358 0.176947 0.5247591 0.832657 0.1899106 0.4668807 0.8636878 0.2475119 0.5459958 0.8003914 0.2717704 0.4939634 0.8259183 0.3176345 0.5639774 0.7622584 0.345692 0.510601 0.7872635 0.386564 0.5783582 0.7183803 0.41814 0.5237112 0.7422167 0.4642176 0.5833083 0.6665235 0.4856478 0.5262727 0.6979851 0.1680541 0.5766673 0.7995077 0.2346072 0.5980588 0.7663452 0.3003649 0.6160816 0.7281651 0.3656638 0.6305111 0.6846501 0.4487563 0.6291838 0.6346225 0.5435155 0.5624748 0.6230674 0.08267337 0.6093345 0.7885916 0.0516898 0.5780738 0.8143457 0.05633115 0.5621111 0.8251411 0.09965842 0.5527721 0.8273521 0.05062782 0.5353155 0.8431336 0.05807775 0.4941477 0.8674359 0.1089881 0.5044083 0.8565593 0.05848014 0.4748947 0.8780975 0.1127661 0.4565657 0.8825144 0.05654048 0.4399886 0.8962218 0.05493003 0.3974302 0.915987 0.1315926 0.7456356 0.6532312 0.1511517 0.6880837 0.7097141 0.1824247 0.763547 0.6194493 0.2034127 0.6985864 0.6860032 0.2328454 0.7785381 0.582805 0.261043 0.715502 0.6480073 0.282789 0.7904112 0.5433972 0.1075754 0.8015841 0.5881246 0.1536753 0.8244028 0.5447422 0.1991875 0.8385027 0.507186 0.241291 0.8468839 0.4738843 0.04144829 0.811829 0.5824224 0.08136546 0.8044544 0.5884157 0.04118198 0.8458205 0.5318757 0.05757385 0.8521614 0.5201023 0.0573067 0.6702327 0.7399352 0.09835243 0.6632785 0.7418817 0.05365574 0.7131798 0.6989247 0.09292876 0.7390056 0.6672593 0.04905974 0.7549552 0.6539387 0.03802281 0.7811068 0.6232388 0.4306979 0.7390226 0.5180202 0.5122357 0.729316 0.4535559 0.4599122 0.7738862 0.4354091 0.5379208 0.7338287 0.4148937 0.5418495 0.7692092 0.3386982 0.7430042 0.6687633 0.02646553 0.7748521 0.6285072 0.06769865 0.7810177 0.6244616 0.007681488 0.4420027 0.8108332 0.3836445 0.5265208 0.7945287 0.3024898 0.6229847 0.7483049 0.2278814 0.9363876 0.3427062 0.07570225 0.9590959 0.2827122 0.01445806 0.9423282 0.3340575 0.02057188 0.8976061 0.4350055 0.0712288 0.9115169 0.4107849 0.0198217 0.8800585 0.4745472 0.01738017 0.8400681 0.5378635 0.07063025 0.8371869 0.5455848 0.03814888 0.7999591 0.599531 0.02506381 0.8980515 0.4137658 0.1493365 0.8613833 0.4880183 0.1409143 0.8408873 0.498689 0.2102804 0.8062064 0.5755727 0.1369218 0.7757969 0.5967826 0.204914 0.7450176 0.6544829 0.1288449 0.7060776 0.6828242 0.1876312 0.977416 0.210415 0.01958626 0.9606873 0.2666792 0.07721453 0.9721366 0.2122139 0.09957742 0.9455902 0.2781696 0.1687626 0.9565769 0.2237333 0.1868262 0.9217915 0.2927137 0.2542031 0.9326542 0.2337018 0.2748449 0.8897773 0.3051307 0.339399 0.9001085 0.2418587 0.362366 0.8495954 0.3152401 0.4228612 0.8588362 0.2479872 0.4482219 0.8010596 0.3224596 0.504305 0.8090201 0.2518951 0.5310701 0.7449023 0.3269213 0.5815868 0.7511221 0.253453 0.6095713 0.6816238 0.3283954 0.6538696 0.68579 0.2525975 0.6825589 0.6120492 0.3268399 0.7201191 0.6139549 0.2493263 0.7489298 0.5371758 0.322296 0.7794662 0.5366345 0.2437069 0.8078555 0.4581352 0.3148956 0.8312358 0.4551153 0.235876 0.8586226 0.3761071 0.3048191 0.8750022 0.370642 0.2260196 0.900855 0.292311 0.2923291 0.9105482 0.9240909 0.3456699 0.1629984 0.8722366 0.4287034 0.2354079 0.8989536 0.3630638 0.2450861 0.8384016 0.4449757 0.3147687 0.8660749 0.377664 0.3275427 0.7974973 0.458106 0.392603 0.8253575 0.389369 0.4088727 0.7496726 0.4677104 0.4682286 0.7771653 0.3980115 0.4874434 0.6953026 0.473558 0.5406452 0.7218016 0.4032729 0.5624708 0.6349401 0.4755054 0.608889 0.659858 0.4050233 0.6328851 0.5693075 0.4735116 0.6720683 0.592109 0.4032132 0.6977294 0.499236 0.4676163 0.7294508 0.5194649 0.3978857 0.7562032 0.4256772 0.4579684 0.7804254 0.4429753 0.3891806 0.8076581 0.349617 0.4447988 0.8245738 0.3637261 0.3773108 0.851669 0.2720429 0.4283901 0.8616697 0.2828405 0.3625724 0.8879991 0.1923218 0.3986029 0.8967319 0.2083097 0.3412616 0.9165958 0.1400904 0.6353982 0.7593707 0.221419 0.6456899 0.7307928 0.2833468 0.6633921 0.69255 0.3447051 0.6775258 0.6497208 0.6108379 0.5535494 0.566092 0.6683657 0.5504739 0.5002659 0.6536589 0.6393562 0.4049122 0.7205599 0.5432479 0.4309003 0.6993979 0.6289472 0.3395116 0.7669023 0.5320379 0.3588826 0.7401606 0.6146746 0.2726491 0.8070762 0.5170828 0.28505 0.6770766 0.6914183 0.2520081 0.6302071 0.7127144 0.3080216 0.5928624 0.7140634 0.3723274 0.04470777 0.6309533 0.7745317 0.05942046 0.6190955 0.7830646 -0.06561177 0.6963794 0.7146684 -0.06342279 0.722365 0.6885973 -0.1330682 0.7477739 0.6504823 -0.8906567 0.4492743 0.06988155 -0.9002317 0.4351979 0.01363497 -0.9251164 0.379251 0.01812624 -0.1667885 0.8750402 0.4544076 -0.4449082 0.8430893 0.3020882 -0.7749307 0.6318933 0.01390349 -0.7504175 0.6583644 0.05856561 -0.6905465 0.7214359 0.05172938 -0.6798319 0.7257623 0.1053457 -0.6401641 0.7533073 0.1507251 -0.6005291 0.7718203 0.2089463 -0.5496261 0.7925978 0.2640072 -0.3769168 0.8534893 0.359847 -0.2728034 0.8597408 0.4317688 -0.08798629 0.8605942 0.5016337 -0.05135828 0.8315458 0.5530768 -0.03236722 0.8560622 0.5158584 -0.9504851 0.3105395 0.01197671 -0.9752588 0.2206851 0.01297616 -0.9759342 0.210725 0.05610275 -0.6115998 0.6862041 0.393789 -0.6039488 0.6452822 0.4678213 -0.5243988 0.6963086 0.4900616 -0.5673139 0.6285751 0.532023 -0.4837736 0.6579501 0.5771177 -0.7174702 0.5262692 0.4563742 -0.6450337 0.5624843 0.5172457 -0.6851661 0.5833207 0.436216 -0.6527034 0.6291983 0.4220048 -0.7337876 0.5783626 0.3564444 -0.6990881 0.6305374 0.337192 -0.7747722 0.5639795 0.2857536 -0.7398185 0.6161233 0.2702974 -0.8100515 0.546 0.2137768 -0.7588976 0.5237009 0.3870552 -0.8009004 0.5105926 0.3128157 -0.8364574 0.4939569 0.2373723 -0.8708047 0.4668764 0.1540316 -0.8393229 0.5247782 0.1419333 -0.8603042 0.5044705 0.07339179 -0.8292589 0.5553457 0.06261777 -0.8058035 0.5766683 0.1346636 -0.7754333 0.5980613 0.2025485 -0.8775191 0.47935 0.01356768 -0.8661411 0.4997774 0.004702746 -0.8287853 0.5594323 0.01226931 -0.9184035 0.3879423 0.07769036 -0.5355284 0.7390223 0.4087241 -0.4745266 0.7293162 0.4928715 -0.4542858 0.7738938 0.4412628 -0.5190562 0.7979173 0.3064455 -0.47815 0.802461 0.3569718 -0.576207 0.7387294 0.3496633 -0.6190722 0.7289491 0.2922035 -0.6583799 0.7154987 0.2336615 -0.6939008 0.6985885 0.1745733 -0.7255387 0.6784533 0.1153022 -0.09799402 0.6351869 0.7661167 -0.05819034 0.6674254 0.7423997 -0.1388337 0.7111573 0.6891884 -0.118781 0.7777768 0.6172151 -0.05224823 0.741888 0.6684852 -0.05795645 0.7693942 0.6361398 -0.2327541 0.7789394 0.5823049 -0.2537279 0.7483151 0.6129003 -0.3243379 0.7945256 0.5133557 -0.3610913 0.7692123 0.5271866 -0.1912903 0.8420411 0.5043559 -0.1072992 0.8053179 0.5830523 -0.1063395 0.835229 0.5395225 -0.06027847 0.789079 0.6113274 -0.05395871 0.8119361 0.5812472 -0.4370225 0.7338213 0.5201132 -0.4018552 0.8108247 0.42553 -0.312777 0.8269042 0.4673328 -0.2161672 0.8101577 0.5449002 -0.06050622 0.2274142 0.9719165 -0.06680911 0.2822731 0.957005 -0.1019595 0.3279494 0.9391771 -0.06180804 0.4060099 0.9117761 -0.1036862 0.4352194 0.894334 -0.06497222 0.3488295 0.9349313 -0.05896246 0.3129235 0.9479464 -0.06905645 0.5030856 0.8614733 -0.1072701 0.5379879 0.8360993 -0.06752175 0.4801908 0.8745614 -0.04931473 0.4382098 0.8975189 -0.04876428 0.5415174 0.8392741 -0.062918 0.5788166 0.8130269 -0.04633462 0.6268665 0.7777478 -0.1862924 0.4137632 0.8911203 -0.1764609 0.4880109 0.8548141 -0.2449437 0.4986867 0.831453 -0.1703205 0.575573 0.7998167 -0.2369899 0.596783 0.7666067 -0.1598181 0.6544889 0.7389875 -0.2169221 0.6828238 0.6976363 -0.9635741 0.2559705 0.07748603 -0.9628509 0.2191498 0.1577703 -0.9456569 0.2777129 0.1691407 -0.9417071 0.2299258 0.2456056 -0.921808 0.2923227 0.254593 -0.9120079 0.2389803 0.3333618 -0.8897321 0.3048251 0.339792 -0.8735768 0.2460913 0.4198841 -0.8493819 0.3148962 0.4235454 -0.826517 0.2510433 0.5038324 -0.8009096 0.3222928 0.5046496 -0.7711941 0.2536782 0.5838726 -0.7446896 0.3268433 0.5819029 -0.7081856 0.2539073 0.6587901 -0.6813654 0.3283995 0.6541368 -0.6383414 0.2517062 0.7274367 -0.6117416 0.3269215 0.7203435 -0.5626702 0.2471209 0.7888813 -0.5368345 0.3224636 0.779632 -0.482377 0.2402595 0.8423705 -0.4577666 0.3151282 0.8313508 -0.3987305 0.2312898 0.8874228 -0.3757259 0.3051351 0.8750558 -0.3129744 0.2204268 0.9238285 -0.2919161 0.2927221 0.9105487 -0.2264485 0.2079336 0.9515696 -0.2075245 0.2781745 0.9378446 -0.1343242 0.1951503 0.9715315 -0.1245005 0.2700923 0.9547511 -0.2009398 0.345674 0.9165875 -0.2715449 0.4286123 0.8617163 -0.2819315 0.3630602 0.888089 -0.3491139 0.444973 0.824693 -0.3629565 0.3776633 0.851841 -0.4251997 0.4581007 0.7806082 -0.4422255 0.3894442 0.8079418 -0.4987769 0.4677143 0.7297021 -0.5190489 0.3980053 0.7564259 -0.5688907 0.4735589 0.6723879 -0.5917326 0.4032781 0.698011 -0.6345794 0.4755046 0.6092656 -0.6595444 0.4050266 0.6332098 -0.6947193 0.4734582 0.5414817 -0.7215422 0.4032109 0.5628481 -0.7494381 0.4676164 0.4686976 -0.7769584 0.3978987 0.4878651 -0.7973344 0.4579656 0.3930971 -0.8252313 0.389182 0.409305 -0.8383057 0.4447991 0.3152732 -0.8659282 0.3773218 0.3283242 -0.8721638 0.4283922 0.2362427 -0.898891 0.36259 0.2460154 -0.9038881 0.3986399 0.1551536 -0.9244035 0.3412398 0.1703927 -0.9388926 0.3310186 0.09437882 -0.8020865 0.5970062 0.01552724 -0.7938805 0.6045458 0.06540822 -0.7705465 0.6246285 0.1268755 -0.7393832 0.6456897 0.1907808 -0.7036018 0.6634342 0.2545579 -0.6633474 0.677559 0.3176227 -0.5909165 0.5535438 0.5868619 -0.5275321 0.5504662 0.6470678 -0.4317312 0.6393554 0.6362648 -0.4603433 0.54324 0.7021214 -0.3683263 0.6289508 0.6846581 -0.3903007 0.5320297 0.7514054 -0.3031804 0.6146737 0.7281882 -0.3181992 0.5170735 0.794597 -0.2800472 0.6914164 0.6659708 -0.3341268 0.7127211 0.616756 -0.396743 0.7140657 0.576806 -0.0651533 0.1646753 0.9841936 -0.02118247 0.8562679 0.5160976 -0.02209961 0.8196796 0.572396 -0.01824235 0.03447055 0.9992392 -0.02646189 0.1353839 0.9904398 -0.02292037 0.2619547 0.964808 -0.02237528 0.4095928 0.9119942 -0.02364689 0.5082303 0.8608966 -0.02253907 0.581431 0.8132836 -0.02206927 0.6379094 0.7697952 -0.01791268 0.7063361 0.70765 -0.02128928 0.7534828 0.657123 -0.004444479 0.8771579 0.4801816 -0.004115641 0.8487733 0.5287411 0.00343275 0.8771272 0.480246 0.006400287 0.8394118 0.5434584 0.004802584 0.7919783 0.6105304 -0.006029129 0.7880319 0.615605 0.006687998 0.7440853 0.6680513 -0.006689846 0.7371622 0.6756827 0.007248342 0.6892945 0.7244451 -0.006057322 0.6876553 0.7260121 0.007654428 0.616212 0.7875432 -0.003380596 0.601262 0.7990449 0.0080325 0.5340608 0.845408 -0.003784716 0.5011923 0.8653277 0.008585572 0.4809128 0.8767264 0.005321502 0.4052177 0.9142047 -0.004960834 0.4109672 0.9116366 0.004190683 0.3078492 0.9514259 -0.005668699 0.3247632 0.9457784 -0.003923714 0.2389589 0.9710218 0.004748463 0.2341494 0.9721891 0.02298361 0.7492831 0.6618509 0.02014458 0.8190535 0.5733634 0.01994752 0.8642299 0.5027014 0.02060168 0.5132886 0.8579688 0.00692135 0.5754116 0.8178349 0.01327008 0.6407779 0.7676118 0.009562611 0.7082993 0.7058475 0.03033572 0.3987036 0.916578 0.03027117 0.03886431 0.9987859 0.01941668 0.1347053 0.9906955 0.0235902 0.2524062 0.9673337 0.03335666 0.431162 0.9016577 0.02618342 0.4914494 0.8705124 0.01979506 0.4092637 0.9122015 0.04087579 0.2434145 0.9690607 0.03260827 0.2886047 0.9568929 0.03708463 0.2011233 0.9788638 0.03910523 0.3499516 0.9359512 0.01642364 0.8503984 0.5258828 0.02329045 0.6888487 0.724531 0.02015793 0.7753177 0.6312499 0.02744704 0.5999708 0.799551 0.02705609 0.5312729 0.8467687 0.0435245 0.1517146 0.9874657 0.06650793 0.1324208 0.9889599 0.01195508 0.8755295 0.4830169 0.04320305 0.1623889 0.9857807 0.03179824 0.3705169 0.9282814 0.01877969 0.2907552 0.9566133 0.01892715 0.2249201 0.9741934 0.005883574 0.6220502 0.7829554 -1.66773e-4 0.6233705 0.7819266 3.58401e-4 0.567543 0.8233437 0.00775212 0.5366402 0.8437756 -3.33287e-4 0.4656928 0.8849464 0.005455195 0.4110914 0.9115779 -0.002937436 0.2902114 0.956958 0.003485858 0.2666348 0.9637914 -0.001274466 0.3535441 0.9354171 -0.00224024 0.3980931 0.9173424 -0.002248466 0.2494484 0.9683856 -0.001754701 0.1880229 0.9821631 0.001934945 0.1236764 0.9923207 -0.004878342 -0.01192688 0.999917 5.25963e-4 0.02792936 0.9996098 -0.003388106 0.06265127 0.9980298 -0.004232287 0.1289548 0.9916415 -4.3005e-4 0.6217257 0.783235 -0.004217445 0.6275597 0.778557 -0.005808293 0.5622901 0.8269197 -0.006036698 0.4316762 0.9020084 0.001577973 0.468412 0.8835089 -2.15081e-4 0.532865 0.8462003 -0.004252493 0.2946814 0.9555862 0.001274764 0.3535443 0.9354169 0.002240359 0.3980894 0.917344 0.002450346 0.1389652 0.9902943 0.004504561 0.192092 0.9813666 -0.002432584 0.1535807 0.9881332 0.002138853 0.22639 0.9740345 0.002936959 0.2902145 0.9569571 0.00105226 0.07666248 0.9970566 -6.96594e-4 0.03269433 0.9994652 0.002456068 0.001758098 0.9999955 -0.006028354 0.6290597 0.7773336 -6.14693e-4 0.6237654 0.7816114 0.002716481 0.5965418 0.8025776 0.003223776 0.6275563 0.7785646 0.001260817 0.2298448 0.9732265 -0.002704739 0.2365772 0.9716091 -0.003972351 0.2738395 0.9617672 0.01119583 0.281026 0.9596349 -0.002096056 0.3264929 0.9451974 0.00851953 0.3222282 0.9466237 -0.003215551 0.3690524 0.9294031 0.001118481 0.374187 0.9273527 0.002235174 0.411115 0.9115808 -0.002843618 0.4232019 0.906031 0.003047466 0.4536275 0.8911862 -0.002477765 0.4659423 0.8848117 -0.001570641 0.5016377 0.8650765 0.004675209 0.5065298 0.8622098 -0.01153171 0.5485901 0.836012 0.0025689 0.5448628 0.8385213 -0.01520878 0.5844434 0.811292 -0.04009264 0.262417 0.9641213 -0.03344786 0.2530962 0.9668628 -0.03249847 0.3551025 0.9342624 -0.02436858 0.6923013 0.721197 -0.01532113 0.8410951 0.5406705 -0.0142098 0.8698589 0.4930961 -0.07529246 0.1310486 0.9885127 -0.04181945 0.158689 0.9864426 -0.0303235 0.5336381 0.8451693 -0.03202247 0.4828439 0.8751208 -0.02991729 0.5960609 0.8023817 -0.02129691 0.7831594 0.6214563 -0.0168212 0.2222937 0.9748346 -0.01817053 0.293195 0.9558801 -0.0177325 0.3974614 0.9174477 -0.01744323 0.4941297 0.8692132 -0.01461213 0.6079903 0.7938101 -0.03834784 0.3726453 0.9271813 -0.03127735 0.4369195 0.8989567 -0.03631883 0.203704 0.9783586 -0.04189497 0.1732338 0.9839892 -0.01086342 0.8357768 0.5489619 -0.003414034 0.2211532 0.9752332 -0.001880764 0.1389479 0.990298 -7.65773e-4 0.0436151 0.9990482 -0.002534627 0.3995055 0.9167273 -0.00179702 0.3175566 0.9482377 -8.23095e-4 0.257656 0.9662364 -5.28687e-4 0.1491967 0.9888074 -1.32896e-4 0.04911386 0.9987932 -0.002683341 0.8648563 0.5020126 -0.003229439 0.8191603 0.5735556 -0.009190082 0.7777372 0.6285226 -0.002451002 0.7781354 0.6280918 -0.004970967 0.7304049 0.6829963 -0.004483819 0.6609749 0.7503947 -0.004118144 0.6012437 0.7990552 -0.003381311 0.5342122 0.8453436 -0.002273023 0.4820093 0.8761632 3.72503e-4 0.03867995 0.9992517 7.41291e-4 0.148886 0.9888541 8.61834e-4 0.2522518 0.9676613 0.0023427 0.3093422 0.9509479 0.002313137 0.3983204 0.9172435 0.003240883 0.4669323 0.8842871 0.003930687 0.5373457 0.8433529 0.00435847 0.6006757 0.7994809 0.004780292 0.6593789 0.7517957 0.00411576 0.7337473 0.6794102 0.003095746 0.7729795 0.6344235 0.002613663 0.8151366 0.579263 0.003545522 0.8593056 0.5114502 6.89386e-4 0.04034644 0.9991855 0.00216031 0.1377582 0.9904636 0.002823948 0.2256969 0.9741935 0.0112096 0.8341901 0.551363 0.01142299 0.7738031 0.6333232 0 -0.7071925 0.7070211 0 -0.7069552 0.7072584 2.06246e-5 -0.7070832 0.7071304 1.75906e-5 -0.7072124 0.7070013 -1.48256e-5 -0.7071915 0.7070221 -1.24454e-5 -0.7070439 0.7071697 0 -0.7070984 0.7071152 0 -0.7070931 0.7071206 7.99829e-6 -0.7070364 0.7071772 1.58847e-5 -0.7071872 0.7070263 -2.13606e-5 -0.7070559 0.7071576 -1.7588e-5 -0.7071046 0.707109 2.47633e-6 -0.7070708 0.7071429 -7.76859e-6 -0.7072062 0.7070074 -1.17065e-5 -0.7071383 0.7070752 -1.14193e-5 -0.707104 0.7071096 -7.27229e-6 -0.7067649 0.7074486 -3.67056e-5 -0.7072391 0.7069745 -1.06272e-5 -0.7071213 0.7070922 -4.06006e-5 -0.7072902 0.7069233 -5.30211e-5 -0.7073581 0.7068555 5.31546e-5 -0.7074367 0.7067767 4.21665e-5 -0.707369 0.7068446 2.50599e-5 -0.7073015 0.7069121 1.7698e-5 -0.7071112 0.7071024 3.70966e-5 -0.7072464 0.7069672 7.27222e-6 -0.7067722 0.7074413 2.37299e-5 -0.707428 0.7067855 -1.32958e-6 -0.7070896 0.7071241 -5.39045e-6 0.7071241 0.7070896 2.73116e-5 0.7070168 0.7071968 -2.73116e-5 0.7070168 0.7071968 4.31232e-6 0.7071305 0.7070831 -7.25171e-6 0.7070998 0.7071138 0 0.7070986 0.7071151 0 0.7071096 0.707104 7.25168e-6 0.7071197 0.7070939 7.99376e-6 0.7071814 0.7070322 -3.97984e-5 0.706799 0.7074145 -2.15931e-5 0.707036 0.7071776 -3.32334e-6 0.7071374 0.7070762 -1.84788e-5 0.7070701 0.7071436 -2.59636e-5 0.7070025 0.7072111 3.32471e-5 0.7069652 0.7072485 2.17429e-5 0.7070325 0.7071811 -3.57554e-5 0.7073689 0.7068445 8.83525e-6 0.7070737 0.7071399 1.53083e-5 0.7071418 0.7070718 2.14e-5 0.7069723 0.7072412 -7.9939e-6 0.7071694 0.7070442 0.9559369 0.2934592 -0.008152306 0.9739845 0.2258704 0.01835286 0.9463561 0.32274 0.01578569 0.9198746 0.2080286 0.332498 0.906557 0.2117478 0.3651267 0.9046593 0.235998 0.3548193 0.9006314 0.2022864 0.384634 0.8664543 0.2060837 0.454738 0.8772693 0.2364239 0.4177347 0.8237974 0.2033757 0.5291466 0.9367696 0.2872022 0.1999444 0.9304139 0.3389464 0.139447 0.9587276 0.2694073 0.09089046 0.7675516 0.6408874 0.01130855 0.7868456 0.6169391 0.01613718 0.7981181 0.5975872 0.07679224 0.8221264 0.550099 0.1466271 0.9302264 0.3581748 0.07993644 0.9575288 0.2849505 0.04406851 0.9320291 0.2208163 0.287336 0.927295 0.2613517 0.2679916 0.951296 0.2189427 0.2170255 0.9669117 0.2035105 0.1538355 0.837997 0.2429915 0.488586 0.8452062 0.1995276 0.4957976 0.8470776 0.3155158 0.4276793 0.8946101 0.3405092 0.2893553 0.9106661 0.2628974 0.3187043 0.8833776 0.300274 0.3598329 0.9335191 0.2006205 0.2971425 0.8537696 0.3818628 0.3539188 0.8478823 0.4398816 0.2959724 0.8579751 0.479533 0.1841929 0.8755509 0.4148508 0.2476075 0.9295864 0.368587 0.003602266 0.9109014 0.4107915 0.03884631 0.8958793 0.4442425 0.007007241 0.8743402 0.4824694 0.05246496 0.8579379 0.513567 0.01384037 0.8394227 0.5412572 0.04909551 0.8384947 0.5448909 0.004555642 0.806107 0.5915295 0.01686447 0.8564629 0.5040821 0.1112324 0.8937696 0.4300404 0.1274411 0.9777143 0.1872603 0.09491282 0.9674883 0.2019537 0.1522536 0.954293 0.2025598 0.2197598 0.9474173 0.1946042 0.2540272 0.9072614 0.3762986 0.1878198 0.9845175 0.1743559 0.01803898 0.9791679 0.183503 0.08693003 0.965699 0.1917383 0.1751056 0.9438039 0.1985896 0.2641901 0.9131282 0.2038677 0.3530368 0.8735727 0.2073813 0.4402997 0.8252393 0.2090027 0.5246885 0.7685215 0.2086359 0.6048519 0.7041025 0.2062355 0.67949 0.6328098 0.2018347 0.747539 0.5557646 0.195505 0.8080245 0.4741979 0.1873782 0.8602476 0.3893826 0.1776334 0.9037852 0.3026869 0.1664829 0.9384371 0.2153507 0.1541619 0.9642915 0.1285635 0.1409143 0.9816387 0.01008123 0.3925065 0.9196941 0.6045495 0.286068 0.743428 0.5662922 0.2826023 0.774241 0.6000955 0.2651592 0.7547025 0.2274615 0.3011476 0.9260515 0.1897554 0.2738226 0.9428755 0.1629575 0.2760132 0.947239 0.003174543 0.2418153 0.9703171 0.06184661 0.2227211 0.9729185 0.04321229 0.2376866 0.9703803 0.02555269 0.2496522 0.9679985 0.04739493 0.1704571 0.9842247 0.05970036 0.1563847 0.9858903 0.07552373 0.1277356 0.9889286 0.1022922 0.1598922 0.9818202 0.1054275 0.2152081 0.9708607 0.1867853 0.2529821 0.9492688 0.1550474 0.2222897 0.9625734 0.1206856 0.1827617 0.9757218 0.4356592 0.4237596 0.7941214 0.474307 0.3911696 0.7886821 0.4643505 0.3641377 0.8073306 0.5474244 0.3298607 0.7691025 0.5418835 0.3293524 0.773233 0.5050768 0.3585745 0.7850617 0.5461801 0.3316919 0.7691994 0.5362864 0.3359722 0.7742866 0.4915431 0.3532224 0.7960022 0.4797008 0.3534343 0.8031011 0.5176569 0.3503262 0.7805786 0.5525318 0.3140824 0.7720499 0.5753871 0.3168064 0.7540315 0.5908275 0.2981107 0.7497018 0.4817737 0.3998616 0.7797467 0.4495874 0.4400909 0.7772974 0.4089688 0.4703885 0.7819713 0.3960728 0.4683627 0.7897866 0.366505 0.5077058 0.7796851 0.3551405 0.4999482 0.7898905 0.3246885 0.5382304 0.7777438 0.3116872 0.5282878 0.7897868 0.2666457 0.552039 0.7900335 0.2660167 0.5526211 0.7898387 0.2249194 0.5760737 0.7858437 0.2184628 0.5730161 0.7898904 0.1792325 0.6017609 0.7783057 0.1693404 0.5894042 0.7898902 0.1204209 0.6007757 0.7902958 0.1189489 0.6017375 0.7897868 0.0735352 0.6156052 0.7846163 0.06783127 0.6094853 0.7898904 0.02975243 0.629609 0.7763422 0.009304106 0.6068637 0.7947515 0.08522808 0.2298107 0.9694964 0.006804585 0.3086887 0.9511388 0.03491091 0.3172019 0.9477152 0.06153416 0.3131693 0.9477017 0.08773612 0.3068611 0.9477019 0.1133185 0.2983201 0.9477152 0.1393868 0.2961368 0.9449204 0.04382723 0.3967574 0.9168767 0.07714444 0.3916451 0.9168767 0.1099112 0.3837401 0.9168768 0.1418882 0.3731433 0.9168598 0.1728687 0.3597536 0.9168935 0.2063891 0.3463019 0.9151386 0.2361025 0.3392295 0.9105927 0.2480639 0.3153864 0.9159671 0.2777028 0.3325262 0.9012811 0.01429271 0.4711542 0.8819351 0.05245411 0.4733213 0.8793269 0.09215646 0.4673299 0.8792667 0.1312552 0.4578888 0.8792668 0.169425 0.4451403 0.8792868 0.20638 0.4292168 0.8793068 0.2418563 0.4102745 0.8793068 0.2755467 0.3884909 0.8792888 0.3127284 0.3761746 0.8721776 0.3509082 0.3507367 0.8682438 0.3831017 0.3918038 0.8364945 0.3929848 0.3582906 0.8468713 0.4329248 0.3661976 0.8236964 0.01724129 0.5389394 0.8421681 0.06063884 0.5465267 0.8352434 0.1065607 0.5393846 0.8352898 0.151653 0.528591 0.8352203 0.1957081 0.513912 0.8352203 0.2383671 0.4955688 0.8352203 0.2793282 0.4736499 0.8352434 0.318295 0.4484363 0.8352205 0.3562225 0.4283364 0.8304418 0.1041511 0.5364674 0.8374696 0.1761372 0.5333994 0.8273215 0.04513305 0.5636524 0.8247782 0.2334538 0.494962 0.8369659 0.2934007 0.4716665 0.8315327 0.3476076 0.4248586 0.8358613 0.4011521 0.3842036 0.8315436 0.4417276 0.3255298 0.8360067 0.4895519 0.2735413 0.8279578 0.5276231 0.2255892 0.8189771 0.5543962 0.250757 0.793578 0.4127095 0.1451624 0.8992212 0.472079 0.1676067 0.8654765 0.3785771 0.1684124 0.9101191 0.4849558 0.1953946 0.8524312 0.3780582 0.2124331 0.9010795 0.2760346 0.08539271 0.9573468 0.3321497 0.1093446 0.9368674 0.2676521 0.1170268 0.9563823 0.3501272 0.1320632 0.9273459 0.2184881 0.06358194 0.973766 0.1300197 0.05528742 0.9899688 0.1614204 0.04001432 0.9860742 0.09883427 0.02441585 0.9948043 0.01466643 0.001220285 0.9998918 0.06508982 0.01346105 0.9977887 0.02605819 0.01105016 0.9995994 0.03160512 0.01329141 0.9994121 0.1135852 0.06629371 0.9913141 0.02639627 0.01574158 0.9995276 0.1045131 0.07990515 0.9913083 0.02418714 0.01889222 0.999529 0.09372448 0.09226191 0.991314 0.02601414 0.02610951 0.9993206 0.08152937 0.103196 0.9913141 0.01877981 0.02427482 0.999529 0.06807088 0.1125292 0.9913141 0.01561695 0.02642077 0.999529 0.05351662 0.1200882 0.9913197 0.01468163 0.03380602 0.9993206 0.03817516 0.1258088 0.9913198 0.00865221 0.02949118 0.9995276 0.02227282 0.1296167 0.9913141 0.004890739 0.03030103 0.999529 0.008625984 0.1312398 0.9913132 0.002157449 0.03678399 0.9993209 0.01934862 0.2775408 0.960519 0.03034609 0.4257133 0.9043492 0.07545429 0.4199982 0.9043828 0.1270726 0.4073629 0.9043827 0.1767575 0.3884357 0.9043642 0.2236275 0.3634318 0.9043828 0.2670656 0.332818 0.9043828 0.3064059 0.2970532 0.9043644 0.3409067 0.2566598 0.904383 0.04861789 0.2739244 0.9605216 0.08225357 0.2657245 0.9605336 0.1146818 0.2534683 0.9605216 0.1452562 0.2372256 0.9605336 0.1736155 0.2173312 0.9605337 0.1992824 0.1940659 0.9605337 0.2218578 0.1677917 0.9605337 0.2410417 0.138915 0.9605215 -0.02810561 -0.002639412 0.9996015 0.01124924 -4.13503e-4 0.9999366 -0.0145716 -0.01404559 0.9997952 -0.01861518 -0.01432961 0.9997241 -0.007034778 -0.01897782 0.9997951 -0.006940662 -0.02739185 0.9996008 -0.0276854 -0.005775272 0.9996 -0.0110805 -0.016936 0.9997952 -0.01055514 -0.02098685 0.9997241 -0.02010244 -0.01215469 0.9997241 -0.01839238 -0.008444309 0.9997952 -0.01495981 -0.01811236 0.9997241 -0.0268709 -0.008840262 0.9995998 -0.003908574 0.2256467 0.9742014 -0.004682362 0.117203 0.993097 0.001349449 0.4131076 0.9106813 0.003545701 0.3124662 0.9499223 -0.001538157 0.4933617 0.8698229 -0.001880288 0.4157611 0.9094719 -0.0029639 0.3270331 0.9450083 -0.003035247 0.008871257 0.9999561 -0.004577636 0.03251802 0.9994608 -0.006240665 -0.1011727 0.9948493 -0.005230903 -0.02343493 0.9997118 -7.50797e-5 0.5701093 0.821569 -3.71544e-4 0.4926804 0.8702102 -5.12468e-4 0.3985434 0.9171493 -6.57232e-4 0.2994156 0.9541226 -7.92061e-4 0.1969776 0.9804077 -9.22457e-4 0.09289234 0.9956758 7.02346e-4 -0.02429616 0.9997046 0.005026042 0.03504949 0.999373 0.006616055 -0.0356093 0.999344 0.006635785 -0.06317377 0.9979806 0.005739331 -0.1320772 0.9912228 -5.45438e-4 -0.1333818 0.9910646 0.005430877 0.1158319 0.993254 0.006740987 0.00528413 0.9999634 0.002979636 0.2086818 0.9779791 1.00847e-4 0.4865005 0.8736803 4.38972e-4 0.5785114 0.8156742 -0.9864981 -0.1516926 0.06173324 -0.9734652 -0.2203026 0.06190651 -0.9614847 -0.1970948 0.1915748 -0.8917459 -0.4494115 0.05309146 -0.8647293 -0.5010244 0.03489726 -0.8471553 -0.4978547 0.185657 -0.8279882 -0.5572215 0.06276887 -0.7874947 -0.6142072 0.05100673 -0.7889341 -0.583516 0.1925935 -0.6153525 -0.7860154 0.05933976 -0.5585749 -0.8265813 0.06897485 -0.5634556 -0.8041965 0.1891715 -0.3424741 -0.9383442 0.04713511 -0.2881723 -0.9569424 0.03490018 -0.274362 -0.9445703 0.180312 -0.2221169 -0.9730199 0.0624212 -0.15355 -0.9864193 0.05830579 -0.172333 -0.9660955 0.1922526 0.08954483 -0.9944329 0.0555408 0.1479207 -0.9883834 0.03489589 0.1496368 -0.9708152 0.1874216 0.2132838 -0.9749957 0.06239938 0.2737985 -0.9611542 0.034886 0.2599577 -0.9486352 0.180315 0.3339908 -0.9413969 0.04713934 0.3885275 -0.9207761 0.03490024 0.3650025 -0.9163888 0.1643314 0.5042362 -0.8614289 0.06071412 0.5630531 -0.8238236 0.06546646 0.5387374 -0.8206441 0.1905393 0.7462509 -0.6637621 0.05029493 0.783914 -0.619888 0.03489792 0.7759676 -0.6035622 0.1832674 0.8229023 -0.5647082 0.06274205 0.8608043 -0.5059924 0.05466103 0.833871 -0.5172735 0.1925812 0.9574459 -0.2828055 0.05760711 0.9735221 -0.2259136 0.03489786 0.9572062 -0.2195266 0.1885856 0.985081 -0.1606286 0.06175762 0.9944913 -0.09884351 0.03488445 0.9782015 -0.1090002 0.1767507 -0.002875506 -0.02260661 0.9997404 -0.003920674 -0.02152329 0.9997608 -0.02463972 -0.1609809 0.9866499 1.44559e-7 -0.03567373 0.9993636 -0.001219809 -0.02147668 0.9997687 -0.006912589 -0.1642118 0.9864009 0.003889739 -0.03547823 0.999363 3.88136e-4 -0.007235884 0.9999738 0.01092916 -0.1639935 0.986401 0.01912772 -0.007333278 0.9997902 0.01831448 -0.009385824 0.9997883 0.1582228 -0.07146352 0.9848139 0.1495934 -0.08819252 0.9848065 0.3110466 -0.142288 0.9396831 0.29384 -0.1750838 0.9396828 0.4543663 -0.2087172 0.8660187 0.429138 -0.2566201 0.8660178 0.5838675 -0.2687794 0.7660657 0.5514022 -0.3303681 0.7660371 0.695677 -0.320761 0.6427643 0.6569055 -0.3940586 0.6428009 0.7863107 -0.3629182 0.5000059 0.7424698 -0.4458375 0.4999676 0.8530672 -0.3940842 0.3420146 0.8054575 -0.4839796 0.3420556 0.8922607 -0.4221041 0.1603086 0.01457029 -0.01477742 0.9997847 0.0129525 -0.016267 0.9997838 0.113603 -0.1313412 0.9848065 0.09873658 -0.1428529 0.9848067 0.2225449 -0.2596975 0.9396973 0.1931658 -0.2822819 0.939683 0.3247413 -0.3802559 0.8659958 0.2817232 -0.4130896 0.8660191 0.4170508 -0.4891383 0.7660369 0.361721 -0.5313589 0.7660391 0.4966941 -0.5831766 0.6428064 0.4307258 -0.6335046 0.6427654 0.561247 -0.6595661 0.4999745 0.4866375 -0.7164201 0.4999263 0.6087598 -0.7158263 0.3420587 0.5277841 -0.7774785 0.3420107 0.6302814 -0.7578868 0.1683837 -0.01705068 -0.3416193 0.9396839 -0.05385965 -0.3377414 0.9396967 -0.02571427 -0.4993488 0.8660195 -0.07955503 -0.4936445 0.8660175 -0.03360325 -0.6419172 0.7660374 -0.102809 -0.6345197 0.7660387 -0.04045915 -0.7649682 0.6427961 -0.1229828 -0.7561563 0.6427309 -0.04614943 -0.8648377 0.499926 -0.1393809 -0.8547767 0.4999298 -0.05036848 -0.938362 0.3419648 -0.1515733 -0.9274336 0.3418955 -0.06242752 -0.9846405 0.1630517 -0.008366286 -0.01772522 0.999808 -0.01023024 -0.01676344 0.9998071 -0.07996404 -0.1541479 0.9848067 -0.09616369 -0.1446007 0.9848062 -0.1589173 -0.3028878 0.9396831 -0.1907372 -0.2839316 0.939682 -0.233042 -0.4424192 0.8660004 -0.2794828 -0.4146176 0.8660148 -0.3000271 -0.5684766 0.7660406 -0.3597393 -0.5327087 0.7660347 -0.3579546 -0.6772908 0.6427641 -0.4290454 -0.6346074 0.6428014 -0.4049607 -0.7655122 0.4999979 -0.4853776 -0.7172428 0.4999713 -0.4396899 -0.8304808 0.3420156 -0.526932 -0.7780737 0.3419711 -0.4710775 -0.865354 0.1710224 -0.01362836 -0.01428186 0.9998051 -0.01504153 -0.01274716 0.9998056 -0.125044 -0.120559 0.9847993 -0.1372997 -0.1063261 0.9848064 -0.2472679 -0.2362782 0.9396975 -0.2714107 -0.2081656 0.9396826 -0.3620718 -0.3448426 0.8660183 -0.3972346 -0.3036739 0.8660178 -0.4658424 -0.4429204 0.7660368 -0.5109962 -0.389957 0.7660394 -0.5554733 -0.5275413 0.6427672 -0.6092516 -0.4643918 0.6427696 -0.6282181 -0.596134 0.4999663 -0.6889585 -0.5247206 0.5000046 -0.6818745 -0.6466069 0.3419747 -0.747839 -0.5690748 0.3418931 -0.7222682 -0.6734168 0.1576026 -0.01856392 -0.007430851 0.9998001 -0.01927334 -0.005432188 0.9997996 -0.1640592 -0.05692052 0.984807 -0.169255 -0.03884768 0.9848064 -0.3236683 -0.1106069 0.9396834 -0.3336855 -0.07497692 0.9396981 -0.4734042 -0.1609401 0.8660178 -0.4880706 -0.1087987 0.8659965 -0.6087619 -0.2063806 0.7660392 -0.627511 -0.1393516 0.7660359 -0.7256467 -0.2455471 0.6427624 -0.7479043 -0.1656702 0.6428006 -0.8204957 -0.2772375 0.4999262 -0.8456298 -0.1869218 0.4999705 -0.8903114 -0.3005685 0.3420588 -0.9176672 -0.2024704 0.3418957 -0.9375928 -0.30571 0.165714 0.02025115 -9.40651e-4 0.9997945 0.1627295 -0.003554522 0.9866644 0.1727988 -0.01722872 0.9848065 0.3341788 -0.007478237 0.9424801 0.3401585 -0.03549486 0.9396981 0.5181995 -0.008999049 0.8552124 0.4972263 -0.052711 0.8660183 0.6371239 -0.01691854 0.7705758 0.6391568 -0.06830692 0.7660371 0.7593392 -0.01752781 0.6504589 0.761678 -0.08183628 0.6427671 0.8749625 -0.01576006 0.4839344 0.8610298 -0.09285014 0.5000067 0.9363897 -0.02527439 0.3500509 0.9342559 -0.1010935 0.341974 0.9801474 -0.02684056 0.1964455 0.9982805 -0.03090447 0.04980963 0.02010536 -0.003100097 0.9997931 0.169923 -0.03581017 0.9848065 0.3343286 -0.07206439 0.9396973 0.4885799 -0.1061313 0.8660403 0.6280241 -0.1370094 0.766038 0.7483654 -0.1637095 0.6427664 0.8459774 -0.1854548 0.4999287 0.9178489 -0.2015115 0.3419746 0.936119 -0.3489705 0.04359853 0.9286913 -0.3199878 0.187458 0.8906604 -0.2994868 0.3420992 0.8209676 -0.2758347 0.4999275 0.7262588 -0.2436317 0.6427999 0.6095286 -0.2041085 0.7660382 0.4742702 -0.1583681 0.8660181 0.3245756 -0.1077884 0.939698 0.1650552 -0.05397212 0.9848065 0.01972299 -0.0052284 0.9997918 0.9140319 -0.4041393 0.03488981 0.8889284 -0.4555072 0.04816144 0.7484046 -0.5682808 0.3419761 0.6899179 -0.5235303 0.4999294 0.6104567 -0.4628071 0.6427692 0.5124495 -0.3880469 0.7660386 0.3988927 -0.3015553 0.865996 0.2731867 -0.2058266 0.9396833 0.1391816 -0.1038499 0.9848065 0.01726853 -0.01131492 0.9997869 0.7012752 -0.7115566 0.04359209 0.7086187 -0.6821798 0.1802507 0.6825748 -0.6458691 0.3419718 0.6292688 -0.5949938 0.5000031 0.5568366 -0.5260655 0.6427972 0.4674821 -0.4411402 0.7660651 0.3639383 -0.3428705 0.866019 0.2493312 -0.2341561 0.9396835 0.1271372 -0.118288 0.9848067 0.01600885 -0.013089 0.9997863 0.6563689 -0.7536327 0.03489774 0.6090101 -0.7908041 0.06111955 0.4411837 -0.896357 0.04360049 0.4546288 -0.8700569 0.1905618 0.4406047 -0.8300305 0.3419312 0.4063374 -0.7648012 0.4999691 0.3597082 -0.6763638 0.6427614 0.3021448 -0.5673989 0.7660073 0.2354075 -0.441129 0.8660188 0.1615131 -0.3015136 0.9396824 0.08271175 -0.152693 0.9848064 0.01117718 -0.01758509 0.9997829 0.00926429 -0.01871287 0.999782 0.06571322 -0.1607885 0.9847989 0.1279675 -0.3172088 0.9396824 0.186333 -0.4639973 0.8660177 0.2390456 -0.5966587 0.7660651 0.284473 -0.7112819 0.6427699 0.32128 -0.8042224 0.5000058 0.3482803 -0.8728033 0.341929 0.251927 -0.9052777 0.3420599 0.2324461 -0.8342453 0.5000038 0.2059153 -0.7378405 0.6427989 0.1731215 -0.6190422 0.7660391 0.1350629 -0.4814614 0.8659982 0.0929206 -0.3291832 0.939683 0.04795408 -0.1669018 0.9848067 0.01016932 -0.03267365 0.9994144 0.004142701 -0.01969039 0.9997975 0.03021818 -0.1728031 0.9844927 0.05678421 -0.3373035 0.9396819 0.08223086 -0.4932068 0.8660168 0.105175 -0.6341336 0.7660372 0.124897 -0.7558439 0.6427292 0.1409006 -0.8544636 0.5000389 0.1525282 -0.9272497 0.3419696 0.02146863 -0.9988185 0.0435993 0.04609465 -0.9815841 0.1853864 0.05138325 -0.938305 0.3419702 0.04763078 -0.8647525 0.4999345 0.04248774 -0.7648565 0.6427982 0.03599756 -0.6417881 0.7660368 0.02842634 -0.4992014 0.8660195 0.01998454 -0.3414602 0.9396837 -0.03866422 -0.9986429 0.03489279 -0.09665787 -0.9939309 0.05252385 -0.2508556 -0.9055768 0.342056 -0.2309295 -0.8346685 0.5 -0.2039579 -0.7383864 0.642796 -0.1708111 -0.6196858 0.7660374 -0.1324598 -0.482148 0.8660184 -0.09009104 -0.3299693 0.939683 -0.04495579 -0.167733 0.9848069 -0.00273025 -0.009780704 0.9999485 -0.4022732 -0.9144814 0.04359149 -0.371997 -0.9111795 0.1771164 -0.3473781 -0.8731635 0.3419269 -0.3198457 -0.8048191 0.4999653 -0.2826212 -0.7120193 0.6427704 -0.2368068 -0.5975833 0.7660397 -0.1838114 -0.4649996 0.8660189 -0.1252056 -0.3182667 0.9396967 -0.0628305 -0.1618914 0.9848064 -0.006432235 -0.01851296 0.999808 -0.4585554 -0.8879812 0.03487503 -0.5112792 -0.8569297 0.06530845 -0.6700186 -0.7410629 0.04359775 -0.6404788 -0.7443114 0.189176 -0.6079135 -0.7165473 0.3420544 -0.5600857 -0.660561 0.4999631 -0.4951459 -0.5844989 0.6427999 -0.4151836 -0.4906792 0.7660657 -0.3227058 -0.3819817 0.8659971 -0.2202726 -0.2616271 0.9396975 -0.1112312 -0.133355 0.9848066 -0.01197725 -0.01560157 0.9998065 -0.7126709 -0.7006303 0.03489142 -0.7506451 -0.6592542 0.0437709 -0.01646524 -0.01113235 0.9998025 -0.1479893 -0.09085696 0.9848067 -0.2922771 -0.1775985 0.9396983 -0.4277812 -0.2589446 0.8659971 -0.5501686 -0.3324226 0.7660351 -0.6559295 -0.3957931 0.6427321 -0.7417089 -0.4471397 0.4999338 -0.8049339 -0.484907 0.3419746 -0.9202579 -0.3888763 0.04359763 -0.8953816 -0.4059667 0.1829834 -0.8526418 -0.3950368 0.3419767 -0.7856482 -0.3643487 0.500007 -0.6948078 -0.3225728 0.6427977 -0.5828806 -0.2709897 0.7660385 -0.4532234 -0.2111808 0.8660203 -0.3098155 -0.1449533 0.9396824 -0.1569505 -0.07432478 0.9848058 -0.01758068 -0.009335517 0.9998019 -0.9425418 -0.3322607 0.0348978 -0.9595988 -0.2755693 0.0568487 -0.9959242 -0.07895708 0.04359829 -0.9762981 -0.1006917 0.191581 -0.9341282 -0.1021274 0.3420152 -0.8609114 -0.09437245 0.4999254 -0.7614346 -0.08383423 0.6427981 -0.6388948 -0.07069051 0.7660394 -0.4969316 -0.05540913 0.866019 -0.3398391 -0.038459 0.9396969 -0.1724627 -0.02031987 0.9848064 -0.01985287 -0.003345608 0.9997974 -0.0207352 -0.00159645 0.9997838 -0.1873049 -0.004888355 0.9822897 -0.3575824 -0.008743822 0.9338406 -0.5112681 -0.01234877 0.8593325 -0.650502 -0.01561111 0.7593441 -0.7753071 -0.01838994 0.6313167 -0.8716807 -0.02058798 0.4896415 -0.9408088 -0.01944786 0.3383793 -0.9874374 -0.02305555 0.1563197 -0.9986843 -0.02703422 0.04357546 0.01232576 -0.01605254 0.9997952 0.01215457 -0.02010238 0.9997241 -0.01339852 0.02761214 0.999529 -0.009853541 0.02911174 0.9995276 0.008446037 -0.018395 0.9997951 -0.007395982 0.03610765 0.9993206 -0.02747339 0.002380907 0.9996198 0.02803379 -0.003690898 0.9996002 -0.02007108 0.03091204 0.9993206 -0.01979506 0.02345418 0.999529 0.0163238 -0.01689386 0.9997241 -0.02255624 0.02081197 0.999529 0.01811254 -0.01496022 0.9997241 -0.02496904 0.01784688 0.9995289 0.0169363 -0.01108062 0.9997952 -0.002716898 0.03062266 0.9995273 0.007369816 -0.02235078 0.9997231 0.005406677 -0.02287864 0.9997237 0.02740472 -0.006793498 0.9996013 0.02203589 -0.00813806 0.9997241 -0.02484321 0.01412928 0.9995915 0.02098655 -0.0105549 0.9997241 -0.02785974 0.01111209 0.9995501 -0.03240686 0.01755452 0.9993206 -0.01072293 0.131152 0.9913043 -0.4336323 0.4332134 0.7901197 -0.3900581 0.3834096 0.8371691 -0.3469619 0.4418879 0.827256 -0.568013 0.2527146 0.7832602 -0.4845672 0.2237183 0.8456623 -0.4752087 0.272661 0.8365601 -0.5660122 0.281067 0.7750043 -0.6153897 0.2575022 0.7449753 -0.5366427 0.3099491 0.7848225 -0.4456616 0.3418793 0.8273478 -0.5165359 0.3594433 0.7771688 -0.4707038 0.4019361 0.7854204 -0.3120296 0.5280013 0.7898432 -0.3540238 0.5057812 0.7866719 -0.4016511 0.4832051 0.7779393 -0.2840334 0.468476 0.8365735 -0.2307004 0.5052897 0.8315405 -0.2680079 0.5689842 0.7774503 -0.2194199 0.5864136 0.7797269 -0.1618576 0.5243713 0.8359648 -0.1649349 0.6014555 0.7816956 -0.09826385 0.5467124 0.8315347 -0.1169313 0.6184911 0.7770432 -0.06575763 0.6225784 0.7797899 -0.03617078 0.5509253 0.8337704 -0.02179688 0.628603 0.7774209 -0.02514153 0.1290907 0.991314 -0.04099255 0.1249648 0.9913141 -0.05620664 0.1189005 0.9913141 -0.07054626 0.1109436 0.9913197 -0.08379733 0.1013627 0.9913141 -0.09574669 0.09016156 0.9913141 -0.1062106 0.07756137 0.9913141 -0.115028 0.06375819 0.9913141 -0.1234326 0.05062794 0.9910606 -0.09886223 0.02611446 0.9947584 -0.1104677 0.02187156 0.9936391 -0.0922209 0.01304656 0.9956531 -0.2471676 0.07903546 0.9657441 -0.1950489 0.0602793 0.9789394 -0.1446915 0.03844463 0.9887297 -0.3807692 0.1461632 0.9130451 -0.3483415 0.1283443 0.9285398 -0.2625679 0.1129493 0.95828 -0.3143023 0.1074261 0.9432252 -0.2838187 0.0924462 0.9544112 -0.3795064 0.1799824 0.9075138 -0.4350345 0.1685646 0.8844947 -0.4610066 0.199105 0.8647717 -0.3698411 0.2093781 0.9051953 -0.342696 0.2542648 0.9043832 -0.3084482 0.2949311 0.9043647 -0.2693908 0.3309391 0.9043827 -0.2261679 0.3618553 0.9043832 -0.1794333 0.3872066 0.9043644 -0.1299237 0.4064626 0.9043828 -0.07839554 0.4194588 0.904383 -0.03247797 0.4255812 0.9043372 -0.2425575 0.1361644 0.9605337 -0.2237529 0.1652572 0.9605336 -0.2014765 0.1917861 0.960534 -0.1760767 0.2153418 0.9605337 -0.1479476 0.2356052 0.9605216 -0.1175157 0.2521677 0.9605215 -0.0852704 0.2647722 0.9605336 -0.05170059 0.2733167 0.9605338 -0.02163302 0.2773526 0.9605246 -0.4029487 0.3613718 0.8408583 -0.3997062 0.3645657 0.8410273 -0.3928553 0.3852652 0.8350063 -0.4362276 0.370063 0.8202189 -0.4788402 0.3847954 0.7890782 -0.4340708 0.4275441 0.792962 -0.524302 0.3392044 0.7810556 -0.548236 0.3326511 0.7673205 -0.5058781 0.3585497 0.7845569 -0.01207965 0.4827327 0.8756846 -0.05354183 0.1453811 0.9879259 -0.04956501 0.1763547 0.983078 -5.24931e-4 0.26041 0.965498 -0.0294727 0.2412706 0.9700103 -0.3966045 0.4678251 0.7898383 -0.3557223 0.499617 0.7898383 -0.3124104 0.5278993 0.7897608 -0.2665867 0.5522722 0.7898905 -0.219174 0.5728873 0.7897866 -0.1700589 0.5893361 0.7897866 -0.1196194 0.6014688 0.7898902 -0.06855237 0.6095391 0.7897865 -0.01718097 0.6163969 0.7872483 -0.5598749 0.3261241 0.7616975 -0.5773692 0.3126778 0.7542397 -0.5921175 0.2985358 0.7485141 -0.620113 0.2788283 0.7332904 -0.4797141 0.3533652 0.8031235 -0.4915087 0.353404 0.7959428 -0.5084237 0.3446819 0.7891133 -0.3697177 0.3634678 0.8551024 -0.355517 0.4089042 0.8404791 -0.340488 0.3607422 0.8682933 -0.3107964 0.3640747 0.8779836 -0.314243 0.3408893 0.8860281 -0.3297141 0.3484298 0.877431 -0.2984132 0.3358487 0.8933954 -0.2758974 0.3769663 0.8841816 -0.2672354 0.3245148 0.9073453 -0.2473491 0.3062114 0.9192677 -0.2342421 0.3309561 0.914111 -0.225864 0.2966743 0.9278846 -0.2056509 0.3394008 0.9178861 -0.140469 0.2826369 0.9488862 -0.1593639 0.2356286 0.9586879 -0.1669719 0.2787782 0.9457289 -0.2081717 0.2637782 0.9418522 -0.08477586 0.2154766 0.9728222 -0.09805232 0.1589338 0.9824082 -0.1072822 0.2104377 0.9717029 -0.1456325 0.1925885 0.9704127 -0.06534105 0.2286521 0.9713129 -0.05055773 0.2429006 0.9687328 -0.1144164 0.2979861 0.9476884 -0.08883643 0.3065444 0.9477018 -0.06265753 0.3129463 0.9477019 -0.03600549 0.3170795 0.9477154 -0.01012766 0.3314327 0.9434245 -0.1738557 0.3593634 0.9168599 -0.1428835 0.3727219 0.9168767 -0.1108964 0.3834165 0.9168936 -0.07821124 0.3914725 0.91686 -0.04485285 0.3966042 0.9168934 -0.01331925 0.4044611 0.9144582 -0.2428051 0.4098426 0.8792467 -0.2072902 0.4288188 0.8792869 -0.1703392 0.444752 0.8793067 -0.1322414 0.4575667 0.8792867 -0.09319531 0.467124 0.8792666 -0.05342632 0.4732871 0.8792867 -0.3190863 0.447874 0.8352203 -0.2801265 0.4731782 0.8352435 -0.2392416 0.4951469 0.8352203 -0.1965814 0.513541 0.8352434 -0.1525547 0.528295 0.8352434 -0.1074685 0.5393119 0.8352206 -0.06158512 0.5464561 0.8352203 -0.01468312 0.559142 0.828942 -0.1288099 0.1391216 0.9818622 -0.2155525 0.1524356 0.9645209 -0.3028458 0.1648388 0.938676 -0.3895809 0.1761082 0.9039981 -0.4743345 0.1859678 0.8604782 -0.5559234 0.1942458 0.808219 -0.6329109 0.2007185 0.7477539 -0.704213 0.2052983 0.6796593 -0.7685763 0.2078515 0.6050524 -0.8252906 0.2084103 0.5248435 -0.8735808 0.2069618 0.440481 -0.9131324 0.2036203 0.3531686 -0.9437787 0.1985237 0.2643294 -0.9656472 0.1918333 0.1752871 -0.9778268 0.1860193 0.09618502 -0.9842199 0.1761195 0.01712602 -0.8429504 0.4510117 0.2932971 -0.9054208 0.2279124 0.3581467 -0.9127777 0.2950643 0.282443 -0.8846049 0.2868695 0.3676686 -0.8820237 0.3477621 0.3179557 -0.853913 0.3224649 0.4084717 -0.9430328 0.2538353 0.2150743 -0.9349289 0.3087783 0.1748254 -0.8551966 0.5180568 0.01599574 -0.836517 0.5479301 0.003468751 -0.839617 0.5395439 0.06273573 -0.9241847 0.3816963 0.01381093 -0.9287995 0.3693345 0.03038978 -0.9451102 0.3265324 0.01198273 -0.9492996 0.3136462 0.02136504 -0.9597178 0.2809649 6.71445e-4 -0.9665081 0.2565873 -0.005015969 -0.9225859 0.370005 0.1092318 -0.9600512 0.2688518 0.07759189 -0.9799932 0.1978678 0.02148723 -0.9670511 0.208545 0.1460183 -0.8977493 0.4392517 0.03322803 -0.9125327 0.4090002 0.001753866 -0.8869116 0.4618806 0.007375597 -0.8726372 0.4883629 0.002468049 -0.8673294 0.4971432 0.02425611 -0.8640011 0.4930266 0.102113 -0.9103038 0.4040963 0.08974128 -0.7982929 0.5992069 0.0606606 -0.8156393 0.5646716 0.1260105 -0.8044303 0.5940447 0.001751244 -0.7786548 0.6272453 0.01613157 -0.8338591 0.2522768 0.4909536 -0.8756148 0.2298445 0.4248178 -0.9039022 0.2104143 0.3724068 -0.9157913 0.2125337 0.3408164 -0.8319913 0.2011219 0.5170499 -0.8475998 0.206874 0.4886491 -0.874866 0.2031458 0.4397059 -0.9092466 0.3553907 0.2167212 -0.881564 0.3934364 0.2608692 -0.8547169 0.3777969 0.3559894 -0.9597308 0.2017185 0.1955161 -0.9513208 0.2089582 0.2265506 -0.9485259 0.2017369 0.2441327 -0.9341492 0.2249748 0.2770407 -0.927504 0.2080075 0.3105952 -0.9695827 0.1970183 0.1452351 -0.9669123 0.2032293 0.1542027 -0.9767648 0.1891097 0.1008365 -0.9185577 0.2021803 0.3396688 -0.8769157 0.4334868 0.2076251 1.52096e-4 0.06116557 0.9981276 -0.001897096 0.04708033 0.9988894 -0.004730343 0.0333476 0.9994326 -0.004362344 -6.00703e-7 0.9999906 0.01180887 5.36355e-4 0.9999302 -0.004362344 -1.91154e-7 0.9999906 -0.004362344 0 0.9999906 -0.004362344 -5.06174e-7 0.9999905 -0.004362344 1.88069e-7 0.9999906 0.03196156 0.02296632 0.9992252 0.02896124 0.02665144 0.9992252 0.03917759 0.001621246 0.999231 0.03054046 0.03591179 0.9988882 0.02174115 0.03280735 0.9992253 0.01759231 0.03515702 0.999227 0.01325297 0.03706264 0.9992251 0.0086959 0.03838586 0.9992251 0.00400561 0.03915548 0.9992251 0.001185953 0.03924328 0.9992291 -0.03472173 0.08255547 0.9959815 0.04663091 0.006615877 0.9988903 0.03802812 0.01013976 0.9992253 0.03653001 0.0146628 0.9992251 0.04125404 0.02272003 0.9988904 -0.004362344 0 0.9999906 -0.004362344 0 0.9999906 -0.004347324 -3.96743e-7 0.9999907 -0.03273284 0.001238584 0.9994634 -0.02296584 0.03196042 0.9992253 -0.02665108 0.02896046 0.9992253 -0.01013994 0.0380271 0.9992253 -0.01465016 0.03652465 0.9992254 -0.02272158 0.04125595 0.9988902 -0.03838342 0.008693933 0.9992253 -0.04685968 0.004736244 0.9988902 -0.03591245 0.03054094 0.9988882 -0.03280764 0.02174174 0.9992252 -0.03518807 0.01762688 0.9992253 -0.04436457 0.01581239 0.9988903 -0.04361975 0 0.9990482 0.03273206 -5.29332e-4 0.999464 -0.03275495 -0.001052796 0.9994629 0.02211391 0 0.9997555 0.01400774 0.00180149 0.9999003 0.02016061 0.001680374 0.9997954 -0.02320814 0.003509402 0.9997245 -0.02700048 0.005354523 0.9996211 0.04480487 5.19834e-4 0.9989957 -0.03358352 3.92167e-4 0.9994359 0.01886415 1.886e-4 0.999822 -0.02341032 2.32397e-4 0.999726 0.02319544 9.94695e-4 0.9997305 -0.0231952 9.94695e-4 0.9997305 -0.02808731 0.002825021 0.9996015 0.02286887 0.004352331 0.9997291 0.9682932 0.2082752 0.1379488 0.9791743 0.2017453 0.02273213 0.9759496 0.2162501 0.0275411 0.9350748 0.2092998 0.2860573 0.8866821 0.2007952 0.4165048 0.8203297 0.1848497 0.541193 0.776395 0.1762232 0.6051084 0.729621 0.1655283 0.6635161 0.6728532 0.1620376 0.721812 0.9693843 0.2140874 0.1202526 0.9520501 0.2119651 0.220616 0.9298177 0.2064498 0.3046598 0.9953814 0.08306342 0.04812955 0.9943346 0.09875118 0.03933143 0.9834006 0.1197543 0.1363172 0.1590915 0.1832402 0.9701098 0.2817569 0.308184 0.908645 0.2069368 0.2191072 0.9535037 0.2272384 0.2525817 0.9405133 0.2864711 0.2272154 0.9307565 0.3152284 0.2560664 0.9138168 0.3683534 0.2300823 0.9007651 0.3947102 0.2553537 0.8826088 0.4490243 0.2312024 0.8630891 0.4727892 0.25271 0.8441612 0.527389 0.2304623 0.8177703 0.548439 0.2480625 0.7985485 0.6023361 0.2277882 0.7650517 0.6207387 0.2417946 0.7458008 0.6727916 0.2231531 0.7053753 0.6883611 0.2326924 0.6870323 0.7377544 0.2165793 0.6393841 0.7507282 0.2220594 0.6221711 0.7963539 0.2081391 0.5678896 0.8069263 0.2096043 0.55221 0.8477636 0.1982614 0.4919242 0.8563085 0.1954913 0.4780366 0.8918179 0.1861864 0.4123051 0.8984033 0.1799213 0.4006243 0.9278534 0.1730333 0.330375 0.932928 0.1631227 0.3209929 0.9558878 0.1587153 0.2471601 0.9597889 0.1453434 0.240168 0.9760167 0.1434684 0.1637323 0.98926 0.1255234 0.07489055 0.9942708 0.1058039 0.0152105 0.1450646 0.1454676 0.9786703 0.2362157 0.1603541 0.9583781 0.2601412 0.1952188 0.9456301 0.322127 0.1708366 0.9311547 0.3441847 0.2017169 0.9169772 0.4073578 0.1794396 0.895467 0.4272104 0.2067036 0.8802073 0.4901946 0.1873387 0.8512423 0.5080556 0.2100228 0.8353263 0.5699639 0.1932245 0.7986273 0.5855308 0.2115522 0.7825596 0.6454638 0.197018 0.7379434 0.6584773 0.2112103 0.7223558 0.714951 0.1993492 0.670153 0.7258129 0.2089654 0.6553848 0.7775167 0.2000555 0.5961927 0.786592 0.2048349 0.5825083 0.8328512 0.1983794 0.5167249 0.8400458 0.1988875 0.5047444 0.8798276 0.1951448 0.4333843 0.8856109 0.1912389 0.423227 0.9182618 0.1902032 0.3473014 0.9227958 0.1824569 0.3393486 0.9480391 0.1837007 0.2597616 0.9519624 0.1714937 0.2536882 0.9692834 0.1758144 0.171986 0.9727485 0.159793 0.1680076 0.9823217 0.1667407 0.08509749 0.9855789 0.1473476 0.08320391 0.9881311 0.152389 0.01935899 0.9912906 0.1302004 0.01976627 0.9229296 0.1488466 0.3550292 0.946157 0.1254783 0.2983991 0.950699 0.1242328 0.2841437 0.9633377 0.1046372 0.2470459 0.972485 0.09788858 0.2114022 0.981119 0.07664543 0.1775704 0.9919343 0.06059002 0.1113344 0.9935494 0.04736697 0.1030344 0.9993512 0.01964205 0.03018999 0.3468621 0.3261618 0.8793778 0.391276 0.3425953 0.8541263 0.4172345 0.3186334 0.85111 0.4602524 0.3309036 0.8238146 0.4877681 0.3078 0.8169097 0.526935 0.3172279 0.7884835 0.5564883 0.2947185 0.7768282 0.591515 0.3013883 0.7478471 0.6223167 0.2796093 0.7311229 0.6526908 0.2836831 0.7025089 0.6844758 0.2624396 0.6801607 0.7104822 0.2640095 0.6523144 0.7424254 0.2433787 0.6241565 0.7638095 0.2426988 0.598074 0.7952757 0.2225733 0.5639131 0.8125244 0.2197898 0.539904 0.8429305 0.2001666 0.4994014 0.8478554 0.2016869 0.4903709 0.8846114 0.1764324 0.4316647 0.8967216 0.1698404 0.4087111 0.9271223 0.1451008 0.3455286 0.2562938 0.2813225 0.9247547 0.3464718 0.2813401 0.8948772 0.3802052 0.3023909 0.8740732 0.4232954 0.2771219 0.8625687 0.4540832 0.2947762 0.8407827 0.4985185 0.2708413 0.8234831 0.5261765 0.2850223 0.801187 0.5711969 0.2624636 0.7777192 0.5956128 0.2731314 0.7554103 0.6403788 0.252002 0.7255412 0.6615329 0.2591516 0.703715 0.7051547 0.2395184 0.6673739 0.7231067 0.2431802 0.6465139 0.7646924 0.2251235 0.6037922 0.7795798 0.225362 0.584352 0.8182672 0.2089744 0.5355078 0.8303037 0.2058838 0.5178878 0.8652909 0.1912691 0.463344 0.8747543 0.1849685 0.4478746 0.9053361 0.1722394 0.3882014 0.9125513 0.1628671 0.3751326 0.93815 0.1521377 0.3110123 0.9434671 0.1398499 0.3005194 0.9636495 0.1312301 0.2327193 0.9674305 0.1161944 0.2248933 0.9853273 0.1027955 0.1362475 0.9873475 0.08614116 0.1331346 0.997101 0.06488633 0.03974169 0.9987593 0.04096674 0.02831208 0.9908639 0.0532853 0.123893 0.8512342 0.2008671 0.4848223 0.8805736 0.1814814 0.437784 0.8544941 0.2071469 0.4763718 0.7638371 0.2512003 0.5945178 0.8031312 0.2323213 0.5486412 0.7730298 0.2527627 0.5818386 0.8155187 0.2305995 0.5308042 0.4963793 0.34784 0.795371 0.966942 0.1003593 0.234417 0.9682457 0.09621965 0.2307429 0.9441924 0.1297565 0.3027608 0.9280592 0.1426537 0.3440294 0.9164991 0.1575043 0.3677251 0.8772311 0.189327 0.4411587 0.9929905 0.04493945 0.1093177 0.6184954 0.3060954 0.723719 0.5619209 0.3306186 0.7582456 0.6138345 0.3128692 0.7247898 0.6252614 0.3118615 0.7153955 0.6927481 0.2865247 0.6618184 0.673161 0.295547 0.6778689 0.7276573 0.2738634 0.6288989 0.7005383 0.2770298 0.6576478 0.6580266 0.2762932 0.7004735 0.7425379 0.2470001 0.6225982 0.6530746 0.2477275 0.7156289 0.785511 0.200882 0.5853367 0.8185129 0.2110698 0.5343091 0.6854869 0.2328836 0.6898354 0.7069715 0.2284995 0.6693127 0.750061 0.209566 0.6272882 0.8273243 0.2204306 0.5166671 0.7886305 0.2408174 0.5657464 0.7403815 0.2632283 0.6185032 0.6880649 0.2841918 0.667684 0.6324345 0.3032997 0.7127664 0.5738593 0.3207156 0.753543 0.512973 0.3361254 0.7898599 0.4420216 0.3507107 0.8256022 0.9954912 0.03288072 0.08897382 0.9993218 0.01016104 0.03539478 0.9984897 0.02249902 0.05012023 0.9888349 0.0486176 0.1408615 0.9772866 0.06924635 0.2002894 0.95437 0.09810304 0.2820525 0.9303448 0.1199296 0.3465191 0.9995214 0.01194417 0.02853637 0.9992489 0.01539653 0.03556275 0.8933152 0.14681 0.4247761 0.8579613 0.1686787 0.4852319 0.852523 0.1724952 0.4934064 0.810217 0.1862573 0.5557488 0.3458392 0.0874837 0.9342066 0.9780676 0.04022085 0.2043675 0.9718545 0.01966977 0.2347592 0.9884318 0.01328808 0.1510837 0.9924077 0.02352255 0.1207224 0.8017139 0.1549499 0.5772741 0.8036145 0.1122053 0.5844772 0.8445182 0.1009377 0.5259284 0.8613966 0.1265907 0.4919053 0.565783 0.01159256 0.8244728 0.5570567 0.002903938 0.8304695 0.6217378 0.006261587 0.7832005 0.7436862 0.02391713 0.668101 0.6752082 0.02191454 0.7373017 0.6536006 0.005898356 0.7568167 0.509186 0.004605829 0.8606442 0.4934251 0.01300418 0.8696911 0.4401066 0.002127885 0.897943 0.409622 0.01285141 0.9121648 0.3577652 0.002243876 0.9338089 0.3218612 0.01426893 0.9466794 0.2674604 0.002218425 0.9635663 0.2346122 0.01434135 0.9719833 0.1806688 0.002819776 0.98354 0.1460882 0.01439136 0.9891669 0.09049487 0.002526342 0.9958938 0.7119242 0.04387122 0.7008846 0.6478759 0.047477 0.7602649 0.6146759 0.02620458 0.7883445 0.578067 0.05088716 0.8144011 0.536706 0.02997541 0.8432368 0.5045011 0.05388838 0.8617278 0.4568014 0.03163611 0.889006 0.4284934 0.0564084 0.9017825 0.3745838 0.0330035 0.9266056 0.3295782 0.05672204 0.9424229 0.2873413 0.03515338 0.957183 0.2122638 0.0356028 0.9765636 0.8353195 0.1410116 0.5313729 0.7585877 0.1229959 0.6398568 0.709945 0.1329643 0.6915914 0.6643674 0.1017673 0.7404454 0.604863 0.1086052 0.788889 0.5651814 0.08121377 0.8209594 0.4961538 0.08555185 0.8640095 0.7543928 0.1677944 0.6346154 0.658014 0.1423171 0.7394345 0.5426604 0.1145696 0.8321019 0.4089477 0.08680588 0.9084199 0.7123097 0.1803947 0.6782866 0.664792 0.1918263 0.7219794 0.6034069 0.1507474 0.7830552 0.5465427 0.1583883 0.8223164 0.4782325 0.1199324 0.8700057 0.4300865 0.1214284 0.8945841 0.6041437 0.2321908 0.7622978 0.5548593 0.1916898 0.8095594 0.631943 0.19962 0.7488659 0.5010615 0.1634795 0.8498305 0.9965888 0.007847845 0.08215391 0.9988704 0.009311854 0.04659587 0.8852844 0.03941017 0.4633772 0.894146 0.0577473 0.4440365 0.8490581 0.0473926 0.5261695 0.862117 0.06873965 0.5020251 0.8011612 0.05372661 0.5960319 0.8197588 0.07775908 0.5674056 0.7554411 0.06154626 0.6523196 0.7722643 0.08656132 0.6293768 0.6936646 0.07077646 0.7168125 0.7203261 0.09447026 0.6871724 0.6312935 0.07627403 0.7717842 0.9573773 0.04797255 0.2848288 0.9630222 0.06855565 0.260554 0.942057 0.06291061 0.3295012 0.9298407 0.09199845 0.3562761 0.8981776 0.1127521 0.4249284 0.8810503 0.08901143 0.4645723 0.9114495 0.07210391 0.4050445 0.9283212 0.04056936 0.3695591 0.9503268 0.02510207 0.3102403 0.9917914 0.001828014 0.1278537 0.9990323 5.75189e-4 0.04397863 0.9993049 6.79302e-4 0.0372734 0.7070891 0.005519449 0.707103 0.7728549 0.005117654 0.6345621 0.8095681 0.02244079 0.586597 0.8279123 0.003799378 0.560845 0.8598824 0.01966404 0.5101134 0.8686028 0.005067169 0.4954831 0.9067371 0.01540237 0.4214151 0.8943114 0.003382444 0.4474325 0.9268476 0.00581026 0.3753929 0.9412781 0.005968332 0.3375799 0.9672998 0.004772424 0.2535911 0.2709382 0.06002336 0.9607236 0.9885954 0.1157529 0.09633558 0.9684464 0.2262286 0.1045573 0.9845263 0.1746471 0.01436269 0.9677742 0.2507149 0.02356135 0.9368744 0.3368124 0.09393572 0.9497257 0.3125159 0.01884281 0.7522143 0.6588581 0.008925437 0.7909271 0.6116204 0.01884013 0.772293 0.6287369 0.0908488 0.8294999 0.5580104 0.02354609 0.8387472 0.5342127 0.1054518 0.8690286 0.4945259 0.0152812 0.8891184 0.4453708 0.1054202 0.9039292 0.4272389 0.01946938 0.9298789 0.3676026 0.01391899 0.7084895 0.7055559 0.01527851 0.6912477 0.7146158 0.1072428 0.6529802 0.7571814 0.01712805 0.6143072 0.7817443 0.1072511 0.5969895 0.8019033 0.02355343 0.520115 0.8495734 0.08778119 0.5413976 0.8405556 0.01884496 0.2088626 0.9742692 0.08471173 0.2966583 0.9546934 0.02354693 0.3205692 0.9408194 0.1099748 0.3614506 0.9321801 0.01984423 0.4153738 0.9029782 0.1099784 0.4310395 0.9022644 0.01113849 0.4869737 0.8734077 0.003956913 0.09689831 0.9952124 0.01276451 0.1650509 0.9862847 -9.5736e-4 0.2297719 0.9730619 0.01885485 0.1000459 0.9868564 0.1269071 1.56401e-4 0.9935255 0.11361 -0.01868706 0.9995481 0.0235455 -0.1157539 0.9885956 0.09633189 -0.108244 0.9939458 0.0188412 -0.1746471 0.9845264 0.01435923 -0.2262277 0.9684464 0.1045588 -0.2507135 0.9677745 0.02356356 -0.3368117 0.9368746 0.09393662 -0.3125153 0.9497258 0.01884883 -0.6588661 0.7522079 0.008884131 -0.6116226 0.7909255 0.01884049 -0.6287398 0.7722905 0.09085035 -0.5580098 0.8295003 0.02354943 -0.5342126 0.838747 0.1054529 -0.4945279 0.8690274 0.01527881 -0.4453706 0.8891188 0.1054183 -0.4272377 0.9039297 0.01947122 -0.3675983 0.9298804 0.01392894 -0.7055555 0.70849 0.0152781 -0.7146169 0.6912466 0.1072421 -0.7571817 0.6529799 0.01712828 -0.7817706 0.6142786 0.1072231 -0.8019044 0.5969879 0.02355581 -0.8495732 0.5201157 0.08777898 -0.8405573 0.5413951 0.01884353 -0.9742691 0.2088634 0.08471012 -0.9546939 0.2966568 0.02354556 -0.9408348 0.3205236 0.1099753 -0.9321945 0.3614121 0.01987016 -0.9029781 0.4153741 0.1099777 -0.9022641 0.4310401 0.01113724 -0.8734021 0.4869834 0.003998816 -0.9952125 0.09689837 0.01276648 -0.9862867 0.1650383 -0.001000702 -0.9730623 0.2297707 0.01885223 -0.9868562 0.1000458 0.1269087 -0.9934915 0 0.1139064 -0.9995481 -0.01868724 0.02355039 -0.9885954 -0.1157537 0.09633499 -0.993946 -0.1082431 0.01884257 -0.9845266 -0.1746459 0.01435875 -0.9684469 -0.2262288 0.1045525 -0.9677748 -0.2507136 0.02355521 -0.9368742 -0.3368128 0.0939359 -0.949726 -0.3125146 0.01884686 -0.7522146 -0.6588577 0.008928835 -0.7909258 -0.6116222 0.01884067 -0.7722929 -0.628737 0.09084957 -0.8295013 -0.5580082 0.02354729 -0.8387473 -0.534213 0.1054499 -0.8690283 -0.4945265 0.01527959 -0.8891196 -0.4453693 0.1054168 -0.9039296 -0.4272379 0.01947146 -0.9298676 -0.3676323 0.01389086 -0.7084894 -0.705556 0.01527887 -0.6912475 -0.7146165 0.107239 -0.6529802 -0.7571812 0.01712918 -0.6143073 -0.7817441 0.1072512 -0.5970266 -0.8018756 0.02355557 -0.5201155 -0.8495733 0.08778011 -0.5413973 -0.8405557 0.01884353 -0.2088634 -0.9742691 0.08470994 -0.2966533 -0.9546951 0.02354538 -0.3205689 -0.9408196 0.1099738 -0.361446 -0.9321819 0.01984208 -0.4153743 -0.9029779 0.1099777 -0.4310403 -0.9022639 0.01113718 -0.4869837 -0.8734019 0.003998219 -0.09689843 -0.9952124 0.01276624 -0.1650383 -0.9862866 -9.98813e-4 -0.229771 -0.9730622 0.01885247 -0.1000458 -0.9868562 0.126908 1.30625e-7 -0.9934915 0.1139062 0.01868706 -0.9995481 0.02355003 0.1157535 -0.9885954 0.09633481 0.1082431 -0.993946 0.01884245 0.1746455 -0.9845267 0.01435977 0.2262285 -0.968447 0.1045523 0.2507131 -0.9677748 0.02355545 0.3368124 -0.9368743 0.09393548 0.3125156 -0.9497256 0.01884865 0.6588572 -0.7522151 0.008931934 0.6116216 -0.790926 0.01884263 0.6287371 -0.7722926 0.09085112 0.5580072 -0.829502 0.02354836 0.5342128 -0.8387472 0.1054506 0.4945476 -0.8690155 0.01532036 0.4453693 -0.8891193 0.1054183 0.4272418 -0.9039288 0.0194258 0.3676329 -0.9298673 0.01389199 0.7055551 -0.7084904 0.01527869 0.7146171 -0.6912469 0.1072388 0.7571827 -0.6529785 0.01712739 0.781744 -0.6143078 0.1072491 0.8019062 -0.5969856 0.02355414 0.8495723 -0.5201171 0.08778029 0.840554 -0.5414 0.01884567 0.9742691 -0.2088626 0.08471345 0.9546948 -0.2966541 0.02354633 0.9408189 -0.3205708 0.1099735 0.9321953 -0.3614099 0.01986908 0.9029785 -0.4153738 0.1099759 0.9022641 -0.4310401 0.0111339 0.8734077 -0.4869739 0.003955781 0.9952124 -0.09689819 0.0127694 0.9862867 -0.1650384 -9.98077e-4 0.9730621 -0.229771 0.01885402 0.9868562 -0.1000456 0.1269091 0.9935396 -2.22443e-4 0.1134865 0.999548 0.01868659 0.02355241 0.993946 0.1082421 0.0188443 -0.01011568 0.1028116 0.9946494 -0.02244168 0.1020072 0.9945305 0.001716315 0.0959165 0.9953879 0.0139712 0.1035461 0.9945266 0.03035908 0.1245669 0.9917467 0.03881883 0.1062745 0.9935788 0.0504499 0.1012823 0.9935777 0.06154352 0.09502828 0.9935703 0.07172119 0.08757817 0.9935725 0.08109939 0.079032 0.9935678 0.08936983 0.06950801 0.9935702 0.09667229 0.05908817 0.9935608 0.1026821 0.04794251 0.9935583 0.1074256 0.03618836 0.9935544 0.1108497 0.02396935 0.9935482 0.112919 0.01142752 0.9935385 0.1135684 -0.001267552 0.9935294 0.1127448 -0.01393413 0.9935263 0.1104759 -0.02646934 0.9935263 0.106817 -0.03867286 0.9935264 0.1018159 -0.05038958 0.9935263 0.09553414 -0.06147265 0.9935263 0.08806997 -0.07182657 0.9935214 0.07946008 -0.08118921 0.9935263 0.06986993 -0.0895757 0.9935263 0.05940502 -0.09688305 0.9935215 0.04818528 -0.1028773 0.9935263 0.03636419 -0.1076254 0.9935263 0.01963806 -0.09541434 0.9952439 0.01244574 -0.1149073 0.9932983 0.02503442 -0.2518888 0.9674323 -0.002519309 -0.2567024 0.9664872 -0.03706842 0.1090627 0.9933435 -0.04889374 0.1039196 0.9933832 -0.06012225 0.09766608 0.9934017 -0.07053565 0.09015977 0.9934265 -0.0800755 0.08162271 0.9934414 -0.08858644 0.072075 0.9934574 -0.09592896 0.06160306 0.9934801 -0.1021463 0.05048054 0.9934877 -0.1069976 0.03867405 0.9935069 -0.1105319 0.02643597 0.993521 -0.1127973 0.01395988 0.99352 -0.1135953 0.001222431 0.9935264 -0.1130182 -0.01150447 0.9935263 -0.1110193 -0.02408576 0.9935264 -0.1076267 -0.03636407 0.9935262 -0.1029246 -0.04818385 0.9935215 -0.09683495 -0.05940175 0.9935263 -0.08957535 -0.06986939 0.9935263 -0.08118957 -0.07945984 0.9935263 -0.07178175 -0.08805054 0.9935263 -0.06147187 -0.09553396 0.9935263 -0.05038952 -0.101816 0.9935263 -0.03867262 -0.106818 0.9935262 -0.02650904 -0.1100252 0.9935752 -0.0135858 -0.1208809 0.9925742 -0.1077193 0.9584428 0.2641665 -0.2143154 0.940387 0.2640858 -0.3181701 0.9105688 0.2638793 -0.4181063 0.8692391 0.2638385 -0.5128005 0.8169609 0.2638384 -0.6010893 0.7543172 0.2640026 -0.6817817 0.6822264 0.2640849 -0.7538803 0.6016009 0.264085 -0.8164882 0.5135102 0.2639208 -0.8688493 0.4188637 0.2639205 -0.9102776 0.3189002 0.2640025 -0.9402712 0.215025 0.2639211 -0.9583996 0.1083016 0.2640852 -0.9645667 4.488e-4 0.2638389 -0.9585247 -0.1075935 0.263921 -0.940419 -0.2142766 0.2640033 -0.9105866 -0.3181529 0.2638387 -0.86916 -0.418167 0.2640026 -0.816918 -0.5128263 0.2639209 -0.7543174 -0.601089 0.2640029 -0.6823215 -0.6817501 0.263921 -0.6016991 -0.7538598 0.26392 -0.5135105 -0.8164882 0.2639204 -0.4188131 -0.8688487 0.2640029 -0.3188999 -0.9102777 0.264003 -0.2150494 -0.9402774 0.2638791 -0.1083018 -0.9583997 0.2640848 -4.26185e-4 -0.9645553 0.2638803 0.1075724 -0.9585383 0.2638799 0.2142379 -0.9404512 0.26392 0.3182575 -0.9104788 0.2640842 0.4181362 -0.8691998 0.2639201 0.5128264 -0.8169178 0.2639214 0.6011102 -0.7542719 0.2640845 0.6817669 -0.682273 0.2640029 0.7538804 -0.6016003 0.264086 0.816486 -0.5135359 0.2638782 0.8688493 -0.4188635 0.2639212 0.9102776 -0.3189001 0.2640026 0.9402717 -0.2150247 0.2639194 0.9584348 -0.1083957 0.263919 0.964556 -4.25448e-4 0.2638779 0.9584982 0.1076351 0.2640002 0.9404512 0.2142378 0.2639198 0.9105148 0.3182228 0.2640022 0.8692191 0.4181216 0.2638798 0.8168755 0.512853 0.2640008 0.754271 0.6011106 0.2640859 0.682321 0.6817505 0.2639212 0.601601 0.7538803 0.2640849 0.5135358 0.816486 0.2638781 0.4188898 0.8688498 0.2638781 0.3188491 0.9102709 0.2640873 0.2150247 0.9402715 0.2639203 0.1083018 0.9583996 0.264085 4.25071e-4 0.9645548 0.2638823 -0.1006365 0.8991978 0.4258119 -0.2006649 0.8822983 0.4257739 -0.2982193 0.8542346 0.4258505 -0.3919635 0.8155252 0.4257737 -0.480818 0.7664843 0.425812 -0.5636203 0.7078009 0.4258522 -0.6393221 0.640275 0.4258113 -0.7069901 0.5646669 0.4258127 -0.7657738 0.482016 0.4257358 -0.8149213 0.393217 0.4257745 -0.8538137 0.299476 0.4258124 -0.8819761 0.2019959 0.4258123 -0.8990465 0.1019756 0.4258126 -0.9048111 6.74008e-4 0.4258129 -0.8991769 -0.1006577 0.4258509 -0.8822755 -0.200683 0.4258127 -0.8542096 -0.2982347 0.4258898 -0.815499 -0.3919762 0.4258126 -0.7664564 -0.4808276 0.4258513 -0.7077736 -0.5636261 0.4258899 -0.6402458 -0.6393249 0.4258511 -0.5646383 -0.7069897 0.4258512 -0.4819591 -0.765767 0.4258127 -0.3931339 -0.8149009 0.4258898 -0.299449 -0.8538038 0.4258516 -0.202022 -0.8819883 0.4257744 -0.1019757 -0.8990466 0.4258126 -6.73706e-4 -0.9048109 0.4258133 0.1006781 -0.8991563 0.4258897 0.2006831 -0.8822753 0.4258131 0.2982041 -0.8542584 0.4258134 0.3919763 -0.815499 0.4258124 0.4808369 -0.7664293 0.4258899 0.5636141 -0.7078298 0.4258124 0.6393221 -0.6402743 0.4258124 0.70699 -0.5646678 0.4258115 0.7657704 -0.4819881 0.4257739 0.8149078 -0.3931623 0.4258506 0.8538042 -0.2994492 0.4258506 0.8819761 -0.2019962 0.4258118 0.8990472 -0.1019767 0.4258111 0.9048107 -6.73063e-4 0.4258135 0.8991776 0.1006569 0.4258496 0.8822536 0.2006998 0.4258501 0.8542346 0.2982189 0.4258507 0.815499 0.3919764 0.4258124 0.7664844 0.480818 0.425812 0.7077745 0.5636256 0.4258889 0.6402744 0.6393217 0.4258126 0.5646672 0.70699 0.4258123 0.4819303 0.7657634 0.4258518 0.3932174 0.814921 0.4257745 0.2993941 0.8537849 0.4259282 0.2019968 0.8819762 0.4258114 0.1019771 0.8990467 0.4258117 6.73671e-4 0.9048103 0.4258143 -0.09070587 0.8130659 0.5750619 -0.1811686 0.7977997 0.5750597 -0.2693555 0.7724968 0.575062 -0.3541542 0.7374815 0.5750616 -0.434499 0.6931917 0.5750617 -0.5093794 0.640185 0.5750616 -0.5778551 0.5791273 0.575061 -0.6390578 0.5107539 0.5750961 -0.6922257 0.4359904 0.5750965 -0.7367135 0.3558059 0.5750265 -0.7719343 0.271113 0.5749915 -0.7974361 0.1829787 0.5749909 -0.8128653 0.09249287 0.575061 -0.8181102 8.99952e-4 0.5750608 -0.8131207 -0.09066599 0.5749911 -0.7977987 -0.1811692 0.5750609 -0.7724975 -0.2693558 0.575061 -0.7374822 -0.354154 0.5750609 -0.6931924 -0.434499 0.5750607 -0.6401849 -0.5093801 0.5750611 -0.5791273 -0.5778552 0.5750609 -0.5108197 -0.6390681 0.5750262 -0.4360227 -0.6922344 0.5750616 -0.3558372 -0.7367259 0.5749911 -0.2710543 -0.771903 0.575061 -0.1829788 -0.7974358 0.5749913 -0.09249305 -0.8128653 0.5750611 -8.99672e-4 -0.8181101 0.575061 0.09068566 -0.8130937 0.5750258 0.1811692 -0.7977986 0.5750612 0.269355 -0.7724974 0.5750615 0.354135 -0.7375453 0.5749917 0.4344992 -0.6931921 0.5750611 0.509378 -0.6402178 0.5750263 0.5778551 -0.579127 0.5750613 0.639063 -0.5107864 0.5750617 0.6922528 -0.436086 0.5749914 0.7367137 -0.3558062 0.575026 0.7719031 -0.2710546 0.5750609 0.7973982 -0.1829236 0.5750611 0.8128651 -0.09249371 0.5750612 0.8181353 -9.22801e-4 0.5750252 0.8130664 0.09070521 0.5750616 0.7977697 0.1811856 0.575096 0.7724981 0.2693551 0.5750604 0.7374823 0.3541539 0.5750609 0.6931908 0.4344994 0.5750625 0.6401845 0.5093793 0.5750622 0.579095 0.5778527 0.575096 0.510787 0.6390629 0.5750613 0.4360221 0.6922342 0.5750623 0.3558371 0.7367256 0.5749917 0.2710241 0.7718873 0.5750964 0.1829235 0.7973983 0.5750608 0.09249347 0.8128653 0.5750609 9.00417e-4 0.8181111 0.5750595 -0.07802897 0.7027866 0.7071086 -0.1562394 0.6895987 0.7071372 -0.2324681 0.6677661 0.70714 -0.3057727 0.6375426 0.7071369 -0.3752324 0.5992978 0.7071371 -0.4399731 0.5535173 0.7071367 -0.4991745 0.5007374 0.7071683 -0.5521202 0.4417719 0.7071075 -0.5980979 0.3771412 0.7071376 -0.6365635 0.3078043 0.7071375 -0.6670238 0.2345961 0.7071378 -0.6890963 0.158438 0.7071377 -0.7024753 0.08026152 0.707168 -0.7071054 0.001150488 0.7071073 -0.7027552 -0.0780465 0.7071378 -0.6895981 -0.1562397 0.7071377 -0.6677322 -0.2324791 0.7071685 -0.6375049 -0.3057797 0.7071679 -0.59926 -0.3752352 0.7071676 -0.5534789 -0.4399708 0.7071682 -0.5007751 -0.49918 0.7071377 -0.4417354 -0.5521109 0.7071376 -0.3771414 -0.5980981 0.7071373 -0.3078044 -0.6365634 0.7071377 -0.2346276 -0.6670449 0.7071075 -0.1584387 -0.6890965 0.7071374 -0.08028775 -0.7025033 0.7071373 -0.001127779 -0.7070749 0.7071378 0.07804656 -0.7027553 0.7071377 0.1562394 -0.6895983 0.7071375 0.2324789 -0.6677327 0.7071681 0.3057797 -0.6375053 0.7071675 0.3752326 -0.5992977 0.7071372 0.4399732 -0.5535174 0.7071367 0.4991813 -0.5007752 0.7071367 0.5521203 -0.4417707 0.7071082 0.598111 -0.3771758 0.7071079 0.6365637 -0.3078044 0.7071374 0.6670244 -0.234596 0.7071374 0.6890965 -0.1584385 0.7071374 0.7025023 -0.08028721 0.7071383 0.7070754 -0.001128256 0.7071373 0.7027556 0.07804733 0.7071373 0.6895987 0.156239 0.7071372 0.6677682 0.2324678 0.7071382 0.6375425 0.3057725 0.7071371 0.5992966 0.3752322 0.7071382 0.5534775 0.4399711 0.7071692 0.500775 0.4991807 0.7071372 0.4417355 0.5521105 0.7071377 0.3771411 0.5980978 0.7071377 0.3078042 0.6365643 0.7071369 0.2345958 0.6670235 0.7071382 0.1584377 0.6890951 0.707139 0.0803126 0.7025295 0.7071084 0.001128137 0.7070757 0.707137 -0.06305456 0.5715433 0.8181458 -0.126665 0.5608514 0.8181698 -0.1886643 0.5431414 0.8181707 -0.2482913 0.5186043 0.8181694 -0.3047939 0.487585 0.8181453 -0.3574659 0.4503513 0.8181698 -0.405641 0.407496 0.8181701 -0.4487152 0.3595163 0.8181703 -0.4861476 0.3070152 0.81817 -0.5174655 0.2506538 0.8181701 -0.5422756 0.1911401 0.8181704 -0.5602672 0.1292224 0.8181702 -0.5712447 0.06570613 0.8181456 -0.5750098 0.001334011 0.8181454 -0.5715059 -0.06307303 0.8181704 -0.5608506 -0.1266659 0.8181701 -0.5431421 -0.1886643 0.8181703 -0.5186035 -0.2482901 0.8181703 -0.4875426 -0.3047946 0.8181702 -0.4503508 -0.3574659 0.8181701 -0.407496 -0.4056414 0.8181699 -0.3595163 -0.4487161 0.81817 -0.3070151 -0.4861478 0.81817 -0.2506541 -0.5174654 0.81817 -0.19114 -0.5422757 0.8181703 -0.1291926 -0.5602378 0.8181949 -0.06567984 -0.5712125 0.8181702 -0.001333475 -0.5750098 0.8181455 0.06305503 -0.5715438 0.8181454 0.1266656 -0.5608502 0.8181705 0.1886735 -0.5431017 0.8181949 0.2482901 -0.5186035 0.8181701 0.3047944 -0.4875425 0.8181704 0.3574659 -0.4503515 0.8181697 0.4056507 -0.4075377 0.8181447 0.4487026 -0.3594766 0.8181946 0.4861652 -0.3070534 0.8181453 0.5174868 -0.2506893 0.8181458 0.5422498 -0.1911064 0.8181954 0.5602675 -0.1292227 0.8181698 0.5712448 -0.06570631 0.8181456 0.5750087 -0.001333832 0.8181462 0.5715058 0.06307411 0.8181704 0.5608517 0.1266653 0.8181695 0.5431411 0.188664 0.8181709 0.5186041 0.2482904 0.8181697 0.4875429 0.3047946 0.8181701 0.4503512 0.3574656 0.81817 0.4074961 0.4056421 0.8181696 0.3595165 0.4487156 0.8181701 0.3070164 0.4861475 0.8181697 0.2506535 0.5174651 0.8181704 0.1911398 0.5422756 0.8181704 0.129222 0.5602666 0.8181706 0.06570661 0.5712445 0.8181458 0.001310765 0.5749735 0.818171 -0.04622578 0.4232308 0.9048418 -0.09330934 0.4154379 0.9048231 -0.1392359 0.402377 0.9048238 -0.1834164 0.3842132 0.9048418 -0.2252826 0.3613055 0.9048238 -0.2643131 0.3337661 0.9048418 -0.3000219 0.302074 0.9048416 -0.3319568 0.2665832 0.9048416 -0.3597168 0.227739 0.9048418 -0.3829538 0.1860315 0.9048418 -0.4013754 0.1419847 0.9048415 -0.4147485 0.096152 0.9048417 -0.4229063 0.04911088 0.9048416 -0.4257069 0.001428425 0.90486 -0.4231898 -0.04624402 0.9048601 -0.415437 -0.09330916 0.9048234 -0.4023783 -0.139236 0.9048233 -0.3842134 -0.1834162 0.9048417 -0.3612608 -0.2252812 0.904842 -0.3337666 -0.264313 0.9048417 -0.3020738 -0.3000217 0.9048417 -0.2665826 -0.3319566 0.9048417 -0.2277395 -0.3597167 0.9048418 -0.1860317 -0.3829538 0.9048418 -0.1419848 -0.4013749 0.9048417 -0.09615218 -0.4147488 0.9048416 -0.04908335 -0.4228698 0.9048602 -0.001428365 -0.4257069 0.90486 0.04622584 -0.4232313 0.9048417 0.09332281 -0.4153941 0.9048417 0.1392361 -0.4023784 0.9048232 0.1834127 -0.3842582 0.9048234 0.2252827 -0.3613063 0.9048234 0.2643193 -0.3338105 0.9048238 0.3000208 -0.3020742 0.9048418 0.3319563 -0.2665826 0.9048418 0.3596966 -0.2276992 0.9048599 0.382954 -0.1860318 0.9048417 0.4014038 -0.1420192 0.9048235 0.4147474 -0.09615159 0.9048423 0.4228703 -0.04908335 0.90486 0.4257072 -0.001428902 0.9048599 0.4232307 0.04622626 0.904842 0.4153931 0.09332185 0.9048423 0.4023779 0.1392362 0.9048235 0.3842132 0.1834163 0.9048418 0.3613064 0.2252829 0.9048234 0.3338112 0.2643203 0.9048232 0.3020737 0.3000217 0.9048417 0.2665826 0.3319563 0.9048418 0.227739 0.3597168 0.9048419 0.1860309 0.3829534 0.9048421 0.1419864 0.4013765 0.9048408 0.09615194 0.414749 0.9048415 0.04908359 0.4228703 0.90486 0.001428604 0.425707 0.90486 -0.02798473 0.2623956 0.9645545 -0.05718827 0.2576132 0.9645543 -0.08567172 0.2495893 0.9645547 -0.1130785 0.2384281 0.9645544 -0.1390631 0.2242678 0.9645545 -0.1633065 0.2073335 0.9645434 -0.1854804 0.1877015 0.9645544 -0.2052929 0.1656666 0.9645773 -0.222597 0.1417217 0.9645547 -0.2370377 0.1158691 0.964566 -0.2485211 0.08860039 0.9645659 -0.2568781 0.06021809 0.9645659 -0.2620445 0.03110504 0.9645544 -0.2638794 0.001569271 0.9645545 -0.2623514 -0.02800297 0.9645661 -0.2576123 -0.05718868 0.9645545 -0.2495902 -0.0856719 0.9645543 -0.2384274 -0.1130784 0.9645547 -0.2242683 -0.1390629 0.9645545 -0.2072874 -0.1632986 0.9645546 -0.1877009 -0.18548 0.9645546 -0.1657094 -0.2053112 0.9645661 -0.1417217 -0.2225971 0.9645546 -0.1158689 -0.2370374 0.9645661 -0.08859997 -0.248521 0.964566 -0.06021767 -0.2568781 0.9645659 -0.03154164 -0.2613585 0.9647263 0.05718821 -0.2576125 0.9645544 0.08567208 -0.2495896 0.9645546 0.113076 -0.2384752 0.9645432 0.1390633 -0.224268 0.9645545 0.1632987 -0.2072881 0.9645545 0.1854668 -0.187655 0.9645661 0.2053297 -0.1657531 0.9645547 0.2225973 -0.1417215 0.9645546 0.2370376 -0.1158685 0.9645661 0.2485525 -0.08863604 0.9645546 0.2568774 -0.06021749 0.9645662 0.2620056 -0.0310781 0.9645659 0.2638376 -0.00154674 0.9645659 0.2623956 0.02798479 0.9645546 0.2576115 0.05718827 0.9645547 0.2495905 0.08567148 0.9645544 0.2384276 0.1130782 0.9645546 0.2242679 0.139063 0.9645546 0.2072879 0.1632983 0.9645546 0.1877008 0.1854801 0.9645547 0.1657527 0.2053295 0.9645547 0.1416391 0.2225507 0.9645775 0.1158683 0.2370377 0.9645661 0.08860099 0.2485218 0.9645656 0.06021797 0.2568779 0.964566 0.03110444 0.2620438 0.9645547 0.001569747 0.2638792 0.9645546 -0.9995006 -0.0166617 -0.02685415 -0.9944916 -0.09884279 -0.0348795 -0.9850818 -0.1606242 -0.06175589 -0.9735224 -0.2259132 -0.03489327 -0.9574473 -0.2828009 -0.05760598 -0.9361192 -0.3489696 -0.04360145 -0.9140301 -0.4041432 -0.03489077 -0.8889284 -0.4555076 -0.04815828 -0.8608046 -0.5059918 -0.05465906 -0.8229009 -0.5647103 -0.06274247 -0.7839128 -0.6198894 -0.03489774 -0.7462685 -0.6637391 -0.05033713 -0.7012767 -0.711555 -0.0435937 -0.6563665 -0.7536348 -0.03489387 -0.6090068 -0.7908068 -0.0611183 -0.5630533 -0.8238239 -0.06546372 -0.5042384 -0.8614275 -0.06071639 -0.4411845 -0.8963567 -0.04360055 -0.3885254 -0.920777 -0.03489476 -0.3339877 -0.9413982 -0.04713594 -0.2738008 -0.9611535 -0.03488892 -0.2132824 -0.9749959 -0.0623998 -0.1479178 -0.9883841 -0.03489166 -0.08954471 -0.9944331 -0.05553913 -0.02146881 -0.9988184 -0.04359906 0.03866088 -0.9986429 -0.03489494 0.0966584 -0.9939311 -0.05251842 0.1535493 -0.9864215 -0.05826902 0.2221117 -0.9730212 -0.06242012 0.2881736 -0.9569421 -0.03489726 0.3424735 -0.9383444 -0.04713755 0.4022734 -0.9144812 -0.04359239 0.4585285 -0.8879939 -0.03490984 0.5112813 -0.8569278 -0.06531697 0.5585733 -0.8265826 -0.06897199 0.6153507 -0.7860168 -0.05934035 0.6700169 -0.7410644 -0.04359996 0.7126695 -0.7006317 -0.03489273 0.7506464 -0.6592527 -0.04377222 0.7874943 -0.6142117 -0.05095887 0.8279879 -0.5572221 -0.06276893 0.8647285 -0.5010259 -0.03489696 0.8917472 -0.449409 -0.05309212 0.9202614 -0.3888684 -0.04359513 0.942542 -0.3322606 -0.03489297 0.9595983 -0.2755715 -0.05684578 0.9734648 -0.2203026 -0.06191164 0.9864977 -0.1516951 -0.06173402 0.9959239 -0.07895988 -0.04360109 0.9995234 -0.007793009 -0.02987211 -0.9987505 2.24163e-4 0.04997539 -0.9268907 0.006357252 0.3752776 -0.9473216 0.0076617 0.3201925 -0.9641337 0.004287242 0.2653827 -0.9877737 0.003159999 0.1558625 -0.8968284 0.002678692 0.4423706 -0.8686576 0.005118429 0.4953866 -0.8264173 0.004580855 0.5630396 -0.7846868 0.006818473 0.619855 -0.7182568 0.00525254 0.6957584 -0.6366325 0.003004968 0.7711615 -0.572457 0.002737462 0.8199303 -0.509257 0.004657208 0.8606019 -0.4374112 0.004749715 0.8992491 -0.3755636 0.005440413 0.9267807 -0.2824757 0.006302654 0.9592537 -0.1986284 0.006347298 0.9800544 -0.1052295 0.005782902 0.9944312 -0.8183505 0.1692709 0.5492266 -0.8586387 0.1738154 0.4822114 -0.8902404 0.1514364 0.4295799 -0.1889174 0.02758097 0.9816056 -0.8683516 0.1447579 0.4743528 -0.8541091 0.1309567 0.5033368 -0.7977342 0.1532374 0.583214 -0.6593859 0.2510372 0.7086541 -0.5876767 0.09238678 0.8038039 -0.6057992 0.1081521 0.7882325 -0.6607539 0.0988751 0.744062 -0.4686652 0.07642585 0.8800637 -0.4134004 0.08077973 0.9069591 -0.4470944 0.1021072 0.8886399 -0.3320813 0.08372712 0.9395275 -0.9804427 0.03943729 0.192813 -0.9940477 0.02232754 0.1066344 -0.9874826 0.01532834 0.1569817 -0.858426 0.01810139 0.5126181 -0.8079958 0.02224022 0.5887684 -0.7574288 0.02402359 0.6524758 -0.9699067 0.01926904 0.2427133 -0.947282 0.0258212 0.3193589 -0.9072491 0.01459085 0.4203408 -0.899547 0.109286 0.4229326 -0.9171473 0.03611713 0.3969086 -0.939796 0.06042683 0.3363512 -0.9621329 0.04718941 0.2684649 -0.9992727 0.008242905 0.03723239 -0.9995991 0.00480926 0.02790379 -0.9968828 0.006542503 0.07862538 -0.5389461 0.0729115 0.8391789 -0.5147569 0.09784853 0.8517342 -0.9049826 0.05923891 0.4213044 -0.8775695 0.04034864 0.4777486 -0.8635944 0.06950676 0.4993734 -0.8338845 0.04642224 0.5499834 -0.8214485 0.0786342 0.5648356 -0.7918967 0.05187481 0.608448 -0.7743836 0.08724874 0.626672 -0.7335929 0.06276857 0.6766843 -0.7226541 0.09533888 0.6846033 -0.6742354 0.06822884 0.7353581 -0.6092821 0.07165789 0.7897091 -0.6409444 0.1240177 0.7575024 -0.6597222 0.1417584 0.7380184 -0.7078065 0.1290945 0.6945104 -0.7065548 0.1588787 0.6895925 -0.7822634 0.141557 0.6066511 -0.8822124 0.08800613 0.4625541 -0.8447748 0.09660011 0.5263307 -0.8514766 0.1178692 0.5109743 -0.8060489 0.1109684 0.581353 -0.7573762 0.1179016 0.6422465 -0.73853 0.1965208 0.6449442 -0.7681799 0.2141489 0.6033572 -0.8008679 0.2003504 0.5643319 -0.4803622 0.1197263 0.8688601 -0.5445604 0.1144793 0.8308722 -0.5142934 0.1385627 0.8463468 -0.5747925 0.1322018 0.8075496 -0.5485168 0.1579917 0.8210774 -0.6052417 0.1504022 0.7817043 -0.5834105 0.1785773 0.792302 -0.640327 0.1721853 0.7485544 -0.6385107 0.2001627 0.743128 -0.7166961 0.1812133 0.6734304 -0.9136596 0.07878398 0.3987721 -0.3777387 0.1057159 0.9198575 -0.414218 0.1242815 0.9016526 -0.4518884 0.1441571 0.8803497 -0.4900075 0.1647267 0.8560128 -0.5284213 0.1870422 0.8281221 -0.5723181 0.2130206 0.7918803 -0.6513371 0.2256022 0.7244747 -0.7160601 0.2336996 0.6577557 -0.1464461 0.01509052 0.9891036 -0.2736981 0.06025594 0.9599264 -0.2935999 0.03351837 0.9553406 -0.2345007 0.01418465 0.9720125 -0.3223729 0.01395672 0.9465099 -0.4087148 0.01301479 0.9125695 -0.4923874 0.01218724 0.8702908 -0.5818066 0.01339626 0.8132168 -0.6569666 0.009586393 0.7538588 -0.6710353 0.02398067 0.7410376 -0.6120738 0.0280869 0.7903018 -0.5358031 0.03016293 0.8438041 -0.4560338 0.03188061 0.8893913 -0.3739923 0.03319525 0.9268376 -0.9993941 0.01185655 0.03272527 -0.9959644 0.02731949 0.08549016 -0.9859911 0.05284833 0.1582046 -0.9760614 0.06941056 0.2061224 -0.963082 0.06874805 0.2602822 -0.95438 0.09814888 0.2820029 -0.932715 0.09540897 0.3477643 -0.9286274 0.1268147 0.3486679 -0.3717364 0.06048023 0.9263662 -0.4281101 0.05668991 0.9019469 -0.5041047 0.05407619 0.861948 -0.5774746 0.05101072 0.8148136 -0.6472394 0.04751855 0.7608043 -0.7124127 0.04160809 0.7005262 -0.8196318 0.2231822 0.5276303 -0.8032396 0.2235329 0.5521225 -0.8503199 0.2007979 0.4864528 -0.5091764 0.3447946 0.7885786 -0.5527644 0.333617 0.7636435 -0.5895643 0.3212925 0.7410703 -0.6159039 0.3152273 0.722007 -0.6621671 0.2999988 0.6866844 -0.6907034 0.2874413 0.6635559 -0.3769925 0.3461068 0.8591197 -0.7629435 0.2428804 0.5991047 -0.7878081 0.241191 0.5667322 -0.7204051 0.2612233 0.6424787 -0.7390987 0.2637656 0.6198071 -0.6455907 0.2825008 0.7095111 -0.6869828 0.2844343 0.6686941 -0.5904058 0.3015194 0.7486702 -0.6309912 0.3037082 0.7138707 -0.5259314 0.317299 0.7891246 -0.5725291 0.3209388 0.7544593 -0.4592788 0.330805 0.8243975 -0.5116651 0.3363573 0.7906091 -0.4414739 0.3536646 0.8246346 -0.88047 0.1826704 0.4374976 -0.8481526 0.2029824 0.4893214 -0.8146623 0.2311226 0.5318909 -0.7720696 0.2532694 0.5828921 -0.7947042 0.2372115 0.558727 -0.7291021 0.2734498 0.6274037 -0.7661464 0.249806 0.5921291 -0.7522437 0.2414934 0.6130339 -0.8199498 0.2112779 0.532019 -0.6215841 0.3035219 0.7221549 -0.7106925 0.2711396 0.649153 -0.6680378 0.2733862 0.6920879 -0.9652559 0.1030092 0.240146 -0.968604 0.09506332 0.2297156 -0.9398663 0.1347092 0.3138548 -0.9292386 0.1420167 0.3410966 -0.9995303 0.011689 0.02832973 -0.9929484 0.04573529 0.109371 -0.8452263 0.2131095 0.4900786 -0.8776529 0.1894555 0.4402638 -0.9099619 0.1634981 0.3811005 -0.999459 0.01322746 0.03011441 -0.9902979 0.054865 0.1276721 -0.999058 0.01693361 0.03995645 -0.9890419 0.05902618 0.1353221 -0.9987854 0.02348268 0.04331809 -0.9664165 0.1002613 0.2366154 -0.8957914 0.1701575 0.4106145 -0.9277332 0.1436365 0.3444992 -0.9444382 0.1270538 0.3031404 -0.3333532 0.3291603 0.8834756 -0.2915628 0.3084035 0.9054715 -0.4165409 0.3183001 0.8515743 -0.3797339 0.3019009 0.8744472 -0.487069 0.307677 0.8173731 -0.4536072 0.294345 0.8411905 -0.5351995 0.2967264 0.7908951 -0.5126415 0.2851622 0.8098651 -0.5872353 0.2769852 0.7605485 -0.2812824 0.2847313 0.9164106 -0.2280948 0.2548371 0.9396972 -0.3458248 0.2808742 0.8952738 -0.3143829 0.2552675 0.9143315 -0.4228594 0.2769542 0.8628363 -0.3938403 0.2545744 0.8832224 -0.4979378 0.270501 0.8239461 -0.4718946 0.2519562 0.8448867 -0.5705195 0.2620374 0.7783598 -0.5477144 0.2475249 0.7992124 -0.6396983 0.2515846 0.726286 -0.6198051 0.2407711 0.7469076 -0.704644 0.2392567 0.6680069 -0.6876075 0.2321699 0.6879631 -0.7640686 0.224772 0.6047123 -0.7501068 0.2216811 0.6230548 -0.8177854 0.2087363 0.5363361 -0.8063978 0.2093091 0.5530935 -0.8648901 0.1910905 0.4641656 -0.8558033 0.1952234 0.4790499 -0.9050016 0.1721075 0.3890388 -0.8980398 0.1797862 0.4014989 -0.9378589 0.152023 0.3119451 -0.9326089 0.1630195 0.321971 -0.9634375 0.131165 0.2336322 -0.9595963 0.1453828 0.2409126 -0.9846879 0.1056599 0.138657 -0.983731 0.1217383 0.1321101 -0.9954738 0.08276033 0.04672122 -0.6611119 0.2588802 0.7042104 -0.7226123 0.2428705 0.6471827 -0.7791749 0.2251412 0.5849769 -0.8299075 0.2056779 0.5186041 -0.8743571 0.1847651 0.4487336 -0.9123294 0.162806 0.3756985 -0.9432128 0.1397559 0.3013602 -0.9672998 0.1161968 0.2254538 -0.9875995 0.08648753 0.1310235 -0.9970119 0.0627923 0.04499286 -0.9820694 0.1694236 0.08267641 -0.9876729 0.1556265 0.01681357 -0.9850953 0.1489137 0.08609288 -0.9906486 0.1354156 0.01667082 -0.9924945 0.1203168 0.02187758 -0.9872044 0.1306409 0.09143632 -0.9942414 0.1027431 0.03046393 -0.9947205 0.09547948 0.03761357 -0.1526618 0.1497315 0.97687 -0.2355296 0.159489 0.9586914 -0.3215808 0.169771 0.9315384 -0.4066412 0.178631 0.8959542 -0.4897803 0.1862032 0.8517299 -0.5696587 0.1922362 0.7990834 -0.6448668 0.19641 0.7386272 -0.7144642 0.1988641 0.6708159 -0.777203 0.1993061 0.5968523 -0.8325212 0.1980632 0.5173776 -0.8795306 0.1948469 0.4341204 -0.9180107 0.1899236 0.348117 -0.9478734 0.183521 0.2604921 -0.9691994 0.1757579 0.1725156 -0.2124775 0.2240452 0.9511346 -0.1696825 0.1862233 0.9677441 -0.2856247 0.2262471 0.9312523 -0.2594854 0.1943923 0.9459804 -0.367536 0.2292109 0.9013211 -0.3434057 0.2008028 0.9174697 -0.4481313 0.2303046 0.8637929 -0.4264089 0.2058193 0.8808031 -0.5265988 0.2297256 0.8184863 -0.5072906 0.2092275 0.8359907 -0.601671 0.2272149 0.765745 -0.5847063 0.2107359 0.7833959 -0.6720361 0.2225318 0.7062911 -0.6577476 0.2105305 0.7232186 -0.7370868 0.216068 0.6403262 -0.7251222 0.2083389 0.6563481 -0.7956927 0.207647 0.5689956 -0.7860287 0.2043544 0.5834366 -0.8473891 0.1976523 0.4928136 -0.8395729 0.1985068 0.5056803 -0.8914192 0.1859846 0.4132574 -0.8851751 0.1908924 0.4242939 -0.9275363 0.1729305 0.3313181 -0.9227052 0.1819398 0.3398721 -0.955673 0.1587361 0.2479761 -0.9517631 0.1714351 0.254474 -0.9737027 0.1470482 0.1740112 -0.9726063 0.1597781 0.1688435 -0.998744 0.03718501 0.03358292 -0.9895178 0.06789255 0.1274572 -0.9692087 0.1023728 0.2239516 -0.9462996 0.1286571 0.2965883 -0.9194545 0.1518557 0.3626893 -0.8841644 0.1764444 0.4325745 -0.8424078 0.200126 0.5002986 -0.7949193 0.2223303 0.564511 -0.7417166 0.2431402 0.6250914 -0.6947964 0.2598413 0.6706269 -0.971317 0.2158553 0.09974902 -0.9762706 0.2153031 0.02324289 -0.977723 0.2080584 0.02774041 -0.9371443 0.2093354 0.2791764 -0.8726783 0.1979476 0.4463735 -0.9275677 0.2084309 0.3101206 -0.949223 0.2114053 0.2329879 -0.9671339 0.2068066 0.1479295 -0.8160626 0.1849619 0.5475682 -0.776729 0.1733896 0.6054983 -0.7263011 0.1681599 0.66649 -0.6854307 0.1564227 0.7111377 -0.9975871 0.06942284 7.42115e-4 -0.9950022 0.0980786 0.0187453 -0.9922813 0.09033757 0.0849536 -0.9869604 0.1609606 9.89795e-4 -0.9807677 0.1935389 0.02524751 -0.9765552 0.187682 0.1054304 -0.1094325 0.02216279 0.9937472 -0.2406514 0.04784369 0.9694318 -0.3873937 0.07865881 0.9185526 -0.5377726 0.1087293 0.8360493 -0.684369 0.1393414 0.7156976 -0.8051137 0.1598641 0.5711703 -0.8974349 0.1791438 0.4031355 -0.9429967 0.1790789 0.2805136 -0.9996722 0.009988963 0.02357399 -0.9991558 0.03361207 0.02362293 -0.9965157 0.01022225 0.08277761 -0.9956441 0.04133158 0.08357375 -0.9841048 0.01136153 0.1772249 -0.9671902 0.03787976 0.2512138 -0.9095284 0.03564512 0.4141107 -0.9387438 0.01086568 0.3444444 -0.9653488 0.008028745 0.2608398 -0.8246923 0.03233575 0.5646566 -0.8651981 0.01001644 0.5013303 -0.905679 0.007634758 0.4238954 -0.7152373 0.02804398 0.6983188 -0.765687 0.008829116 0.6431528 -0.8187251 0.00693053 0.5741439 -0.5844044 0.02290207 0.8111394 -0.64317 0.007317543 0.7656885 -0.7070733 0.00612843 0.7071138 -0.4361308 0.0170592 0.8997216 -0.5012795 0.005515992 0.8652678 -0.5741384 0.004931986 0.8187435 -0.2748492 0.01069414 0.961428 -0.3443081 0.003669559 0.9388496 -0.4238914 0.003775954 0.9057052 -0.1164323 0.004730582 0.9931874 -0.1772025 0.001762688 0.9841728 -0.2610844 0.002624392 0.9653125 -0.09003418 0.001010596 0.9959383 -0.9604736 0.08845669 0.263943 -0.9009633 0.08309859 0.4258638 -0.8146738 0.07532441 0.5750069 -0.7040808 0.06525164 0.7071157 -0.5724664 0.05319476 0.8182008 -0.4238572 0.0396018 0.9048629 -0.2626689 0.02485412 0.9645659 -0.1130949 0.01096439 0.9935237 -0.9915013 0.1279812 0.02336424 -0.986055 0.1391726 0.09124994 -0.9546399 0.1380571 0.2638238 -0.8954635 0.129558 0.4258638 -0.8095858 0.1172054 0.5751817 -0.6996846 0.101476 0.7072086 -0.5690155 0.08277153 0.8181506 -0.4213163 0.06151634 0.9048251 -0.2609956 0.03836995 0.9645771 -0.1123366 0.0167669 0.9935288 -0.07847571 8.84945e-4 0.9969156 -0.1453233 0.00413829 0.9893757 -0.1564623 1.37545e-7 0.987684 -0.2334619 8.70706e-4 0.9723656 -0.2983292 0.008098006 0.9544287 -0.3089964 3.9523e-7 0.9510632 -0.3826783 8.38772e-4 0.9238814 -0.4439149 0.01185119 0.8959907 -0.4540171 2.1467e-7 0.890993 -0.5245976 6.44684e-4 0.8513501 -0.5726919 0.01757591 0.8195824 -0.6229868 1.16712e-4 0.7822324 -0.6890795 0.02093541 0.7243834 -0.7271458 0 0.6864831 -0.7931104 0.0239728 0.6086059 -0.8241543 0 0.5663655 -0.8784809 0.02655267 0.4770391 -0.9026075 0 0.4304647 -0.9422445 0.02847325 0.3337135 -0.9588348 0 0.2839644 -0.9828122 0.02969932 0.1822038 -0.9914506 0 0.1304832 -0.9983987 0.03448581 0.04484295 -0.9998074 0 0.01962959 -0.5070552 3.84171e-7 0.8619136 -0.5824723 -5.45489e-4 0.8128504 -0.4802796 -8.51051e-4 0.8771151 -0.6541981 -4.10193e-4 0.7563232 -0.3008702 -0.001029968 0.9536646 -0.3696815 -0.001315772 0.9291577 -0.4232967 -0.001975119 0.9059891 -0.1305025 -0.001056909 0.9914475 -0.08730983 -0.002102017 0.996179 -0.2025058 -0.001369059 0.9792802 -0.2592462 -0.002054333 0.9658091 -0.6654499 0 0.7464426 -0.746985 -1.11722e-5 0.6648409 -0.7844579 1.14344e-5 0.620182 -0.8510847 0 0.5250287 -0.8802332 0 0.4745414 -0.9293223 -1.11722e-5 0.3692697 -0.9492615 1.28539e-5 0.3144881 -0.9793272 0 0.2022832 -0.9894506 -1.11632e-6 0.1448714 -0.9995771 0 0.02908438 -0.9990484 0 0.04361885 -0.1751205 8.02772e-4 0.9845468 -0.3430038 8.18213e-4 0.9393337 -0.5005834 7.68379e-4 0.8656881 -0.6429314 8.86609e-4 0.7659233 -0.765924 8.86558e-4 0.6429306 -0.8656882 7.68516e-4 0.5005831 -0.9393325 8.15143e-4 0.3430073 -0.9845461 8.03242e-4 0.1751242 -0.9996381 3.12245e-4 0.02689951 -0.3181875 0.9423121 0.1039458 -0.3783839 0.9223192 0.07844012 -0.3425172 0.9285123 0.1433415 -0.5083283 0.8538207 0.1122178 -0.5825541 0.8050128 0.112184 -0.5458978 0.8197541 0.1732015 -0.7759202 0.6220631 0.1048115 -0.8260139 0.5487809 0.1286103 -0.8009631 0.5742155 0.169513 -0.9457706 0.3110706 0.09355825 -0.9655046 0.2482879 0.07844865 -0.9543994 0.2469567 0.1677325 -0.9773926 0.1768464 0.1158841 -0.9915231 0.1035748 0.07844901 -0.9792831 0.1223976 0.1613181 -0.01907581 0.1565108 0.987492 -0.002829253 0.1132954 0.9935573 -0.007961809 0.2095529 0.977765 -0.03654491 0.3104164 0.949898 -0.006875574 0.2756599 0.9612307 -0.01147621 0.3596966 0.9329988 -0.05296415 0.4564771 0.8881575 -0.01060688 0.4304873 0.9025344 -0.01596873 0.5074477 0.8615347 -0.06801009 0.5909314 0.8038501 -0.01404482 0.573507 0.8190804 -0.02000033 0.6415116 0.7668527 -0.08131533 0.710366 0.6991195 -0.0170952 0.700815 0.7131382 -0.02346712 0.7582595 0.6515303 -0.09250903 0.811762 0.5766148 -0.0196889 0.8088601 0.5876715 -0.02628058 0.8546128 0.5186002 -0.1013603 0.8925095 0.4394919 -0.0569337 0.145735 0.9876841 -0.03896057 0.1514996 0.9876892 -0.1109818 0.2884315 0.951047 -0.07540285 0.2997127 0.9510452 -0.1623005 0.4240037 0.8909993 -0.1100069 0.4404878 0.8909932 -0.2096199 0.5491592 0.8090018 -0.1419095 0.5703761 0.8090322 -0.2517826 0.6607686 0.7071 -0.1702988 0.686311 0.7070896 -0.2877374 0.7561459 0.5877506 -0.1944851 0.7853334 0.5877305 -0.3166048 0.8328829 0.4539467 -0.2139446 0.8649133 0.4540404 -0.3376861 0.8891036 0.3089709 -0.228048 0.9233325 0.3089519 -0.1076023 0.9506059 0.2911534 -0.139261 0.07133811 0.9876828 -0.1296476 0.0876047 0.9876827 -0.2743411 0.142306 0.9510447 -0.2551876 0.1743371 0.9510446 -0.4026521 0.2097476 0.8909979 -0.3744336 0.2567501 0.8909988 -0.5210577 0.2720384 0.8090081 -0.484453 0.332827 0.8090313 -0.6266344 0.327633 0.7070968 -0.5825722 0.4007731 0.7071001 -0.7167948 0.3751946 0.5877367 -0.6663316 0.4588029 0.5877943 -0.7892795 0.4134423 0.4539861 -0.7336923 0.5055785 0.453967 -0.842346 0.4415765 0.3089715 -0.7829774 0.5398802 0.3089917 -0.8689265 0.4697918 0.1557646 -0.1049122 0.1160805 0.9876835 -0.09015595 0.1278829 0.9876831 -0.2060484 0.2303339 0.951047 -0.1767804 0.2534626 0.951055 -0.3021177 0.3389402 0.8909796 -0.2590587 0.3728868 0.8909794 -0.3907337 0.4391461 0.8089982 -0.3349484 0.4829909 0.8090299 -0.4697301 0.5285106 0.7071282 -0.4025983 0.5813196 0.7070942 -0.5371693 0.6049708 0.5877581 -0.4603307 0.6653163 0.5877498 -0.5913814 0.6664436 0.4540055 -0.5067322 0.7328931 0.4539716 -0.6309993 0.7116445 0.3088722 -0.5406303 0.7824884 0.308919 -0.6476889 0.7470704 0.1496162 -0.02171504 0.8947029 0.4461339 -0.02837049 0.9279072 0.3717302 -0.0231617 0.9560589 0.2922587 -0.02967518 0.9761649 0.2149922 -0.2207688 0.9594934 0.1750246 -0.113485 0.9799801 0.1635859 -0.02995586 0.9920978 0.1218383 -0.1555071 0.01731938 0.9876829 -0.3069747 0.03577411 0.9510451 -0.4508253 0.05330544 0.8910191 -0.5836713 0.06959825 0.8090018 -0.7020908 0.08413302 0.7070998 -0.8032473 0.09661853 0.5877575 -0.8846269 0.1067337 0.4539198 -0.9441893 0.1141761 0.308983 -0.152248 0.0359041 0.98769 -0.3004226 0.07251346 0.9510458 -0.4411447 0.1072882 0.8909998 -0.5709974 0.1394119 0.8090281 -0.6868054 0.168118 0.7071314 -0.7857685 0.1927692 0.5877142 -0.8653123 0.2125909 0.453916 -0.9235445 0.2271574 0.3089743 -0.9180133 0.3887214 0.0784046 -0.9192406 0.3579519 0.1639121 -0.889445 0.3369024 0.3088439 -0.8333613 0.3152989 0.4539776 -0.7567791 0.2860346 0.5877668 -0.6615553 0.2497089 0.7070998 -0.550053 0.2072547 0.8090039 -0.4249695 0.1596479 0.8910183 -0.2894945 0.1082003 0.9510446 -0.1468427 0.05403089 0.9876832 -0.8918617 0.4454557 0.07843339 -0.8509132 0.5023522 0.1535874 -0.7220834 0.6873468 0.0784223 -0.7325618 0.6592495 0.1695387 -0.7121772 0.630409 0.3088501 -0.6674019 0.5903108 0.453991 -0.6061744 0.5357978 0.5877698 -0.5300186 0.4680774 0.7070953 -0.4408141 0.3888341 0.8090062 -0.3407415 0.2999666 0.8910194 -0.2323091 0.2038176 0.9510473 -0.1181408 0.1025898 0.9876832 -0.678389 0.7305072 0.07840728 -0.6247165 0.7701156 0.1290408 -0.4333978 0.8977845 0.07841789 -0.4518467 0.8751206 0.173201 -0.4423865 0.8419293 0.3089489 -0.4146901 0.788651 0.4539402 -0.3767797 0.7159562 0.5877448 -0.3295944 0.6255986 0.7071024 -0.2742874 0.5198687 0.8090137 -0.2122285 0.4012931 0.8910236 -0.1449412 0.2729071 0.9510593 -0.07408493 0.1377738 0.9876891 -0.2640384 0.9597785 0.09544092 -0.1768465 0.9773899 0.1159065 -0.08911758 0.992931 0.07839739 -0.02011007 0.9990277 0.03923457 0.04024952 0.9984196 0.03922241 0.02399569 0.9932786 0.1132336 0.02967417 0.9788821 0.2022608 0.02318137 0.9610103 0.2755394 0.02836871 0.9326786 0.3595913 0.02171587 0.9023661 0.430423 0.0262798 0.8613052 0.5074079 0.01968312 0.8189993 0.573457 0.02346748 0.7667341 0.6415357 0.01709729 0.7131531 0.7007999 0.01999723 0.651483 0.7583997 0.01405662 0.5876856 0.8089673 0.01597005 0.5186911 0.8548126 0.01060271 0.4461784 0.8948813 0.01147907 0.3718475 0.9282229 0.006875097 0.2923624 0.9562829 -0.01092135 0.1803669 0.9835388 -0.02387708 0.1130815 0.9932988 0.977394 0.176844 0.1158763 0.9597783 0.2640432 0.09543031 0.9594928 0.2207602 0.1750388 0.8538228 0.5083273 0.1122054 0.8050078 0.5825557 0.1122117 0.8197467 0.5459107 0.1731958 0.6220673 0.775923 0.1047662 0.5487896 0.8260106 0.1285944 0.5742151 0.800965 0.1695055 0.3110707 0.9457699 0.0935651 0.2482892 0.9655038 0.07845246 0.2469822 0.9543898 0.1677496 0.1768471 0.9773932 0.1158785 0.1035786 0.9915244 0.07842832 0.1147319 0.9801299 0.161809 0.016779 0.1439247 0.9894465 0.03264468 0.2893179 0.9566763 0.04934906 0.4367268 0.8982396 0.06473743 0.5729905 0.8170011 0.07845193 0.6947162 0.7149929 0.09014862 0.798792 0.5948148 0.09954476 0.8825685 0.4595257 0.1063847 0.9439252 0.3125504 0.07133704 0.1392594 0.9876831 0.08760356 0.1296469 0.9876828 0.1423057 0.2743411 0.9510447 0.1743357 0.2551891 0.9510446 0.2097452 0.4026495 0.8909997 0.2567386 0.374427 0.8910049 0.2720468 0.5210606 0.8090034 0.3328989 0.4844826 0.808984 0.3276252 0.626631 0.7071035 0.4007776 0.5825729 0.707097 0.3751711 0.7167836 0.5877652 0.4587841 0.6663264 0.5878149 0.4134317 0.789278 0.4539986 0.5055561 0.733689 0.4539974 0.4415708 0.8423463 0.308979 0.5399418 0.7829737 0.3088933 0.4697881 0.8689274 0.1557705 0.1160834 0.1049137 0.9876831 0.1278817 0.09015667 0.9876832 0.2303337 0.2060483 0.9510471 0.2534488 0.1767784 0.951059 0.3388496 0.3020993 0.8910203 0.372847 0.2590571 0.8909965 0.4391282 0.3907307 0.8090093 0.482995 0.3349489 0.8090272 0.5285372 0.4697302 0.7071083 0.5813521 0.4025961 0.7070686 0.6049417 0.5371712 0.5877863 0.6653146 0.4603322 0.5877506 0.6665143 0.5913735 0.4539119 0.7328974 0.5067316 0.4539656 0.7116311 0.6310051 0.3088915 0.7824441 0.540654 0.3089894 0.7470731 0.6476846 0.149621 0.1457415 0.05693185 0.9876832 0.1515432 0.03894948 0.9876829 0.2884366 0.1109813 0.9510455 0.2997122 0.0754047 0.9510452 0.424004 0.1623007 0.890999 0.4404743 0.1100105 0.8909996 0.5491127 0.2096294 0.8090308 0.5704159 0.1418996 0.8090056 0.6607353 0.2517924 0.7071276 0.6862632 0.1703152 0.707132 0.7561468 0.2877335 0.5877513 0.7852858 0.1945084 0.5877863 0.8328174 0.3166419 0.454041 0.8649669 0.2139093 0.453955 0.8891015 0.3376874 0.3089752 0.9233219 0.228056 0.308978 0.9285146 0.3425142 0.1433345 0.03593903 0.1522869 0.9876828 0.07251465 0.3004245 0.9510452 0.1072658 0.4411209 0.8910143 0.1394116 0.5709947 0.8090299 0.168173 0.6868517 0.7070732 0.1927226 0.7857406 0.5877669 0.212588 0.8653071 0.4539273 0.2272098 0.9235597 0.3088904 0.3886774 0.9180315 0.07841032 0.3579573 0.9192389 0.1639099 0.3368797 0.8894428 0.3088748 0.3153464 0.8333781 0.4539138 0.2860508 0.7567896 0.5877453 0.2497324 0.6615754 0.7070727 0.2072492 0.550046 0.8090101 0.1596878 0.4250014 0.8909959 0.1081965 0.2894899 0.9510464 0.05399256 0.1468101 0.98769 0.4454542 0.8918576 0.0784887 0.5023544 0.8509054 0.1536239 0.6873437 0.722087 0.07841604 0.659251 0.7325629 0.1695284 0.6302769 0.712202 0.3090625 0.5903694 0.6673997 0.4539181 0.5358179 0.6061748 0.5877511 0.4680426 0.530011 0.7071241 0.3888024 0.4408072 0.8090253 0.30002 0.340758 0.890995 0.2037845 0.2322987 0.9510569 0.10259 0.1181408 0.9876832 0.7305031 0.6783898 0.07843858 0.7701039 0.624731 0.1290398 0.8977842 0.4333984 0.07841932 0.8751192 0.4518464 0.173209 0.8418938 0.4424079 0.3090147 0.7886641 0.4146835 0.4539236 0.715951 0.3767791 0.5877513 0.6256047 0.3295938 0.7070974 0.5198374 0.2742893 0.8090332 0.4013485 0.2122262 0.8909992 0.2729583 0.1449391 0.9510449 0.1378194 0.07408499 0.9876828 0.9223213 0.3783777 0.0784465 0.9423122 0.3181889 0.1039413 0.9929296 0.0891118 0.07842081 0.9780297 0.1132136 0.175045 0.9440624 0.1151201 0.3090204 0.8844419 0.1080917 0.4539592 0.8030061 0.09843462 0.5877856 0.7018263 0.08633279 0.7070972 0.5833238 0.07212686 0.8090311 0.4505228 0.05611473 0.8909996 0.3066149 0.03872925 0.9510455 0.1550868 0.02041655 0.9876899 0.1453703 0.005490899 0.9893621 0.2984361 0.009396851 0.9543835 0.4441351 0.01307654 0.8958644 0.5788304 0.01644086 0.8152823 0.7017937 0.01743483 0.7121669 0.8238775 0.02490437 0.5662205 0.902265 0.02726733 0.430319 0.9584285 0.02896279 0.2838594 0.991003 0.02994406 0.1304471 0.9987757 0.03015738 0.03921288 0 -1 0 0 -1 -3.62156e-6 0 -1 3.6215e-6 0 -1 2.81984e-6 0 -1 2.96877e-6 0 -1 6.23561e-6 0 -1 -6.87644e-6 0 -1 2.87573e-6 0 -1 -2.78837e-6 0 -1 -1.33217e-5 0 -1 -1.90465e-6 0 -1 -9.60145e-6 0 -1 1.01828e-5 0 -1 -3.93612e-6 0.0872004 -6.91587e-4 0.9961906 0.1736476 -0.001005589 0.9848074 0.1736532 -3.52622e-7 0.9848068 0.258845 -6.9001e-4 0.9659187 0.3420208 -0.001056611 0.9396919 0.3420253 -3.61819e-7 0.9396908 0.422613 -6.71004e-4 0.90631 0.5035066 -9.20905e-4 0.8639909 0.5070504 -6.8685e-7 0.8619166 0.5824805 -5.45523e-4 0.8128446 0.6358001 -5.47948e-4 0.7718536 0.6795931 0 0.7335894 0.7469822 2.52728e-7 0.664844 0.7844558 0 0.6201847 0.8510825 -1.11631e-6 0.5250321 0.8802313 -1.11722e-5 0.4745449 0.9293238 1.39728e-5 0.369266 0.9492627 0 0.3144842 0.9793279 -1.11631e-6 0.2022794 0.9894511 -1.11722e-5 0.1448675 0.9983084 5.57326e-6 0.05814194 0.9997623 0 0.02180445 0.6015867 0.002585589 0.7988035 0.6268319 0.003881216 0.7791449 0.3343558 0.001640141 0.9424455 0.3834528 0.002461433 0.9235572 0.4778234 0.001538455 0.8784547 0.5234526 0.002308249 0.8520516 0.07847297 0.002672076 0.9969127 0.1825511 0.001724183 0.983195 0.2339645 0.002581954 0.9722417 0.7097858 0 0.7044177 0.7933244 0 0.6087993 0.8787939 0 0.4772017 0.9426261 0 0.3338504 0.9832466 0 0.1822807 0.9996575 1.46683e-7 0.02617543 0.08283692 0.001021444 0.9965626 0.1751211 8.02402e-4 0.9845466 0.176922 9.07543e-4 0.9842245 0.2474184 0.002034604 0.9689066 0.3430049 8.18329e-4 0.9393333 0.344348 0.002557873 0.9388386 0.4111223 0.0036605 0.9115729 0.5005841 7.68473e-4 0.8656877 0.5009965 0.004115462 0.8654397 0.5624616 0.00516498 0.8268073 0.6429327 8.86896e-4 0.7659223 0.6433963 0.005499899 0.7655135 0.6968552 0.006507754 0.7171823 0.7071056 0.001577019 0.7071062 0.7657046 0.006714701 0.6431576 0.7842381 5.24928e-4 0.6204597 0.8102789 0.007642924 0.5859948 0.8191516 0.001576304 0.573575 0.8653391 0.00768733 0.501128 0.8797988 5.24893e-4 0.4753459 0.8993427 0.008539021 0.4371613 0.939333 8.18257e-4 0.3430057 0.9389758 0.008395314 0.3438808 0.961345 0.009168028 0.275194 0.9845469 8.03125e-4 0.1751196 0.9996178 0.0138942 0.02390331 0.9989974 5.22547e-4 0.04476571 0.9944313 0.009510576 0.1049573 0.9842523 0.00883013 0.1765491 0.9863222 0.1648277 7.3722e-4 0.9904824 0.1363581 0.01873821 0.9860337 0.1432526 0.08494871 0.9973077 0.07332384 9.91289e-4 0.9988448 0.04416924 0.01892793 0.9953677 0.04499185 0.08496427 0.1079677 0.02048397 0.9939434 0.1221506 0.003754198 0.9925045 0.274969 0.009634733 0.9614049 0.4362696 0.01605981 0.8996727 0.5845272 0.02199441 0.8110759 0.7153562 0.02724987 0.6982285 0.8247822 0.03168582 0.5645622 0.9095992 0.03515166 0.4139973 0.9672293 0.03756409 0.2511108 0.9794915 0.1998941 0.02527803 0.9481857 0.1902111 0.2544871 0.9795517 0.1873165 0.07342416 0.8895205 0.1729965 0.4228779 0.805358 0.1595012 0.5709273 0.6814228 0.1368542 0.7189812 0.543555 0.1093083 0.8322258 0.3921623 0.07870543 0.916523 0.2400377 0.0479108 0.9695805 0.954705 0.1376106 0.2638217 0.8954992 0.1290623 0.4259392 0.8097567 0.1165246 0.5750793 0.6999118 0.1005277 0.7071193 0.5692275 0.08154451 0.8181262 0.4214284 0.06020444 0.9048611 0.2611902 0.03702241 0.9645771 0.112537 0.01567721 0.9935238 0.9940428 0.1064597 0.02335387 0.991353 0.09430885 0.09124296 0.9604085 0.08829206 0.2642347 0.9010945 0.08247721 0.4257069 0.8147788 0.07445079 0.5749719 0.7041725 0.06421416 0.7071194 0.5726446 0.05203074 0.8181509 0.4240589 0.03830122 0.9048243 0.2627539 0.02347183 0.9645774 0.1130627 0.009895086 0.9935386 0.9767677 0.2104734 -0.04032236 0.9784088 0.2028326 -0.03969055 0.9837409 0.1753861 -0.03864836 0.9991103 0.01499629 -0.03941994 0.9987562 0.0385909 -0.03157252 0.9972249 0.0684278 -0.02932697 0.9882696 0.1494455 -0.03145396 0.9911465 0.121609 -0.05329257 0.9947404 0.09156775 -0.04590344 0.9944082 0.0968219 -0.04216498 0.986017 0.1648905 -0.02411764 0.9726456 0.2296584 -0.03489446 0.9540536 0.2964479 -0.04359304 0.9315379 0.3612586 -0.04158693 0.9017078 0.4307668 -0.03692054 0.8731049 0.4867931 -0.02683806 0.8401925 0.5411645 -0.03489714 0.8013457 0.5966111 -0.04359489 0.7566772 0.6525561 -0.040129 0.7051043 0.7080202 -0.03918516 0.6586058 0.7519088 -0.02952224 0.6113668 0.7905786 -0.03487825 0.5576102 0.8289572 -0.04359912 0.4941868 0.8684748 -0.03912818 0.426976 0.9033167 -0.04135626 0.367491 0.9294695 -0.03220331 0.3124042 0.9493089 -0.03487598 0.250526 0.9671276 -0.04360097 0.1745305 0.9838933 -0.03864353 0.1081876 0.9935176 -0.03490412 0.01869601 0.9988736 -0.04361295 -0.09682166 0.9944083 -0.04216319 -0.1649814 0.9860008 -0.02415573 -0.2296554 0.9726463 -0.03489387 -0.2964552 0.9540514 -0.04359281 -0.3611345 0.9315844 -0.04162412 -0.4307661 0.9017081 -0.03692138 -0.4867951 0.8731023 -0.02688914 -0.5411645 0.8401923 -0.03489881 -0.5965772 0.8013707 -0.04359573 -0.6525251 0.7567029 -0.04014801 -0.7080199 0.7051045 -0.03918594 -0.7519086 0.6586061 -0.02952253 -0.7905791 0.611366 -0.03487807 -0.828931 0.5576493 -0.04359745 -0.8684751 0.4941864 -0.03912734 -0.9033165 0.4269719 -0.0414043 -0.9294714 0.3674855 -0.03220623 -0.949311 0.3123978 -0.03487682 -0.9671275 0.2505264 -0.04360157 -0.9838933 0.1745296 -0.03864401 -0.9935178 0.1081859 -0.03490406 -0.9988736 0.01869624 -0.04361265 -0.9944083 -0.09682142 -0.04216462 -0.9860091 -0.1649354 -0.02413594 -0.9726464 -0.2296553 -0.03489434 -0.9540526 -0.2964516 -0.04359263 -0.9315857 -0.3611311 -0.04162395 -0.9017083 -0.4307659 -0.03692167 -0.873103 -0.4867941 -0.02688562 -0.840193 -0.5411635 -0.03489631 -0.8013433 -0.5966141 -0.04359585 -0.7567039 -0.6525238 -0.04014903 -0.705105 -0.7080194 -0.03918635 -0.658594 -0.7519173 -0.02956962 -0.6113659 -0.7905792 -0.03487724 -0.5576093 -0.8289579 -0.04359918 -0.4942216 -0.868454 -0.03915113 -0.4269807 -0.9033167 -0.0413087 -0.367486 -0.9294714 -0.03220432 -0.3123705 -0.9493187 -0.03491401 -0.2505263 -0.9671275 -0.04360109 -0.1745299 -0.9838933 -0.03864264 -0.108186 -0.9935178 -0.03490322 -0.01869612 -0.9988736 -0.04361248 0.09682154 -0.9944083 -0.0421642 0.1649358 -0.986009 -0.02413612 0.2296555 -0.9726463 -0.03489446 0.2964544 -0.9540516 -0.04359233 0.3611772 -0.9315683 -0.04161173 0.4307663 -0.901708 -0.03692233 0.4867943 -0.8731029 -0.02688533 0.5411648 -0.8401922 -0.03489691 0.5966169 -0.8013412 -0.04359531 0.6525254 -0.7567026 -0.04014676 0.708019 -0.7051056 -0.03918528 0.7519094 -0.6586053 -0.02952259 0.7905811 -0.6113632 -0.03487944 0.8289332 -0.557646 -0.04359894 0.8684546 -0.4942206 -0.03915023 0.9033164 -0.4269631 -0.04149866 0.9294717 -0.3674854 -0.03220093 0.9493112 -0.3123975 -0.03487163 0.9671267 -0.2505295 -0.04360228 0.9838931 -0.1745312 -0.03864383 0.9935179 -0.1081852 -0.03490364 0.9988737 -0.01869481 -0.04361182 0.9614848 -0.1970937 -0.1915754 0.8471454 -0.4978845 -0.1856229 0.788933 -0.5835175 -0.1925935 0.5634552 -0.8041968 -0.1891711 0.274362 -0.9445706 -0.1803113 0.1723358 -0.9660944 -0.1922549 -0.1496408 -0.9708157 -0.1874153 -0.2599569 -0.9486352 -0.1803159 -0.365002 -0.9163888 -0.1643325 -0.5387387 -0.820643 -0.1905403 -0.7759662 -0.6035633 -0.1832697 -0.8338721 -0.5172721 -0.1925796 -0.9571928 -0.2195511 -0.1886249 -0.9782022 -0.1089984 -0.1767477 0.001033604 -0.002681493 -0.9999959 4.07864e-4 -0.001853942 -0.9999983 0.0246396 -0.1609809 -0.98665 0 -0.01964658 -0.9998071 1.19447e-4 -0.0014835 -0.999999 0.006912767 -0.1642118 -0.986401 -0.002124428 -0.01954942 -0.9998067 9.45462e-4 0.01684886 -0.9998576 -0.0109291 -0.1639937 -0.9864009 8.95409e-5 2.74323e-4 -1 7.84702e-5 3.60666e-4 -1 -0.1582528 -0.07150304 -0.9848064 -0.1496192 -0.08823448 -0.9847989 -0.311046 -0.1422867 -0.9396835 -0.2938392 -0.1750841 -0.9396831 -0.4543646 -0.2087148 -0.8660202 -0.4291571 -0.2566587 -0.8659968 -0.5838667 -0.2687819 -0.7660653 -0.5514016 -0.3303703 -0.7660365 -0.6956788 -0.3207614 -0.6427621 -0.656907 -0.39406 -0.6427986 -0.7863094 -0.3629154 -0.50001 -0.7424753 -0.4458661 -0.499934 -0.8530663 -0.3940829 -0.3420186 -0.8054597 -0.4840345 -0.3419728 -0.8922599 -0.422106 -0.1603084 -9.63963e-5 5.48862e-4 -0.9999999 -1.74257e-4 6.11482e-4 -0.9999998 -0.1136025 -0.1313398 -0.9848068 -0.09873616 -0.142855 -0.9848065 -0.2225447 -0.2596976 -0.9396974 -0.1931661 -0.28228 -0.9396834 -0.3247275 -0.380168 -0.8660396 -0.2817243 -0.4131318 -0.8659986 -0.4170502 -0.4891384 -0.7660372 -0.3617201 -0.5313582 -0.7660399 -0.4966943 -0.5832155 -0.6427709 -0.4307287 -0.6334703 -0.6427972 -0.5612512 -0.6595364 -0.5000088 -0.486639 -0.7164189 -0.4999266 -0.608743 -0.7158818 -0.3419725 -0.5277844 -0.7774772 -0.342013 -0.6302796 -0.7578884 -0.168383 0.01705068 -0.3416182 -0.9396841 0.05388849 -0.3377751 -0.939683 0.02568924 -0.4993106 -0.8660423 0.0795229 -0.4936074 -0.8660416 0.0335794 -0.6418852 -0.7660653 0.1028075 -0.6345183 -0.76604 0.04048472 -0.7649976 -0.6427596 0.1229259 -0.756106 -0.6428009 0.04607647 -0.8647754 -0.5000405 0.1393771 -0.8547734 -0.4999365 0.05036836 -0.938362 -0.341965 0.151575 -0.9274344 -0.3418926 0.06246232 -0.984644 -0.1630176 0.001024425 -4.71601e-4 -0.9999994 9.56372e-4 -3.03394e-4 -0.9999995 0.07996368 -0.1541479 -0.9848067 0.09616196 -0.1446003 -0.9848064 0.1589164 -0.3028858 -0.9396839 0.190694 -0.2839087 -0.9396978 0.233003 -0.4423944 -0.8660236 0.2794392 -0.4145967 -0.866039 0.3000268 -0.5684757 -0.7660413 0.3597396 -0.5327083 -0.7660349 0.3578884 -0.6772645 -0.6428288 0.4290481 -0.6346092 -0.6427977 0.4049888 -0.76552 -0.4999634 0.4853462 -0.7172371 -0.5000101 0.4396359 -0.8304756 -0.3420972 0.5269584 -0.778073 -0.341932 0.4710805 -0.8653526 -0.1710213 8.06826e-4 -1.21726e-4 -0.9999998 7.26997e-4 -5.97837e-5 -0.9999998 0.1249993 -0.1205475 -0.9848064 0.1372967 -0.1063252 -0.9848068 0.2472662 -0.2362766 -0.9396982 0.2713614 -0.2081569 -0.9396988 0.3620712 -0.3448414 -0.8660191 0.3972308 -0.3036732 -0.8660199 0.4658409 -0.4429201 -0.766038 0.5109527 -0.3899536 -0.7660702 0.555473 -0.5275416 -0.6427673 0.6092538 -0.4643932 -0.6427666 0.6282131 -0.5961336 -0.4999731 0.689022 -0.5247104 -0.4999276 0.6818724 -0.6466073 -0.3419782 0.7478409 -0.5690745 -0.3418895 0.7222684 -0.6734171 -0.1576 3.77608e-4 9.2365e-5 -1 2.75373e-4 8.85128e-5 -1 0.164061 -0.05691927 -0.9848068 0.1692546 -0.0388478 -0.9848065 0.3236701 -0.1106061 -0.939683 0.3336843 -0.07497698 -0.9396986 0.4734015 -0.1609392 -0.8660194 0.4880246 -0.1088137 -0.8660206 0.6088023 -0.2063696 -0.7660101 0.6275061 -0.1393539 -0.7660397 0.7256463 -0.2455459 -0.6427634 0.7479061 -0.1656681 -0.642799 0.820438 -0.2772675 -0.5000043 0.845579 -0.1869558 -0.5000438 0.8903122 -0.3005683 -0.3420571 0.9176298 -0.2025076 -0.3419742 0.937594 -0.305708 -0.1657114 4.78001e-6 -9.81404e-4 -0.9999995 -1.39112e-5 3.36342e-5 -1 -0.1448942 -0.003927111 -0.9894394 -0.1727992 -0.0172286 -0.9848064 -0.3144697 -0.008526325 -0.9492293 -0.3401969 -0.03552109 -0.9396832 -0.4745267 -0.01286172 -0.8801472 -0.497222 -0.05271017 -0.8660208 -0.6201109 -0.01680797 -0.7843341 -0.6391537 -0.06830579 -0.7660399 -0.7468222 -0.02023708 -0.6647158 -0.7616561 -0.0818119 -0.6427962 -0.8508484 -0.02305066 -0.5249055 -0.8610315 -0.09285241 -0.5000033 -0.9290278 -0.02547758 -0.369132 -0.9342306 -0.1010445 -0.3420575 -0.9789772 -0.02668809 -0.2022167 7.17987e-5 1.15113e-4 -1 -0.1699228 -0.03581088 -0.9848065 -0.3343272 -0.07206386 -0.9396979 -0.4886432 -0.1061936 -0.865997 -0.6280254 -0.1370121 -0.7660365 -0.7483429 -0.1636809 -0.6427997 -0.8459594 -0.1854261 -0.4999697 -0.9178479 -0.2015101 -0.3419783 -0.9286835 -0.3199799 -0.18751 -0.8906596 -0.299485 -0.342103 -0.8209685 -0.2758337 -0.4999265 -0.7262806 -0.2436646 -0.642763 -0.6095256 -0.2041055 -0.7660416 -0.4742674 -0.1583671 -0.8660199 -0.3245754 -0.1077883 -0.9396982 -0.1650552 -0.05397218 -0.9848065 7.35109e-5 1.85913e-4 -1 -0.7484043 -0.5682782 -0.341981 -0.6899136 -0.5234962 -0.499971 -0.6104571 -0.4628067 -0.6427692 -0.5124487 -0.3880446 -0.7660404 -0.3988922 -0.3015539 -0.8659967 -0.2731679 -0.2057836 -0.9396982 -0.1391816 -0.1038496 -0.9848065 4.48365e-5 4.41719e-4 -1 -0.708617 -0.6821806 -0.1802542 -0.6825796 -0.6458421 -0.3420134 -0.6292704 -0.5950548 -0.4999287 -0.5568415 -0.5261001 -0.6427646 -0.4674902 -0.4411777 -0.7660386 -0.3639374 -0.3428664 -0.8660209 -0.2493314 -0.2341559 -0.9396834 -0.1271368 -0.1182877 -0.9848068 -3.51136e-5 4.78704e-4 -0.9999999 -0.4546272 -0.8700568 -0.1905658 -0.440604 -0.8300332 -0.3419257 -0.4063366 -0.7648043 -0.499965 -0.3597083 -0.6763618 -0.6427633 -0.3021529 -0.5673148 -0.7660663 -0.2354076 -0.4411274 -0.8660196 -0.1615133 -0.3015114 -0.9396831 -0.08271294 -0.1526918 -0.9848065 -2.78769e-4 6.20594e-4 -0.9999998 -3.8646e-4 6.22341e-4 -0.9999998 -0.06571871 -0.1607406 -0.9848064 -0.1279611 -0.3172563 -0.9396672 -0.1863398 -0.4639498 -0.8660416 -0.2390371 -0.5966964 -0.7660384 -0.2844724 -0.7112842 -0.6427677 -0.3212814 -0.8042231 -0.5000035 -0.3483274 -0.8727356 -0.3420539 -0.2519092 -0.9052973 -0.3420213 -0.2324619 -0.8342204 -0.500038 -0.2058996 -0.7378776 -0.6427613 -0.1731084 -0.6190779 -0.766013 -0.1350629 -0.4814605 -0.8659989 -0.09292066 -0.3291834 -0.939683 -0.04795438 -0.1669021 -0.9848066 -4.95834e-4 6.61765e-4 -0.9999997 -6.74901e-4 5.29406e-5 -0.9999998 -0.03024482 -0.1727621 -0.9844992 -0.05680048 -0.3372583 -0.9396971 -0.08221423 -0.4932464 -0.865996 -0.1051929 -0.6340941 -0.7660674 -0.1249164 -0.7558123 -0.6427626 -0.1408618 -0.854516 -0.4999605 -0.1525261 -0.9272518 -0.3419649 -0.04609483 -0.9815747 -0.1854355 -0.05136168 -0.9383203 -0.3419314 -0.04763174 -0.8647511 -0.4999367 -0.04246723 -0.7648856 -0.642765 -0.03599596 -0.641788 -0.7660369 -0.02842515 -0.4992004 -0.8660202 -0.0199849 -0.341459 -0.9396843 0.2508547 -0.905576 -0.3420588 0.2309009 -0.8346529 -0.5000395 0.2039595 -0.7383876 -0.6427942 0.170781 -0.6196602 -0.7660647 0.1324596 -0.4821474 -0.8660187 0.09009045 -0.329968 -0.9396834 0.04495608 -0.1677327 -0.984807 0.001087129 -7.45141e-4 -0.9999992 0.3719972 -0.9111793 -0.177117 0.3473514 -0.8731581 -0.341968 0.3198444 -0.8048176 -0.4999681 0.2826225 -0.7120203 -0.6427689 0.2368081 -0.597584 -0.7660388 0.1838124 -0.4649987 -0.8660192 0.1252046 -0.3182649 -0.9396975 0.06283062 -0.1618915 -0.9848064 0.001063525 -6.20275e-4 -0.9999993 0.6404789 -0.7443116 -0.1891747 0.6079403 -0.7165448 -0.3420122 0.5600553 -0.6605585 -0.5000007 0.4951831 -0.5845068 -0.642764 0.4151791 -0.490679 -0.7660681 0.3226209 -0.3819521 -0.8660419 0.2202711 -0.261626 -0.9396982 0.111231 -0.1333549 -0.9848067 8.91043e-4 -2.17821e-4 -0.9999997 5.95328e-4 3.48758e-5 -0.9999999 0.1479911 -0.09085756 -0.9848064 0.2923716 -0.1776005 -0.9396685 0.4277831 -0.2589448 -0.8659961 0.5501254 -0.3324251 -0.766065 0.6558942 -0.3957985 -0.6427647 0.7416512 -0.4471557 -0.5000053 0.804909 -0.4849197 -0.3420155 0.8953819 -0.405966 -0.1829831 0.852643 -0.3950363 -0.3419741 0.7856181 -0.3643605 -0.5000456 0.6948414 -0.322563 -0.6427664 0.5828794 -0.2709909 -0.7660389 0.4532253 -0.2111803 -0.8660195 0.309812 -0.1449524 -0.9396837 0.1569455 -0.07432407 -0.9848066 4.74276e-4 8.27765e-5 -0.9999999 0.9762969 -0.1006932 -0.1915865 0.9341451 -0.1021082 -0.341975 0.8608834 -0.09439593 -0.4999691 0.7614639 -0.08381414 -0.6427659 0.6388961 -0.07069027 -0.7660383 0.4969323 -0.05540949 -0.8660186 0.339881 -0.03844064 -0.9396826 0.1724623 -0.02032035 -0.9848065 2.10166e-4 6.01425e-5 -1 -9.20174e-4 -0.001085937 -0.9999991 0.1944852 -0.004739582 -0.980894 0.3595257 -0.008635818 -0.9330952 0.5139459 -0.01226091 -0.857735 0.6531417 -0.01551663 -0.7570767 0.7730756 -0.01828783 -0.6340503 0.8686442 -0.02388346 -0.4948606 0.933336 -0.02217006 -0.3583192 0.980882 -0.02312666 -0.1932244 -0.9996489 0.008288443 -0.02517026 -0.9763761 0.2115162 -0.04416674 -0.9798948 0.1963431 -0.03543502 -0.984381 0.1723599 -0.03586167 -0.9981429 0.05286669 -0.03026628 -0.9951382 0.08838427 -0.04345315 -0.9913373 0.1184667 -0.0567106 -0.9878057 0.1473251 -0.05035144 -0.999204 0.01005411 -0.03860318 -0.9983223 0.04626727 -0.03481429 -0.9966425 0.07543587 -0.03182989 -0.9933167 0.1067788 -0.04382228 -0.990081 0.136074 -0.0349785 -0.9860997 0.1630133 -0.03215616 -0.979316 0.1975945 -0.04355144 -0.9995408 0.01724499 -0.02491849 -1 0 0 -0.9995781 0 0.02904653 -0.03447735 0.9981635 -0.0498107 -0.08937972 0.9959976 0 -0.112469 0.993042 -0.03490567 -0.1670324 0.9859514 0 -0.1823014 0.9807003 -0.07066291 -0.2349675 0.9720032 0 -0.2443193 0.9669089 -0.07345378 -0.3103035 0.9506376 0 -0.3205316 0.9458952 -0.05041724 -0.3692148 0.9293442 0 -0.3895104 0.9199904 -0.04358309 -0.434751 0.9005507 0 -0.4537234 0.8904591 -0.03489679 -0.4999958 0.8660279 0 -0.5128257 0.8562479 -0.06204479 -0.5588232 0.8292869 0 -0.5669621 0.8210784 -0.06621396 -0.6219785 0.7830344 0 -0.6306297 0.7740975 -0.05549228 -0.6714349 0.7410636 0 -0.6888181 0.723622 -0.04360008 -0.7243151 0.6894692 0 -0.7372881 0.6746765 -0.0349003 -0.7703455 0.6376267 0 -0.7793865 0.6242853 -0.05314797 -0.812681 0.582709 0 -0.8184394 0.571572 -0.0588448 -0.8557805 0.5173394 0 -0.861171 0.5048972 -0.05885189 -0.8885655 0.45875 0 -0.8997061 0.4343139 -0.04359495 -0.9208638 0.3898846 0 -0.9271198 0.3731367 -0.03489893 -0.9441981 0.3293784 0 -0.9485153 0.3136512 -0.04406529 -0.9647573 0.2631413 0 -0.966947 0.2497711 -0.05126374 -0.9823876 0.1868548 0 -0.9832003 0.1722076 -0.060512 -0.9929767 0.1183108 0 -0.9950506 0.08929514 -0.04359811 0.02414679 0.9990996 -0.03488665 0.9985957 0.03014928 -0.04356431 0.995998 0.08937644 0 0.9930422 0.112466 -0.03490865 0.9859517 0.1670309 0 0.9807013 0.1822991 -0.07065445 0.9720031 0.2349681 0 0.9669102 0.244318 -0.07344037 0.95064 0.3102963 0 0.9458941 0.3205344 -0.05041873 0.9293458 0.3692105 0 0.9199718 0.3895535 -0.0435906 0.9005496 0.4347533 0 0.8904618 0.4537177 -0.03490257 0.8660267 0.4999977 0 0.856253 0.5128219 -0.06200563 0.8292873 0.5588227 0 0.8210765 0.5669637 -0.06622272 0.7830325 0.6219808 0 0.7740927 0.630636 -0.05548787 0.7410609 0.6714379 0 0.7236212 0.6888191 -0.04359877 0.6894986 0.7242871 0 0.6746771 0.737287 -0.03490972 0.637622 0.7703495 0 0.6242864 0.7793866 -0.05313354 0.5827105 0.8126798 0 0.5715759 0.8184394 -0.05880594 0.5173411 0.8557794 0 0.5048962 0.8611714 -0.05885463 0.4587497 0.8885655 0 0.434316 0.899705 -0.04359585 0.3898897 0.9208617 0 0.3731253 0.9271253 -0.03487741 0.3293883 0.9441947 0 0.3136487 0.9485146 -0.04409539 0.2631427 0.964757 0 0.2497696 0.9669473 -0.05126613 0.1868575 0.9823871 0 0.1722079 0.9832001 -0.06051456 0.1183143 0.9929762 0 0.08929848 0.9950506 -0.04359209 0.9997453 0.005867242 -0.02179497 1 0 0 0.9984051 0.03592443 -0.04355299 0.9969483 0.07113403 -0.03215855 0.9945425 0.09827798 -0.03502351 0.9908695 0.1275034 -0.04382479 0.986804 0.1587595 -0.03183287 0.9816446 0.1875153 -0.03481531 -0.9995752 0.02914494 0 -0.9995752 -0.02914494 0 -0.9894517 -0.1448632 1.11766e-5 -0.9793252 -0.2022926 1.11676e-6 -0.9492681 -0.314468 0 -0.9293369 -0.3692331 1.11497e-6 -0.8802379 -0.4745328 0 -0.8510801 -0.525036 0 -0.7844591 -0.6201806 -1.11676e-6 -0.746976 -0.6648511 0 -0.6648467 -0.7469799 1.11766e-5 -0.6201736 -0.7844646 -1.28591e-5 -0.5250332 -0.8510818 0 -0.4745681 -0.8802189 0 -0.3692762 -0.9293197 1.28591e-5 -0.3144778 -0.9492648 -1.00643e-5 -0.2022541 -0.9793332 0 -0.1448667 -0.9894512 0 -0.02916032 -0.9995748 0 0.02916032 -0.9995748 0 0.1448694 -0.9894508 0 0.2022529 -0.9793334 0 0.3144802 -0.9492641 0 0.369275 -0.9293202 -1.11767e-5 0.4745655 -0.8802202 0 0.5250331 -0.8510819 0 0.6201742 -0.7844642 0 0.6648441 -0.7469822 0 0.7469812 -0.6648452 0 0.7844543 -0.6201866 1.11676e-6 0.8510822 -0.5250325 0 0.8802337 -0.4745406 0 0.9293368 -0.3692332 0 0.9492666 -0.3144724 0 0.9793262 -0.2022874 0 0.9894517 -0.1448631 -1.11766e-5 0.9995754 -0.02913987 0 0.9995754 0.02913987 0 0.9894524 0.1448584 1.00643e-5 0.9793272 0.2022829 -1.11766e-5 0.9492681 0.314468 0 0.9293214 0.3692721 -1.11766e-5 0.8802337 0.4745406 0 0.8510822 0.5250325 0 0.7844543 0.6201866 -1.11676e-6 0.7469812 0.6648452 0 0.6648441 0.7469822 0 0.6201742 0.7844642 0 0.5250077 0.8510975 0 0.4745389 0.8802345 -1.00643e-5 0.3692654 0.929324 0 0.3144713 0.949267 0 0.2022818 0.9793274 0 0.144898 0.9894466 0 0.02916014 0.9995748 0 -0.02916014 0.9995748 0 -0.1448953 0.9894471 0 -0.202283 0.9793271 0 -0.3144688 0.9492679 0 -0.3692666 0.9293236 0 -0.4745416 0.8802332 0 -0.5250078 0.8510974 0 -0.6201736 0.7844646 1.28591e-5 -0.6648467 0.7469799 -1.11766e-5 -0.746976 0.6648511 0 -0.7844591 0.6201806 1.11676e-6 -0.8510801 0.525036 0 -0.8802379 0.4745328 0 -0.9293214 0.369272 0 -0.9492695 0.3144635 0 -0.9793356 0.2022423 1.14207e-5 -0.9894524 0.1448584 -1.1439e-5 -0.999576 0.02911627 0 -0.999576 -0.02911627 0 -0.9894521 -0.1448608 0 -0.9793251 -0.202293 -1.2859e-5 -0.9492652 -0.3144767 0 -0.9293199 -0.3692756 1.11676e-6 -0.8802369 -0.4745346 1.11766e-5 -0.8510977 -0.5250073 0 -0.7844384 -0.6202067 0 -0.7470077 -0.6648154 1.11498e-6 -0.6648254 -0.7469988 0 -0.6201838 -0.7844566 0 -0.5250044 -0.8510996 0 -0.4745325 -0.8802381 0 -0.3692783 -0.9293189 0 -0.3144753 -0.9492657 0 -0.2022899 -0.9793257 2.52829e-7 -0.1448579 -0.9894525 -1.00643e-5 0.1448579 -0.9894525 1.00643e-5 0.2022899 -0.9793257 -2.52829e-7 0.3144775 -0.949265 1.00642e-5 0.3692783 -0.9293189 -1.00642e-5 0.4745317 -0.8802385 -1.11676e-6 0.5250044 -0.8510996 0 0.6201815 -0.7844583 0 0.6648269 -0.7469976 0 0.7469781 -0.6648486 -1.11676e-6 0.784466 -0.6201719 0 0.8510975 -0.5250077 0 0.8802338 -0.4745405 0 0.9293192 -0.3692777 1.11766e-5 0.949266 -0.3144742 0 0.9793256 -0.2022904 1.00643e-5 0.9894521 -0.1448608 0 0.9995749 -0.02915519 0 0.9995749 0.02915519 0 0.9894521 0.1448608 0 0.9793256 0.2022904 -1.00643e-5 0.949266 0.3144742 0 0.9293192 0.3692777 -1.11766e-5 0.8802362 0.4745358 -1.11676e-6 0.8511002 0.5250032 -1.14207e-5 0.7844612 0.6201781 2.52829e-7 0.7469731 0.6648543 1.11676e-6 0.6648285 0.746996 0 0.6201829 0.7844573 1.11676e-6 0.5250099 0.8510961 0 0.4745788 0.8802131 0 0.3692707 0.9293219 1.11766e-5 0.3145137 0.949253 0 0.2022899 0.9793257 2.52829e-7 0.1448579 0.9894525 -1.00643e-5 0.02916032 0.9995748 0 -0.02916032 0.9995748 0 -0.1448579 0.9894525 1.00643e-5 -0.2022899 0.9793257 -2.52829e-7 -0.3145116 0.9492537 0 -0.3692706 0.9293219 0 -0.4745385 0.8802348 0 -0.5250495 0.8510718 0 -0.6201852 0.7844554 0 -0.6648272 0.7469972 0 -0.7469717 0.6648558 0 -0.7844625 0.6201763 -2.52829e-7 -0.851076 0.5250426 0 -0.8802394 0.4745301 -1.00643e-5 -0.9293199 0.3692756 -1.11676e-6 -0.9492652 0.3144767 0 -0.9793251 0.202293 1.2859e-5 -0.9894521 0.1448608 0 -0.989452 -0.1448608 0 -0.9793257 -0.2022903 -1.1439e-5 -0.9492677 -0.3144694 0 -0.9293191 -0.3692777 0 -0.8802336 -0.4745407 0 -0.8510998 -0.5250041 1.11497e-6 -0.784464 -0.6201745 0 -0.7469809 -0.6648455 0 -0.6648214 -0.7470024 0 -0.6201838 -0.7844566 0 -0.5250403 -0.8510774 1.00643e-5 -0.4745344 -0.8802371 1.11676e-6 -0.3692756 -0.92932 0 -0.3144775 -0.949265 0 -0.2022912 -0.9793254 0 -0.1448579 -0.9894525 -1.00643e-5 0.1448606 -0.9894521 -1.11676e-6 0.2022899 -0.9793257 0 0.3144799 -0.9492641 -1.11676e-6 0.3692743 -0.9293205 1.11676e-6 0.4745317 -0.8802384 0 0.5250403 -0.8510774 1.11676e-6 0.6201844 -0.7844561 0 0.6648536 -0.7469737 0 0.7469862 -0.6648397 -1.11676e-6 0.7844591 -0.6201806 -1.00643e-5 0.8511019 -0.5250005 0 0.8802294 -0.4745486 0 0.9293191 -0.3692778 1.11766e-5 0.9492662 -0.3144739 0 0.9793267 -0.2022852 -1.11676e-6 0.9894521 -0.1448607 0 0.9894521 0.1448607 0 0.9793267 0.2022852 1.11676e-6 0.9492662 0.3144739 0 0.9293191 0.3692778 -1.11766e-5 0.8802319 0.4745439 0 0.8510802 0.5250359 -2.52829e-7 0.6648554 0.7469722 0 0.6201858 0.784455 -1.1439e-5 0.5250457 0.851074 0 0.4745378 0.8802352 0 0.3692668 0.9293234 0 0.314472 0.9492669 -1.42287e-5 0.2022899 0.9793257 0 0.1448606 0.9894521 1.11676e-6 -0.1448579 0.9894525 1.00643e-5 -0.2022912 0.9793254 0 -0.3144695 0.9492676 1.00643e-5 -0.369268 0.9293231 0 -0.4745404 0.8802338 0 -0.5250458 0.851074 0 -0.6201852 0.7844554 0 -0.664858 0.7469698 0 -0.851078 0.5250393 1.11766e-5 -0.8802361 0.4745361 -1.39784e-5 -0.9293191 0.3692777 0 -0.9492677 0.3144694 0 -0.9793257 0.2022903 1.1439e-5 -0.989452 0.1448608 0 -0.9894517 -0.1448631 0 -0.9793246 -0.2022953 0 -0.9492658 -0.3144752 1.11766e-5 -0.9293205 -0.3692742 0 -0.8802412 -0.4745267 0 -0.851078 -0.5250393 0 -0.7844625 -0.6201763 2.52829e-7 -0.7469717 -0.6648558 0 -0.6648508 -0.7469763 0 -0.6201736 -0.7844646 1.11676e-6 -0.5250369 -0.8510794 0 -0.4745663 -0.8802198 0 -0.3692789 -0.9293186 0 -0.3144757 -0.9492655 0 -0.2022529 -0.9793334 0 -0.1448667 -0.9894512 0 0.1448667 -0.9894512 0 0.2022529 -0.9793334 0 0.3144778 -0.9492649 0 0.369279 -0.9293186 -1.28591e-5 0.4745655 -0.8802202 -1.11497e-6 0.5250369 -0.8510795 -1.11766e-5 0.6201713 -0.7844665 0 0.6648521 -0.7469751 -1.39783e-5 0.7469731 -0.6648543 -1.11676e-6 0.7844612 -0.6201781 -2.52829e-7 0.8510779 -0.5250396 -1.11676e-6 0.8802381 -0.4745325 0 0.9293197 -0.3692764 0 0.9492666 -0.3144728 0 0.9793252 -0.2022926 1.14389e-5 0.9894518 -0.1448631 0 0.9894524 0.1448584 0 0.9793261 0.202288 -1.00643e-5 0.949268 0.3144683 1.00643e-5 0.9293215 0.3692719 0 0.8802381 0.4745325 0 0.8510779 0.5250396 1.11676e-6 0.6648521 0.7469751 1.39783e-5 0.6201713 0.7844665 0 0.5250115 0.8510951 1.11588e-5 0.4745389 0.8802345 -1.00643e-5 0.3692694 0.9293224 0 0.3144688 0.9492679 0 0.2022818 0.9793274 0 0.1448953 0.9894471 0 -0.1448953 0.9894471 0 -0.2022818 0.9793274 0 -0.3144667 0.9492686 0 -0.3692693 0.9293224 -1.11765e-5 -0.4745397 0.8802341 1.00643e-5 -0.5250115 0.8510951 0 -0.6201736 0.7844646 -1.11676e-6 -0.6648508 0.7469763 0 -0.851078 0.5250393 0 -0.8802412 0.4745267 0 -0.9293223 0.3692697 1.28591e-5 -0.9492672 0.3144708 -2.52829e-7 -0.9793256 0.2022907 1.00643e-5 -0.9894524 0.1448584 0 0.9761862 0.1431748 -0.1629771 0.9804069 0.09821808 -0.1707506 0.1547435 0.02931016 -0.9875199 0.04635244 0.00844419 -0.9988895 0.04607856 0.009895801 -0.9988888 0.01743257 2.06309e-4 -0.9998481 0.04708731 0.0018453 -0.9988891 0.1088447 0.001244544 -0.9940581 0.1447514 0.006557404 -0.9894464 0.2095952 0.003115952 -0.9777833 0.2908704 0.01276481 -0.9566774 0.1123852 0.02425432 -0.9933688 0.2050159 0.04392319 -0.9777727 0.3069722 0.05883294 -0.9498984 0.4390254 0.01929104 -0.8982675 0.3664777 0.005388498 -0.9304113 0.2789991 0.002636313 -0.9602878 0.2775705 0.06092113 -0.9587718 0.3410175 0.07395297 -0.9371435 0.4512813 0.08678495 -0.8881518 0.5760825 0.02531343 -0.8169996 0.5135458 0.007520556 -0.8580294 0.4352301 0.004077076 -0.90031 0.4284648 0.09316593 -0.8987426 0.4875941 0.1052817 -0.8666995 0.584074 0.1125308 -0.8038623 0.6984738 0.03066992 -0.7149783 0.6467562 0.009393215 -0.762639 0.5792607 0.005396783 -0.8151246 0.5676573 0.1228989 -0.81404 0.6208016 0.1337618 -0.7724721 0.7020552 0.1354538 -0.6991215 0.8030813 0.03521925 -0.5948278 0.7626193 0.0110051 -0.6467541 0.7070941 0.006626546 -0.7070885 0.6912789 0.1492878 -0.7069983 0.7369648 0.1586053 -0.6570596 0.8021692 0.1549366 -0.5766448 0.8873055 0.0388627 -0.459542 0.8666849 0.01014757 -0.4987528 0.8150949 0.007624328 -0.5792773 0.7961287 0.1716504 -0.5802719 0.8329032 0.1791224 -0.5236292 0.8819246 0.1705116 -0.4394711 0.9489912 0.04152691 -0.312556 0.9371212 0.01093667 -0.3488327 0.8987527 0.01036596 -0.4383335 0.8786216 0.189194 -0.4384402 0.9059818 0.194754 -0.3758563 0.9392461 0.1817591 -0.2911706 0.9883167 0.04715526 -0.1449364 0.9818329 0.01141256 -0.1894049 0.9587489 0.01104164 -0.2840397 0.04690414 0.0040555 -0.9988912 0.1558767 0.01413136 -0.9876754 0.3077747 0.02847546 -0.9510331 0.4521114 0.04213124 -0.890966 0.5852633 0.05471044 -0.8089955 0.7041102 0.06603163 -0.707014 0.8054728 0.07559138 -0.587792 0.8871883 0.08350318 -0.4537886 0.9469666 0.0893014 -0.3086737 0.9924674 0.01140922 -0.1219775 0.9417238 0.1337058 -0.3086733 0.8823982 0.1252825 -0.4535171 0.8010749 0.1134127 -0.5877215 0.700202 0.09902161 -0.7070445 0.5821084 0.08220982 -0.8089447 0.4495621 0.06327611 -0.8910051 0.3060964 0.04290771 -0.9510331 0.1551164 0.02149635 -0.9876623 0.039061 0.005319654 -0.9992227 0.9704254 0.1881505 -0.1512411 0.9374532 0.2016676 -0.2837459 0.9542046 0.2050666 -0.2178103 0.9713957 0.2087575 -0.1131843 -0.02170521 0.1600507 -0.9868702 0.1612793 0.002052426 -0.9869067 0.1720207 0.02252626 -0.9848358 -0.9847875 -2.24401e-4 -0.1737632 -0.6851282 0.7082565 -0.1702121 0.207398 -0.9673793 -0.1454765 0.3178014 -0.9324855 -0.1716778 0.4116949 -0.8950058 -0.1716737 0.5164683 -0.8435727 -0.1471248 0.6089531 -0.7747262 -0.1702218 0.6851271 -0.708257 -0.1702146 0.7668945 -0.6242959 -0.1487535 0.8313379 -0.529371 -0.1692444 0.8812062 -0.4414024 -0.1692327 0.9303471 -0.3344156 -0.1504015 0.9598439 -0.2240937 -0.168765 0.9808853 -0.1147826 -0.1571273 0.9847652 1.57022e-4 -0.1738893 0.9673903 0.2073753 -0.145436 0.9766059 0.09907561 -0.1908532 0.9324853 0.317802 -0.1716769 0.8950071 0.4116933 -0.1716716 0.8435711 0.5164713 -0.1471235 0.7747265 0.6089534 -0.1702197 0.7082562 0.6851279 -0.1702142 0.6242963 0.766894 -0.1487543 0.5293718 0.8313371 -0.169246 0.4414024 0.8812058 -0.1692345 0.3344002 0.9303452 -0.1504465 0.2240941 0.9598433 -0.1687684 0.1147803 0.9808855 -0.1571283 -1.58265e-4 0.984766 -0.1738852 -0.2073984 0.9673794 -0.1454752 -0.0990976 0.9766112 -0.1908145 -0.3178014 0.9324855 -0.1716773 -0.4116935 0.8950067 -0.1716732 -0.516468 0.8435726 -0.1471264 -0.6089159 0.7747566 -0.1702165 -0.7668961 0.6242942 -0.1487517 -0.8313581 0.5293329 -0.1692644 -0.8812056 0.4414029 -0.1692341 -0.9303466 0.3344155 -0.1504046 -0.9808858 0.1147791 -0.157127 -0.9598431 0.2240666 -0.1688058 -0.9673793 -0.2073978 -0.1454767 -0.9766066 -0.09907156 -0.1908525 -0.9324855 -0.3178011 -0.171678 -0.8950061 -0.4116944 -0.1716736 -0.8435707 -0.5164723 -0.1471225 -0.7747569 -0.6089156 -0.1702167 -0.7082561 -0.685128 -0.1702147 -0.6242963 -0.766894 -0.148754 -0.5294111 -0.831316 -0.1692266 -0.4414024 -0.8812058 -0.1692344 -0.3344158 -0.9303466 -0.1504041 -0.2240385 -0.9598428 -0.1688449 -0.11478 -0.9808857 -0.1571272 0.09907114 -0.9766066 -0.1908525 2.24391e-4 -0.9847875 -0.1737631 -0.6648325 0.6640709 -0.3420638 -0.7350308 0.585449 -0.3420224 -0.7959335 0.4994822 -0.3420637 -0.8468534 0.4072253 -0.3420627 -0.8871023 0.3098638 -0.3421024 -0.9162564 0.2085539 -0.3420226 -0.933829 0.1046753 -0.3420624 -0.5003682 0.79536 -0.3421025 -0.4082229 0.8463895 -0.3420217 -0.3108378 0.886761 -0.3421037 -0.2096485 0.9160068 -0.3420224 -0.1057447 0.9337081 -0.3420634 -5.16348e-4 0.9396628 -0.3421019 0.1046947 0.9338122 -0.342102 0.2085371 0.9162743 -0.3419851 0.309814 0.8871665 -0.3419808 0.4072254 0.8468532 -0.3420631 0.4994708 0.7959579 -0.3420234 0.5854582 0.7350033 -0.3420657 0.6640654 0.6648584 -0.3420242 0.734341 0.5862202 -0.3421831 0.7953596 0.5003134 -0.3421838 0.8463823 0.4081686 -0.3421046 0.8867738 0.3108894 -0.3420236 0.9159607 0.2095229 -0.3422225 0.9337202 0.1057696 -0.3420224 0.9396622 5.16014e-4 -0.3421036 0.9338457 -0.1046558 -0.3420228 0.9162564 -0.208554 -0.3420226 0.887144 -0.3098309 -0.3420239 0.8468303 -0.4072393 -0.3421033 0.7959342 -0.4994821 -0.3420621 0.7350299 -0.5854495 -0.3420231 0.6647542 -0.6640879 -0.3421829 0.5863263 -0.7343305 -0.3420238 0.5004479 -0.7953613 -0.3419832 0.4082226 -0.8463894 -0.3420228 0.3108388 -0.886761 -0.3421026 0.2096478 -0.9160069 -0.3420222 0.1057695 -0.9337202 -0.3420226 5.3903e-4 -0.939677 -0.3420627 -0.1046962 -0.9338118 -0.3421028 -0.2085352 -0.9162757 -0.3419824 -0.3098639 -0.8871022 -0.3421025 -0.4072253 -0.8468536 -0.3420625 -0.4994596 -0.7959827 -0.3419821 -0.5854579 -0.735005 -0.3420625 -0.6640768 -0.6648067 -0.3421027 -0.734341 -0.5862204 -0.3421826 -0.7953608 -0.5003944 -0.3420625 -0.8463893 -0.4082227 -0.3420227 -0.886774 -0.31089 -0.3420223 -0.9160161 -0.2096729 -0.3419824 -0.9337322 -0.1057936 -0.3419824 -0.9396771 -5.39063e-4 -0.3420625 -0.5405825 0.6765713 -0.5000219 -0.6129045 0.611792 -0.5000588 -0.6775502 0.5393216 -0.5000582 -0.7337048 0.4600612 -0.5000211 -0.7805436 0.3750417 -0.5000956 -0.8176828 0.2852616 -0.500021 -0.8444802 0.1919168 -0.5000213 -0.8606581 0.09615844 -0.5000212 -0.376478 0.7798995 -0.5000212 -0.2867901 0.8171477 -0.5000211 -0.1934962 0.8441205 -0.5000199 -0.09774118 0.8604578 -0.5000593 -8.08603e-4 0.8660126 -0.5000216 0.09615814 0.8606583 -0.500021 0.1919168 0.8444806 -0.5000206 0.2852763 0.8176544 -0.5000588 0.375031 0.7805722 -0.500059 0.4600691 0.7336747 -0.5000578 0.5393216 0.6775502 -0.500058 0.6117923 0.6129044 -0.5000586 0.6765713 0.5405831 -0.5000213 0.7328314 0.4613708 -0.5000953 0.779881 0.376419 -0.5000947 0.8171346 0.28676 -0.5000598 0.8441206 0.1934962 -0.5000197 0.8604952 0.09779155 -0.4999848 0.8659913 7.8694e-4 -0.5000585 0.8606579 -0.09615927 -0.5000213 0.844455 -0.1919341 -0.5000572 0.8176545 -0.2852764 -0.5000587 0.780572 -0.3750311 -0.5000591 0.7336747 -0.4600691 -0.500058 0.6775805 -0.5393174 -0.5000215 0.6129047 -0.6117922 -0.5000582 0.5405525 -0.6765692 -0.5000573 0.4614319 -0.7328432 -0.5000216 0.3764481 -0.7798895 -0.5000591 0.2867899 -0.8171479 -0.5000209 0.1934418 -0.8440886 -0.500095 0.09774202 -0.8604583 -0.5000582 7.86863e-4 -0.8659916 -0.5000582 -0.09617871 -0.8606343 -0.5000584 -0.1919339 -0.8444543 -0.5000584 -0.2852618 -0.8176822 -0.5000215 -0.3750308 -0.7805728 -0.5000581 -0.4600691 -0.7336745 -0.5000582 -0.5393261 -0.6775194 -0.500095 -0.6117921 -0.6129049 -0.5000581 -0.6765688 -0.5405524 -0.500058 -0.7328433 -0.4614322 -0.5000211 -0.7798991 -0.3764783 -0.5000215 -0.817135 -0.2867614 -0.5000582 -0.8441041 -0.1934686 -0.5000582 -0.8604583 -0.09774184 -0.5000583 -0.8659915 -7.87021e-4 -0.5000582 -0.4084249 0.648056 -0.6428161 -0.4784157 0.5982514 -0.642817 -0.542425 0.5409281 -0.6427845 -0.5995797 0.4767938 -0.6427844 -0.6491584 0.406669 -0.642817 -0.6906089 0.3314292 -0.6428173 -0.7234081 0.2520096 -0.6427846 -0.7470438 0.169445 -0.6428172 -0.7613185 0.08473718 -0.642817 -0.2539474 0.722672 -0.6428498 -0.1714668 0.7465839 -0.6428154 -0.08679676 0.7610867 -0.6428168 -0.00103724 0.7660195 -0.6428165 0.08473783 0.7613175 -0.6428182 0.1694282 0.7470785 -0.6427813 0.2520216 0.7233753 -0.6428167 0.3314206 0.6906437 -0.6427842 0.4066689 0.6491578 -0.6428177 0.4767944 0.5995457 -0.6428158 0.5409248 0.5423902 -0.6428167 0.5982516 0.4784149 -0.6428174 0.6480669 0.4084574 -0.6427845 0.6897099 0.3332975 -0.6428166 0.7226899 0.2539777 -0.6428177 0.7465831 0.1714664 -0.6428165 0.7610864 0.08679759 -0.642817 0.7660187 0.001036584 -0.6428176 0.7612585 -0.08477574 -0.642883 0.7470443 -0.1694446 -0.6428169 0.7233749 -0.2520217 -0.6428172 0.6906439 -0.331421 -0.6427839 0.6491579 -0.4066691 -0.6428174 0.5995806 -0.4767938 -0.6427837 0.5423896 -0.5409241 -0.6428178 0.4784152 -0.5982515 -0.6428173 0.4084577 -0.6480668 -0.6427844 0.3332973 -0.6897096 -0.642817 0.2540082 -0.722709 -0.6427843 0.1714655 -0.7465826 -0.6428172 0.08677124 -0.7610617 -0.6428499 0.001036643 -0.7660189 -0.6428174 -0.08473724 -0.7613186 -0.6428171 -0.1694452 -0.7470438 -0.6428171 -0.2520219 -0.7233751 -0.6428169 -0.3314294 -0.6906093 -0.6428167 -0.4066691 -0.6491579 -0.6428176 -0.476794 -0.5995797 -0.6427844 -0.5409215 -0.5423542 -0.6428499 -0.5982517 -0.4784151 -0.6428171 -0.648055 -0.4084244 -0.6428174 -0.6897094 -0.3332973 -0.6428172 -0.7227087 -0.2540086 -0.6427844 -0.7466044 -0.1714937 -0.6427845 -0.7610617 -0.0867713 -0.6428498 -0.7660464 -0.001058936 -0.6427844 -0.2800385 0.5785905 -0.7660363 -0.3430604 0.5435986 -0.7660354 -0.4017651 0.5017693 -0.7660369 -0.4554196 0.4536308 -0.7660368 -0.5032667 0.3997819 -0.7660921 -0.5449035 0.3409184 -0.7660646 -0.5796489 0.277765 -0.7660639 -0.6070649 0.2111287 -0.766092 -0.6269612 0.141802 -0.7660365 -0.6388254 0.07075053 -0.7660918 -0.1442683 0.6263982 -0.7660367 -0.07320195 0.6385824 -0.766064 -0.001242816 0.6427629 -0.7660642 0.07073259 0.638859 -0.7660653 0.1418169 0.6269245 -0.7660638 0.2111285 0.6070659 -0.7660912 0.277771 0.5796102 -0.766091 0.340919 0.5449039 -0.7660641 0.3997875 0.5033467 -0.7660368 0.4536164 0.4553424 -0.7660911 0.5017573 0.4017268 -0.7660648 0.543566 0.3429864 -0.7660917 0.5785697 0.280004 -0.7660647 0.6063057 0.2134959 -0.7660372 0.6263706 0.1442396 -0.7660645 0.6385821 0.07320094 -0.7660643 0.6427963 0.001265287 -0.7660362 0.638895 -0.07071286 -0.7660373 0.6269609 -0.1418018 -0.7660368 0.6071033 -0.2111181 -0.7660645 0.5796077 -0.277771 -0.7660928 0.5448645 -0.3409205 -0.7660914 0.5033077 -0.3997849 -0.7660638 0.4553428 -0.4536167 -0.7660906 0.4017654 -0.5017696 -0.7660366 0.3430591 -0.5435975 -0.7660368 0.2800041 -0.5785699 -0.7660644 0.2134637 -0.606283 -0.7660642 0.1442396 -0.6263706 -0.7660645 0.07320135 -0.6385827 -0.7660638 0.001242578 -0.642763 -0.7660642 -0.07075059 -0.6388254 -0.7660917 -0.1418026 -0.6269609 -0.7660367 -0.2111188 -0.6071037 -0.766064 -0.277765 -0.5796488 -0.7660641 -0.340919 -0.5449036 -0.7660642 -0.3997847 -0.5033072 -0.7660642 -0.4536166 -0.4553411 -0.7660917 -0.5017696 -0.4017652 -0.7660366 -0.5435665 -0.3429856 -0.7660917 -0.5785505 -0.2799694 -0.7660917 -0.606283 -0.2134638 -0.7660642 -0.6263715 -0.1442391 -0.7660639 -0.6385828 -0.07320123 -0.7660638 -0.6427961 -0.001265048 -0.7660363 -0.1664543 0.4714492 -0.866042 -0.2181583 0.4498241 -0.8660632 -0.2671898 0.4225893 -0.8660417 -0.3128651 0.3900317 -0.8660201 -0.3545674 0.3525492 -0.8660203 -0.3917247 0.3106226 -0.8660631 -0.4240838 0.2648109 -0.8660418 -0.4511111 0.2156587 -0.8660198 -0.4723777 0.1638039 -0.8660414 -0.4877475 0.1098846 -0.8660416 -0.4970231 0.05456435 -0.8660202 -0.05737507 0.4966685 -0.8660419 -0.001381635 0.4999326 -0.8660632 0.05456513 0.4970225 -0.8660205 0.1098849 0.4877462 -0.8660422 0.1638041 0.4723778 -0.8660413 0.2156592 0.451111 -0.8660197 0.2648108 0.4240847 -0.8660414 0.3106281 0.3917679 -0.8660417 0.3525393 0.3545253 -0.8660415 0.3900316 0.3128655 -0.86602 0.422589 0.2671891 -0.8660419 0.4498243 0.2181582 -0.8660631 0.4714499 0.1664553 -0.8660414 0.4871217 0.1126226 -0.866042 0.4966692 0.05737429 -0.8660415 0.4999701 0.001404583 -0.8660415 0.4970229 -0.05456459 -0.8660203 0.487747 -0.1098844 -0.8660417 0.4724198 -0.1637948 -0.8660202 0.451066 -0.2156633 -0.866042 0.4240845 -0.264811 -0.8660413 0.3917244 -0.3106226 -0.8660633 0.3545683 -0.3525498 -0.8660197 0.3128653 -0.3900318 -0.86602 0.2671895 -0.4225891 -0.8660418 0.2181579 -0.4498237 -0.8660634 0.1664557 -0.4714497 -0.8660414 0.1126536 -0.4871531 -0.8660203 0.05737453 -0.4966697 -0.8660412 0.001404404 -0.4999704 -0.8660414 -0.05456483 -0.4970234 -0.86602 -0.1098846 -0.4877475 -0.8660416 -0.1638041 -0.4723771 -0.8660416 -0.2156589 -0.4511104 -0.8660201 -0.2648107 -0.424084 -0.8660417 -0.3106279 -0.3917684 -0.8660415 -0.3525494 -0.3545678 -0.86602 -0.3900165 -0.3128242 -0.8660417 -0.4225896 -0.2671894 -0.8660416 -0.4498481 -0.2181946 -0.8660416 -0.4714497 -0.1664555 -0.8660414 -0.4871224 -0.1126234 -0.8660414 -0.4966694 -0.05737435 -0.8660414 -0.4999328 -0.001382231 -0.8660632 -0.07758444 0.3330724 -0.9397039 -0.1143879 0.3222904 -0.9397044 -0.1497912 0.3074831 -0.9396898 -0.1832362 0.2887563 -0.9397044 -0.2143714 0.2664075 -0.9397192 -0.2429414 0.2407549 -0.9396896 -0.2683698 0.2120403 -0.9396897 -0.2904229 0.1806598 -0.9396896 -0.3087786 0.147009 -0.9397044 -0.3232967 0.1115123 -0.9397044 -0.3337479 0.07461422 -0.9397048 -0.340005 0.03677636 -0.9397043 -0.001545131 0.3420249 -0.9396897 0.03677743 0.3400046 -0.9397044 0.07462728 0.3337039 -0.9397194 0.1115127 0.3232963 -0.9397045 0.1470089 0.3087785 -0.9397044 0.1806598 0.2904228 -0.9396896 0.2120332 0.2683237 -0.9397044 0.2407546 0.2429404 -0.9396899 0.2664251 0.2144145 -0.9397043 0.2887337 0.1831956 -0.9397193 0.3074837 0.1497917 -0.9396895 0.3222903 0.1143872 -0.9397046 0.3330707 0.07758289 -0.9397047 0.3396635 0.03980326 -0.9397045 0.3419848 0.001522243 -0.9397043 0.3400472 -0.03675866 -0.9396898 0.3337491 -0.07461416 -0.9397044 0.3232958 -0.1115126 -0.9397047 0.3087779 -0.1470091 -0.9397045 0.2904225 -0.18066 -0.9396898 0.2683691 -0.2120407 -0.9396898 0.2428963 -0.2407427 -0.9397044 0.2144144 -0.2664249 -0.9397044 0.1831946 -0.2887336 -0.9397194 0.1497913 -0.3074835 -0.9396896 0.1143874 -0.3222908 -0.9397043 0.07758331 -0.3330712 -0.9397045 0.03980356 -0.3396635 -0.9397045 0.001522362 -0.3419847 -0.9397043 -0.0367586 -0.3400471 -0.9396898 -0.07460135 -0.3337939 -0.9396895 -0.1115128 -0.3232963 -0.9397045 -0.147009 -0.3087779 -0.9397046 -0.1806602 -0.290423 -0.9396895 -0.2120403 -0.2683697 -0.9396896 -0.2407428 -0.2428963 -0.9397044 -0.2664077 -0.214371 -0.9397192 -0.2887561 -0.1832361 -0.9397045 -0.3074834 -0.1497917 -0.9396895 -0.32229 -0.1143882 -0.9397046 -0.3330719 -0.07758343 -0.9397042 -0.3396635 -0.0398035 -0.9397045 -0.3419842 -0.001521885 -0.9397046 -0.04262286 0.1699503 -0.9845305 -0.06132912 0.1639258 -0.9845644 -0.07912862 0.1558797 -0.9846016 -0.09595227 0.1459132 -0.9846333 -0.1115491 0.1341531 -0.9846622 -0.1257334 0.1207442 -0.9846888 -0.1383345 0.1058546 -0.9847124 -0.1491996 0.08966684 -0.9847332 -0.1582 0.0723797 -0.9847507 -0.1651839 0.05423158 -0.9847707 -0.1701123 0.035425 -0.9847878 -0.1729237 0.01619011 -0.9848021 0.01584553 0.1596434 -0.9870476 0.03606939 0.1692969 -0.9849049 0.05473911 0.1642366 -0.9849011 0.07273584 0.1571171 -0.9848979 0.08982074 0.14807 -0.9848896 0.1058085 0.1371152 -0.9848878 0.1204742 0.1244804 -0.9848811 0.1336458 0.1102753 -0.9848748 0.1451537 0.09467834 -0.9848688 0.1548512 0.077883 -0.9848631 0.1626378 0.06014591 -0.984851 0.1683794 0.0416007 -0.9848441 0.172701 -0.017852 -0.9848126 0.169663 -0.03706312 -0.984805 0.1644461 -0.05582684 -0.984805 0.1571611 -0.07388782 -0.9848051 0.1479001 -0.09101986 -0.9848051 0.1367787 -0.1070063 -0.9848052 0.1239387 -0.1216486 -0.984805 0.1095387 -0.1347604 -0.984805 0.09376102 -0.1461776 -0.9848051 0.07680517 -0.1557566 -0.984805 0.05884695 -0.1633437 -0.9848127 0.04022085 -0.1689417 -0.9848051 0.02105236 -0.1723824 -0.9848052 0.0016191 -0.1736561 -0.9848051 -0.01786977 -0.1726548 -0.9848203 -0.0370633 -0.1696622 -0.9848052 -0.05582702 -0.1644458 -0.984805 -0.07388776 -0.1571611 -0.9848051 -0.09101998 -0.1479001 -0.9848051 -0.106998 -0.1367316 -0.9848127 -0.121648 -0.1239382 -0.9848052 -0.1347606 -0.1095384 -0.984805 -0.1461529 -0.0937196 -0.9848127 -0.1557566 -0.07680511 -0.9848051 -0.1633763 -0.05888253 -0.9848052 -0.1689419 -0.04022091 -0.9848051 -0.1723821 -0.02105253 -0.9848052 -0.1908206 -0.002914786 -0.9816207 -0.002692759 0.1509093 -0.9885441 -0.5862734 0.7343358 -0.3421029 -0.4614015 0.7328367 -0.5000591 -0.3332958 0.6897093 -0.6428182 -0.2134637 0.6062831 -0.7660641 -0.1126539 0.4871533 -0.8660202 -0.03982973 0.3397011 -0.9396898 0.05212718 -0.004887104 -0.9986285 0.05125176 -0.01069307 -0.9986285 0.0497443 -0.01636642 -0.998628 0.04756134 -0.02181959 -0.9986301 0.04482865 -0.02701205 -0.9986295 0.01485097 -0.01139432 -0.9998249 0.03771537 -0.03632879 -0.998628 0.02782201 -0.03358846 -0.9990484 0.02866446 -0.04378193 -0.9986298 0.02359461 -0.04673343 -0.9986287 0.01820784 -0.04907268 -0.9986292 0.01260048 -0.05080658 -0.998629 0.005690455 -0.04324769 -0.9990482 9.79622e-4 -0.05234104 -0.9986288 -0.004055917 -0.04347866 -0.9990462 -0.01069217 -0.05124598 -0.9986289 -0.01636177 -0.04972475 -0.9986289 -0.01819038 -0.03964561 -0.9990483 -0.02702063 -0.04484617 -0.9986284 -0.03185939 -0.04151946 -0.9986296 -0.03633522 -0.03772395 -0.9986274 -0.02015727 -0.01670074 -0.9996573 -0.04378646 -0.02866858 -0.9986295 -0.04675382 -0.02360552 -0.9986276 -0.04909491 -0.01821839 -0.998628 -0.05081653 -0.0126025 -0.9986285 -0.0519073 -0.006833791 -0.9986286 -0.9893808 0.01162689 -0.1448811 -0.9491989 0.01115971 -0.3144789 -0.8801755 0.01034694 -0.4745357 -0.7844305 0.009220242 -0.6201483 -0.664803 0.007814168 -0.7469779 -0.5249916 0.006172537 -0.8510851 -0.3692531 0.004341006 -0.9293187 -0.2022801 0.002375423 -0.9793248 -0.03171473 3.71775e-4 -0.999497 -0.9734898 0.1324532 -0.1864776 -0.05131757 0.01018077 -0.9986306 -0.03701615 0.005550146 -0.9992994 -0.1706293 0.03307217 -0.9847801 -0.1718133 0.0250836 -0.9848102 -0.3359668 0.06453806 -0.9396602 -0.3385836 0.04869413 -0.9396755 -0.4911102 0.09403961 -0.8660066 -0.4950286 0.07083773 -0.8659842 -0.6313889 0.1206649 -0.7660211 -0.6364735 0.09080463 -0.7659347 -0.7525253 0.1436013 -0.6427163 -0.7583528 0.1081331 -0.6428129 -0.8508989 0.1620876 -0.4996986 -0.8574985 0.1219796 -0.4998175 -0.9232779 0.1756979 -0.3415967 -0.9305124 0.1321143 -0.3416028 -0.9708526 0.1811272 -0.1569658 -0.05118805 0.01099461 -0.9986286 -0.1698174 0.03647255 -0.9848005 -0.3344735 0.07183492 -0.9396634 -0.4889535 0.1050119 -0.865966 -0.6285569 0.1349945 -0.7659587 -0.7490522 0.1608731 -0.6426824 -0.8467757 0.1818619 -0.4998973 -0.9187732 0.197324 -0.3419343 -0.9628589 0.2067922 -0.1736079 -0.05205535 0.005319893 -0.9986301 -0.1728899 0.01694452 -0.9847955 -0.3404535 0.03274869 -0.9396909 -0.4976907 0.04755532 -0.86605 -0.6400032 0.06081229 -0.7659621 -0.7625926 0.07237499 -0.6428176 -0.8621867 0.08163058 -0.4999705 -0.9355235 0.08845257 -0.3420116 -0.9782955 0.0903691 -0.1864708 -0.05224746 0.002867817 -0.9986301 -0.1734061 0.008843541 -0.9848107 -0.3416205 0.01671183 -0.9396895 -0.4994948 0.02404934 -0.8659831 -0.6420128 0.03075498 -0.7660769 -0.7652398 0.03639167 -0.642716 -0.8651648 0.04093307 -0.4998145 -0.9386965 0.04432165 -0.3418837 -0.9837594 0.04628235 -0.1734231 -0.9872763 0.04859709 -0.1514067 -0.9785138 0.1399713 -0.1513897 -0.9691573 0.1856257 -0.1621026 -0.9229757 0.1756406 -0.3424417 -0.8507915 0.1615815 -0.5000452 -0.7525135 0.1428319 -0.6429017 -0.631506 0.1196681 -0.7660807 -0.4913262 0.09287554 -0.8660096 -0.3359604 0.06335467 -0.939743 -0.1706783 0.03180927 -0.9848132 -0.05146592 0.009377241 -0.9986308 -0.9302118 0.1320712 -0.3424372 -0.8574439 0.1214217 -0.5000468 -0.7585135 0.1072367 -0.6427735 -0.6363984 0.08987492 -0.7661069 -0.4951474 0.06968343 -0.86601 -0.3386518 0.04746353 -0.939714 -0.1719424 0.02376812 -0.9848203 -0.04299932 0.005877494 -0.9990578 -0.9821763 0.09511822 -0.1621185 -0.9355572 0.08799916 -0.3420366 -0.862158 0.08103054 -0.5001178 -0.7625354 0.07159209 -0.642973 -0.6399524 0.05984938 -0.7660804 -0.4977968 0.04637581 -0.8660529 -0.3405081 0.03149515 -0.939714 -0.1729132 0.01564389 -0.9848129 -0.0521301 0.004505872 -0.9986302 -0.9386121 0.04400086 -0.3421568 -0.8650571 0.0403822 -0.5000456 -0.7652026 0.03557091 -0.6428061 -0.641988 0.02975201 -0.7661372 -0.4994659 0.02290832 -0.8660307 -0.341616 0.01545751 -0.9397126 -0.1733694 0.007541954 -0.9848281 -0.04353594 0.001732289 -0.9990504 -0.9792637 0.01150929 -0.2022631 -0.9292623 0.01092398 -0.3692591 -0.8510524 0.0100044 -0.5249857 -0.746964 0.008780241 -0.6648065 -0.6201766 0.007289886 -0.7844284 -0.4745578 0.005575239 -0.8802068 -0.3144854 0.003694534 -0.9492551 -0.1448702 0.00170058 -0.9894493 -0.01743918 2.05784e-4 -0.999848 -0.01940929 5.87033e-4 -0.9998115 -0.2022538 0.006115734 -0.9793141 -0.3692494 0.01116603 -0.9292633 -0.5249549 0.01587253 -0.8509821 -0.6646881 0.02009379 -0.7468507 -0.7842433 0.02370709 -0.6200005 -0.8799244 0.02659541 -0.4743691 -0.9488613 0.02867245 -0.3143885 -0.9890091 0.02988672 -0.1448025 -0.9567157 0.2201563 -0.1903327 -0.8173806 0.5443208 -0.1886897 -0.5725488 0.7986381 -0.1853786 -0.2534643 0.9503838 -0.1803514 -0.005261361 0.0520913 -0.9986285 -0.009582936 0.04256057 -0.9990479 -0.01920348 0.1725828 -0.9848078 -0.03989923 0.1690458 -0.9848003 -0.0395829 0.3397194 -0.9396936 -0.08024382 0.3324741 -0.9396924 -0.05875015 0.4965237 -0.8660328 -0.1181803 0.4858323 -0.8660257 -0.07617068 0.6382883 -0.7660197 -0.152533 0.6244376 -0.7660362 -0.09122914 0.7606036 -0.6427748 -0.182227 0.7440502 -0.6427929 -0.1035577 0.8598385 -0.4999537 -0.206452 0.8410925 -0.499941 -0.1126757 0.9329098 -0.3420284 -0.2243345 0.9125396 -0.3419731 -0.1322476 0.9757552 -0.1743915 -0.01951146 0.0390464 -0.9990469 -0.02886551 0.04367882 -0.9986286 -0.0791558 0.1545605 -0.9848074 -0.09724903 0.1439133 -0.9848003 -0.1574789 0.3036085 -0.9396927 -0.1928838 0.2823922 -0.9397076 -0.2310088 0.4434285 -0.866029 -0.2827805 0.4123535 -0.8660254 -0.2974888 0.5697602 -0.7660771 -0.3640494 0.5297683 -0.7660376 -0.3550113 0.6788251 -0.6427779 -0.4341948 0.6310694 -0.6428268 -0.4017023 0.7672367 -0.4999831 -0.4912726 0.7132259 -0.4999602 -0.4361743 0.8323336 -0.3420127 -0.5333942 0.7736875 -0.3419042 -0.468765 0.8670113 -0.1689697 -0.0384894 0.03551244 -0.9986278 -0.03539139 0.02550202 -0.9990482 -0.1288116 0.1164436 -0.9848089 -0.1419618 0.1000751 -0.9848004 -0.2548539 0.2280246 -0.9397097 -0.2805803 0.1956526 -0.939678 -0.3732383 0.3326961 -0.8660291 -0.4106246 0.2852815 -0.8660265 -0.480247 0.4272513 -0.7660413 -0.5282464 0.3662493 -0.76604 -0.5726637 0.5088249 -0.6427703 -0.6297901 0.4360881 -0.6427999 -0.6476355 0.5749343 -0.5000189 -0.7122146 0.4926798 -0.5000171 -0.7030026 0.6235721 -0.3419725 -0.7729963 0.5343044 -0.3420464 -0.7454238 0.6462486 -0.1634199 -0.0405175 0.01628476 -0.9990462 -0.04218345 0.01128268 -0.9990462 -0.1617856 0.06319385 -0.9848005 -0.1682239 0.0432319 -0.9848003 -0.3192065 0.1228277 -0.9396918 -0.3316877 0.08345556 -0.9396907 -0.4669659 0.1787233 -0.866026 -0.4851039 0.1211345 -0.8660259 -0.6005347 0.2291894 -0.7660484 -0.6237474 0.1551455 -0.7660738 -0.7158777 0.2726883 -0.6427754 -0.7435296 0.1844094 -0.6427729 -0.8094258 0.3079192 -0.5000156 -0.8406416 0.2081074 -0.5000132 -0.878435 0.3337659 -0.341983 -0.9122818 0.2254297 -0.3419409 -0.9264441 0.3417691 -0.1577821 -4.38764e-4 0.01453077 -0.9998943 -0.004380702 0.144893 -0.9894376 -0.009513497 0.3144889 -0.9492136 -0.0143457 0.4744738 -0.8801528 -0.01874822 0.6200875 -0.7843086 -0.02257525 0.7467834 -0.6646841 -0.02571398 0.8507902 -0.5248761 -0.02841335 0.9289432 -0.3691304 -0.02976268 0.9788936 -0.2021918 -0.3568929 0.9165695 -0.1803545 -0.3327246 0.8788517 -0.3419271 -0.3062982 0.8100642 -0.4999775 -0.2706095 0.7166737 -0.642767 -0.2266787 0.6014901 -0.766046 -0.1758763 0.4680411 -0.8660284 -0.1197341 0.3203761 -0.939693 -0.05994629 0.1629707 -0.9848082 -0.01757448 0.04931646 -0.9986286 -0.65731 0.7304683 -0.1853635 -0.6226764 0.7037655 -0.3420357 -0.5736429 0.6488088 -0.4999812 -0.5071492 0.574141 -0.6427767 -0.4252301 0.4820183 -0.7660534 -0.3304216 0.3752625 -0.8660252 -0.2256109 0.2571171 -0.9396758 -0.1138419 0.1311238 -0.984808 -0.02830964 0.03324931 -0.9990461 -0.8725634 0.4505811 -0.1887051 -0.8317984 0.4372147 -0.3419863 -0.7664109 0.4032398 -0.5000121 -0.6777907 0.3569892 -0.6427741 -0.5685351 0.2999067 -0.7660444 -0.4420616 0.2337046 -0.8660045 -0.3021167 0.1604066 -0.9396784 -0.1529916 0.08223396 -0.9848001 -0.04585695 0.02525871 -0.9986286 -0.9752019 0.1129401 -0.190331 -0.9327615 0.1138681 -0.3420383 -0.859622 0.1052421 -0.4999741 -0.7603394 0.09344255 -0.6427693 -0.6379404 0.07881081 -0.7660424 -0.4961668 0.06177777 -0.8660266 -0.3393674 0.04285037 -0.9396775 -0.1721636 0.0226565 -0.9848079 -0.05183237 0.007355868 -0.9986288 0.0298863 0.9890071 -0.1448169 0.02867591 0.9488644 -0.3143791 0.02659177 0.8798969 -0.47442 0.02370619 0.7842317 -0.6200152 0.02009624 0.6647146 -0.7468271 0.01587456 0.5249272 -0.8509991 0.0111671 0.3692188 -0.9292755 0.006116092 0.2022745 -0.9793098 0.001756846 0.05813115 -0.9983074 0.2201629 0.9567181 -0.1903129 0.544323 0.8173789 -0.1886911 0.7986396 0.572546 -0.185381 0.9503841 0.2534624 -0.1803522 0.04343771 0.004404723 -0.9990465 0.04256528 0.009586811 -0.9990478 0.1726217 0.01923036 -0.9848005 0.169009 0.039864 -0.984808 0.3397231 0.03958427 -0.9396923 0.3325053 0.08027374 -0.9396789 0.4965362 0.05875927 -0.866025 0.4858317 0.1181801 -0.8660261 0.6382907 0.07617288 -0.7660175 0.624431 0.1525282 -0.7660426 0.7605812 0.09120672 -0.6428045 0.744042 0.1822203 -0.6428043 0.8598301 0.1035397 -0.4999718 0.8410789 0.206422 -0.4999762 0.9329346 0.1127178 -0.3419472 0.9125366 0.2243223 -0.3419892 0.9757529 0.1322448 -0.1744062 0.04682934 0.02338743 -0.9986291 0.04367214 0.02886313 -0.998629 0.154557 0.07915163 -0.9848082 0.1438922 0.09720945 -0.9848073 0.3036054 0.1574732 -0.9396947 0.2824143 0.1929277 -0.939692 0.4434302 0.2310096 -0.8660278 0.4123525 0.2827766 -0.866027 0.5698014 0.2975646 -0.7660169 0.529767 0.3640426 -0.7660418 0.6788126 0.3549826 -0.6428071 0.6310775 0.434226 -0.6427978 0.7672396 0.4017118 -0.499971 0.7132289 0.4912903 -0.4999385 0.8323393 0.4362198 -0.3419411 0.7736889 0.5333581 -0.3419575 0.8670171 0.4687502 -0.1689815 0.02958321 0.03206437 -0.999048 0.03060299 0.0424785 -0.9986286 0.1164436 0.1288122 -0.9848088 0.1000703 0.1419119 -0.9848081 0.2280351 0.2549016 -0.9396942 0.1956487 0.2805338 -0.9396928 0.3326981 0.3732445 -0.8660258 0.2852818 0.4106271 -0.8660253 0.4272496 0.4802371 -0.7660483 0.3662493 0.5282409 -0.7660439 0.5088258 0.5726659 -0.6427676 0.436088 0.6298202 -0.6427704 0.574932 0.6476707 -0.4999759 0.4926716 0.7122521 -0.4999718 0.6235732 0.7029891 -0.3419985 0.5342758 0.7730633 -0.3419394 0.6462599 0.7454122 -0.1634288 0.01954942 0.04857069 -0.9986284 0.011294 0.04213881 -0.9990479 0.06319361 0.1617883 -0.9848001 0.0432446 0.1681708 -0.9848089 0.1228251 0.3192154 -0.9396891 0.08345746 0.3316721 -0.939696 0.1787158 0.4670109 -0.8660032 0.1211344 0.4851061 -0.8660246 0.2291858 0.600557 -0.766032 0.1551368 0.6237735 -0.7660544 0.2726981 0.7158532 -0.6427987 0.1844043 0.7435481 -0.6427529 0.3079152 0.8094365 -0.5000011 0.2080907 0.8406661 -0.4999788 0.3337688 0.8784259 -0.3420036 0.2254159 0.9122924 -0.3419214 0.3417703 0.9264447 -0.157777 0.0174703 5.30415e-4 -0.9998473 0.1448572 0.00437951 -0.989443 0.3144614 0.009512305 -0.9492226 0.4744958 0.01434582 -0.8801409 0.6200922 0.01874762 -0.7843049 0.7467998 0.02257603 -0.6646657 0.8508153 0.02571618 -0.5248352 0.9289411 0.02841472 -0.3691358 0.9788996 0.02976328 -0.2021625 0.9165545 0.356921 -0.1803752 0.8788438 0.3326774 -0.3419931 0.8100539 0.3062717 -0.5000104 0.7166752 0.2706153 -0.6427628 0.6014919 0.2266817 -0.7660438 0.4680461 0.175881 -0.8660247 0.3203778 0.119735 -0.9396924 0.163004 0.05998283 -0.9848004 0.04930508 0.01757216 -0.9986292 0.7304649 0.6573082 -0.1853837 0.7037687 0.6226571 -0.3420641 0.648808 0.5736146 -0.5000146 0.5741416 0.5071598 -0.6427678 0.4820262 0.425251 -0.7660369 0.3752774 0.3304716 -0.8659997 0.2571003 0.2255636 -0.9396917 0.1311232 0.1138403 -0.9848082 0.01425045 0.01212495 -0.999825 0.4505821 0.8725687 -0.1886792 0.4372009 0.831823 -0.3419443 0.4032374 0.7664167 -0.5000051 0.3569976 0.6777614 -0.6428003 0.2999065 0.5685359 -0.7660437 0.2337036 0.4420602 -0.8660054 0.160408 0.3020622 -0.9396956 0.08223456 0.1529856 -0.984801 0.02104997 0.0382595 -0.9990462 0.1129435 0.9751963 -0.1903573 0.1138877 0.9327428 -0.3420825 0.105268 0.8595834 -0.5000352 0.09342962 0.7603638 -0.6427426 0.07880496 0.637948 -0.7660366 0.06178027 0.4961643 -0.8660278 0.04286831 0.339321 -0.9396934 0.02265644 0.1721641 -0.9848077 0.007357418 0.05183601 -0.9986285 0.02907991 3.42463e-4 -0.9995771 0.2022651 0.002377331 -0.979328 0.3692531 0.004340767 -0.9293188 0.5249926 0.006171524 -0.8510845 0.6648315 0.007814049 -0.7469526 0.7844084 0.009221494 -0.6201762 0.8801874 0.01034504 -0.4745137 0.9492045 0.01115411 -0.3144623 0.9893857 0.01162803 -0.1448476 0.1733924 0.008816242 -0.9848134 0.3515193 0.06966125 -0.9335853 0.4994471 0.02411031 -0.8660088 0.5032666 0.09886026 -0.8584577 0.6419484 0.03065437 -0.7661349 0.6401636 0.1251706 -0.7579729 0.7650321 0.03630983 -0.6429679 0.7581546 0.1478119 -0.635101 0.8650285 0.04101377 -0.5000439 0.8537408 0.1661048 -0.4934937 0.9385017 0.04415363 -0.3424397 0.9241089 0.1794874 -0.3373534 0.9857372 0.0452007 -0.1621086 0.9842038 0.09177756 -0.1513929 0.9707441 0.1858615 -0.1520242 0.9773198 0.1362504 -0.1621171 0.9353896 0.08820992 -0.3424403 0.9302104 0.1320707 -0.3424414 0.862106 0.08157104 -0.5001196 0.8572286 0.1218681 -0.5003072 0.7625303 0.07227206 -0.6429031 0.7583156 0.108054 -0.6428701 0.6397986 0.06078881 -0.7661347 0.6362646 0.09081661 -0.7661069 0.4976906 0.04750257 -0.8660529 0.4949079 0.07083827 -0.8660532 0.3416349 0.01673245 -0.9396838 0.3404338 0.03274279 -0.9396982 0.3385161 0.04870271 -0.9396995 0.1858598 0.03802877 -0.9818401 0.1717613 0.02502852 -0.9848206 0.1726708 0.01687794 -0.984835 0.05225008 0.0028674 -0.9986299 0.04326587 0.004351556 -0.9990542 0.05178856 0.007767319 -0.9986279 0.04960215 0.009930968 -0.9987197 0 0 -1 0 0 -1 4.86485e-6 0 -1 2.2907e-6 0 -1 1.29295e-6 0 -1 -3.23732e-6 0 -1 -0.01948499 0.03901499 -0.9990487 0 0 -1 0 0 -1 0 0 -1 -1.40816e-5 0 -1 -5.5251e-6 0 -1 4.68461e-6 0 -1 0 0 -1 3.13745e-6 0 -1 8.31614e-7 0 -1 0 0 -1 5.47288e-7 0 -1 -8.38745e-6 0 -1 -4.68463e-6 0 -1 5.52507e-6 0 -1 -3.42905e-6 0 -1 2.06299e-6 0 -1 -1.51902e-6 0 -1 -8.48936e-7 0 -1 0 0 -1 0 0 -1 5.92813e-7 0 -1 4.48191e-7 0 -1 -2.5288e-6 0 -1 0 0 -1 1.99802e-6 0 -1 2.94746e-6 0 -1 -5.81053e-6 0 -1 -1.40818e-5 0 -1 -5.52503e-6 0 -1 4.68463e-6 0 -1 0 0 -1 -1.59652e-6 0 -1 -1.51917e-6 0 -1 0 0 -1 -1.02301e-5 0 -1 3.35745e-6 0 -1 3.04048e-6 0 -1 -1.46898e-6 0 -1 -1.30822e-6 0 -1 -7.83714e-6 0 -1 7.5989e-6 0 -1 3.83706e-6 0 -1 1.02298e-5 0 -1 -1.66255e-7 0 -1 -7.83703e-6 0 -1 7.83703e-6 0 -1 -1.08586e-6 0 -1 -8.37278e-6 0 -1 5.62061e-6 0 -1 0 0 -1 0 0 -1 0 0 -1 9.28691e-7 0 -1 2.29007e-6 0 -1 0.04338872 0.004388034 -0.9990487 1.29331e-6 0 -1 3.11966e-6 0 -1 3.50206e-6 0 -1 2.37989e-7 0 -1 0 -1 1.0295e-6 0 -1 -9.86905e-7 0 -1 7.40796e-6 0 -1 1.27025e-6 0 -1 -7.70316e-7 0 -1 -1.02951e-6 0 1 0 0 1 -1.25859e-6 0 1 -1.47239e-6 0 1 1.25866e-6 0 1 -1.0179e-6 0.1625241 0.9867041 0.001073181 -4.07547e-5 1 -2.44557e-6 -0.02913939 0.9995754 0 -0.1300573 0.9915065 0 -0.1874924 0.9822651 0.001429736 -0.2578778 0.9661766 0.001390576 -0.3519182 0.9360302 0.001070678 -0.3617693 0.9322677 0 -0.422613 0.9063103 0 -0.3519302 0.9360257 0.001071929 -0.5000268 0.8660101 -2.44557e-6 -0.52502 0.85109 0 -0.620194 0.7844485 1.3969e-5 -0.6648388 0.7469869 -1.00575e-5 -0.7469893 0.6648361 -1.11601e-6 -0.784451 0.620191 0 -0.8510863 0.5250261 -1.11601e-6 -0.8802273 0.4745523 0 -0.9063073 0.4226196 0 -0.9492557 0.3145052 -5.54775e-6 -0.9492672 0.3144708 -2.00493e-6 -0.9659262 0.2588175 0 -0.9492672 0.3144708 3.71505e-6 -0.9848142 0.1736122 -2.54298e-6 -0.9894495 0.1448783 1.11601e-6 -0.9995755 0.02913773 0 -0.9995754 -0.02913641 0 -0.9894493 -0.1448796 -1.11601e-6 -0.9793298 -0.2022706 1.11601e-6 -0.9492602 -0.3144919 -1.11601e-6 -0.9293271 -0.3692575 1.11601e-6 -0.8802279 -0.4745514 0 -0.8510867 -0.5250253 1.11601e-6 -0.784451 -0.620191 1.11691e-5 -0.7469893 -0.6648361 1.11601e-6 -0.6648373 -0.7469882 0 -0.6201924 -0.7844498 0 -0.5250201 -0.8510898 0 -0.4745483 -0.8802295 -2.52659e-7 -0.3692582 -0.9293269 0 -0.3144941 -0.9492595 -1.11691e-5 -0.2022719 -0.9793294 1.00575e-5 -0.1448786 -0.9894495 1.11601e-6 -0.02913928 -0.9995754 0 0.02913904 -0.9995754 0 0.1448791 -0.9894495 1.00575e-5 0.2022723 -0.9793294 1.11601e-6 0.3144947 -0.9492592 -1.11601e-6 0.369258 -0.929327 -1.00575e-5 0.4745495 -0.8802289 0 0.5250198 -0.8510901 -1.11691e-5 0.6201921 -0.7844501 0 0.6648367 -0.7469888 -1.3969e-5 0.7469888 -0.6648366 0 0.7844505 -0.6201915 0 0.8510877 -0.5250235 1.3969e-5 0.8802275 -0.4745522 0 0.9063088 -0.4226161 0 0.9492557 -0.3145055 -5.54774e-6 0.949266 -0.3144744 -2.78716e-6 0.9659253 -0.2588212 0 0.9793295 -0.2022718 0 0.9894495 -0.1448787 -1.00575e-5 0.9995754 -0.02913856 0 0.999576 0.02911943 3.44279e-6 0.9961947 0.08715641 0 0.9995748 0.02916175 3.81377e-6 0.984802 0.1736813 2.57875e-5 0.9793336 0.2022516 3.6281e-6 0.9659262 0.2588175 0 0.9793255 0.2022908 3.71505e-6 0.9396809 0.3420524 -2.54298e-6 0.9293355 0.3692367 -3.66524e-5 0.9063079 0.422618 0 0.9293195 0.3692768 3.74205e-6 0.8660072 0.5000315 3.50903e-5 0.8510873 0.5250245 0 0.8191509 0.5735781 0 0.7469966 0.6648279 -5.54775e-6 0.7469778 0.6648491 -2.00493e-6 0.7071105 0.7071031 0 0.7469767 0.6648504 3.72529e-6 0.6427606 0.7660672 -2.49427e-6 0.6202109 0.7844351 3.48912e-6 0.5735756 0.8191527 0 0.6201748 0.7844637 3.75789e-6 0.4999644 0.866046 -2.44557e-6 0.4745493 0.8802289 -1.11691e-5 0.4226121 0.9063107 0 0.3278583 0.9447259 0.001434326 0.3278051 0.9447444 0.001434743 0.2993426 0.9541458 0 0.2578966 0.9661715 0.001435279 0.1625289 0.9867033 0.001074135 0.1514102 0.988471 0 0.08716303 0.9961941 0</float_array>
          <technique_common>
            <accessor source="#solid_ʾ___link8_005-mesh-normals-array" count="5379" stride="3">
              <param name="X" type="float"/>
              <param name="Y" type="float"/>
              <param name="Z" type="float"/>
            </accessor>
          </technique_common>
        </source>
        <vertices id="solid_ʾ___link8_005-mesh-vertices">
          <input semantic="POSITION" source="#solid_ʾ___link8_005-mesh-positions"/>
        </vertices>
        <triangles material="Material-塑胶_029-material" count="10264">
          <input semantic="VERTEX" source="#solid_ʾ___link8_005-mesh-vertices" offset="0"/>
          <input semantic="NORMAL" source="#solid_ʾ___link8_005-mesh-normals" offset="1"/>
          <p>0 0 1 0 2 0 2 0 1 0 3 0 4 1 5 2 6 3 7 4 8 5 9 6 9 6 8 5 10 7 9 6 10 7 11 8 12 9 13 10 14 11 15 12 14 11 16 13 16 13 14 11 13 10 16 13 13 10 17 14 18 15 19 16 20 17 20 17 19 16 21 18 22 19 23 20 20 17 20 17 23 20 24 21 20 17 24 21 18 15 18 15 24 21 25 22 12 9 14 11 26 23 26 23 14 11 27 24 26 23 27 24 28 25 28 25 27 24 29 26 28 25 29 26 30 27 31 28 32 29 21 18 21 18 32 29 33 30 21 18 33 30 20 17 20 17 33 30 34 31 20 17 34 31 22 19 35 32 36 33 6 3 6 3 36 33 37 34 6 3 37 34 4 1 9 6 38 35 7 4 7 4 38 35 39 36 7 4 39 36 40 37 40 37 39 36 36 33 40 37 36 33 41 38 41 38 36 33 35 32 42 39 43 40 44 41 44 41 43 40 45 42 44 41 45 42 46 43 47 44 43 40 48 45 48 45 43 40 42 39 48 45 42 39 49 46 49 46 42 39 11 8 49 46 11 8 50 47 50 47 11 8 10 7 19 16 30 27 21 18 21 18 30 27 29 26 21 18 29 26 31 28 31 28 29 26 27 24 31 28 27 24 51 48 51 48 27 24 14 11 51 48 14 11 52 49 52 49 14 11 15 12 46 43 17 14 44 41 44 41 17 14 13 10 44 41 13 10 42 39 42 39 13 10 12 9 42 39 12 9 11 8 11 8 12 9 26 23 11 8 26 23 9 6 9 6 26 23 28 25 9 6 28 25 38 35 38 35 28 25 30 27 38 35 30 27 39 36 39 36 30 27 19 16 39 36 19 16 36 33 36 33 19 16 18 15 36 33 18 15 37 34 37 34 18 15 25 22 37 34 25 22 4 1 53 50 54 51 55 52 56 53 57 54 58 55 56 53 58 55 59 56 59 56 58 55 60 57 59 56 60 57 61 58 61 58 60 57 62 59 61 58 62 59 63 60 62 59 64 61 63 60 63 60 64 61 65 62 63 60 65 62 66 63 67 64 68 65 69 66 70 67 71 68 72 69 70 67 72 69 73 70 67 64 69 66 74 71 74 71 69 66 70 67 74 71 70 67 75 72 75 72 70 67 73 70 75 72 73 70 76 73 76 73 73 70 77 74 76 73 77 74 78 75 78 75 77 74 79 76 78 75 79 76 80 77 80 77 79 76 81 78 80 77 81 78 82 79 82 79 81 78 53 50 82 79 53 50 83 80 83 80 53 50 55 52 83 80 55 52 84 81 57 54 56 53 85 82 85 82 56 53 86 83 85 82 86 83 87 84 87 84 86 83 88 85 87 84 88 85 89 86 84 81 90 87 83 80 83 80 90 87 91 88 83 80 91 88 92 89 71 68 70 67 93 90 93 90 70 67 69 66 93 90 69 66 94 91 94 91 69 66 68 65 94 91 68 65 95 92 72 69 96 93 73 70 73 70 96 93 97 94 73 70 97 94 77 74 77 74 97 94 98 95 77 74 98 95 79 76 79 76 98 95 99 96 79 76 99 96 81 78 81 78 99 96 100 97 81 78 100 97 53 50 53 50 100 97 101 98 53 50 101 98 54 51 92 89 89 86 83 80 83 80 89 86 88 85 83 80 88 85 82 79 82 79 88 85 86 83 82 79 86 83 80 77 80 77 86 83 56 53 80 77 56 53 78 75 78 75 56 53 59 56 78 75 59 56 76 73 76 73 59 56 61 58 76 73 61 58 75 72 75 72 61 58 63 60 75 72 63 60 74 71 74 71 63 60 66 63 74 71 66 63 67 64 102 99 103 100 104 101 105 102 23 20 22 19 106 103 107 104 108 105 109 106 110 107 111 108 112 109 113 110 114 111 115 112 46 43 45 42 45 42 116 113 115 112 115 112 116 113 117 114 115 112 117 114 118 115 107 104 106 103 119 116 120 117 121 118 122 119 122 119 121 118 123 120 122 119 123 120 124 121 124 121 123 120 125 122 124 121 125 122 126 123 106 103 127 124 119 116 119 116 127 124 128 125 119 116 128 125 129 126 129 126 128 125 130 127 129 126 130 127 131 128 131 128 130 127 132 129 131 128 132 129 133 130 134 131 135 132 125 122 125 122 135 132 136 133 125 122 136 133 126 123 126 123 136 133 137 134 126 123 137 134 138 135 138 135 132 129 126 123 126 123 132 129 130 127 126 123 130 127 124 121 124 121 130 127 128 125 124 121 128 125 122 119 122 119 128 125 127 124 122 119 127 124 120 117 139 136 140 137 141 138 141 138 140 137 142 139 141 138 142 139 143 140 143 140 142 139 144 141 143 140 144 141 145 142 146 143 147 144 148 145 147 144 146 143 149 146 149 146 110 107 150 147 150 147 110 107 109 106 150 147 109 106 151 148 149 146 146 143 110 107 110 107 146 143 152 149 110 107 152 149 111 108 153 150 154 151 155 152 155 152 154 151 156 153 155 152 156 153 139 136 139 136 156 153 157 154 139 136 157 154 140 137 158 155 159 156 160 157 161 158 162 159 163 160 163 160 162 159 164 161 163 160 164 161 165 162 165 162 164 161 166 163 165 162 166 163 167 164 146 143 120 117 152 149 152 149 120 117 127 124 152 149 127 124 111 108 111 108 127 124 106 103 111 108 106 103 109 106 109 106 106 103 108 105 109 106 108 105 151 148 151 148 108 105 167 164 22 19 34 31 168 165 105 102 169 166 170 167 170 167 169 166 171 168 172 169 173 170 171 168 171 168 173 170 174 171 171 168 174 171 170 167 144 141 175 172 145 142 145 142 175 172 176 173 145 142 176 173 172 169 172 169 176 173 177 174 172 169 177 174 173 170 33 30 32 29 178 175 32 29 31 28 178 175 178 175 31 28 51 48 178 175 51 48 179 176 179 176 51 48 52 49 179 176 52 49 180 177 180 177 52 49 15 12 180 177 15 12 181 178 181 178 15 12 16 13 181 178 16 13 115 112 115 112 16 13 17 14 115 112 17 14 46 43 34 31 33 30 168 165 168 165 33 30 178 175 168 165 178 175 182 179 103 100 102 99 182 179 182 179 102 99 183 180 182 179 183 180 184 181 182 179 178 175 103 100 103 100 178 175 179 176 103 100 179 176 104 101 104 101 179 176 180 177 104 101 180 177 185 182 185 182 180 177 181 178 185 182 181 178 186 183 186 183 181 178 115 112 186 183 115 112 187 184 187 184 115 112 118 115 187 184 118 115 188 185 105 102 22 19 169 166 169 166 22 19 168 165 169 166 168 165 171 168 171 168 168 165 182 179 171 168 182 179 172 169 172 169 182 179 184 181 172 169 184 181 145 142 138 135 189 186 132 129 132 129 189 186 190 187 132 129 190 187 133 130 133 130 190 187 191 188 133 130 191 188 192 189 167 164 108 105 165 162 165 162 108 105 107 104 165 162 107 104 163 160 163 160 107 104 119 116 163 160 119 116 161 158 161 158 119 116 129 126 161 158 129 126 193 190 193 190 129 126 131 128 193 190 131 128 194 191 194 191 131 128 133 130 194 191 133 130 195 192 195 192 133 130 192 189 195 192 192 189 196 193 113 110 134 131 114 111 114 111 134 131 125 122 114 111 125 122 197 194 197 194 125 122 123 120 197 194 123 120 198 195 198 195 123 120 121 118 198 195 121 118 199 196 199 196 121 118 120 117 199 196 120 117 200 197 200 197 120 117 146 143 200 197 146 143 201 198 201 198 146 143 148 145 202 199 203 200 204 201 204 201 203 200 205 202 204 201 205 202 206 203 206 203 205 202 207 204 206 203 207 204 208 205 208 205 207 204 158 155 208 205 158 155 153 150 153 150 158 155 160 157 153 150 160 157 154 151 188 185 112 109 187 184 187 184 112 109 114 111 187 184 114 111 186 183 186 183 114 111 197 194 186 183 197 194 185 182 185 182 197 194 198 195 185 182 198 195 104 101 104 101 198 195 199 196 104 101 199 196 102 99 102 99 199 196 200 197 102 99 200 197 183 180 183 180 200 197 201 198 183 180 201 198 184 181 184 181 201 198 148 145 184 181 148 145 145 142 145 142 148 145 147 144 145 142 147 144 143 140 143 140 147 144 149 146 143 140 149 146 141 138 141 138 149 146 150 147 141 138 150 147 139 136 139 136 150 147 151 148 139 136 151 148 155 152 155 152 151 148 167 164 155 152 167 164 153 150 153 150 167 164 166 163 153 150 166 163 208 205 208 205 166 163 164 161 208 205 164 161 206 203 206 203 164 161 162 159 206 203 162 159 204 201 204 201 162 159 161 158 204 201 161 158 202 199 202 199 161 158 193 190 209 206 210 207 211 208 99 96 98 95 212 209 213 210 214 211 215 212 216 213 217 214 218 215 219 216 220 217 221 218 222 219 221 218 223 220 224 221 94 91 95 92 94 91 224 221 93 90 72 69 71 68 225 222 96 93 72 69 226 223 226 223 72 69 225 222 226 223 225 222 227 224 227 224 225 222 228 225 227 224 228 225 229 226 230 227 231 228 232 229 232 229 231 228 233 230 97 94 96 93 234 231 234 231 96 93 226 223 234 231 226 223 223 220 223 220 226 223 227 224 223 220 227 224 222 219 222 219 227 224 229 226 222 219 229 226 235 232 235 232 229 226 236 233 235 232 236 233 237 234 95 92 238 235 224 221 224 221 238 235 239 236 224 221 239 236 230 227 230 227 239 236 240 237 230 227 240 237 231 228 218 215 217 214 219 216 219 216 217 214 241 238 219 216 241 238 220 217 221 218 222 219 219 216 219 216 222 219 235 232 219 216 235 232 218 215 218 215 235 232 237 234 218 215 237 234 216 213 71 68 93 90 225 222 225 222 93 90 224 221 225 222 224 221 228 225 228 225 224 221 230 227 228 225 230 227 229 226 229 226 230 227 232 229 229 226 232 229 236 233 236 233 232 229 242 239 236 233 242 239 237 234 237 234 242 239 243 240 237 234 243 240 216 213 244 241 245 242 246 243 246 243 245 242 247 244 246 243 247 244 248 245 249 246 250 247 251 248 251 248 250 247 252 249 251 248 252 249 253 250 253 250 252 249 254 251 253 250 254 251 255 252 256 253 213 210 254 251 254 251 213 210 215 212 254 251 215 212 255 252 255 252 215 212 257 254 250 247 258 255 252 249 252 249 258 255 259 256 252 249 259 256 254 251 254 251 259 256 260 257 254 251 260 257 256 253 261 258 262 259 263 260 263 260 262 259 264 261 261 258 263 260 265 262 265 262 263 260 266 263 265 262 266 263 267 264 267 264 266 263 268 265 268 265 266 263 269 266 268 265 269 266 270 267 271 268 272 269 273 270 274 271 275 272 276 273 276 273 275 272 277 274 276 273 277 274 278 275 278 275 277 274 279 276 278 275 279 276 248 245 248 245 279 276 280 277 248 245 280 277 246 243 246 243 280 277 281 278 246 243 281 278 244 241 243 240 274 271 216 213 216 213 274 271 276 273 216 213 276 273 217 214 217 214 276 273 278 275 217 214 278 275 241 238 241 238 278 275 248 245 241 238 248 245 282 279 282 279 248 245 247 244 282 279 247 244 283 280 283 280 247 244 245 242 284 281 285 282 264 261 264 261 285 282 272 269 264 261 272 269 263 260 263 260 272 269 271 268 263 260 271 268 266 263 266 263 271 268 286 283 266 263 286 283 269 266 55 52 54 51 287 284 287 284 54 51 288 285 289 286 290 287 291 288 291 288 290 287 292 289 291 288 292 289 288 285 288 285 292 289 293 290 288 285 293 290 287 284 262 259 294 291 264 261 264 261 294 291 295 292 264 261 295 292 284 281 284 281 295 292 296 293 284 281 296 293 289 286 289 286 296 293 297 294 289 286 297 294 290 287 99 96 212 209 100 97 298 295 299 296 300 297 300 297 299 296 301 298 300 297 301 298 302 299 302 299 301 298 303 300 302 299 303 300 304 301 304 301 303 300 305 302 304 301 305 302 306 303 306 303 305 302 307 304 306 303 307 304 212 209 212 209 307 304 308 305 212 209 308 305 100 97 100 97 308 305 101 98 298 295 273 270 299 296 299 296 273 270 272 269 299 296 272 269 301 298 301 298 272 269 285 282 301 298 285 282 303 300 303 300 285 282 284 281 303 300 284 281 305 302 305 302 284 281 289 286 305 302 289 286 307 304 307 304 289 286 291 288 307 304 291 288 308 305 308 305 291 288 288 285 308 305 288 285 101 98 101 98 288 285 54 51 214 211 209 206 215 212 215 212 209 206 211 208 215 212 211 208 257 254 257 254 211 208 309 306 233 230 249 246 232 229 232 229 249 246 251 248 232 229 251 248 242 239 242 239 251 248 253 250 242 239 253 250 243 240 243 240 253 250 255 252 243 240 255 252 274 271 274 271 255 252 257 254 274 271 257 254 275 272 275 272 257 254 309 306 275 272 309 306 277 274 277 274 309 306 310 307 277 274 310 307 279 276 279 276 310 307 311 308 279 276 311 308 280 277 311 308 312 309 280 277 280 277 312 309 313 310 280 277 313 310 281 278 281 278 313 310 314 311 281 278 314 311 244 241 244 241 314 311 286 283 244 241 286 283 245 242 245 242 286 283 271 268 245 242 271 268 283 280 283 280 271 268 273 270 283 280 273 270 282 279 282 279 273 270 298 295 282 279 298 295 241 238 241 238 298 295 300 297 241 238 300 297 220 217 220 217 300 297 302 299 220 217 302 299 221 218 221 218 302 299 304 301 221 218 304 301 223 220 223 220 304 301 306 303 223 220 306 303 234 231 234 231 306 303 212 209 234 231 212 209 97 94 97 94 212 209 98 95 315 312 316 313 317 314 318 315 319 316 320 317 320 317 319 316 321 318 322 319 323 320 324 321 293 290 292 289 325 322 325 322 292 289 290 287 294 291 262 259 326 323 287 284 327 324 55 52 55 52 327 324 84 81 262 259 261 258 326 323 326 323 261 258 265 262 326 323 265 262 328 325 328 325 265 262 267 264 328 325 267 264 268 265 297 294 296 293 329 326 329 326 296 293 295 292 329 326 295 292 330 327 287 284 293 290 331 328 331 328 293 290 325 322 331 328 325 322 329 326 329 326 325 322 290 287 329 326 290 287 297 294 332 329 323 320 333 330 333 330 323 320 322 319 333 330 322 319 334 331 334 331 335 332 336 333 336 333 337 334 334 331 334 331 337 334 338 335 334 331 338 335 333 330 333 330 338 335 339 336 333 330 339 336 332 329 332 329 339 336 340 337 341 338 342 339 343 340 343 340 342 339 344 341 343 340 344 341 345 342 346 343 347 344 348 345 348 345 347 344 349 346 348 345 349 346 350 347 350 347 349 346 351 348 350 347 351 348 352 349 352 349 351 348 353 350 352 349 353 350 354 351 354 351 353 350 355 352 356 353 346 343 357 354 357 354 346 343 348 345 357 354 348 345 358 355 358 355 348 345 350 347 358 355 350 347 359 356 359 356 350 347 352 349 359 356 352 349 360 357 360 357 352 349 354 351 360 357 354 351 361 358 361 358 354 351 355 352 362 359 363 360 364 361 362 359 364 361 365 362 364 361 366 363 365 362 365 362 366 363 367 364 365 362 367 364 368 365 368 365 367 364 369 366 368 365 369 366 370 367 370 367 369 366 371 368 370 367 371 368 335 332 335 332 371 368 372 369 335 332 372 369 336 333 373 370 374 371 375 372 375 372 374 371 376 373 375 372 376 373 377 374 377 374 376 373 378 375 377 374 378 375 379 376 380 377 373 370 381 378 381 378 373 370 375 372 381 378 375 372 382 379 382 379 375 372 377 374 382 379 377 374 383 380 383 380 377 374 379 376 383 380 379 376 330 327 330 327 295 292 383 380 383 380 295 292 294 291 383 380 294 291 382 379 382 379 294 291 326 323 382 379 326 323 381 378 381 378 326 323 328 325 381 378 328 325 380 377 384 381 385 382 386 383 386 383 385 382 387 384 386 383 387 384 270 267 388 385 389 386 390 387 390 387 389 386 391 388 390 387 391 388 392 389 392 389 391 388 385 382 392 389 385 382 393 390 393 390 385 382 384 381 394 391 395 392 396 393 396 393 395 392 397 394 396 393 397 394 398 395 287 284 331 328 327 324 327 324 331 328 317 314 327 324 317 314 84 81 84 81 317 314 316 313 84 81 316 313 90 87 90 87 316 313 315 312 90 87 315 312 399 396 399 396 315 312 400 397 399 396 400 397 401 398 319 316 394 391 321 318 321 318 394 391 396 393 321 318 396 393 402 399 402 399 396 393 398 395 402 399 398 395 403 400 403 400 398 395 404 401 378 375 318 315 379 376 379 376 318 315 320 317 379 376 320 317 330 327 330 327 320 317 321 318 330 327 321 318 329 326 329 326 321 318 402 399 329 326 402 399 331 328 331 328 402 399 403 400 331 328 403 400 317 314 317 314 403 400 404 401 317 314 404 401 315 312 405 402 406 403 407 404 405 402 407 404 408 405 407 404 409 406 408 405 408 405 409 406 410 407 408 405 410 407 411 408 411 408 410 407 412 409 411 408 412 409 400 397 400 397 412 409 413 410 400 397 413 410 401 398 414 411 415 412 416 413 416 413 415 412 417 414 416 413 417 414 418 415 418 415 417 414 419 416 418 415 419 416 420 417 404 401 420 417 315 312 315 312 420 417 419 416 315 312 419 416 400 397 400 397 419 416 417 414 400 397 417 414 411 408 411 408 417 414 415 412 411 408 415 412 408 405 408 405 415 412 414 411 408 405 414 411 405 402 421 418 422 419 423 420 423 420 422 419 424 421 423 420 424 421 425 422 425 422 424 421 426 423 425 422 426 423 427 424 427 424 426 423 428 425 427 424 428 425 429 426 429 426 428 425 430 427 429 426 430 427 431 428 431 428 430 427 432 429 431 428 432 429 433 430 433 430 432 429 434 431 433 430 434 431 435 432 435 432 434 431 436 433 435 432 436 433 437 434 437 434 436 433 438 435 437 434 438 435 439 436 439 436 438 435 440 437 439 436 440 437 441 438 441 438 440 437 442 439 441 438 442 439 443 440 443 440 442 439 444 441 443 440 444 441 445 442 445 442 444 441 446 443 445 442 446 443 324 321 447 444 448 445 449 446 449 446 448 445 450 447 449 446 450 447 451 448 451 448 450 447 452 449 451 448 452 449 453 450 453 450 452 449 454 451 453 450 454 451 455 452 455 452 454 451 456 453 455 452 456 453 457 454 457 454 456 453 458 455 457 454 458 455 459 456 459 456 458 455 460 457 459 456 460 457 461 458 461 458 460 457 462 459 461 458 462 459 463 460 463 460 462 459 464 461 463 460 464 461 465 462 465 462 464 461 466 463 465 462 466 463 467 464 467 464 466 463 468 465 467 464 468 465 469 466 469 466 468 465 470 467 469 466 470 467 471 468 471 468 446 443 469 466 469 466 446 443 444 441 469 466 444 441 467 464 467 464 444 441 442 439 467 464 442 439 465 462 465 462 442 439 440 437 465 462 440 437 463 460 463 460 440 437 438 435 463 460 438 435 461 458 461 458 438 435 436 433 461 458 436 433 459 456 459 456 436 433 434 431 459 456 434 431 457 454 457 454 434 431 432 429 457 454 432 429 455 452 455 452 432 429 430 427 455 452 430 427 453 450 453 450 430 427 428 425 453 450 428 425 451 448 451 448 428 425 426 423 451 448 426 423 449 446 449 446 426 423 424 421 449 446 424 421 447 444 447 444 424 421 422 419 472 469 356 353 473 470 473 470 356 353 357 354 473 470 357 354 474 471 474 471 357 354 358 355 474 471 358 355 475 472 475 472 358 355 359 356 475 472 359 356 341 338 341 338 359 356 360 357 341 338 360 357 342 339 342 339 360 357 361 358 342 339 361 358 344 341 344 341 361 358 476 473 344 341 476 473 345 342 345 342 476 473 477 474 345 342 477 474 478 475 478 475 477 474 479 476 478 475 479 476 480 477 480 477 479 476 481 478 480 477 481 478 482 479 482 479 481 478 483 480 482 479 484 481 480 477 480 477 484 481 485 482 480 477 485 482 478 475 478 475 485 482 486 483 478 475 486 483 345 342 448 445 483 480 450 447 450 447 483 480 481 478 450 447 481 478 452 449 452 449 481 478 479 476 452 449 479 476 454 451 454 451 479 476 477 474 454 451 477 474 456 453 456 453 477 474 476 473 456 453 476 473 458 455 458 455 476 473 361 358 458 455 361 358 460 457 460 457 361 358 355 352 460 457 355 352 462 459 462 459 355 352 353 350 462 459 353 350 464 461 464 461 353 350 351 348 464 461 351 348 466 463 466 463 351 348 349 346 466 463 349 346 468 465 468 465 349 346 347 344 468 465 347 344 470 467 388 385 487 484 389 386 389 386 487 484 488 485 389 386 488 485 472 469 324 321 446 443 322 319 322 319 446 443 471 468 322 319 471 468 334 331 334 331 471 468 470 467 334 331 470 467 335 332 335 332 470 467 347 344 335 332 347 344 370 367 370 367 347 344 346 343 370 367 346 343 368 365 368 365 346 343 356 353 368 365 356 353 365 362 365 362 356 353 472 469 365 362 472 469 362 359 362 359 472 469 488 485 362 359 488 485 363 360 421 418 406 403 422 419 422 419 406 403 405 402 422 419 405 402 447 444 447 444 405 402 414 411 447 444 414 411 448 445 448 445 414 411 416 413 448 445 416 413 483 480 483 480 416 413 418 415 483 480 418 415 482 479 482 479 418 415 420 417 482 479 420 417 484 481 484 481 420 417 404 401 484 481 404 401 485 482 485 482 404 401 398 395 485 482 398 395 486 483 486 483 398 395 397 394 486 483 397 394 345 342 345 342 397 394 395 392 345 342 395 392 343 340 343 340 395 392 394 391 343 340 394 391 341 338 341 338 394 391 319 316 341 338 319 316 475 472 475 472 319 316 318 315 475 472 318 315 474 471 474 471 318 315 378 375 474 471 378 375 473 470 473 470 378 375 376 373 473 470 376 373 472 469 472 469 376 373 374 371 472 469 374 371 389 386 389 386 374 371 373 370 389 386 373 370 391 388 391 388 373 370 380 377 391 388 380 377 385 382 385 382 380 377 328 325 385 382 328 325 387 384 387 384 328 325 268 265 387 384 268 265 270 267 489 486 490 487 491 488 492 489 493 490 494 491 138 135 495 492 189 186 118 115 496 493 188 185 47 44 497 494 498 495 499 496 500 497 43 40 43 40 500 497 501 498 43 40 501 498 45 42 45 42 501 498 502 499 45 42 502 499 116 113 116 113 502 499 503 500 116 113 503 500 117 114 188 185 496 493 112 109 112 109 496 493 504 501 112 109 504 501 113 110 137 134 136 133 505 502 505 502 136 133 135 132 505 502 135 132 504 501 504 501 135 132 134 131 504 501 134 131 113 110 189 186 495 492 190 187 190 187 495 492 506 503 190 187 506 503 191 188 506 503 507 504 508 505 191 188 506 503 192 189 192 189 506 503 508 505 192 189 508 505 196 193 509 506 510 507 511 508 512 509 513 510 514 511 514 511 513 510 515 512 514 511 515 512 516 513 517 514 518 515 519 516 519 516 518 515 520 517 519 516 520 517 521 518 521 518 520 517 522 519 521 518 522 519 523 520 523 520 522 519 524 521 523 520 524 521 525 522 517 514 519 516 526 523 526 523 519 516 521 518 526 523 521 518 527 524 527 524 521 518 523 520 527 524 523 520 528 525 528 525 523 520 525 522 528 525 525 522 529 526 530 527 531 528 492 489 532 529 531 528 533 530 533 530 531 528 530 527 533 530 530 527 534 531 493 490 492 489 535 532 535 532 492 489 531 528 535 532 531 528 536 533 536 533 531 528 532 529 536 533 532 529 537 534 524 521 534 531 525 522 525 522 534 531 530 527 525 522 530 527 529 526 529 526 530 527 492 489 529 526 492 489 538 535 538 535 492 489 494 491 538 535 494 491 509 506 539 536 540 537 541 538 117 114 503 500 118 115 118 115 503 500 542 539 118 115 542 539 496 493 496 493 542 539 543 540 496 493 543 540 504 501 539 536 543 540 544 541 544 541 543 540 542 539 544 541 542 539 545 542 545 542 542 539 503 500 545 542 503 500 546 543 546 543 503 500 502 499 546 543 502 499 547 544 547 544 502 499 501 498 547 544 501 498 548 545 548 545 501 498 500 497 548 545 500 497 498 495 498 495 500 497 499 496 498 495 499 496 47 44 47 44 499 496 43 40 549 546 550 547 551 548 551 548 550 547 489 486 552 549 553 550 554 551 489 486 491 488 551 548 551 548 491 488 555 552 551 548 555 552 556 553 556 553 555 552 557 554 556 553 557 554 558 555 559 556 560 557 561 558 561 558 560 557 562 559 561 558 562 559 563 560 137 134 505 502 138 135 138 135 505 502 559 556 138 135 559 556 495 492 495 492 559 556 561 558 495 492 561 558 506 503 506 503 561 558 563 560 506 503 563 560 507 504 540 537 564 561 541 538 541 538 564 561 558 555 541 538 558 555 565 562 565 562 558 555 557 554 565 562 557 554 566 563 566 563 557 554 555 552 566 563 555 552 567 564 567 564 555 552 491 488 567 564 491 488 552 549 552 549 491 488 490 487 552 549 490 487 553 550 539 536 541 538 543 540 543 540 541 538 565 562 543 540 565 562 504 501 504 501 565 562 566 563 504 501 566 563 505 502 505 502 566 563 567 564 505 502 567 564 559 556 559 556 567 564 552 549 559 556 552 549 560 557 560 557 552 549 554 551 560 557 554 551 562 559 568 565 569 566 570 567 571 568 572 569 573 570 573 570 572 569 570 567 573 570 570 567 574 571 574 571 570 567 569 566 575 572 576 573 577 574 577 574 576 573 572 569 577 574 572 569 578 575 578 575 572 569 571 568 575 572 579 576 576 573 576 573 579 576 580 577 576 573 580 577 549 546 549 546 580 577 581 578 549 546 581 578 550 547 582 579 583 580 584 581 584 581 583 580 585 582 584 581 585 582 586 583 586 583 585 582 587 584 586 583 587 584 588 585 556 553 588 585 551 548 551 548 588 585 587 584 551 548 587 584 549 546 549 546 587 584 585 582 549 546 585 582 576 573 576 573 585 582 583 580 576 573 583 580 572 569 572 569 583 580 582 579 572 569 582 579 570 567 589 586 590 587 591 588 591 588 590 587 592 589 591 588 592 589 593 590 593 590 592 589 594 591 593 590 594 591 595 592 595 592 594 591 596 593 595 592 596 593 597 594 597 594 596 593 598 595 597 594 598 595 599 596 599 596 598 595 600 597 599 596 600 597 601 598 601 598 600 597 602 599 601 598 602 599 603 600 603 600 602 599 604 601 603 600 604 601 605 602 605 602 604 601 606 603 605 602 606 603 607 604 607 604 606 603 608 605 607 604 608 605 609 606 609 606 608 605 610 607 609 606 610 607 611 608 611 608 610 607 612 609 611 608 612 609 613 610 613 610 612 609 614 611 613 610 614 611 615 612 615 612 614 611 616 613 615 612 616 613 617 614 618 615 619 616 620 617 620 617 619 616 621 618 620 617 621 618 622 619 622 619 621 618 623 620 622 619 623 620 624 621 624 621 623 620 625 622 624 621 625 622 626 623 626 623 625 622 627 624 626 623 627 624 628 625 628 625 627 624 629 626 628 625 629 626 630 627 630 627 629 626 631 628 630 627 631 628 632 629 632 629 631 628 633 630 632 629 633 630 634 631 634 631 633 630 635 632 634 631 635 632 636 633 636 633 635 632 637 634 636 633 637 634 638 635 638 635 637 634 639 636 638 635 639 636 640 637 640 637 639 636 641 638 640 637 641 638 642 639 642 639 641 638 643 640 617 614 618 615 615 612 615 612 618 615 620 617 615 612 620 617 613 610 613 610 620 617 622 619 613 610 622 619 611 608 611 608 622 619 624 621 611 608 624 621 609 606 609 606 624 621 626 623 609 606 626 623 607 604 607 604 626 623 628 625 607 604 628 625 605 602 605 602 628 625 630 627 605 602 630 627 603 600 603 600 630 627 632 629 603 600 632 629 601 598 601 598 632 629 634 631 601 598 634 631 599 596 599 596 634 631 636 633 599 596 636 633 597 594 597 594 636 633 638 635 597 594 638 635 595 592 595 592 638 635 640 637 595 592 640 637 593 590 593 590 640 637 642 639 593 590 642 639 591 588 591 588 642 639 643 640 591 588 643 640 589 586 644 641 537 534 645 642 645 642 537 534 532 529 645 642 532 529 646 643 646 643 532 529 533 530 646 643 533 530 647 644 647 644 533 530 534 531 647 644 534 531 648 645 648 645 534 531 524 521 648 645 524 521 649 646 649 646 524 521 522 519 649 646 522 519 512 509 512 509 522 519 520 517 512 509 520 517 513 510 513 510 520 517 518 515 513 510 518 515 515 512 515 512 518 515 650 647 515 512 650 647 516 513 516 513 650 647 651 648 516 513 651 648 652 649 652 649 651 648 653 650 652 649 653 650 654 651 654 651 653 650 655 652 654 651 655 652 656 653 656 653 655 652 657 654 656 653 658 655 654 651 654 651 658 655 659 656 654 651 659 656 652 649 652 649 659 656 660 657 652 649 660 657 516 513 619 616 657 654 621 618 621 618 657 654 655 652 621 618 655 652 623 620 623 620 655 652 653 650 623 620 653 650 625 622 625 622 653 650 651 648 625 622 651 648 627 624 627 624 651 648 650 647 627 624 650 647 629 626 629 626 650 647 518 515 629 626 518 515 631 628 631 628 518 515 517 514 631 628 517 514 633 630 633 630 517 514 526 523 633 630 526 523 635 632 635 632 526 523 527 524 635 632 527 524 637 634 637 634 527 524 528 525 637 634 528 525 639 636 639 636 528 525 529 526 639 636 529 526 641 638 641 638 529 526 538 535 641 638 538 535 643 640 643 640 538 535 509 506 643 640 509 506 589 586 589 586 509 506 511 508 589 586 511 508 590 587 497 494 644 641 498 495 498 495 644 641 645 642 498 495 645 642 548 545 548 545 645 642 646 643 548 545 646 643 547 544 547 544 646 643 647 644 547 544 647 644 546 543 546 543 647 644 648 645 546 543 648 645 545 542 545 542 648 645 649 646 545 542 649 646 544 541 544 541 649 646 512 509 544 541 512 509 539 536 539 536 512 509 514 511 539 536 514 511 540 537 540 537 514 511 516 513 540 537 516 513 564 561 564 561 516 513 660 657 564 561 660 657 558 555 558 555 660 657 659 656 558 555 659 656 556 553 556 553 659 656 658 655 556 553 658 655 588 585 588 585 658 655 656 653 588 585 656 653 586 583 586 583 656 653 657 654 586 583 657 654 584 581 584 581 657 654 619 616 584 581 619 616 582 579 582 579 619 616 618 615 582 579 618 615 570 567 570 567 618 615 617 614 570 567 617 614 568 565 568 565 617 614 616 613 568 565 616 613 661 658 196 193 662 659 195 192 195 192 662 659 663 660 195 192 663 660 194 191 664 661 159 156 665 662 665 662 159 156 158 155 665 662 158 155 666 663 666 663 158 155 207 204 666 663 207 204 667 664 667 664 207 204 205 202 667 664 205 202 668 665 668 665 205 202 203 200 668 665 203 200 669 666 669 666 203 200 202 199 669 666 202 199 670 667 670 667 202 199 193 190 670 667 193 190 671 668 671 668 193 190 194 191 671 668 194 191 672 669 672 669 194 191 663 660 673 670 674 671 675 672 675 672 674 671 676 673 676 673 674 671 677 674 677 674 674 671 678 675 677 674 678 675 679 676 679 676 678 675 680 677 679 676 680 677 681 678 681 678 680 677 682 679 681 678 682 679 683 680 683 680 682 679 684 681 683 680 684 681 685 682 685 682 684 681 686 683 685 682 686 683 687 684 687 684 686 683 688 685 688 685 686 683 689 686 688 685 689 686 690 687 689 686 691 688 690 687 690 687 691 688 692 689 690 687 692 689 693 690 286 283 694 691 269 266 269 266 694 691 695 692 269 266 695 692 270 267 270 267 695 692 696 693 697 694 698 695 314 311 314 311 698 695 699 696 314 311 699 696 286 283 286 283 699 696 700 697 286 283 700 697 694 691 314 311 313 310 697 694 697 694 313 310 312 309 697 694 312 309 701 698 210 207 702 699 211 208 211 208 702 699 703 700 211 208 703 700 309 306 309 306 703 700 704 701 309 306 704 701 310 307 310 307 704 701 701 698 310 307 701 698 311 308 311 308 701 698 312 309 705 702 706 703 707 704 708 705 709 706 710 707 337 334 336 333 711 708 384 381 386 383 712 709 386 383 270 267 696 693 713 710 390 387 714 711 714 711 390 387 392 389 714 711 392 389 393 390 715 712 364 361 363 360 363 360 488 485 715 712 715 712 488 485 487 484 715 712 487 484 713 710 713 710 487 484 388 385 713 710 388 385 390 387 364 361 715 712 366 363 366 363 715 712 716 713 366 363 716 713 367 364 367 364 716 713 369 366 369 366 716 713 706 703 369 366 706 703 371 368 371 368 706 703 705 702 371 368 705 702 372 369 708 705 339 336 338 335 717 714 718 715 340 337 386 383 696 693 712 709 712 709 696 693 719 716 712 709 719 716 675 672 675 672 676 673 712 709 712 709 676 673 714 711 712 709 714 711 384 381 384 381 714 711 393 390 340 337 339 336 717 714 717 714 339 336 708 705 717 714 708 705 720 717 720 717 708 705 710 707 721 718 709 706 711 708 711 708 709 706 708 705 711 708 708 705 337 334 337 334 708 705 338 335 336 333 372 369 711 708 711 708 372 369 705 702 711 708 705 702 721 718 721 718 705 702 707 704 721 718 707 704 709 706 709 706 707 704 722 719 709 706 722 719 710 707 710 707 722 719 723 720 676 673 677 674 714 711 714 711 677 674 679 676 714 711 679 676 713 710 713 710 679 676 681 678 713 710 681 678 715 712 715 712 681 678 683 680 715 712 683 680 716 713 716 713 683 680 685 682 716 713 685 682 706 703 706 703 685 682 687 684 706 703 687 684 707 704 707 704 687 684 688 685 707 704 688 685 722 719 722 719 688 685 690 687 722 719 690 687 723 720 723 720 690 687 693 690 724 721 725 722 726 723 724 721 726 723 727 724 727 724 726 723 728 725 727 724 728 725 729 726 730 727 731 728 732 729 732 729 731 728 729 726 732 729 729 726 733 730 733 730 729 726 728 725 730 727 734 731 731 728 731 728 734 731 735 732 731 728 735 732 736 733 737 734 738 735 739 736 739 736 738 735 736 733 739 736 736 733 740 737 740 737 736 733 735 732 741 738 742 739 743 740 744 741 745 742 743 740 743 740 745 742 746 743 743 740 746 743 741 738 747 744 748 745 744 741 744 741 748 745 749 746 744 741 749 746 745 742 750 747 751 748 752 749 752 749 751 748 753 750 752 749 753 750 747 744 747 744 753 750 754 751 747 744 754 751 748 745 750 747 752 749 755 752 755 752 752 749 756 753 755 752 756 753 757 754 742 739 741 738 758 755 758 755 741 738 759 756 758 755 759 756 760 757 725 722 724 721 761 758 693 690 692 689 762 759 762 759 692 689 763 760 762 759 763 760 764 761 764 761 763 760 765 762 764 761 765 762 766 763 766 763 765 762 767 764 766 763 767 764 768 765 768 765 767 764 769 766 768 765 769 766 770 767 770 767 769 766 771 768 770 767 771 768 772 769 772 769 771 768 773 770 772 769 773 770 774 771 774 771 773 770 775 772 774 771 775 772 776 773 776 773 775 772 777 774 776 773 777 774 778 775 778 775 777 774 760 757 778 775 760 757 761 758 761 758 760 757 759 756 761 758 759 756 725 722 779 776 780 777 781 778 489 486 550 547 782 779 783 780 784 781 508 505 508 505 784 781 662 659 508 505 662 659 196 193 661 658 785 782 786 783 573 570 574 571 779 776 779 776 574 571 569 566 779 776 569 566 568 565 787 784 577 574 788 785 788 785 577 574 578 575 581 578 580 577 789 786 789 786 580 577 579 576 789 786 579 576 787 784 787 784 579 576 575 572 787 784 575 572 577 574 790 787 553 550 782 779 782 779 553 550 490 487 782 779 490 487 489 486 563 560 562 559 790 787 790 787 562 559 554 551 790 787 554 551 553 550 783 780 508 505 790 787 790 787 508 505 507 504 790 787 507 504 563 560 791 788 692 689 792 789 792 789 692 689 691 688 792 789 691 688 793 790 793 790 691 688 689 686 793 790 689 686 794 791 794 791 689 686 686 683 794 791 686 683 795 792 573 570 779 776 796 793 796 793 779 776 781 778 796 793 781 778 797 794 798 795 780 777 799 796 799 796 780 777 779 776 799 796 779 776 786 783 786 783 779 776 568 565 786 783 568 565 661 658 798 795 791 788 780 777 780 777 791 788 792 789 780 777 792 789 781 778 781 778 792 789 793 790 781 778 793 790 797 794 797 794 793 790 794 791 550 547 581 578 782 779 782 779 581 578 789 786 782 779 789 786 795 792 795 792 789 786 787 784 795 792 787 784 794 791 794 791 787 784 788 785 794 791 788 785 797 794 797 794 788 785 578 575 797 794 578 575 796 793 796 793 578 575 571 568 796 793 571 568 573 570 673 670 784 781 674 671 674 671 784 781 783 780 674 671 783 780 678 675 678 675 783 780 790 787 678 675 790 787 680 677 680 677 790 787 782 779 680 677 782 779 682 679 682 679 782 779 795 792 682 679 795 792 684 681 684 681 795 792 686 683 800 797 784 781 673 670 666 663 801 798 665 662 665 662 801 798 802 799 665 662 802 799 664 661 664 661 802 799 803 800 667 664 804 801 666 663 666 663 804 801 805 802 666 663 805 802 801 798 801 798 805 802 806 803 801 798 806 803 802 799 802 799 806 803 807 804 802 799 807 804 803 800 803 800 807 804 808 805 673 670 809 806 800 797 800 797 809 806 810 807 800 797 810 807 811 808 811 808 810 807 812 809 811 808 812 809 813 810 662 659 784 781 663 660 663 660 784 781 800 797 663 660 800 797 672 669 672 669 800 797 811 808 672 669 811 808 671 668 671 668 811 808 813 810 671 668 813 810 670 667 670 667 813 810 814 811 670 667 814 811 669 666 669 666 814 811 815 812 669 666 815 812 668 665 668 665 815 812 816 813 668 665 816 813 667 664 667 664 816 813 817 814 667 664 817 814 804 801 818 815 808 805 819 816 819 816 808 805 807 804 819 816 807 804 820 817 820 817 807 804 806 803 820 817 806 803 821 818 821 818 806 803 805 802 821 818 805 802 822 819 822 819 805 802 804 801 822 819 804 801 823 820 823 820 804 801 817 814 823 820 817 814 824 821 824 821 817 814 816 813 824 821 816 813 825 822 825 822 816 813 815 812 825 822 815 812 826 823 826 823 815 812 814 811 826 823 814 811 827 824 827 824 814 811 813 810 827 824 813 810 828 825 828 825 813 810 812 809 828 825 812 809 829 826 829 826 812 809 810 807 829 826 810 807 830 827 830 827 810 807 809 806 830 827 809 806 675 672 675 672 809 806 673 670 702 699 831 828 703 700 703 700 831 828 832 829 703 700 832 829 704 701 832 829 833 830 704 701 704 701 833 830 821 818 704 701 821 818 701 698 675 672 719 716 830 827 830 827 719 716 834 831 719 716 696 693 834 831 834 831 696 693 695 692 834 831 695 692 835 832 835 832 695 692 694 691 835 832 694 691 700 697 831 828 818 815 832 829 832 829 818 815 819 816 832 829 819 816 833 830 833 830 819 816 820 817 833 830 820 817 821 818 821 818 822 819 701 698 701 698 822 819 823 820 701 698 823 820 697 694 697 694 823 820 824 821 697 694 824 821 698 695 698 695 824 821 825 822 698 695 825 822 699 696 699 696 825 822 826 823 699 696 826 823 700 697 700 697 826 823 827 824 700 697 827 824 835 832 835 832 827 824 828 825 835 832 828 825 834 831 834 831 828 825 829 826 834 831 829 826 830 827 836 833 837 834 838 833 839 835 840 835 841 835 839 836 841 836 842 836 840 837 843 837 844 837 844 838 843 838 836 838 844 839 836 839 845 839 845 840 836 840 838 840 845 841 838 841 846 841 846 842 847 842 845 842 845 843 847 843 848 843 845 844 848 844 849 844 849 845 850 846 845 847 845 848 850 849 851 850 845 851 851 852 852 853 853 854 854 855 841 856 841 857 854 858 855 859 841 860 855 860 842 861 856 862 857 862 858 862 858 863 857 863 859 863 860 864 861 864 862 864 861 865 863 865 862 865 862 866 863 866 864 866 862 867 864 867 858 867 858 868 864 868 865 868 858 869 865 869 856 869 859 870 866 870 858 870 858 871 866 871 867 872 858 873 867 874 868 875 869 876 870 877 862 878 862 879 870 880 871 881 862 882 871 882 860 882 872 883 873 884 874 885 875 886 876 887 877 888 878 889 879 890 880 891 881 892 65 62 64 61 882 893 883 894 884 895 885 896 886 897 887 898 90 87 885 896 91 88 91 88 885 896 887 898 91 88 887 898 92 89 92 89 887 898 89 86 87 84 89 86 888 899 883 894 889 900 884 895 884 895 889 900 890 901 884 895 890 901 873 884 891 902 892 903 893 904 893 904 892 903 882 893 893 904 882 893 894 905 894 905 882 893 884 895 894 905 884 895 873 884 895 906 896 907 881 892 881 892 64 61 895 906 895 906 64 61 62 59 895 906 62 59 897 908 898 909 899 910 900 911 900 911 899 910 877 888 900 911 877 888 880 891 880 891 877 888 876 887 880 891 876 887 878 889 891 902 901 912 875 886 62 59 60 57 897 908 897 908 60 57 58 55 897 908 58 55 902 913 902 913 58 55 57 54 902 913 57 54 903 914 903 914 57 54 85 82 903 914 85 82 87 84 888 899 904 915 87 84 87 84 904 915 905 916 87 84 905 916 903 914 903 914 905 916 898 909 903 914 898 909 902 913 902 913 898 909 900 911 902 913 900 911 897 908 897 908 900 911 880 891 897 908 880 891 895 906 895 906 880 891 879 890 895 906 879 890 896 907 889 900 874 885 890 901 890 901 874 885 873 884 906 917 907 918 908 919 908 919 907 918 909 920 908 919 909 920 910 921 910 921 909 920 911 922 910 921 911 922 912 923 912 923 911 922 913 924 886 897 913 924 887 898 887 898 913 924 911 922 887 898 911 922 914 925 914 925 911 922 909 920 914 925 909 920 915 926 915 926 909 920 907 918 873 884 916 927 894 905 894 905 916 927 917 928 894 905 917 928 893 904 893 904 917 928 918 929 893 904 918 929 891 902 891 902 918 929 919 930 891 902 919 930 901 912 89 86 887 898 888 899 888 899 887 898 914 925 888 899 914 925 904 915 904 915 914 925 915 926 904 915 915 926 905 916 905 916 915 926 920 931 905 916 920 931 898 909 875 886 877 888 891 902 891 902 877 888 899 910 891 902 899 910 892 903 892 903 899 910 898 909 892 903 898 909 882 893 882 893 898 909 920 931 882 893 920 931 883 894 883 894 920 931 915 926 883 894 915 926 889 900 889 900 915 926 907 918 889 900 907 918 874 885 874 885 907 918 906 917 874 885 906 917 872 883 921 932 421 418 922 933 922 933 421 418 423 420 922 933 423 420 923 934 923 934 423 420 425 422 923 934 425 422 924 935 924 935 425 422 427 424 924 935 427 424 925 936 925 936 427 424 429 426 925 936 429 426 926 937 926 937 429 426 431 428 926 937 431 428 927 938 927 938 431 428 433 430 927 938 433 430 928 939 928 939 433 430 435 432 928 939 435 432 929 940 929 940 435 432 437 434 929 940 437 434 930 941 930 941 437 434 439 436 930 941 439 436 931 942 931 942 439 436 441 438 931 942 441 438 932 943 932 943 441 438 443 440 932 943 443 440 933 944 933 944 443 440 445 442 933 944 445 442 934 945 934 945 445 442 324 321 934 945 324 321 935 946 935 946 324 321 323 320 935 946 323 320 936 947 936 947 323 320 332 329 936 947 332 329 718 715 718 715 332 329 340 337 768 765 770 767 937 948 938 949 939 950 940 951 941 952 942 953 943 954 762 759 944 955 693 690 693 690 944 955 723 720 945 956 710 707 946 957 946 957 710 707 723 720 946 957 723 720 947 958 947 958 723 720 944 955 948 959 949 960 720 717 720 717 949 960 717 714 718 715 717 714 950 961 950 961 717 714 949 960 950 961 949 960 951 962 951 962 949 960 952 963 942 953 953 964 943 954 943 954 953 964 954 965 943 954 954 965 952 963 952 963 954 965 955 966 952 963 955 966 951 962 956 967 957 968 958 969 959 970 960 971 961 972 961 972 960 971 962 973 962 973 963 974 961 972 961 972 963 974 964 975 961 972 964 975 957 968 957 968 964 975 965 976 957 968 965 976 958 969 966 977 967 978 968 979 939 950 938 949 967 978 967 978 938 949 969 980 967 978 969 980 968 979 968 979 959 970 966 977 966 977 959 970 961 972 966 977 961 972 970 981 970 981 961 972 957 968 970 981 957 968 971 982 971 982 957 968 956 967 971 982 956 967 972 983 972 983 956 967 973 984 972 983 973 984 974 985 974 985 973 984 975 986 974 985 975 986 976 987 976 987 975 986 977 988 976 987 977 988 978 989 978 989 977 988 979 990 978 989 979 990 980 991 980 991 979 990 981 992 980 991 981 992 982 993 982 993 981 992 983 994 982 993 983 994 984 995 984 995 983 994 985 996 984 995 985 996 986 997 986 997 985 996 987 998 986 997 987 998 988 999 988 999 987 998 989 1000 988 999 989 1000 724 721 776 773 778 775 989 1000 989 1000 778 775 761 758 989 1000 761 758 724 721 768 765 937 948 766 763 720 717 710 707 948 959 948 959 710 707 945 956 948 959 945 956 949 960 949 960 945 956 990 1001 949 960 990 1001 952 963 762 759 764 761 944 955 944 955 764 761 991 1002 944 955 991 1002 947 958 947 958 991 1002 992 1003 947 958 992 1003 946 957 946 957 992 1003 993 1004 946 957 993 1004 945 956 945 956 993 1004 994 1005 945 956 994 1005 990 1001 990 1001 994 1005 995 1006 990 1001 995 1006 952 963 952 963 995 1006 996 1007 952 963 996 1007 943 954 764 761 766 763 991 1002 991 1002 766 763 937 948 991 1002 937 948 992 1003 992 1003 937 948 997 1008 992 1003 997 1008 993 1004 993 1004 997 1008 998 1009 993 1004 998 1009 994 1005 994 1005 998 1009 999 1010 994 1005 999 1010 995 1006 995 1006 999 1010 1000 1011 995 1006 1000 1011 996 1007 996 1007 1000 1011 1001 1012 996 1007 1001 1012 943 954 943 954 1001 1012 1002 1013 943 954 1002 1013 941 952 941 952 1002 1013 1003 1014 941 952 1003 1014 1004 1015 1004 1015 1003 1014 1005 1016 770 767 772 769 937 948 937 948 772 769 1006 1017 937 948 1006 1017 997 1008 997 1008 1006 1017 1007 1018 997 1008 1007 1018 998 1009 998 1009 1007 1018 1008 1019 998 1009 1008 1019 999 1010 999 1010 1008 1019 1009 1020 999 1010 1009 1020 1000 1011 1000 1011 1009 1020 1010 1021 1000 1011 1010 1021 1001 1012 1001 1012 1010 1021 1011 1022 1001 1012 1011 1022 1002 1013 1002 1013 1011 1022 1012 1023 1002 1013 1012 1023 1003 1014 1003 1014 1012 1023 1013 1024 1003 1014 1013 1024 1005 1016 1005 1016 1013 1024 1014 1025 1005 1016 1014 1025 1015 1026 1015 1026 1014 1025 1016 1027 1015 1026 1016 1027 1017 1028 1017 1028 1016 1027 1018 1029 772 769 774 771 1006 1017 1006 1017 774 771 1019 1030 1006 1017 1019 1030 1007 1018 1007 1018 1019 1030 1020 1031 1007 1018 1020 1031 1008 1019 1008 1019 1020 1031 1021 1032 1008 1019 1021 1032 1009 1020 1009 1020 1021 1032 1022 1033 1009 1020 1022 1033 1010 1021 1010 1021 1022 1033 1023 1034 1010 1021 1023 1034 1011 1022 1011 1022 1023 1034 1024 1035 1011 1022 1024 1035 1012 1023 1012 1023 1024 1035 1025 1036 1012 1023 1025 1036 1013 1024 1013 1024 1025 1036 1026 1037 1013 1024 1026 1037 1014 1025 1014 1025 1026 1037 1027 1038 1014 1025 1027 1038 1016 1027 774 771 776 773 1019 1030 1019 1030 776 773 989 1000 1019 1030 989 1000 1020 1031 1020 1031 989 1000 987 998 1020 1031 987 998 1021 1032 1021 1032 987 998 985 996 1021 1032 985 996 1022 1033 1022 1033 985 996 983 994 1022 1033 983 994 1023 1034 1023 1034 983 994 981 992 1023 1034 981 992 1024 1035 1024 1035 981 992 979 990 1024 1035 979 990 1025 1036 1025 1036 979 990 977 988 1025 1036 977 988 1026 1037 1026 1037 977 988 975 986 1026 1037 975 986 1027 1038 1027 1038 975 986 973 984 1027 1038 973 984 1016 1027 1016 1027 973 984 956 967 1016 1027 956 967 1018 1029 1018 1029 956 967 958 969 984 995 1028 1039 1029 1040 727 724 1030 1041 724 721 724 721 1030 1041 988 999 1028 1039 984 995 1030 1041 1030 1041 984 995 986 997 1030 1041 986 997 988 999 978 989 980 991 1029 1040 1029 1040 980 991 982 993 1029 1040 982 993 984 995 1029 1040 1031 1042 978 989 978 989 1031 1042 1032 1043 978 989 1032 1043 976 987 976 987 1032 1043 974 985 974 985 1032 1043 1033 1044 974 985 1033 1044 972 983 972 983 1033 1044 1034 1045 972 983 1034 1045 971 982 971 982 1034 1045 970 981 970 981 1034 1045 1035 1046 970 981 1035 1046 966 977 966 977 1035 1046 1036 1047 966 977 1036 1047 967 978 1036 1047 1037 1048 1038 1049 967 978 1036 1047 939 950 939 950 1036 1047 1038 1049 939 950 1038 1049 940 951 1039 1050 1040 1051 1041 1052 1041 1052 1040 1051 1042 1053 1041 1052 1042 1053 1043 1054 1044 1055 1045 1056 1046 1057 1046 1057 1045 1056 1047 1058 1048 1059 1049 1060 1050 1061 1050 1061 1049 1060 1051 1062 1052 1063 1053 1064 1054 1065 1054 1065 1053 1064 1051 1062 1054 1065 1051 1062 1055 1066 1051 1062 1049 1060 1055 1066 1055 1066 1049 1060 1056 1067 1055 1066 1056 1067 1057 1068 1057 1068 1056 1067 1058 1069 1057 1068 1058 1069 1059 1070 1059 1070 1058 1069 1060 1071 1059 1070 1060 1071 1061 1072 1061 1072 1060 1071 1062 1073 1061 1072 1062 1073 1063 1074 1063 1074 1062 1073 1064 1075 1063 1074 1064 1075 1065 1076 1065 1076 1064 1075 1066 1077 1065 1076 1066 1077 1067 1078 1067 1078 1066 1077 1068 1079 1067 1078 1068 1079 1069 1080 1069 1080 1068 1079 1070 1081 1069 1080 1070 1081 1071 1082 1071 1082 1070 1081 1072 1083 1071 1082 1072 1083 1073 1084 738 735 1073 1084 736 733 736 733 1073 1084 1072 1083 736 733 1072 1083 731 728 729 726 731 728 1074 1085 727 724 729 726 1075 1086 727 724 1075 1086 1030 1041 1030 1041 1075 1086 1076 1087 1030 1041 1076 1087 1028 1039 1028 1039 1076 1087 1077 1088 1028 1039 1077 1088 1029 1040 1029 1040 1077 1088 1078 1089 1029 1040 1078 1089 1031 1042 1031 1042 1078 1089 1079 1090 1031 1042 1079 1090 1032 1043 1032 1043 1079 1090 1080 1091 1032 1043 1080 1091 1033 1044 1033 1044 1080 1091 1081 1092 1033 1044 1081 1092 1034 1045 1034 1045 1081 1092 1082 1093 1034 1045 1082 1093 1035 1046 1035 1046 1082 1093 1043 1054 1035 1046 1043 1054 1036 1047 1036 1047 1043 1054 1042 1053 1036 1047 1042 1053 1037 1048 729 726 1074 1085 1075 1086 1075 1086 1074 1085 1083 1094 1075 1086 1083 1094 1076 1087 1076 1087 1083 1094 1084 1095 1076 1087 1084 1095 1077 1088 1077 1088 1084 1095 1085 1096 1077 1088 1085 1096 1078 1089 1078 1089 1085 1096 1086 1097 1078 1089 1086 1097 1079 1090 1079 1090 1086 1097 1087 1098 1079 1090 1087 1098 1080 1091 1080 1091 1087 1098 1088 1099 1080 1091 1088 1099 1081 1092 1081 1092 1088 1099 1089 1100 1081 1092 1089 1100 1082 1093 1082 1093 1089 1100 1090 1101 1082 1093 1090 1101 1043 1054 1043 1054 1090 1101 1046 1057 1043 1054 1046 1057 1041 1052 1041 1052 1046 1057 1047 1058 1041 1052 1047 1058 1039 1050 731 728 1072 1083 1074 1085 1074 1085 1072 1083 1070 1081 1074 1085 1070 1081 1083 1094 1083 1094 1070 1081 1068 1079 1083 1094 1068 1079 1084 1095 1084 1095 1068 1079 1066 1077 1084 1095 1066 1077 1085 1096 1085 1096 1066 1077 1064 1075 1085 1096 1064 1075 1086 1097 1086 1097 1064 1075 1062 1073 1086 1097 1062 1073 1087 1098 1087 1098 1062 1073 1060 1071 1087 1098 1060 1071 1088 1099 1088 1099 1060 1071 1058 1069 1088 1099 1058 1069 1089 1100 1089 1100 1058 1069 1056 1067 1089 1100 1056 1067 1090 1101 1090 1101 1056 1067 1049 1060 1090 1101 1049 1060 1046 1057 1046 1057 1049 1060 1048 1059 1046 1057 1048 1059 1044 1055 1091 1102 1092 1103 1052 1063 1093 1104 1094 1105 1059 1070 1095 1106 738 735 1096 1107 1096 1107 738 735 737 734 1091 1102 1052 1063 1097 1108 1098 1109 1069 1080 1099 1110 1099 1110 1069 1080 1071 1082 1099 1110 1071 1082 1095 1106 1095 1106 1071 1082 1073 1084 1095 1106 1073 1084 738 735 1059 1070 1094 1105 1057 1068 1057 1068 1094 1105 1100 1111 1057 1068 1100 1111 1055 1066 1055 1066 1100 1111 1101 1112 1055 1066 1101 1112 1054 1065 1059 1070 1061 1072 1093 1104 1093 1104 1061 1072 1063 1074 1093 1104 1063 1074 1102 1113 1102 1113 1063 1074 1065 1076 1102 1113 1065 1076 1098 1109 1098 1109 1065 1076 1067 1078 1098 1109 1067 1078 1069 1080 1054 1065 1101 1112 1052 1063 1052 1063 1101 1112 1103 1114 1052 1063 1103 1114 1097 1108 1104 1115 1105 1116 735 732 746 743 745 742 1106 1117 1106 1117 745 742 749 746 1106 1117 749 746 1107 1118 726 723 1108 1119 728 725 728 725 1108 1119 1109 1120 728 725 1109 1120 733 730 733 730 1109 1120 1110 1121 1105 1116 1111 1122 1112 1123 1112 1123 1111 1122 1113 1124 1112 1123 1113 1124 1114 1125 735 732 1105 1116 740 737 740 737 1105 1116 1112 1123 740 737 1112 1123 739 736 739 736 1112 1123 1114 1125 739 736 1114 1125 737 734 726 723 1115 1126 1108 1119 1108 1119 1115 1126 1116 1127 1108 1119 1116 1127 1109 1120 1109 1120 1116 1127 1117 1128 1109 1120 1117 1128 1110 1121 1110 1121 1117 1128 1118 1129 1110 1121 1118 1129 1104 1115 1104 1115 1118 1129 1119 1130 1104 1115 1119 1130 1105 1116 1105 1116 1119 1130 1120 1131 1105 1116 1120 1131 1111 1122 1111 1122 1120 1131 1121 1132 1111 1122 1121 1132 1113 1124 755 752 757 754 1122 1133 1122 1133 757 754 1123 1134 1124 1135 1125 1136 1121 1132 1121 1132 1125 1136 1126 1137 1121 1132 1126 1137 1113 1124 750 747 755 752 1127 1138 1127 1138 755 752 1122 1133 1127 1138 1122 1133 1128 1139 1128 1139 1122 1133 1123 1134 749 746 748 745 1107 1118 1107 1118 748 745 754 751 1107 1118 754 751 1129 1140 1129 1140 754 751 753 750 1129 1140 753 750 1127 1138 1127 1138 753 750 751 748 1127 1138 751 748 750 747 1106 1117 1130 1141 746 743 746 743 1130 1141 1131 1142 746 743 1131 1142 741 738 741 738 1131 1142 759 756 735 732 734 731 1104 1115 1104 1115 734 731 730 727 1104 1115 730 727 1110 1121 1110 1121 730 727 732 729 1110 1121 732 729 733 730 1123 1134 1124 1135 1128 1139 1128 1139 1124 1135 1121 1132 1128 1139 1121 1132 1127 1138 1127 1138 1121 1132 1120 1131 1127 1138 1120 1131 1129 1140 1129 1140 1120 1131 1119 1130 1129 1140 1119 1130 1107 1118 1107 1118 1119 1130 1118 1129 1107 1118 1118 1129 1106 1117 1106 1117 1118 1129 1117 1128 1106 1117 1117 1128 1130 1141 1130 1141 1117 1128 1116 1127 1130 1141 1116 1127 1131 1142 1131 1142 1116 1127 1115 1126 1131 1142 1115 1126 759 756 759 756 1115 1126 726 723 759 756 726 723 725 722 1132 1143 1133 1144 1134 1145 1135 1146 1136 1147 1137 1148 1138 1149 1139 1150 1140 1151 1141 1152 1142 1153 1143 1154 1144 1155 1145 1156 1146 1157 1147 1158 1148 1159 1149 1160 1150 1161 1151 1162 1152 1163 1153 1164 1154 1165 1155 1166 1156 1167 1157 1168 1158 1169 1159 1170 1160 1171 1161 1172 1162 1173 1163 1174 1164 1175 1165 1176 1166 1177 1167 1178 1168 1179 1169 1180 1170 1181 1171 1182 1172 1183 1173 1184 1174 1185 1175 1186 1176 1187 1177 1188 1178 1189 1179 1190 1180 1191 1181 1192 1182 1193 1183 1194 1184 1195 1185 1196 1185 1196 1184 1195 1186 1197 1185 1196 1186 1197 1187 1198 1187 1198 1186 1197 1188 1199 1187 1198 1188 1199 1189 1200 1189 1200 1188 1199 1190 1201 1189 1200 1190 1201 1191 1202 1191 1202 1190 1201 1192 1203 1191 1202 1192 1203 1193 1204 1193 1204 1192 1203 1194 1205 1193 1204 1194 1205 1195 1206 1195 1206 1194 1205 1196 1207 1195 1206 1196 1207 1197 1208 1197 1208 1196 1207 1198 1209 1197 1208 1198 1209 1199 1210 1199 1210 1198 1209 1167 1178 1200 1211 1201 1212 1202 1213 1202 1213 1201 1212 1203 1214 1202 1213 1203 1214 1204 1215 1204 1215 1203 1214 1205 1216 1204 1215 1205 1216 1206 1217 1206 1217 1205 1216 1207 1218 1206 1217 1207 1218 1208 1219 1208 1219 1207 1218 1209 1220 1208 1219 1209 1220 1210 1221 1210 1221 1209 1220 1211 1222 1210 1221 1211 1222 1212 1223 1212 1223 1211 1222 1213 1224 1212 1223 1213 1224 1214 1225 1214 1225 1213 1224 1215 1226 1214 1225 1215 1226 1216 1227 1216 1227 1215 1226 1161 1172 1178 1189 1174 1185 1179 1190 1179 1190 1174 1185 1176 1187 1179 1190 1176 1187 1217 1228 1217 1228 1176 1187 1218 1229 1217 1228 1218 1229 1219 1230 1219 1230 1218 1229 1220 1231 1219 1230 1220 1231 1221 1232 1221 1232 1220 1231 1222 1233 1221 1232 1222 1233 1223 1234 1223 1234 1222 1233 1224 1235 1223 1234 1224 1235 1225 1236 1225 1236 1224 1235 1226 1237 1225 1236 1226 1237 1227 1238 1227 1238 1226 1237 1228 1239 1227 1238 1228 1239 1229 1240 1229 1240 1228 1239 1149 1160 1230 1241 1231 1242 1232 1243 1232 1243 1231 1242 1233 1244 1232 1243 1233 1244 1234 1245 1234 1245 1233 1244 1235 1246 1234 1245 1235 1246 1236 1247 1236 1247 1235 1246 1237 1248 1236 1247 1237 1248 1238 1249 1238 1249 1237 1248 1239 1250 1238 1249 1239 1250 1240 1251 1240 1251 1239 1250 1241 1252 1240 1251 1241 1252 1242 1253 1242 1253 1241 1252 1243 1254 1242 1253 1243 1254 1244 1255 1244 1255 1243 1254 1245 1256 1244 1255 1245 1256 1246 1257 1246 1257 1245 1256 1143 1154 1247 1258 1248 1259 1249 1260 1249 1260 1248 1259 1250 1261 1249 1260 1250 1261 1251 1262 1251 1262 1250 1261 1252 1263 1251 1262 1252 1263 1253 1264 1253 1264 1252 1263 1254 1265 1253 1264 1254 1265 1255 1266 1255 1266 1254 1265 1256 1267 1255 1266 1256 1267 1257 1268 1257 1268 1256 1267 1258 1269 1257 1268 1258 1269 1259 1270 1259 1270 1258 1269 1260 1271 1259 1270 1260 1271 1261 1272 1261 1272 1260 1271 1262 1273 1261 1272 1262 1273 1263 1274 1263 1274 1262 1273 1140 1151 1264 1275 1265 1276 1266 1277 1266 1277 1265 1276 1267 1278 1266 1277 1267 1278 1268 1279 1268 1279 1267 1278 1269 1280 1268 1279 1269 1280 1270 1281 1270 1281 1269 1280 1271 1282 1270 1281 1271 1282 1272 1283 1272 1283 1271 1282 1273 1284 1272 1283 1273 1284 1274 1285 1274 1285 1273 1284 1275 1286 1274 1285 1275 1286 1276 1287 1276 1287 1275 1286 1277 1288 1276 1287 1277 1288 1278 1289 1278 1289 1277 1288 1279 1290 1278 1289 1279 1290 1280 1291 1280 1291 1279 1290 1134 1145 1092 1103 1281 1292 1282 1293 1282 1293 1281 1292 1283 1294 1282 1293 1283 1294 1284 1295 1284 1295 1283 1294 1285 1296 1284 1295 1285 1296 1286 1297 1286 1297 1285 1296 1287 1298 1286 1297 1287 1298 1288 1299 1288 1299 1287 1298 1289 1300 1288 1299 1289 1300 1290 1301 1290 1301 1289 1300 1291 1302 1290 1301 1291 1302 1292 1303 1292 1303 1291 1302 1293 1304 1292 1303 1293 1304 1294 1305 1294 1305 1293 1304 1295 1306 1294 1305 1295 1306 1296 1307 1296 1307 1295 1306 1173 1184 1296 1307 1173 1184 1297 1308 1297 1308 1173 1184 1172 1183 1281 1292 1298 1309 1283 1294 1283 1294 1298 1309 1299 1310 1283 1294 1299 1310 1285 1296 1285 1296 1299 1310 1300 1311 1285 1296 1300 1311 1287 1298 1287 1298 1300 1311 1301 1312 1287 1298 1301 1312 1289 1300 1289 1300 1301 1312 1302 1313 1289 1300 1302 1313 1291 1302 1291 1302 1302 1313 1303 1314 1291 1302 1303 1314 1293 1304 1293 1304 1303 1314 1304 1315 1293 1304 1304 1315 1295 1306 1295 1306 1304 1315 1305 1316 1295 1306 1305 1316 1173 1184 1173 1184 1305 1316 1170 1181 1173 1184 1170 1181 1171 1182 1171 1182 1170 1181 1169 1180 1306 1317 1168 1179 1307 1318 1307 1318 1168 1179 1170 1181 1307 1318 1170 1181 1308 1319 1308 1319 1170 1181 1305 1316 1308 1319 1305 1316 1309 1320 1309 1320 1305 1316 1304 1315 1309 1320 1304 1315 1310 1321 1310 1321 1304 1315 1303 1314 1310 1321 1303 1314 1311 1322 1311 1322 1303 1314 1302 1313 1311 1322 1302 1313 1312 1323 1312 1323 1302 1313 1301 1312 1312 1323 1301 1312 1313 1324 1313 1324 1301 1312 1300 1311 1313 1324 1300 1311 1314 1325 1314 1325 1300 1311 1299 1310 1314 1325 1299 1310 1315 1326 1315 1326 1299 1310 1298 1309 1315 1326 1183 1194 1314 1325 1314 1325 1183 1194 1185 1196 1314 1325 1185 1196 1313 1324 1313 1324 1185 1196 1187 1198 1313 1324 1187 1198 1312 1323 1312 1323 1187 1198 1189 1200 1312 1323 1189 1200 1311 1322 1311 1322 1189 1200 1191 1202 1311 1322 1191 1202 1310 1321 1310 1321 1191 1202 1193 1204 1310 1321 1193 1204 1309 1320 1309 1320 1193 1204 1195 1206 1309 1320 1195 1206 1308 1319 1308 1319 1195 1206 1197 1208 1308 1319 1197 1208 1307 1318 1307 1318 1197 1208 1199 1210 1307 1318 1199 1210 1306 1317 1306 1317 1199 1210 1316 1327 1167 1178 1166 1177 1199 1210 1199 1210 1166 1177 1317 1328 1199 1210 1317 1328 1316 1327 1163 1174 1165 1176 1164 1175 1164 1175 1165 1176 1167 1178 1164 1175 1167 1178 1318 1329 1318 1329 1167 1178 1198 1209 1318 1329 1198 1209 1319 1330 1319 1330 1198 1209 1196 1207 1319 1330 1196 1207 1320 1331 1320 1331 1196 1207 1194 1205 1320 1331 1194 1205 1321 1332 1321 1332 1194 1205 1192 1203 1321 1332 1192 1203 1322 1333 1322 1333 1192 1203 1190 1201 1322 1333 1190 1201 1323 1334 1323 1334 1190 1201 1188 1199 1323 1334 1188 1199 1324 1335 1324 1335 1188 1199 1186 1197 1324 1335 1186 1197 1325 1336 1325 1336 1186 1197 1184 1195 1326 1337 1162 1173 1327 1338 1327 1338 1162 1173 1164 1175 1327 1338 1164 1175 1328 1339 1328 1339 1164 1175 1318 1329 1328 1339 1318 1329 1329 1340 1329 1340 1318 1329 1319 1330 1329 1340 1319 1330 1330 1341 1330 1341 1319 1330 1320 1331 1330 1341 1320 1331 1331 1342 1331 1342 1320 1331 1321 1332 1331 1342 1321 1332 1332 1343 1332 1343 1321 1332 1322 1333 1332 1343 1322 1333 1333 1344 1333 1344 1322 1333 1323 1334 1333 1344 1323 1334 1334 1345 1334 1345 1323 1334 1324 1335 1334 1345 1324 1335 1335 1346 1335 1346 1324 1335 1325 1336 1335 1346 1200 1211 1334 1345 1334 1345 1200 1211 1202 1213 1334 1345 1202 1213 1333 1344 1333 1344 1202 1213 1204 1215 1333 1344 1204 1215 1332 1343 1332 1343 1204 1215 1206 1217 1332 1343 1206 1217 1331 1342 1331 1342 1206 1217 1208 1219 1331 1342 1208 1219 1330 1341 1330 1341 1208 1219 1210 1221 1330 1341 1210 1221 1329 1340 1329 1340 1210 1221 1212 1223 1329 1340 1212 1223 1328 1339 1328 1339 1212 1223 1214 1225 1328 1339 1214 1225 1327 1338 1327 1338 1214 1225 1216 1227 1327 1338 1216 1227 1326 1337 1326 1337 1216 1227 1336 1347 1161 1172 1160 1171 1216 1227 1216 1227 1160 1171 1337 1348 1216 1227 1337 1348 1336 1347 1338 1349 1159 1170 1339 1350 1339 1350 1159 1170 1161 1172 1339 1350 1161 1172 1340 1351 1340 1351 1161 1172 1215 1226 1340 1351 1215 1226 1341 1352 1341 1352 1215 1226 1213 1224 1341 1352 1213 1224 1342 1353 1342 1353 1213 1224 1211 1222 1342 1353 1211 1222 1343 1354 1343 1354 1211 1222 1209 1220 1343 1354 1209 1220 1344 1355 1344 1355 1209 1220 1207 1218 1344 1355 1207 1218 1345 1356 1345 1356 1207 1218 1205 1216 1345 1356 1205 1216 1346 1357 1346 1357 1205 1216 1203 1214 1346 1357 1203 1214 1347 1358 1347 1358 1203 1214 1201 1212 1347 1358 1348 1359 1346 1357 1346 1357 1348 1359 1349 1360 1346 1357 1349 1360 1345 1356 1345 1356 1349 1360 1350 1361 1345 1356 1350 1361 1344 1355 1344 1355 1350 1361 1351 1362 1344 1355 1351 1362 1343 1354 1343 1354 1351 1362 1352 1363 1343 1354 1352 1363 1342 1353 1342 1353 1352 1363 1353 1364 1342 1353 1353 1364 1341 1352 1341 1352 1353 1364 1354 1365 1341 1352 1354 1365 1340 1351 1340 1351 1354 1365 1355 1366 1340 1351 1355 1366 1339 1350 1339 1350 1355 1366 1158 1169 1339 1350 1158 1169 1338 1349 1338 1349 1158 1169 1157 1168 1154 1165 1156 1167 1155 1166 1155 1166 1156 1167 1158 1169 1155 1166 1158 1169 1356 1367 1356 1367 1158 1169 1355 1366 1356 1367 1355 1366 1357 1368 1357 1368 1355 1366 1354 1365 1357 1368 1354 1365 1358 1369 1358 1369 1354 1365 1353 1364 1358 1369 1353 1364 1359 1370 1359 1370 1353 1364 1352 1363 1359 1370 1352 1363 1360 1371 1360 1371 1352 1363 1351 1362 1360 1371 1351 1362 1361 1372 1361 1372 1351 1362 1350 1361 1361 1372 1350 1361 1362 1373 1362 1373 1350 1361 1349 1360 1362 1373 1349 1360 1363 1374 1363 1374 1349 1360 1348 1359 1363 1374 1364 1375 1362 1373 1362 1373 1364 1375 1365 1376 1362 1373 1365 1376 1361 1372 1361 1372 1365 1376 1366 1377 1361 1372 1366 1377 1360 1371 1360 1371 1366 1377 1367 1378 1360 1371 1367 1378 1359 1370 1359 1370 1367 1378 1368 1379 1359 1370 1368 1379 1358 1369 1358 1369 1368 1379 1369 1380 1358 1369 1369 1380 1357 1368 1357 1368 1369 1380 1370 1381 1357 1368 1370 1381 1356 1367 1356 1367 1370 1381 1371 1382 1356 1367 1371 1382 1155 1166 1155 1166 1371 1382 1152 1163 1155 1166 1152 1163 1153 1164 1153 1164 1152 1163 1151 1162 1372 1383 1150 1161 1373 1384 1373 1384 1150 1161 1152 1163 1373 1384 1152 1163 1374 1385 1374 1385 1152 1163 1371 1382 1374 1385 1371 1382 1375 1386 1375 1386 1371 1382 1370 1381 1375 1386 1370 1381 1376 1387 1376 1387 1370 1381 1369 1380 1376 1387 1369 1380 1377 1388 1377 1388 1369 1380 1368 1379 1377 1388 1368 1379 1378 1389 1378 1389 1368 1379 1367 1378 1378 1389 1367 1378 1379 1390 1379 1390 1367 1378 1366 1377 1379 1390 1366 1377 1182 1193 1182 1193 1366 1377 1365 1376 1182 1193 1365 1376 1180 1191 1180 1191 1365 1376 1364 1375 1181 1192 1177 1188 1182 1193 1182 1193 1177 1188 1179 1190 1182 1193 1179 1190 1379 1390 1379 1390 1179 1190 1217 1228 1379 1390 1217 1228 1378 1389 1378 1389 1217 1228 1219 1230 1378 1389 1219 1230 1377 1388 1377 1388 1219 1230 1221 1232 1377 1388 1221 1232 1376 1387 1376 1387 1221 1232 1223 1234 1376 1387 1223 1234 1375 1386 1375 1386 1223 1234 1225 1236 1375 1386 1225 1236 1374 1385 1374 1385 1225 1236 1227 1238 1374 1385 1227 1238 1373 1384 1373 1384 1227 1238 1229 1240 1373 1384 1229 1240 1372 1383 1372 1383 1229 1240 1380 1391 1149 1160 1148 1159 1229 1240 1229 1240 1148 1159 1381 1392 1229 1240 1381 1392 1380 1391 1145 1156 1147 1158 1146 1157 1146 1157 1147 1158 1149 1160 1146 1157 1149 1160 1382 1393 1382 1393 1149 1160 1228 1239 1382 1393 1228 1239 1383 1394 1383 1394 1228 1239 1226 1237 1383 1394 1226 1237 1384 1395 1384 1395 1226 1237 1224 1235 1384 1395 1224 1235 1385 1396 1385 1396 1224 1235 1222 1233 1385 1396 1222 1233 1386 1397 1386 1397 1222 1233 1220 1231 1386 1397 1220 1231 1387 1398 1387 1398 1220 1231 1218 1229 1387 1398 1218 1229 1388 1399 1388 1399 1218 1229 1176 1187 1388 1399 1176 1187 1389 1400 1389 1400 1176 1187 1175 1186 1390 1401 1144 1155 1391 1402 1391 1402 1144 1155 1146 1157 1391 1402 1146 1157 1392 1403 1392 1403 1146 1157 1382 1393 1392 1403 1382 1393 1393 1404 1393 1404 1382 1393 1383 1394 1393 1404 1383 1394 1394 1405 1394 1405 1383 1394 1384 1395 1394 1405 1384 1395 1395 1406 1395 1406 1384 1395 1385 1396 1395 1406 1385 1396 1396 1407 1396 1407 1385 1396 1386 1397 1396 1407 1386 1397 1397 1408 1397 1408 1386 1397 1387 1398 1397 1408 1387 1398 1398 1409 1398 1409 1387 1398 1388 1399 1398 1409 1388 1399 1399 1410 1399 1410 1388 1399 1389 1400 1399 1410 1230 1241 1398 1409 1398 1409 1230 1241 1232 1243 1398 1409 1232 1243 1397 1408 1397 1408 1232 1243 1234 1245 1397 1408 1234 1245 1396 1407 1396 1407 1234 1245 1236 1247 1396 1407 1236 1247 1395 1406 1395 1406 1236 1247 1238 1249 1395 1406 1238 1249 1394 1405 1394 1405 1238 1249 1240 1251 1394 1405 1240 1251 1393 1404 1393 1404 1240 1251 1242 1253 1393 1404 1242 1253 1392 1403 1392 1403 1242 1253 1244 1255 1392 1403 1244 1255 1391 1402 1391 1402 1244 1255 1246 1257 1391 1402 1246 1257 1390 1401 1390 1401 1246 1257 1400 1411 1143 1154 1142 1153 1246 1257 1246 1257 1142 1153 1401 1412 1246 1257 1401 1412 1400 1411 1402 1413 1141 1152 1403 1414 1403 1414 1141 1152 1143 1154 1403 1414 1143 1154 1404 1415 1404 1415 1143 1154 1245 1256 1404 1415 1245 1256 1405 1416 1405 1416 1245 1256 1243 1254 1405 1416 1243 1254 1406 1417 1406 1417 1243 1254 1241 1252 1406 1417 1241 1252 1407 1418 1407 1418 1241 1252 1239 1250 1407 1418 1239 1250 1408 1419 1408 1419 1239 1250 1237 1248 1408 1419 1237 1248 1409 1420 1409 1420 1237 1248 1235 1246 1409 1420 1235 1246 1410 1421 1410 1421 1235 1246 1233 1244 1410 1421 1233 1244 1411 1422 1411 1422 1233 1244 1231 1242 1411 1422 1247 1258 1410 1421 1410 1421 1247 1258 1249 1260 1410 1421 1249 1260 1409 1420 1409 1420 1249 1260 1251 1262 1409 1420 1251 1262 1408 1419 1408 1419 1251 1262 1253 1264 1408 1419 1253 1264 1407 1418 1407 1418 1253 1264 1255 1266 1407 1418 1255 1266 1406 1417 1406 1417 1255 1266 1257 1268 1406 1417 1257 1268 1405 1416 1405 1416 1257 1268 1259 1270 1405 1416 1259 1270 1404 1415 1404 1415 1259 1270 1261 1272 1404 1415 1261 1272 1403 1414 1403 1414 1261 1272 1263 1274 1403 1414 1263 1274 1402 1413 1402 1413 1263 1274 1412 1423 1140 1151 1139 1150 1263 1274 1263 1274 1139 1150 1413 1424 1263 1274 1413 1424 1412 1423 1248 1259 1414 1425 1250 1261 1250 1261 1414 1425 1415 1426 1250 1261 1415 1426 1252 1263 1252 1263 1415 1426 1416 1427 1252 1263 1416 1427 1254 1265 1254 1265 1416 1427 1417 1428 1254 1265 1417 1428 1256 1267 1256 1267 1417 1428 1418 1429 1256 1267 1418 1429 1258 1269 1258 1269 1418 1429 1419 1430 1258 1269 1419 1430 1260 1271 1260 1271 1419 1430 1420 1431 1260 1271 1420 1431 1262 1273 1262 1273 1420 1431 1421 1432 1262 1273 1421 1432 1140 1151 1140 1151 1421 1432 1137 1148 1140 1151 1137 1148 1138 1149 1138 1149 1137 1148 1136 1147 1422 1433 1135 1146 1423 1434 1423 1434 1135 1146 1137 1148 1423 1434 1137 1148 1424 1435 1424 1435 1137 1148 1421 1432 1424 1435 1421 1432 1425 1436 1425 1436 1421 1432 1420 1431 1425 1436 1420 1431 1426 1437 1426 1437 1420 1431 1419 1430 1426 1437 1419 1430 1427 1438 1427 1438 1419 1430 1418 1429 1427 1438 1418 1429 1428 1439 1428 1439 1418 1429 1417 1428 1428 1439 1417 1428 1429 1440 1429 1440 1417 1428 1416 1427 1429 1440 1416 1427 1430 1441 1430 1441 1416 1427 1415 1426 1430 1441 1415 1426 1431 1442 1431 1442 1415 1426 1414 1425 1431 1442 1264 1275 1430 1441 1430 1441 1264 1275 1266 1277 1430 1441 1266 1277 1429 1440 1429 1440 1266 1277 1268 1279 1429 1440 1268 1279 1428 1439 1428 1439 1268 1279 1270 1281 1428 1439 1270 1281 1427 1438 1427 1438 1270 1281 1272 1283 1427 1438 1272 1283 1426 1437 1426 1437 1272 1283 1274 1285 1426 1437 1274 1285 1425 1436 1425 1436 1274 1285 1276 1287 1425 1436 1276 1287 1424 1435 1424 1435 1276 1287 1278 1289 1424 1435 1278 1289 1423 1434 1423 1434 1278 1289 1280 1291 1423 1434 1280 1291 1422 1433 1422 1433 1280 1291 1432 1443 1134 1145 1133 1144 1280 1291 1280 1291 1133 1144 1433 1444 1280 1291 1433 1444 1432 1443 1434 1445 1132 1143 1435 1446 1435 1446 1132 1143 1134 1145 1435 1446 1134 1145 1436 1447 1436 1447 1134 1145 1279 1290 1436 1447 1279 1290 1437 1448 1437 1448 1279 1290 1277 1288 1437 1448 1277 1288 1438 1449 1438 1449 1277 1288 1275 1286 1438 1449 1275 1286 1439 1450 1439 1450 1275 1286 1273 1284 1439 1450 1273 1284 1440 1451 1440 1451 1273 1284 1271 1282 1440 1451 1271 1282 1441 1452 1441 1452 1271 1282 1269 1280 1441 1452 1269 1280 1442 1453 1442 1453 1269 1280 1267 1278 1442 1453 1267 1278 1443 1454 1443 1454 1267 1278 1265 1276 1443 1454 1444 1455 1442 1453 1442 1453 1444 1455 1445 1456 1442 1453 1445 1456 1441 1452 1441 1452 1445 1456 1446 1457 1441 1452 1446 1457 1440 1451 1440 1451 1446 1457 1447 1458 1440 1451 1447 1458 1439 1450 1439 1450 1447 1458 1448 1459 1439 1450 1448 1459 1438 1449 1438 1449 1448 1459 1449 1460 1438 1449 1449 1460 1437 1448 1437 1448 1449 1460 1450 1461 1437 1448 1450 1461 1436 1447 1436 1447 1450 1461 1451 1462 1436 1447 1451 1462 1435 1446 1435 1446 1451 1462 1452 1463 1435 1446 1452 1463 1434 1445 1434 1445 1452 1463 1453 1464 1454 1465 1455 1466 1456 1467 1456 1467 1455 1466 1457 1468 1457 1468 1455 1466 1458 1469 1457 1468 1458 1469 1459 1470 1460 1471 1444 1455 1461 1472 1456 1467 1462 1473 1454 1465 1454 1465 1462 1473 1463 1474 1454 1465 1463 1474 1464 1475 1464 1475 1463 1474 1465 1476 1464 1475 1465 1476 1466 1477 1466 1477 1465 1476 1467 1478 1466 1477 1467 1478 1468 1479 1459 1470 1458 1469 1469 1480 1469 1480 1458 1469 1470 1481 1469 1480 1470 1481 756 753 756 753 1470 1481 1471 1482 756 753 1471 1482 757 754 1461 1472 1472 1483 1460 1471 1460 1471 1472 1483 1473 1484 1460 1471 1473 1484 1474 1485 1474 1485 1473 1484 1475 1486 1474 1485 1475 1486 1476 1487 1476 1487 1475 1486 1468 1479 1476 1487 1468 1479 1477 1488 1477 1488 1468 1479 1467 1478 756 753 752 749 1478 1489 1479 1490 1480 1491 1481 1492 1482 1493 1483 1494 1484 1495 1485 1496 1486 1497 1482 1493 1485 1496 1482 1493 1487 1498 1482 1493 1484 1495 1487 1498 1487 1498 1484 1495 1488 1499 1487 1498 1488 1499 1489 1500 1480 1491 1479 1490 1488 1499 1488 1499 1479 1490 1490 1501 1488 1499 1490 1501 1489 1500 1491 1502 1492 1503 1481 1492 1481 1492 1492 1503 1493 1504 1481 1492 1493 1504 1479 1490 1481 1492 1494 1505 1491 1502 1491 1502 1494 1505 1495 1506 1491 1502 1495 1506 1496 1507 1496 1507 1495 1506 1497 1508 1497 1508 1495 1506 1498 1509 1497 1508 1498 1509 1499 1510 1499 1510 1498 1509 1500 1511 1499 1510 1500 1511 1501 1512 1501 1512 1500 1511 1502 1513 1502 1513 1500 1511 1503 1514 1502 1513 1503 1514 1504 1515 1504 1515 1503 1514 743 740 1504 1515 743 740 742 739 756 753 1478 1489 1469 1480 1469 1480 1478 1489 1505 1516 1469 1480 1505 1516 1459 1470 1459 1470 1505 1516 1506 1517 1459 1470 1506 1517 1457 1468 1457 1468 1506 1517 1507 1518 1457 1468 1507 1518 1456 1467 1456 1467 1507 1518 1508 1519 1456 1467 1508 1519 1462 1473 1462 1473 1508 1519 1509 1520 1462 1473 1509 1520 1463 1474 1463 1474 1509 1520 1510 1521 1463 1474 1510 1521 1465 1476 1465 1476 1510 1521 1511 1522 1465 1476 1511 1522 1467 1478 1467 1478 1511 1522 1512 1523 1467 1478 1512 1523 1477 1488 1477 1488 1512 1523 1513 1524 1477 1488 1513 1524 1476 1487 1514 1525 1515 1526 1474 1485 1474 1485 1515 1526 1516 1527 1474 1485 1516 1527 1460 1471 1517 1528 1518 1529 1513 1524 1474 1485 1476 1487 1514 1525 1514 1525 1476 1487 1513 1524 1514 1525 1513 1524 1519 1530 1519 1530 1513 1524 1518 1529 1520 1531 1521 1532 1522 1533 1521 1532 1523 1534 1522 1533 1522 1533 1523 1534 1524 1535 1522 1533 1524 1535 1517 1528 1520 1531 1525 1536 1526 1537 1526 1537 1525 1536 1527 1538 1527 1538 1525 1536 1483 1494 1483 1494 1525 1536 1528 1539 1483 1494 1528 1539 1484 1495 1484 1495 1528 1539 1529 1540 1484 1495 1529 1540 1488 1499 1488 1499 1529 1540 1530 1541 1488 1499 1530 1541 1480 1491 1480 1491 1530 1541 1531 1542 1480 1491 1531 1542 1481 1492 1481 1492 1531 1542 1532 1543 1481 1492 1532 1543 1494 1505 1494 1505 1532 1543 1533 1544 1494 1505 1533 1544 1495 1506 1495 1506 1533 1544 1534 1545 1495 1506 1534 1545 1498 1509 1498 1509 1534 1545 1535 1546 1498 1509 1535 1546 1500 1511 1500 1511 1535 1546 1536 1547 1500 1511 1536 1547 1503 1514 1503 1514 1536 1547 744 741 1503 1514 744 741 743 740 1520 1531 1522 1533 1525 1536 1525 1536 1522 1533 1537 1548 1525 1536 1537 1548 1528 1539 1528 1539 1537 1548 1538 1549 1528 1539 1538 1549 1529 1540 1529 1540 1538 1549 1539 1550 1529 1540 1539 1550 1530 1541 1530 1541 1539 1550 1540 1551 1530 1541 1540 1551 1531 1542 1531 1542 1540 1551 1541 1552 1531 1542 1541 1552 1532 1543 1532 1543 1541 1552 1542 1553 1532 1543 1542 1553 1533 1544 1533 1544 1542 1553 1543 1554 1533 1544 1543 1554 1534 1545 1534 1545 1543 1554 1544 1555 1534 1545 1544 1555 1535 1546 1535 1546 1544 1555 1545 1556 1535 1546 1545 1556 1536 1547 1536 1547 1545 1556 747 744 1536 1547 747 744 744 741 1517 1528 1513 1524 1522 1533 1522 1533 1513 1524 1512 1523 1522 1533 1512 1523 1537 1548 1537 1548 1512 1523 1511 1522 1537 1548 1511 1522 1538 1549 1538 1549 1511 1522 1510 1521 1538 1549 1510 1521 1539 1550 1539 1550 1510 1521 1509 1520 1539 1550 1509 1520 1540 1551 1540 1551 1509 1520 1508 1519 1540 1551 1508 1519 1541 1552 1541 1552 1508 1519 1507 1518 1541 1552 1507 1518 1542 1553 1542 1553 1507 1518 1506 1517 1542 1553 1506 1517 1543 1554 1543 1554 1506 1517 1505 1516 1543 1554 1505 1516 1544 1555 1544 1555 1505 1516 1478 1489 1544 1555 1478 1489 1545 1556 1545 1556 1478 1489 752 749 1545 1556 752 749 747 744 1546 1557 1547 1558 1548 1559 1549 1560 1550 1561 1551 1562 1552 1563 1553 1564 1554 1565 775 772 773 770 1555 1566 1556 1567 786 783 785 782 786 783 1556 1567 799 796 799 796 1556 1567 1557 1568 799 796 1557 1568 798 795 1558 1569 791 788 1559 1570 1559 1570 791 788 798 795 692 689 791 788 763 760 763 760 791 788 1558 1569 763 760 1558 1569 765 762 765 762 1558 1569 767 764 775 772 1555 1566 777 774 1554 1565 1489 1500 1550 1561 1550 1561 1489 1500 1490 1501 1550 1561 1490 1501 1551 1562 1551 1562 1490 1501 1479 1490 1551 1562 1479 1490 1560 1571 1560 1571 1479 1490 1493 1504 1560 1571 1493 1504 1561 1572 1561 1572 1493 1504 1492 1503 1561 1572 1492 1503 1562 1573 1562 1573 1492 1503 1491 1502 1562 1573 1491 1502 1563 1574 1563 1574 1491 1502 1496 1507 1563 1574 1496 1507 1564 1575 1564 1575 1496 1507 1497 1508 1564 1575 1497 1508 1565 1576 1565 1576 1497 1508 1499 1510 1565 1576 1499 1510 1566 1577 1566 1577 1499 1510 1501 1512 1566 1577 1501 1512 1567 1578 1567 1578 1501 1512 1502 1513 1567 1578 1502 1513 1568 1579 1568 1579 1502 1513 1504 1515 1568 1579 1504 1515 758 755 758 755 1504 1515 742 739 1554 1565 1553 1564 1489 1500 1489 1500 1553 1564 1569 1580 1489 1500 1569 1580 1487 1498 1569 1580 1570 1581 1487 1498 1487 1498 1570 1581 1571 1582 1487 1498 1571 1582 1485 1496 1485 1496 1571 1582 1572 1583 1485 1496 1572 1583 1486 1497 1549 1560 1573 1584 1550 1561 1550 1561 1573 1584 1574 1585 1550 1561 1574 1585 1554 1565 1554 1565 1574 1585 1575 1586 1554 1565 1575 1586 1552 1563 1546 1557 1548 1559 1576 1587 1576 1587 1548 1559 1577 1588 1576 1587 1577 1588 1578 1589 1579 1590 1580 1591 1581 1592 1580 1591 1579 1590 1582 1593 1582 1593 1579 1590 1583 1594 1582 1593 1583 1594 1584 1595 1585 1596 1586 1597 1587 1598 1587 1598 1586 1597 1588 1599 1589 1600 1590 1601 1591 1602 1591 1602 1590 1601 1592 1603 1593 1604 1594 1605 1595 1606 1595 1606 1594 1605 1596 1607 785 782 1594 1605 1556 1567 1556 1567 1594 1605 1593 1604 1556 1567 1593 1604 1557 1568 1557 1568 1593 1604 1597 1608 1557 1568 1597 1608 798 795 798 795 1597 1608 1598 1609 798 795 1598 1609 1559 1570 1596 1607 1590 1601 1595 1606 1595 1606 1590 1601 1589 1600 1595 1606 1589 1600 1593 1604 1593 1604 1589 1600 1599 1610 1593 1604 1599 1610 1597 1608 1597 1608 1599 1610 1600 1611 1597 1608 1600 1611 1598 1609 1598 1609 1600 1611 1601 1612 1598 1609 1601 1612 1559 1570 1559 1570 1601 1612 1602 1613 1559 1570 1602 1613 1558 1569 1558 1569 1602 1613 1603 1614 1558 1569 1603 1614 767 764 767 764 1603 1614 769 766 1592 1603 1587 1598 1591 1602 1591 1602 1587 1598 1588 1599 1591 1602 1588 1599 1589 1600 1589 1600 1588 1599 1604 1615 1589 1600 1604 1615 1599 1610 1599 1610 1604 1615 1605 1616 1599 1610 1605 1616 1600 1611 1600 1611 1605 1616 1606 1617 1600 1611 1606 1617 1601 1612 1601 1612 1606 1617 1607 1618 1601 1612 1607 1618 1602 1613 1602 1613 1607 1618 1608 1619 1602 1613 1608 1619 1603 1614 1603 1614 1608 1619 1609 1620 1603 1614 1609 1620 769 766 769 766 1609 1620 771 768 1585 1596 1584 1595 1586 1597 1586 1597 1584 1595 1583 1594 1586 1597 1583 1594 1588 1599 1588 1599 1583 1594 1610 1621 1588 1599 1610 1621 1604 1615 1604 1615 1610 1621 1611 1622 1604 1615 1611 1622 1605 1616 1605 1616 1611 1622 1612 1623 1605 1616 1612 1623 1606 1617 1606 1617 1612 1623 1613 1624 1606 1617 1613 1624 1607 1618 1607 1618 1613 1624 1614 1625 1607 1618 1614 1625 1608 1619 1608 1619 1614 1625 1615 1626 1608 1619 1615 1626 1609 1620 1609 1620 1615 1626 1555 1566 1609 1620 1555 1566 771 768 771 768 1555 1566 773 770 1581 1592 1578 1589 1579 1590 1579 1590 1578 1589 1577 1588 1579 1590 1577 1588 1583 1594 1583 1594 1577 1588 1616 1627 1583 1594 1616 1627 1610 1621 1610 1621 1616 1627 1617 1628 1610 1621 1617 1628 1611 1622 1611 1622 1617 1628 1618 1629 1611 1622 1618 1629 1612 1623 1612 1623 1618 1629 1619 1630 1612 1623 1619 1630 1613 1624 1613 1624 1619 1630 1620 1631 1613 1624 1620 1631 1614 1625 1614 1625 1620 1631 1621 1632 1614 1625 1621 1632 1615 1626 1615 1626 1621 1632 1622 1633 1615 1626 1622 1633 1555 1566 1555 1566 1622 1633 1623 1634 1555 1566 1623 1634 777 774 777 774 1623 1634 760 757 1547 1558 1549 1560 1548 1559 1548 1559 1549 1560 1551 1562 1548 1559 1551 1562 1577 1588 1577 1588 1551 1562 1560 1571 1577 1588 1560 1571 1616 1627 1616 1627 1560 1571 1561 1572 1616 1627 1561 1572 1617 1628 1617 1628 1561 1572 1562 1573 1617 1628 1562 1573 1618 1629 1618 1629 1562 1573 1563 1574 1618 1629 1563 1574 1619 1630 1619 1630 1563 1574 1564 1575 1619 1630 1564 1575 1620 1631 1620 1631 1564 1575 1565 1576 1620 1631 1565 1576 1621 1632 1621 1632 1565 1576 1566 1577 1621 1632 1566 1577 1622 1633 1622 1633 1566 1577 1567 1578 1622 1633 1567 1578 1623 1634 1623 1634 1567 1578 1568 1579 1623 1634 1568 1579 760 757 760 757 1568 1579 758 755 785 782 661 658 1624 1635 1624 1635 661 658 616 613 1624 1635 616 613 1625 1636 1625 1636 616 613 614 611 1625 1636 614 611 1626 1637 1626 1637 614 611 612 609 1626 1637 612 609 1627 1638 1627 1638 612 609 610 607 1627 1638 610 607 1628 1639 1628 1639 610 607 608 605 1628 1639 608 605 1629 1640 1629 1640 608 605 606 603 1629 1640 606 603 1630 1641 1630 1641 606 603 604 601 1630 1641 604 601 1631 1642 1631 1642 604 601 602 599 1631 1642 602 599 1632 1643 1632 1643 602 599 600 597 1632 1643 600 597 1633 1644 1633 1644 600 597 598 595 1633 1644 598 595 1634 1645 1634 1645 598 595 596 593 1634 1645 596 593 1635 1646 1635 1646 596 593 594 591 1635 1646 594 591 1636 1647 1636 1647 594 591 592 589 1636 1647 592 589 1637 1648 1637 1648 592 589 590 587 1637 1648 590 587 1638 1649 1638 1649 590 587 511 508 1638 1649 511 508 1639 1650 1639 1650 511 508 510 507 1640 1651 7 4 40 37 1641 1652 1642 1653 1643 1654 1643 1654 1642 1653 1644 1655 1643 1654 1644 1655 1645 1656 1642 1653 1646 1657 1647 1658 1648 1659 1649 1660 1650 1661 1651 1662 1652 1663 1653 1664 1653 1664 1652 1663 1654 1665 1653 1664 1654 1665 1655 1666 1655 1666 1654 1665 1656 1667 1652 1663 1657 1668 1654 1665 1654 1665 1657 1668 1658 1669 1654 1665 1658 1669 1656 1667 1656 1667 1658 1669 1659 1670 1660 1671 1659 1670 1658 1669 7 4 1640 1651 8 5 1661 1672 1662 1673 1663 1674 1663 1674 1664 1675 1665 1676 1663 1674 1665 1676 1661 1672 1661 1672 1665 1676 1666 1677 1661 1672 1666 1677 1667 1678 1650 1661 1668 1679 1669 1680 1650 1661 1649 1660 1668 1679 1668 1679 1649 1660 1670 1681 1668 1679 1670 1681 1671 1682 50 47 10 7 1669 1680 1669 1680 10 7 1666 1677 1669 1680 1666 1677 1650 1661 1650 1661 1666 1677 1665 1676 1650 1661 1665 1676 1648 1659 1648 1659 1665 1676 1664 1675 1645 1656 1672 1683 1643 1654 1643 1654 1672 1683 1673 1684 1643 1654 1673 1684 1641 1652 1641 1652 1673 1684 1674 1685 1641 1652 1674 1685 1675 1686 1672 1683 6 3 5 2 5 2 1676 1687 1672 1683 1672 1683 1676 1687 1677 1688 1672 1683 1677 1688 1673 1684 1673 1684 1677 1688 1678 1689 1673 1684 1678 1689 1674 1685 1647 1658 1679 1690 1642 1653 1642 1653 1679 1690 1680 1691 1642 1653 1680 1691 1644 1655 1644 1655 1680 1691 1681 1692 1644 1655 1681 1692 1645 1656 1645 1656 1681 1692 41 38 1645 1656 41 38 1672 1683 1672 1683 41 38 35 32 1672 1683 35 32 6 3 1682 1693 1683 1694 1684 1695 1684 1695 1683 1694 1685 1696 1684 1695 1685 1696 1686 1697 1682 1693 1687 1698 1688 1699 1688 1699 1687 1698 1689 1700 1688 1699 1689 1700 1660 1671 1660 1671 1689 1700 1659 1670 1675 1686 1690 1701 1641 1652 1641 1652 1690 1701 1686 1697 1641 1652 1686 1697 1642 1653 1642 1653 1686 1697 1685 1696 1642 1653 1685 1696 1646 1657 1646 1657 1685 1696 1683 1694 50 47 1669 1680 49 46 49 46 1669 1680 1668 1679 49 46 1668 1679 48 45 48 45 1668 1679 1671 1682 48 45 1671 1682 47 44 8 5 1640 1651 10 7 10 7 1640 1651 1691 1702 10 7 1691 1702 1666 1677 1666 1677 1691 1702 1657 1668 1666 1677 1657 1668 1667 1678 1667 1678 1657 1668 1652 1663 1667 1678 1652 1663 1661 1672 1661 1672 1652 1663 1651 1662 1661 1672 1651 1662 1662 1673 1682 1693 1688 1699 1683 1694 1683 1694 1688 1699 1660 1671 1683 1694 1660 1671 1646 1657 1646 1657 1660 1671 1658 1669 1646 1657 1658 1669 1647 1658 1647 1658 1658 1669 1657 1668 1647 1658 1657 1668 1679 1690 1679 1690 1657 1668 1691 1702 1679 1690 1691 1702 1680 1691 1680 1691 1691 1702 1640 1651 1680 1691 1640 1651 1681 1692 1681 1692 1640 1651 40 37 1681 1692 40 37 41 38 1692 1703 1693 1704 1694 0 1694 0 1693 1704 1695 1705 1694 0 1695 1705 1696 0 1697 0 1698 0 1699 1706 1700 0 1701 0 1702 1707 1702 1707 1701 0 1703 0 1702 1707 1703 0 1704 0 1697 0 1699 1708 1705 0 1704 0 1706 0 1702 1707 1702 1707 1706 0 1707 0 1702 1707 1707 0 1699 1709 1699 1710 1707 0 1708 0 1699 1711 1708 0 1705 0 1709 0 1710 1712 1711 0 1711 0 1710 1712 1712 1713 1711 0 1712 1713 1713 0 1700 0 1702 1707 1714 0 1714 0 1702 1707 1715 1714 1714 0 1715 1714 1716 0 1712 1713 1717 1715 1713 0 1713 0 1717 1715 1718 1716 1713 0 1718 1716 1719 0 1719 0 1718 1716 1720 1717 1719 0 1720 1717 1721 0 1721 0 1720 1717 1722 1718 1721 0 1722 1718 1723 0 1723 0 1722 1718 1724 1719 1723 0 1724 1719 1725 0 1725 0 1724 1719 1726 1720 1725 0 1726 1720 1727 0 1727 0 1726 1720 1728 1721 1727 0 1728 1721 1729 1722 1715 1714 1730 1723 1716 0 1716 0 1730 1723 1731 1724 1716 0 1731 1724 1732 0 1732 0 1731 1724 1733 1725 1732 0 1733 1725 1709 0 1709 0 1733 1725 1734 1726 1709 0 1734 1726 1710 1712 1698 0 1735 0 1699 1727 1699 1728 1735 0 1736 0 1699 1729 1736 0 1737 1730 1737 1730 1736 0 1738 0 1739 0 1740 1731 1741 0 1741 0 1740 1731 1742 1732 1741 0 1742 1732 1743 0 1696 0 1695 1705 1744 0 1744 0 1695 1705 1745 1733 1744 0 1745 1733 1746 0 1746 0 1745 1733 1747 1734 1746 0 1747 1734 1739 0 1739 0 1747 1734 1748 1735 1739 0 1748 1735 1740 1731 1749 0 1750 1736 1738 0 1738 0 1750 1736 1751 1737 1738 0 1751 1737 1737 1730 1742 1732 1752 1738 1743 0 1743 0 1752 1738 1753 1739 1743 0 1753 1739 1754 0 1754 0 1753 1739 1755 1740 1754 0 1755 1740 1749 0 1749 0 1755 1740 1756 1741 1749 0 1756 1741 1750 1736 1757 1742 1758 1743 1759 1744 1759 1744 1758 1743 1760 1745 1761 1746 664 661 803 800 1762 1747 1763 1748 1761 1746 1761 1746 1763 1748 1764 1749 1761 1746 1764 1749 664 661 1765 1750 1766 1751 1767 1752 1767 1752 1766 1751 1768 1753 1767 1752 1768 1753 1769 1754 1769 1754 1768 1753 1770 1755 1769 1754 1770 1755 1762 1747 1762 1747 1770 1755 1771 1756 1762 1747 1771 1756 1763 1748 803 800 808 805 1761 1746 1761 1746 808 805 818 815 1761 1746 818 815 1772 1757 1772 1757 818 815 831 828 1772 1757 831 828 702 699 1773 1758 1774 1759 1775 1760 873 884 1774 1759 916 927 916 927 1774 1759 1773 1758 916 927 1773 1758 917 928 875 886 901 912 1776 1761 1776 1761 901 912 919 930 1776 1761 919 930 1773 1758 1773 1758 919 930 918 929 1773 1758 918 929 917 928 896 907 879 890 1777 1762 1777 1762 879 890 878 889 1777 1762 878 889 1776 1761 1776 1761 878 889 876 887 1776 1761 876 887 875 886 896 907 1777 1762 881 892 881 892 1777 1762 1778 1763 881 892 1778 1763 65 62 65 62 1778 1763 66 63 66 63 1778 1763 1779 1764 66 63 1779 1764 67 64 67 64 1779 1764 1780 1765 67 64 1780 1765 68 65 68 65 1780 1765 1781 1766 68 65 1781 1766 95 92 1775 1760 1782 1767 1773 1758 1773 1758 1782 1767 1783 1768 1773 1758 1783 1768 1776 1761 1776 1761 1783 1768 1784 1769 1776 1761 1784 1769 1777 1762 913 924 886 897 413 410 413 410 886 897 885 896 90 87 399 396 885 896 885 896 399 396 401 398 885 896 401 398 413 410 908 919 910 921 410 407 410 407 910 921 912 923 913 924 413 410 912 923 912 923 413 410 412 409 912 923 412 409 410 407 407 404 872 883 906 917 908 919 410 407 906 917 906 917 410 407 409 406 906 917 409 406 407 404 872 883 407 404 873 884 873 884 407 404 406 403 873 884 406 403 421 418 1785 1770 1786 1771 1787 1772 951 962 955 966 1788 1773 941 952 1004 1015 1789 1774 1790 1775 954 965 1791 1776 1791 1776 954 965 953 964 1790 1775 1791 1776 1792 1777 1792 1777 1791 1776 1793 1778 1792 1777 1793 1778 1794 1779 1794 1779 1793 1778 1795 1780 1794 1779 1795 1780 1796 1781 1796 1781 1795 1780 1797 1782 1796 1781 1797 1782 1798 1783 1798 1783 1797 1782 1799 1784 1798 1783 1799 1784 1800 1785 1800 1785 1799 1784 1801 1786 1800 1785 1801 1786 1802 1787 1802 1787 1801 1786 1803 1788 1802 1787 1803 1788 1804 1789 1804 1789 1803 1788 1805 1790 1804 1789 1805 1790 1806 1791 1806 1791 1805 1790 1807 1792 1806 1791 1807 1792 1808 1793 1808 1793 1807 1792 1809 1794 1808 1793 1809 1794 1810 1795 1810 1795 1809 1794 1811 1796 1810 1795 1811 1796 1812 1797 1812 1797 1811 1796 1813 1798 1812 1797 1813 1798 1814 1799 1814 1799 1813 1798 1815 1800 1814 1799 1815 1800 1816 1801 1816 1801 1815 1800 1787 1772 1816 1801 1787 1772 1817 1802 1817 1802 1787 1772 1786 1771 1817 1802 1786 1771 1818 1803 950 961 951 962 1819 1804 1819 1804 951 962 1788 1773 1819 1804 1788 1773 1820 1805 1820 1805 1788 1773 1821 1806 1820 1805 1821 1806 1822 1807 1822 1807 1821 1806 1823 1808 1822 1807 1823 1808 1824 1809 1824 1809 1823 1808 1825 1810 1824 1809 1825 1810 1826 1811 1826 1811 1825 1810 1827 1812 1826 1811 1827 1812 1828 1813 1828 1813 1827 1812 1829 1814 1828 1813 1829 1814 1830 1815 1830 1815 1829 1814 1831 1816 1830 1815 1831 1816 1832 1817 1832 1817 1831 1816 1833 1818 1832 1817 1833 1818 1834 1819 1834 1819 1833 1818 1835 1820 1834 1819 1835 1820 1836 1821 1836 1821 1835 1820 1837 1822 1836 1821 1837 1822 1838 1823 1838 1823 1837 1822 1839 1824 1838 1823 1839 1824 1840 1825 1840 1825 1839 1824 1841 1826 1840 1825 1841 1826 1842 1827 1842 1827 1841 1826 1843 1828 1842 1827 1843 1828 1844 1829 1844 1829 1843 1828 1845 1830 1844 1829 1845 1830 1846 1831 1846 1831 1845 1830 1847 1832 1846 1831 1847 1832 1848 1833 1848 1833 1847 1832 1849 1834 955 966 954 965 1788 1773 1788 1773 954 965 1790 1775 1788 1773 1790 1775 1821 1806 1821 1806 1790 1775 1792 1777 1821 1806 1792 1777 1823 1808 1823 1808 1792 1777 1794 1779 1823 1808 1794 1779 1825 1810 1825 1810 1794 1779 1796 1781 1825 1810 1796 1781 1827 1812 1827 1812 1796 1781 1798 1783 1827 1812 1798 1783 1829 1814 1829 1814 1798 1783 1800 1785 1829 1814 1800 1785 1831 1816 1831 1816 1800 1785 1802 1787 1831 1816 1802 1787 1833 1818 1833 1818 1802 1787 1804 1789 1833 1818 1804 1789 1835 1820 1835 1820 1804 1789 1806 1791 1835 1820 1806 1791 1837 1822 1837 1822 1806 1791 1808 1793 1837 1822 1808 1793 1839 1824 1839 1824 1808 1793 1810 1795 1839 1824 1810 1795 1841 1826 1841 1826 1810 1795 1812 1797 1841 1826 1812 1797 1843 1828 1843 1828 1812 1797 1814 1799 1843 1828 1814 1799 1845 1830 1845 1830 1814 1799 1816 1801 1845 1830 1816 1801 1847 1832 1847 1832 1816 1801 1817 1802 1847 1832 1817 1802 1849 1834 1849 1834 1817 1802 1818 1803 1850 1835 1851 1836 1852 1837 1852 1837 1851 1836 1853 1838 1852 1837 1853 1838 1854 1839 1854 1839 1853 1838 1855 1840 1854 1839 1855 1840 1856 1841 1856 1841 1855 1840 1857 1842 1856 1841 1857 1842 1858 1843 1005 1016 1015 1026 1859 1844 1859 1844 1015 1026 1860 1845 1859 1844 1860 1845 1861 1846 1861 1846 1860 1845 1862 1847 1861 1846 1862 1847 1863 1848 1863 1848 1862 1847 1864 1849 1863 1848 1864 1849 1865 1850 1865 1850 1864 1849 1866 1851 1865 1850 1866 1851 1867 1852 1867 1852 1866 1851 1868 1853 1867 1852 1868 1853 1869 1854 1869 1854 1868 1853 1870 1855 1869 1854 1870 1855 1871 1856 1871 1856 1870 1855 1872 1857 1871 1856 1872 1857 1873 1858 1873 1858 1872 1857 1874 1859 1873 1858 1874 1859 1875 1860 1875 1860 1874 1859 1876 1861 1875 1860 1876 1861 1877 1862 1877 1862 1876 1861 1878 1863 1877 1862 1878 1863 1850 1835 1850 1835 1878 1863 1879 1864 1850 1835 1879 1864 1851 1836 942 953 941 952 1880 1865 1880 1865 941 952 1789 1774 1880 1865 1789 1774 1881 1866 1881 1866 1789 1774 1882 1867 1881 1866 1882 1867 1883 1868 1883 1868 1882 1867 1884 1869 1883 1868 1884 1869 1885 1870 1885 1870 1884 1869 1886 1871 1885 1870 1886 1871 1887 1872 1887 1872 1886 1871 1888 1873 1887 1872 1888 1873 1889 1874 1889 1874 1888 1873 1890 1875 1889 1874 1890 1875 1891 1876 1891 1876 1890 1875 1892 1877 1891 1876 1892 1877 1893 1878 1893 1878 1892 1877 1894 1879 1893 1878 1894 1879 1895 1880 1895 1880 1894 1879 1896 1881 1895 1880 1896 1881 1897 1882 1897 1882 1896 1881 1898 1883 1897 1882 1898 1883 1899 1884 1899 1884 1898 1883 1900 1885 1899 1884 1900 1885 1901 1886 1901 1886 1900 1885 1902 1887 1901 1886 1902 1887 1903 1888 1903 1888 1902 1887 1904 1889 1903 1888 1904 1889 1905 1890 1905 1890 1904 1889 1906 1891 1905 1890 1906 1891 1907 1892 1907 1892 1906 1891 1908 1893 1004 1015 1005 1016 1789 1774 1789 1774 1005 1016 1859 1844 1789 1774 1859 1844 1882 1867 1882 1867 1859 1844 1861 1846 1882 1867 1861 1846 1884 1869 1884 1869 1861 1846 1863 1848 1884 1869 1863 1848 1886 1871 1886 1871 1863 1848 1865 1850 1886 1871 1865 1850 1888 1873 1888 1873 1865 1850 1867 1852 1888 1873 1867 1852 1890 1875 1890 1875 1867 1852 1869 1854 1890 1875 1869 1854 1892 1877 1892 1877 1869 1854 1871 1856 1892 1877 1871 1856 1894 1879 1894 1879 1871 1856 1873 1858 1894 1879 1873 1858 1896 1881 1896 1881 1873 1858 1875 1860 1896 1881 1875 1860 1898 1883 1898 1883 1875 1860 1877 1862 1898 1883 1877 1862 1900 1885 1900 1885 1877 1862 1850 1835 1900 1885 1850 1835 1902 1887 1902 1887 1850 1835 1852 1837 1902 1887 1852 1837 1904 1889 1904 1889 1852 1837 1854 1839 1904 1889 1854 1839 1906 1891 1906 1891 1854 1839 1856 1841 1906 1891 1856 1841 1908 1893 1908 1893 1856 1841 1858 1843 718 715 950 961 936 947 936 947 950 961 1819 1804 936 947 1819 1804 935 946 935 946 1819 1804 1820 1805 935 946 1820 1805 934 945 934 945 1820 1805 1822 1807 934 945 1822 1807 933 944 933 944 1822 1807 1824 1809 933 944 1824 1809 932 943 932 943 1824 1809 1826 1811 932 943 1826 1811 931 942 931 942 1826 1811 1828 1813 931 942 1828 1813 930 941 930 941 1828 1813 1830 1815 930 941 1830 1815 929 940 929 940 1830 1815 1832 1817 929 940 1832 1817 928 939 928 939 1832 1817 1834 1819 928 939 1834 1819 927 938 927 938 1834 1819 1836 1821 927 938 1836 1821 926 937 926 937 1836 1821 1838 1823 926 937 1838 1823 925 936 925 936 1838 1823 1840 1825 925 936 1840 1825 924 935 924 935 1840 1825 1842 1827 924 935 1842 1827 923 934 923 934 1842 1827 1844 1829 923 934 1844 1829 922 933 922 933 1844 1829 1846 1831 922 933 1846 1831 921 932 921 932 1846 1831 1848 1833 953 964 942 953 1791 1776 1791 1776 942 953 1880 1865 1791 1776 1880 1865 1793 1778 1793 1778 1880 1865 1881 1866 1793 1778 1881 1866 1795 1780 1795 1780 1881 1866 1883 1868 1795 1780 1883 1868 1797 1782 1797 1782 1883 1868 1885 1870 1797 1782 1885 1870 1799 1784 1799 1784 1885 1870 1887 1872 1799 1784 1887 1872 1801 1786 1801 1786 1887 1872 1889 1874 1801 1786 1889 1874 1803 1788 1803 1788 1889 1874 1891 1876 1803 1788 1891 1876 1805 1790 1805 1790 1891 1876 1893 1878 1805 1790 1893 1878 1807 1792 1807 1792 1893 1878 1895 1880 1807 1792 1895 1880 1809 1794 1809 1794 1895 1880 1897 1882 1809 1794 1897 1882 1811 1796 1811 1796 1897 1882 1899 1884 1811 1796 1899 1884 1813 1798 1813 1798 1899 1884 1901 1886 1813 1798 1901 1886 1815 1800 1815 1800 1901 1886 1903 1888 1815 1800 1903 1888 1787 1772 1787 1772 1903 1888 1905 1890 1787 1772 1905 1890 1785 1770 1785 1770 1905 1890 1907 1892 1857 1842 1855 1840 1909 1894 1910 1895 1911 1896 1912 1897 1913 1898 1914 1899 1915 1900 1915 1900 1914 1899 1916 1901 964 975 963 974 1917 1902 1909 1894 1855 1840 1918 1903 1919 1904 1920 1905 1921 1906 1921 1906 1920 1905 1922 1907 1921 1906 1922 1907 1923 1908 1924 1909 1909 1894 1919 1904 1919 1904 1909 1894 1918 1903 1919 1904 1918 1903 1920 1905 962 973 960 971 1925 1910 962 973 1925 1910 963 974 1926 1911 1927 1912 1928 1913 1928 1913 1927 1912 1929 1914 1928 1913 1929 1914 1930 1915 1930 1915 1929 1914 1931 1916 1915 1900 1931 1916 1913 1898 1913 1898 1931 1916 1929 1914 1913 1898 1929 1914 1932 1917 1932 1917 1929 1914 1927 1912 1925 1910 1933 1918 1934 1919 940 951 1935 1920 938 949 938 949 1935 1920 1933 1918 960 971 959 970 1925 1910 1925 1910 959 970 968 979 1925 1910 968 979 1933 1918 1933 1918 968 979 969 980 1933 1918 969 980 938 949 1936 1921 1937 1922 1934 1919 1935 1920 1938 1923 1933 1918 1933 1918 1938 1923 1939 1924 1933 1918 1939 1924 1934 1919 1934 1919 1939 1924 1940 1925 1934 1919 1940 1925 1936 1921 1018 1029 958 969 1917 1902 1917 1902 958 969 965 976 1917 1902 965 976 964 975 1855 1840 1853 1838 1918 1903 1918 1903 1853 1838 1851 1836 1918 1903 1851 1836 1920 1905 1920 1905 1851 1836 1879 1864 1920 1905 1879 1864 1922 1907 1922 1907 1879 1864 1878 1863 1922 1907 1878 1863 1923 1908 1923 1908 1878 1863 1876 1861 1923 1908 1876 1861 1941 1926 1941 1926 1876 1861 1874 1859 1941 1926 1874 1859 1942 1927 1942 1927 1874 1859 1872 1857 1942 1927 1872 1857 1943 1928 1943 1928 1872 1857 1870 1855 1943 1928 1870 1855 1944 1929 1944 1929 1870 1855 1868 1853 1944 1929 1868 1853 1945 1930 1945 1930 1868 1853 1866 1851 1945 1930 1866 1851 1946 1931 1946 1931 1866 1851 1864 1849 1946 1931 1864 1849 1947 1932 1947 1932 1864 1849 1862 1847 1947 1932 1862 1847 1948 1933 1948 1933 1862 1847 1860 1845 1948 1933 1860 1845 1017 1028 1017 1028 1860 1845 1015 1026 1949 1934 1950 1935 1951 1936 1949 1934 1951 1936 1952 1937 1952 1937 1951 1936 1924 1909 1952 1937 1924 1909 1953 1938 1953 1938 1924 1909 1919 1904 1953 1938 1919 1904 1954 1939 1954 1939 1919 1904 1921 1906 1954 1939 1921 1906 1955 1940 1951 1936 1956 1941 1924 1909 1924 1909 1956 1941 1957 1942 1924 1909 1957 1942 1909 1894 1909 1894 1957 1942 1858 1843 1909 1894 1858 1843 1857 1842 1958 1943 1911 1896 1959 1944 1959 1944 1911 1896 1910 1895 1959 1944 1910 1895 1960 1945 1960 1945 1910 1895 1937 1922 1960 1945 1937 1922 1961 1946 1961 1946 1937 1922 1936 1921 1912 1897 1916 1901 1910 1895 1910 1895 1916 1901 1914 1899 1910 1895 1914 1899 1937 1922 1937 1922 1914 1899 1913 1898 1937 1922 1913 1898 1934 1919 1934 1919 1913 1898 1932 1917 1934 1919 1932 1917 1925 1910 1925 1910 1932 1917 1927 1912 1925 1910 1927 1912 963 974 963 974 1927 1912 1926 1911 963 974 1926 1911 1917 1902 1017 1028 1018 1029 1948 1933 1948 1933 1018 1029 1917 1902 1948 1933 1917 1902 1947 1932 1947 1932 1917 1902 1926 1911 1947 1932 1926 1911 1946 1931 1946 1931 1926 1911 1928 1913 1946 1931 1928 1913 1945 1930 1945 1930 1928 1913 1930 1915 1945 1930 1930 1915 1944 1929 1944 1929 1930 1915 1931 1916 1944 1929 1931 1916 1943 1928 1943 1928 1931 1916 1915 1900 1943 1928 1915 1900 1942 1927 1942 1927 1915 1900 1916 1901 1942 1927 1916 1901 1941 1926 1941 1926 1916 1901 1912 1897 1941 1926 1912 1897 1923 1908 1923 1908 1912 1897 1911 1896 1923 1908 1911 1896 1921 1906 1921 1906 1911 1896 1958 1943 1921 1906 1958 1943 1955 1940 1962 1947 1044 1055 1048 1059 1952 1937 1953 1938 1963 1948 1964 1949 1965 1950 1966 1951 1959 1944 1960 1945 1967 1952 1968 1953 1969 1954 1970 1955 1971 1956 1972 1957 1973 1958 1974 1959 1975 1960 1976 1961 1972 1957 1971 1956 1977 1962 1977 1962 1971 1956 1978 1963 1977 1962 1978 1963 1979 1964 1979 1964 1978 1963 1980 1965 1979 1964 1980 1965 1981 1966 1981 1966 1980 1965 1982 1967 1981 1966 1982 1967 1983 1968 1983 1968 1982 1967 1984 1969 1983 1968 1984 1969 1985 1970 1985 1970 1984 1969 1986 1971 1985 1970 1986 1971 1987 1972 1987 1972 1986 1971 1053 1064 1987 1972 1053 1064 1052 1063 1974 1959 1988 1973 1975 1960 1975 1960 1988 1973 1989 1974 1975 1960 1989 1974 1990 1975 1990 1975 1989 1974 1991 1976 1990 1975 1991 1976 1992 1977 1992 1977 1991 1976 1993 1978 1992 1977 1993 1978 1994 1979 1994 1979 1993 1978 1995 1980 1994 1979 1995 1980 1996 1981 1996 1981 1995 1980 1997 1982 1996 1981 1997 1982 1998 1983 1998 1983 1997 1982 1999 1984 1999 1984 1050 1061 1051 1062 1976 1961 1975 1960 1973 1958 1973 1958 1975 1960 1990 1975 1973 1958 1990 1975 1971 1956 1971 1956 1990 1975 1992 1977 1971 1956 1992 1977 1978 1963 1978 1963 1992 1977 1994 1979 1978 1963 1994 1979 1980 1965 1980 1965 1994 1979 1996 1981 1980 1965 1996 1981 1982 1967 1982 1967 1996 1981 1998 1983 1982 1967 1998 1983 1984 1969 1984 1969 1998 1983 1999 1984 1984 1969 1999 1984 1986 1971 1986 1971 1999 1984 1051 1062 1986 1971 1051 1062 1053 1064 1958 1943 1959 1944 2000 1985 2000 1985 1959 1944 1967 1952 2000 1985 1967 1952 2001 1986 2001 1986 1967 1952 2002 1987 2001 1986 2002 1987 2003 1988 2003 1988 2002 1987 2004 1989 2003 1988 2004 1989 2005 1990 2005 1990 2004 1989 2006 1991 1960 1945 1961 1946 1967 1952 1967 1952 1961 1946 2007 1992 1967 1952 2007 1992 2002 1987 2002 1987 2007 1992 2008 1993 2002 1987 2008 1993 2004 1989 2004 1989 2008 1993 2009 1994 2004 1989 2009 1994 2006 1991 2006 1991 2009 1994 2010 1995 1936 1921 1940 1925 2011 1996 2011 1996 1940 1925 2012 1997 2011 1996 2012 1997 2013 1998 2013 1998 2012 1997 2014 1999 2013 1998 2014 1999 2015 2000 2015 2000 2014 1999 2016 2001 2015 2000 2016 2001 1962 1947 1962 1947 2016 2001 1045 1056 1962 1947 1045 1056 1044 1055 1038 1049 1037 1048 2017 2002 2017 2002 1037 1048 2018 2003 2017 2002 2018 2003 2019 2004 2019 2004 2018 2003 2020 2005 1940 1925 1939 1924 2012 1997 2012 1997 1939 1924 2019 2004 2012 1997 2019 2004 2014 1999 2014 1999 2019 2004 2020 2005 2014 1999 2020 2005 2016 2001 1037 1048 1042 1053 2018 2003 2018 2003 1042 1053 1040 1051 2018 2003 1040 1051 2020 2005 2020 2005 1040 1051 1039 1050 2020 2005 1039 1050 2016 2001 2016 2001 1039 1050 1047 1058 2016 2001 1047 1058 1045 1056 1965 1950 2021 2006 2022 2007 2023 2008 2024 2009 2025 2010 2025 2010 2024 2009 2026 2011 2025 2010 2026 2011 2027 2012 2027 2012 2026 2011 2028 2013 2027 2012 2028 2013 2029 2014 2029 2014 2028 2013 2030 2015 2029 2014 2030 2015 2031 2016 2031 2016 2030 2015 2032 2017 2031 2016 2032 2017 2033 2018 1965 1950 2022 2007 1966 1951 1966 1951 2022 2007 1950 1935 1966 1951 1950 1935 1949 1934 2034 2019 2035 2020 2036 2021 2036 2021 2035 2020 2037 2022 1970 1955 1969 1954 2038 2023 2038 2023 1969 1954 2039 2024 2038 2023 2039 2024 2037 2022 2037 2022 2039 2024 2040 2025 2037 2022 2040 2025 2036 2021 2036 2021 2040 2025 2041 2026 2036 2021 2041 2026 2034 2019 1949 1934 1952 1937 1966 1951 1966 1951 1952 1937 1963 1948 1966 1951 1963 1948 1964 1949 1964 1949 1963 1948 2042 2027 2023 2008 2041 2026 2024 2009 2024 2009 2041 2026 2040 2025 2024 2009 2040 2025 2026 2011 2026 2011 2040 2025 2039 2024 2026 2011 2039 2024 2028 2013 2028 2013 2039 2024 1969 1954 2028 2013 1969 1954 2030 2015 2030 2015 1969 1954 1968 1953 2030 2015 1968 1953 2032 2017 2043 2028 2044 2029 2045 2030 1976 1961 2046 2031 1974 1959 1974 1959 2046 2031 2047 2032 1974 1959 2047 2032 2048 2033 2048 2033 2047 2032 2049 2034 2048 2033 2049 2034 2050 2035 2050 2035 2049 2034 2051 2036 2050 2035 2051 2036 2052 2037 2051 2036 2053 2038 2052 2037 2052 2037 2053 2038 2054 2039 2052 2037 2054 2039 2042 2027 2042 2027 2054 2039 2055 2040 2042 2027 2055 2040 1964 1949 1964 1949 2055 2040 2056 2041 1964 1949 2056 2041 1965 1950 1965 1950 2056 2041 2043 2028 1965 1950 2043 2028 2021 2006 2021 2006 2043 2028 2045 2030 2021 2006 2045 2030 2022 2007 1939 1924 1938 1923 2019 2004 2019 2004 1938 1923 1935 1920 2019 2004 1935 1920 2017 2002 2017 2002 1935 1920 940 951 2017 2002 940 951 1038 1049 1961 1946 1936 1921 2007 1992 2007 1992 1936 1921 2011 1996 2007 1992 2011 1996 2008 1993 2008 1993 2011 1996 2013 1998 2008 1993 2013 1998 2009 1994 2009 1994 2013 1998 2015 2000 2009 1994 2015 2000 2010 1995 2010 1995 2015 2000 1962 1947 2010 1995 1962 1947 2057 2042 2057 2042 1962 1947 1048 1059 2057 2042 1048 1059 1050 1061 2035 2020 1954 1939 2037 2022 2037 2022 1954 1939 1955 1940 2037 2022 1955 1940 2038 2023 2038 2023 1955 1940 1958 1943 2038 2023 1958 1943 1970 1955 1970 1955 1958 1943 2000 1985 1970 1955 2000 1985 1968 1953 1968 1953 2000 1985 2001 1986 1968 1953 2001 1986 2032 2017 2032 2017 2001 1986 2003 1988 2032 2017 2003 1988 2033 2018 2033 2018 2003 1988 2005 1990 1050 1061 1999 1984 2057 2042 2057 2042 1999 1984 1997 1982 2057 2042 1997 1982 2010 1995 2010 1995 1997 1982 1995 1980 2010 1995 1995 1980 2006 1991 2006 1991 1995 1980 1993 1978 2006 1991 1993 1978 2005 1990 2005 1990 1993 1978 1991 1976 2005 1990 1991 1976 2033 2018 2033 2018 1991 1976 1989 1974 2033 2018 1989 1974 2031 2016 2031 2016 1989 1974 1988 1973 2031 2016 1988 1973 2029 2014 2029 2014 1988 1973 1974 1959 2029 2014 1974 1959 2027 2012 2027 2012 1974 1959 2048 2033 2027 2012 2048 2033 2025 2010 2025 2010 2048 2033 2050 2035 2025 2010 2050 2035 2023 2008 2023 2008 2050 2035 2052 2037 2023 2008 2052 2037 2041 2026 2041 2026 2052 2037 2042 2027 2041 2026 2042 2027 2034 2019 2034 2019 2042 2027 1963 1948 2034 2019 1963 1948 2035 2020 2035 2020 1963 1948 1953 1938 2035 2020 1953 1938 1954 1939 1297 1308 2044 2029 2043 2028 1297 1308 2043 2028 1296 1307 1296 1307 2043 2028 2056 2041 1296 1307 2056 2041 1294 1305 1294 1305 2056 2041 2055 2040 1294 1305 2055 2040 1292 1303 1292 1303 2055 2040 2054 2039 1292 1303 2054 2039 2053 2038 2053 2038 2051 2036 1292 1303 1292 1303 2051 2036 2049 2034 1292 1303 2049 2034 1290 1301 2049 2034 2047 2032 1290 1301 1290 1301 2047 2032 2046 2031 1290 1301 2046 2031 1288 1299 1288 1299 2046 2031 1976 1961 1288 1299 1976 1961 1286 1297 1286 1297 1976 1961 1973 1958 1286 1297 1973 1958 1972 1957 1972 1957 1977 1962 1286 1297 1286 1297 1977 1962 1979 1964 1286 1297 1979 1964 1284 1295 1979 1964 1981 1966 1284 1295 1284 1295 1981 1966 1983 1968 1284 1295 1983 1968 1282 1293 1052 1063 1092 1103 1987 1972 1987 1972 1092 1103 1282 1293 1987 1972 1282 1293 1985 1970 1985 1970 1282 1293 1983 1968 2058 2043 2059 2044 2060 2045 2060 2045 2059 2044 2061 2046 2061 2046 2059 2044 2062 2047 2061 2046 2062 2047 2063 2048 2064 2049 2065 2050 2066 2051 2066 2051 2065 2050 2067 2052 2066 2051 2067 2052 2068 2053 2068 2053 2067 2052 2069 2054 2068 2053 2069 2054 2070 2055 2070 2055 2069 2054 2071 2056 2070 2055 2071 2056 2062 2047 2062 2047 2071 2056 2072 2057 2062 2047 2072 2057 2063 2048 2064 2049 2066 2051 2073 2058 2073 2058 2066 2051 2074 2059 2073 2058 2074 2059 2075 2060 2075 2060 2074 2059 2076 2061 2075 2060 2076 2061 2077 2062 2077 2062 2076 2061 2078 2063 2077 2062 2078 2063 2079 2064 2080 2065 2081 2066 2082 2067 2082 2067 2081 2066 2083 2068 2082 2067 2083 2068 2084 2069 2084 2069 2083 2068 2085 2070 2084 2069 2085 2070 2078 2063 2078 2063 2085 2070 2086 2071 2078 2063 2086 2071 2079 2064 2087 2072 2088 2073 2080 2065 2080 2065 2088 2073 2089 2074 2080 2065 2089 2074 2081 2066 2080 2065 2090 2075 2087 2072 2087 2072 2090 2075 2091 2076 2087 2072 2091 2076 2092 2077 2092 2077 2091 2076 2093 2078 2092 2077 2093 2078 2094 2079 2094 2079 2093 2078 2095 2080 2095 2080 2093 2078 2096 2081 2095 2080 2096 2081 2097 2082 2097 2082 2096 2081 2098 2083 2097 2082 2098 2083 2099 2084 2100 2085 2101 2086 2102 2087 2102 2087 2101 2086 2103 2088 2102 2087 2103 2088 2104 2089 2104 2089 2103 2088 2105 2090 2104 2089 2105 2090 2106 2091 2106 2091 2105 2090 2107 2092 2106 2091 2107 2092 2098 2083 2098 2083 2107 2092 2108 2093 2098 2083 2108 2093 2099 2084 2100 2085 2102 2087 2109 2094 2109 2094 2102 2087 2110 2095 2109 2094 2110 2095 2111 2096 2111 2096 2110 2095 2112 2097 2111 2096 2112 2097 2113 2098 2113 2098 2112 2097 2114 2099 2113 2098 2114 2099 2115 2100 2116 2101 2117 2102 2118 2103 2118 2103 2117 2102 2119 2104 2118 2103 2119 2104 2120 2105 2120 2105 2119 2104 2121 2106 2120 2105 2121 2106 2114 2099 2114 2099 2121 2106 2122 2107 2114 2099 2122 2107 2115 2100 2123 2108 2124 2109 2116 2101 2116 2101 2124 2109 2125 2110 2116 2101 2125 2110 2117 2102 2116 2101 2126 2111 2123 2108 2123 2108 2126 2111 2127 2112 2123 2108 2127 2112 2128 2113 2128 2113 2127 2112 2129 2114 2128 2113 2129 2114 2130 2115 2130 2115 2129 2114 2131 2116 2131 2116 2129 2114 2132 2117 2131 2116 2132 2117 2133 2118 2133 2118 2132 2117 2134 2119 2133 2118 2134 2119 2135 2120 2136 2121 2137 2122 2138 2123 2138 2123 2137 2122 2139 2124 2138 2123 2139 2124 2140 2125 2140 2125 2139 2124 2141 2126 2140 2125 2141 2126 2142 2127 2142 2127 2141 2126 2143 2128 2142 2127 2143 2128 2134 2119 2134 2119 2143 2128 2144 2129 2134 2119 2144 2129 2135 2120 2136 2121 2138 2123 2145 2130 2145 2130 2138 2123 2146 2131 2145 2130 2146 2131 2147 2132 2147 2132 2146 2131 2148 2133 2147 2132 2148 2133 2149 2134 2149 2134 2148 2133 2150 2135 2149 2134 2150 2135 2151 2136 2152 2137 2153 2138 2154 2139 2154 2139 2153 2138 2155 2140 2154 2139 2155 2140 2156 2141 2156 2141 2155 2140 2157 2142 2156 2141 2157 2142 2150 2135 2150 2135 2157 2142 2158 2143 2150 2135 2158 2143 2151 2136 2159 2144 2160 2145 2152 2137 2152 2137 2160 2145 2161 2146 2152 2137 2161 2146 2153 2138 2152 2137 2162 2147 2159 2144 2159 2144 2162 2147 2163 2148 2159 2144 2163 2148 2164 2149 2164 2149 2163 2148 2165 2150 2164 2149 2165 2150 2166 2151 2166 2151 2165 2150 2167 2152 2167 2152 2165 2150 2168 2153 2167 2152 2168 2153 2169 2154 2169 2154 2168 2153 2170 2155 2169 2154 2170 2155 2171 2156 2172 2157 2173 2158 2174 2159 2174 2159 2173 2158 2175 2160 2174 2159 2175 2160 2176 2161 2176 2161 2175 2160 2177 2162 2176 2161 2177 2162 2178 2163 2178 2163 2177 2162 2179 2164 2178 2163 2179 2164 2170 2155 2170 2155 2179 2164 2180 2165 2170 2155 2180 2165 2171 2156 2172 2157 2174 2159 2181 2166 2181 2166 2174 2159 2182 2167 2181 2166 2182 2167 2183 2168 2183 2168 2182 2167 2184 2169 2183 2168 2184 2169 2185 2170 2185 2170 2184 2169 2186 2171 2185 2170 2186 2171 2187 2172 2188 2173 2189 2174 2190 2175 2190 2175 2189 2174 2191 2176 2190 2175 2191 2176 2192 2177 2192 2177 2191 2176 2193 2178 2192 2177 2193 2178 2186 2171 2186 2171 2193 2178 2194 2179 2186 2171 2194 2179 2187 2172 2195 2180 2196 2181 2188 2173 2188 2173 2196 2181 2197 2182 2188 2173 2197 2182 2189 2174 2188 2173 2198 2183 2195 2180 2195 2180 2198 2183 2199 2184 2195 2180 2199 2184 2200 2185 2200 2185 2199 2184 2058 2043 2200 2185 2058 2043 2201 2186 2201 2186 2058 2043 2060 2045 2202 2187 1180 1191 1364 1375 2202 2187 1364 1375 2203 2188 1180 1191 2202 2187 1181 1192 1181 1192 2202 2187 2204 2189 1181 1192 2204 2189 1177 1188 1389 1400 1175 1186 2205 2190 2205 2190 1175 1186 1174 1185 2205 2190 1174 1185 2204 2189 2204 2189 1174 1185 1178 1189 2204 2189 1178 1189 1177 1188 2205 2190 2206 2191 1389 1400 1389 1400 2206 2191 2207 2192 1389 1400 2207 2192 1399 1410 1399 1410 2207 2192 2208 2193 1399 1410 2208 2193 1230 1241 1230 1241 2208 2193 2209 2194 1230 1241 2209 2194 1231 1242 1231 1242 2209 2194 2210 2195 1231 1242 2210 2195 1411 1422 1411 1422 2210 2195 2211 2196 1411 1422 2211 2196 1247 1258 1247 1258 2211 2196 2212 2197 1247 1258 2212 2197 1248 1259 1248 1259 2212 2197 2213 2198 1248 1259 2213 2198 1414 1425 1414 1425 2213 2198 2214 2199 1414 1425 2214 2199 1431 1442 1431 1442 2214 2199 2215 2200 1431 1442 2215 2200 1264 1275 1264 1275 2215 2200 2216 2201 1264 1275 2216 2201 1265 1276 1265 1276 2216 2201 2217 2202 1265 1276 2217 2202 1443 1454 1443 1454 2217 2202 2218 2203 1443 1454 2218 2203 1444 1455 1444 1455 2218 2203 2219 2204 1444 1455 2219 2204 1461 1472 1461 1472 2219 2204 2220 2205 1461 1472 2220 2205 1472 1483 1472 1483 2220 2205 2221 2206 1472 1483 2221 2206 1473 1484 1473 1484 2221 2206 2222 2207 1473 1484 2222 2207 1475 1486 1475 1486 2222 2207 2223 2208 1475 1486 2223 2208 1468 1479 1468 1479 2223 2208 2224 2209 1468 1479 2224 2209 1466 1477 1466 1477 2224 2209 2225 2210 1466 1477 2225 2210 1464 1475 1464 1475 2225 2210 2226 2211 1464 1475 2226 2211 1454 1465 1454 1465 2226 2211 2227 2212 1454 1465 2227 2212 1455 1466 1455 1466 2227 2212 2228 2213 1455 1466 2228 2213 1458 1469 1458 1469 2228 2213 2229 2214 1458 1469 2229 2214 1470 1481 1470 1481 2229 2214 2230 2215 1470 1481 2230 2215 1471 1482 1125 1136 1124 1135 2231 2216 2231 2216 1124 1135 1123 1134 2231 2216 1123 1134 2230 2215 2230 2215 1123 1134 757 754 2230 2215 757 754 1471 1482 2232 2217 2233 2218 1125 1136 1364 1375 1363 1374 2203 2188 2203 2188 1363 1374 1348 1359 2203 2188 1348 1359 2234 2219 2234 2219 1348 1359 1347 1358 2234 2219 1347 1358 2235 2220 2235 2220 1347 1358 1201 1212 2235 2220 1201 1212 2236 2221 2236 2221 1201 1212 1200 1211 2236 2221 1200 1211 2237 2222 2237 2222 1200 1211 1335 1346 2237 2222 1335 1346 2238 2223 2238 2223 1335 1346 1325 1336 2238 2223 1325 1336 2239 2224 2239 2224 1325 1336 1184 1195 2239 2224 1184 1195 2240 2225 2240 2225 1184 1195 1183 1194 2240 2225 1183 1194 2241 2226 2241 2226 1183 1194 1315 1326 2241 2226 1315 1326 2242 2227 2242 2227 1315 1326 1298 1309 2242 2227 1298 1309 2243 2228 2243 2228 1298 1309 1281 1292 2243 2228 1281 1292 2244 2229 2244 2229 1281 1292 1092 1103 2244 2229 1092 1103 2245 2230 2245 2230 1092 1103 1091 1102 2245 2230 1091 1102 2246 2231 2246 2231 1091 1102 1097 1108 2246 2231 1097 1108 2247 2232 2247 2232 1097 1108 1103 1114 2247 2232 1103 1114 2248 2233 2248 2233 1103 1114 1101 1112 2248 2233 1101 1112 2249 2234 2249 2234 1101 1112 1100 1111 2249 2234 1100 1111 2250 2235 2250 2235 1100 1111 1094 1105 2250 2235 1094 1105 2251 2236 2251 2236 1094 1105 1093 1104 2251 2236 1093 1104 2252 2237 2252 2237 1093 1104 1102 1113 2252 2237 1102 1113 2253 2238 2253 2238 1102 1113 1098 1109 2253 2238 1098 1109 2254 2239 2254 2239 1098 1109 1099 1110 2254 2239 1099 1110 2255 2240 2255 2240 1099 1110 1095 1106 2255 2240 1095 1106 2256 2241 2256 2241 1095 1106 1096 1107 2256 2241 1096 1107 2257 2242 2257 2242 1096 1107 737 734 2257 2242 737 734 2258 2243 2258 2243 737 734 1114 1125 2258 2243 1114 1125 1113 1124 2091 2076 2259 2244 2093 2078 2093 2078 2259 2244 2260 2245 2093 2078 2260 2245 2096 2081 2096 2081 2260 2245 2261 2246 2096 2081 2261 2246 2098 2083 2098 2083 2261 2246 2262 2247 2098 2083 2262 2247 2106 2091 2106 2091 2262 2247 2263 2248 2106 2091 2263 2248 2104 2089 2104 2089 2263 2248 2264 2249 2104 2089 2264 2249 2102 2087 2102 2087 2264 2249 2265 2250 2102 2087 2265 2250 2110 2095 2110 2095 2265 2250 2266 2251 2110 2095 2266 2251 2112 2097 2112 2097 2266 2251 2267 2252 2112 2097 2267 2252 2114 2099 2114 2099 2267 2252 2268 2253 2114 2099 2268 2253 2120 2105 2120 2105 2268 2253 2269 2254 2120 2105 2269 2254 2118 2103 2118 2103 2269 2254 2270 2255 2118 2103 2270 2255 2116 2101 2116 2101 2270 2255 2271 2256 2116 2101 2271 2256 2126 2111 2126 2111 2271 2256 2272 2257 2126 2111 2272 2257 2127 2112 2127 2112 2272 2257 2273 2258 2127 2112 2273 2258 2129 2114 2129 2114 2273 2258 2274 2259 2129 2114 2274 2259 2132 2117 2132 2117 2274 2259 2275 2260 2132 2117 2275 2260 2134 2119 2134 2119 2275 2260 2276 2261 2134 2119 2276 2261 2142 2127 2142 2127 2276 2261 2277 2262 2142 2127 2277 2262 2140 2125 2140 2125 2277 2262 2278 2263 2140 2125 2278 2263 2138 2123 2138 2123 2278 2263 2279 2264 2138 2123 2279 2264 2146 2131 2146 2131 2279 2264 2280 2265 2146 2131 2280 2265 2148 2133 2148 2133 2280 2265 2281 2266 2148 2133 2281 2266 2150 2135 2150 2135 2281 2266 2282 2267 2150 2135 2282 2267 2156 2141 2156 2141 2282 2267 2283 2268 2156 2141 2283 2268 2154 2139 2154 2139 2283 2268 2284 2269 2154 2139 2284 2269 2152 2137 2152 2137 2284 2269 2285 2270 2152 2137 2285 2270 2162 2147 2162 2147 2285 2270 2286 2271 2162 2147 2286 2271 2163 2148 2163 2148 2286 2271 2287 2272 2163 2148 2287 2272 2165 2150 2165 2150 2287 2272 2288 2273 2165 2150 2288 2273 2168 2153 2168 2153 2288 2273 2289 2274 2168 2153 2289 2274 2170 2155 2170 2155 2289 2274 2290 2275 2170 2155 2290 2275 2178 2163 2178 2163 2290 2275 2291 2276 2178 2163 2291 2276 2176 2161 2176 2161 2291 2276 2292 2277 2176 2161 2292 2277 2174 2159 2174 2159 2292 2277 2293 2278 2174 2159 2293 2278 2182 2167 2182 2167 2293 2278 2294 2279 2182 2167 2294 2279 2184 2169 2184 2169 2294 2279 2295 2280 2184 2169 2295 2280 2186 2171 2186 2171 2295 2280 2296 2281 2186 2171 2296 2281 2192 2177 2192 2177 2296 2281 2297 2282 2192 2177 2297 2282 2190 2175 2190 2175 2297 2282 2298 2283 2190 2175 2298 2283 2188 2173 2188 2173 2298 2283 2299 2284 2188 2173 2299 2284 2198 2183 2198 2183 2299 2284 2300 2285 2198 2183 2300 2285 2199 2184 2199 2184 2300 2285 2301 2286 2199 2184 2301 2286 2058 2043 2058 2043 2301 2286 2302 2287 2058 2043 2302 2287 2059 2044 2059 2044 2302 2287 2303 2288 2059 2044 2303 2288 2062 2047 2062 2047 2303 2288 2304 2289 2062 2047 2304 2289 2070 2055 2070 2055 2304 2289 2305 2290 2070 2055 2305 2290 2068 2053 2068 2053 2305 2290 2306 2291 2068 2053 2306 2291 2066 2051 2066 2051 2306 2291 2307 2292 2066 2051 2307 2292 2074 2059 2074 2059 2307 2292 2308 2293 2074 2059 2308 2293 2076 2061 2076 2061 2308 2293 2309 2294 2076 2061 2309 2294 2078 2063 2078 2063 2309 2294 2310 2295 2078 2063 2310 2295 2084 2069 2084 2069 2310 2295 2311 2296 2084 2069 2311 2296 2082 2067 2082 2067 2311 2296 2312 2297 2082 2067 2312 2297 2080 2065 2080 2065 2312 2297 2313 2298 2080 2065 2313 2298 2090 2075 2090 2075 2313 2298 2314 2299 2090 2075 2314 2299 2091 2076 2091 2076 2314 2299 2259 2244 2314 2299 2315 2300 2259 2244 2259 2244 2315 2300 2316 2301 2259 2244 2316 2301 2260 2245 2260 2245 2316 2301 2317 2302 2260 2245 2317 2302 2261 2246 2261 2246 2317 2302 2318 2303 2261 2246 2318 2303 2262 2247 2262 2247 2318 2303 2319 2304 2262 2247 2319 2304 2263 2248 2263 2248 2319 2304 2320 2305 2263 2248 2320 2305 2264 2249 2264 2249 2320 2305 2321 2306 2264 2249 2321 2306 2265 2250 2265 2250 2321 2306 2322 2307 2265 2250 2322 2307 2266 2251 2266 2251 2322 2307 2323 2308 2266 2251 2323 2308 2267 2252 2267 2252 2323 2308 2324 2309 2267 2252 2324 2309 2268 2253 2268 2253 2324 2309 2325 2310 2268 2253 2325 2310 2269 2254 2269 2254 2325 2310 2326 2311 2269 2254 2326 2311 2270 2255 2270 2255 2326 2311 2327 2312 2270 2255 2327 2312 2271 2256 2271 2256 2327 2312 2328 2313 2271 2256 2328 2313 2272 2257 2272 2257 2328 2313 2329 2314 2272 2257 2329 2314 2273 2258 2273 2258 2329 2314 2330 2315 2273 2258 2330 2315 2274 2259 2274 2259 2330 2315 2331 2316 2274 2259 2331 2316 2275 2260 2275 2260 2331 2316 2332 2317 2275 2260 2332 2317 2276 2261 2276 2261 2332 2317 2333 2318 2276 2261 2333 2318 2277 2262 2277 2262 2333 2318 2334 2319 2277 2262 2334 2319 2278 2263 2278 2263 2334 2319 2335 2320 2278 2263 2335 2320 2279 2264 2279 2264 2335 2320 2336 2321 2279 2264 2336 2321 2280 2265 2280 2265 2336 2321 2337 2322 2280 2265 2337 2322 2281 2266 2281 2266 2337 2322 2338 2323 2281 2266 2338 2323 2282 2267 2282 2267 2338 2323 2339 2324 2282 2267 2339 2324 2283 2268 2283 2268 2339 2324 2340 2325 2283 2268 2340 2325 2284 2269 2284 2269 2340 2325 2341 2326 2284 2269 2341 2326 2285 2270 2285 2270 2341 2326 2342 2327 2285 2270 2342 2327 2286 2271 2286 2271 2342 2327 2343 2328 2286 2271 2343 2328 2287 2272 2287 2272 2343 2328 2344 2329 2287 2272 2344 2329 2288 2273 2288 2273 2344 2329 2345 2330 2288 2273 2345 2330 2289 2274 2289 2274 2345 2330 2346 2331 2289 2274 2346 2331 2290 2275 2290 2275 2346 2331 2347 2332 2290 2275 2347 2332 2291 2276 2291 2276 2347 2332 2348 2333 2291 2276 2348 2333 2292 2277 2292 2277 2348 2333 2349 2334 2292 2277 2349 2334 2293 2278 2293 2278 2349 2334 2350 2335 2293 2278 2350 2335 2294 2279 2294 2279 2350 2335 2351 2336 2294 2279 2351 2336 2295 2280 2295 2280 2351 2336 2352 2337 2295 2280 2352 2337 2296 2281 2296 2281 2352 2337 2353 2338 2296 2281 2353 2338 2297 2282 2297 2282 2353 2338 2354 2339 2297 2282 2354 2339 2298 2283 2298 2283 2354 2339 2355 2340 2298 2283 2355 2340 2299 2284 2299 2284 2355 2340 2356 2341 2299 2284 2356 2341 2300 2285 2300 2285 2356 2341 2357 2342 2300 2285 2357 2342 2301 2286 2301 2286 2357 2342 2358 2343 2301 2286 2358 2343 2302 2287 2302 2287 2358 2343 2359 2344 2302 2287 2359 2344 2303 2288 2303 2288 2359 2344 2360 2345 2303 2288 2360 2345 2304 2289 2304 2289 2360 2345 2361 2346 2304 2289 2361 2346 2305 2290 2305 2290 2361 2346 2362 2347 2305 2290 2362 2347 2306 2291 2306 2291 2362 2347 2363 2348 2306 2291 2363 2348 2307 2292 2307 2292 2363 2348 2364 2349 2307 2292 2364 2349 2308 2293 2308 2293 2364 2349 2365 2350 2308 2293 2365 2350 2309 2294 2309 2294 2365 2350 2366 2351 2309 2294 2366 2351 2310 2295 2310 2295 2366 2351 2367 2352 2310 2295 2367 2352 2311 2296 2311 2296 2367 2352 2368 2353 2311 2296 2368 2353 2312 2297 2312 2297 2368 2353 2369 2354 2312 2297 2369 2354 2313 2298 2313 2298 2369 2354 2370 2355 2313 2298 2370 2355 2314 2299 2314 2299 2370 2355 2315 2300 2370 2355 2371 2356 2315 2300 2315 2300 2371 2356 2372 2357 2315 2300 2372 2357 2316 2301 2316 2301 2372 2357 2373 2358 2316 2301 2373 2358 2317 2302 2317 2302 2373 2358 2374 2359 2317 2302 2374 2359 2318 2303 2318 2303 2374 2359 2375 2360 2318 2303 2375 2360 2319 2304 2319 2304 2375 2360 2376 2361 2319 2304 2376 2361 2320 2305 2320 2305 2376 2361 2377 2362 2320 2305 2377 2362 2321 2306 2321 2306 2377 2362 2378 2363 2321 2306 2378 2363 2322 2307 2322 2307 2378 2363 2379 2364 2322 2307 2379 2364 2323 2308 2323 2308 2379 2364 2380 2365 2323 2308 2380 2365 2324 2309 2324 2309 2380 2365 2381 2366 2324 2309 2381 2366 2325 2310 2325 2310 2381 2366 2382 2367 2325 2310 2382 2367 2326 2311 2326 2311 2382 2367 2383 2368 2326 2311 2383 2368 2327 2312 2327 2312 2383 2368 2384 2369 2327 2312 2384 2369 2328 2313 2328 2313 2384 2369 2385 2370 2328 2313 2385 2370 2329 2314 2329 2314 2385 2370 2386 2371 2329 2314 2386 2371 2330 2315 2330 2315 2386 2371 2387 2372 2330 2315 2387 2372 2331 2316 2331 2316 2387 2372 2388 2373 2331 2316 2388 2373 2332 2317 2332 2317 2388 2373 2389 2374 2332 2317 2389 2374 2333 2318 2333 2318 2389 2374 2390 2375 2333 2318 2390 2375 2334 2319 2334 2319 2390 2375 2391 2376 2334 2319 2391 2376 2335 2320 2335 2320 2391 2376 2392 2377 2335 2320 2392 2377 2336 2321 2336 2321 2392 2377 2393 2378 2336 2321 2393 2378 2337 2322 2337 2322 2393 2378 2394 2379 2337 2322 2394 2379 2338 2323 2338 2323 2394 2379 2395 2380 2338 2323 2395 2380 2339 2324 2339 2324 2395 2380 2396 2381 2339 2324 2396 2381 2340 2325 2340 2325 2396 2381 2397 2382 2340 2325 2397 2382 2341 2326 2341 2326 2397 2382 2398 2383 2341 2326 2398 2383 2342 2327 2342 2327 2398 2383 2399 2384 2342 2327 2399 2384 2343 2328 2343 2328 2399 2384 2400 2385 2343 2328 2400 2385 2344 2329 2344 2329 2400 2385 2401 2386 2344 2329 2401 2386 2345 2330 2345 2330 2401 2386 2402 2387 2345 2330 2402 2387 2346 2331 2346 2331 2402 2387 2403 2388 2346 2331 2403 2388 2347 2332 2347 2332 2403 2388 2404 2389 2347 2332 2404 2389 2348 2333 2348 2333 2404 2389 2405 2390 2348 2333 2405 2390 2349 2334 2349 2334 2405 2390 2406 2391 2349 2334 2406 2391 2350 2335 2350 2335 2406 2391 2407 2392 2350 2335 2407 2392 2351 2336 2351 2336 2407 2392 2408 2393 2351 2336 2408 2393 2352 2337 2352 2337 2408 2393 2409 2394 2352 2337 2409 2394 2353 2338 2353 2338 2409 2394 2410 2395 2353 2338 2410 2395 2354 2339 2354 2339 2410 2395 2411 2396 2354 2339 2411 2396 2355 2340 2355 2340 2411 2396 2412 2397 2355 2340 2412 2397 2356 2341 2356 2341 2412 2397 2413 2398 2356 2341 2413 2398 2357 2342 2357 2342 2413 2398 2414 2399 2357 2342 2414 2399 2358 2343 2358 2343 2414 2399 2415 2400 2358 2343 2415 2400 2359 2344 2359 2344 2415 2400 2416 2401 2359 2344 2416 2401 2360 2345 2360 2345 2416 2401 2417 2402 2360 2345 2417 2402 2361 2346 2361 2346 2417 2402 2418 2403 2361 2346 2418 2403 2362 2347 2362 2347 2418 2403 2419 2404 2362 2347 2419 2404 2363 2348 2363 2348 2419 2404 2420 2405 2363 2348 2420 2405 2364 2349 2364 2349 2420 2405 2421 2406 2364 2349 2421 2406 2365 2350 2365 2350 2421 2406 2422 2407 2365 2350 2422 2407 2366 2351 2366 2351 2422 2407 2423 2408 2366 2351 2423 2408 2367 2352 2367 2352 2423 2408 2424 2409 2367 2352 2424 2409 2368 2353 2368 2353 2424 2409 2425 2410 2368 2353 2425 2410 2369 2354 2369 2354 2425 2410 2426 2411 2369 2354 2426 2411 2370 2355 2370 2355 2426 2411 2371 2356 2426 2411 2427 2412 2371 2356 2371 2356 2427 2412 2428 2413 2371 2356 2428 2413 2372 2357 2372 2357 2428 2413 2429 2414 2372 2357 2429 2414 2373 2358 2373 2358 2429 2414 2430 2415 2373 2358 2430 2415 2374 2359 2374 2359 2430 2415 2431 2416 2374 2359 2431 2416 2375 2360 2375 2360 2431 2416 2432 2417 2375 2360 2432 2417 2376 2361 2376 2361 2432 2417 2433 2418 2376 2361 2433 2418 2377 2362 2377 2362 2433 2418 2434 2419 2377 2362 2434 2419 2378 2363 2378 2363 2434 2419 2435 2420 2378 2363 2435 2420 2379 2364 2379 2364 2435 2420 2436 2421 2379 2364 2436 2421 2380 2365 2380 2365 2436 2421 2437 2422 2380 2365 2437 2422 2381 2366 2381 2366 2437 2422 2438 2423 2381 2366 2438 2423 2382 2367 2382 2367 2438 2423 2439 2424 2382 2367 2439 2424 2383 2368 2383 2368 2439 2424 2440 2425 2383 2368 2440 2425 2384 2369 2384 2369 2440 2425 2441 2426 2384 2369 2441 2426 2385 2370 2385 2370 2441 2426 2442 2427 2385 2370 2442 2427 2386 2371 2386 2371 2442 2427 2443 2428 2386 2371 2443 2428 2387 2372 2387 2372 2443 2428 2444 2429 2387 2372 2444 2429 2388 2373 2388 2373 2444 2429 2445 2430 2388 2373 2445 2430 2389 2374 2389 2374 2445 2430 2446 2431 2389 2374 2446 2431 2390 2375 2390 2375 2446 2431 2447 2432 2390 2375 2447 2432 2391 2376 2391 2376 2447 2432 2448 2433 2391 2376 2448 2433 2392 2377 2392 2377 2448 2433 2449 2434 2392 2377 2449 2434 2393 2378 2393 2378 2449 2434 2450 2435 2393 2378 2450 2435 2394 2379 2394 2379 2450 2435 2451 2436 2394 2379 2451 2436 2395 2380 2395 2380 2451 2436 2452 2437 2395 2380 2452 2437 2396 2381 2396 2381 2452 2437 2453 2438 2396 2381 2453 2438 2397 2382 2397 2382 2453 2438 2454 2439 2397 2382 2454 2439 2398 2383 2398 2383 2454 2439 2455 2440 2398 2383 2455 2440 2399 2384 2399 2384 2455 2440 2456 2441 2399 2384 2456 2441 2400 2385 2400 2385 2456 2441 2457 2442 2400 2385 2457 2442 2401 2386 2401 2386 2457 2442 2458 2443 2401 2386 2458 2443 2402 2387 2402 2387 2458 2443 2459 2444 2402 2387 2459 2444 2403 2388 2403 2388 2459 2444 2460 2445 2403 2388 2460 2445 2404 2389 2404 2389 2460 2445 2461 2446 2404 2389 2461 2446 2405 2390 2405 2390 2461 2446 2462 2447 2405 2390 2462 2447 2406 2391 2406 2391 2462 2447 2463 2448 2406 2391 2463 2448 2407 2392 2407 2392 2463 2448 2464 2449 2407 2392 2464 2449 2408 2393 2408 2393 2464 2449 2465 2450 2408 2393 2465 2450 2409 2394 2409 2394 2465 2450 2466 2451 2409 2394 2466 2451 2410 2395 2410 2395 2466 2451 2467 2452 2410 2395 2467 2452 2411 2396 2411 2396 2467 2452 2468 2453 2411 2396 2468 2453 2412 2397 2412 2397 2468 2453 2469 2454 2412 2397 2469 2454 2413 2398 2413 2398 2469 2454 2470 2455 2413 2398 2470 2455 2414 2399 2414 2399 2470 2455 2471 2456 2414 2399 2471 2456 2415 2400 2415 2400 2471 2456 2472 2457 2415 2400 2472 2457 2416 2401 2416 2401 2472 2457 2473 2458 2416 2401 2473 2458 2417 2402 2417 2402 2473 2458 2474 2459 2417 2402 2474 2459 2418 2403 2418 2403 2474 2459 2475 2460 2418 2403 2475 2460 2419 2404 2419 2404 2475 2460 2476 2461 2419 2404 2476 2461 2420 2405 2420 2405 2476 2461 2477 2462 2420 2405 2477 2462 2421 2406 2421 2406 2477 2462 2478 2463 2421 2406 2478 2463 2422 2407 2422 2407 2478 2463 2479 2464 2422 2407 2479 2464 2423 2408 2423 2408 2479 2464 2480 2465 2423 2408 2480 2465 2424 2409 2424 2409 2480 2465 2481 2466 2424 2409 2481 2466 2425 2410 2425 2410 2481 2466 2482 2467 2425 2410 2482 2467 2426 2411 2426 2411 2482 2467 2427 2412 2482 2467 2483 2468 2427 2412 2427 2412 2483 2468 2484 2469 2427 2412 2484 2469 2428 2413 2428 2413 2484 2469 2485 2470 2428 2413 2485 2470 2429 2414 2429 2414 2485 2470 2486 2471 2429 2414 2486 2471 2430 2415 2430 2415 2486 2471 2487 2472 2430 2415 2487 2472 2431 2416 2431 2416 2487 2472 2488 2473 2431 2416 2488 2473 2432 2417 2432 2417 2488 2473 2489 2474 2432 2417 2489 2474 2433 2418 2433 2418 2489 2474 2490 2475 2433 2418 2490 2475 2434 2419 2434 2419 2490 2475 2491 2476 2434 2419 2491 2476 2435 2420 2435 2420 2491 2476 2492 2477 2435 2420 2492 2477 2436 2421 2436 2421 2492 2477 2493 2478 2436 2421 2493 2478 2437 2422 2437 2422 2493 2478 2494 2479 2437 2422 2494 2479 2438 2423 2438 2423 2494 2479 2495 2480 2438 2423 2495 2480 2439 2424 2439 2424 2495 2480 2496 2481 2439 2424 2496 2481 2440 2425 2440 2425 2496 2481 2497 2482 2440 2425 2497 2482 2441 2426 2441 2426 2497 2482 2498 2483 2441 2426 2498 2483 2442 2427 2442 2427 2498 2483 2499 2484 2442 2427 2499 2484 2443 2428 2443 2428 2499 2484 2500 2485 2443 2428 2500 2485 2444 2429 2444 2429 2500 2485 2501 2486 2444 2429 2501 2486 2445 2430 2445 2430 2501 2486 2502 2487 2445 2430 2502 2487 2446 2431 2446 2431 2502 2487 2503 2488 2446 2431 2503 2488 2447 2432 2447 2432 2503 2488 2504 2489 2447 2432 2504 2489 2448 2433 2448 2433 2504 2489 2505 2490 2448 2433 2505 2490 2449 2434 2449 2434 2505 2490 2506 2491 2449 2434 2506 2491 2450 2435 2450 2435 2506 2491 2507 2492 2450 2435 2507 2492 2451 2436 2451 2436 2507 2492 2508 2493 2451 2436 2508 2493 2452 2437 2452 2437 2508 2493 2509 2494 2452 2437 2509 2494 2453 2438 2453 2438 2509 2494 2510 2495 2453 2438 2510 2495 2454 2439 2454 2439 2510 2495 2511 2496 2454 2439 2511 2496 2455 2440 2455 2440 2511 2496 2512 2497 2455 2440 2512 2497 2456 2441 2456 2441 2512 2497 2513 2498 2456 2441 2513 2498 2457 2442 2457 2442 2513 2498 2514 2499 2457 2442 2514 2499 2458 2443 2458 2443 2514 2499 2515 2500 2458 2443 2515 2500 2459 2444 2459 2444 2515 2500 2516 2501 2459 2444 2516 2501 2460 2445 2460 2445 2516 2501 2517 2502 2460 2445 2517 2502 2461 2446 2461 2446 2517 2502 2518 2503 2461 2446 2518 2503 2462 2447 2462 2447 2518 2503 2519 2504 2462 2447 2519 2504 2463 2448 2463 2448 2519 2504 2520 2505 2463 2448 2520 2505 2464 2449 2464 2449 2520 2505 2521 2506 2464 2449 2521 2506 2465 2450 2465 2450 2521 2506 2522 2507 2465 2450 2522 2507 2466 2451 2466 2451 2522 2507 2523 2508 2466 2451 2523 2508 2467 2452 2467 2452 2523 2508 2524 2509 2467 2452 2524 2509 2468 2453 2468 2453 2524 2509 2525 2510 2468 2453 2525 2510 2469 2454 2469 2454 2525 2510 2526 2511 2469 2454 2526 2511 2470 2455 2470 2455 2526 2511 2527 2512 2470 2455 2527 2512 2471 2456 2471 2456 2527 2512 2528 2513 2471 2456 2528 2513 2472 2457 2472 2457 2528 2513 2529 2514 2472 2457 2529 2514 2473 2458 2473 2458 2529 2514 2530 2515 2473 2458 2530 2515 2474 2459 2474 2459 2530 2515 2531 2516 2474 2459 2531 2516 2475 2460 2475 2460 2531 2516 2532 2517 2475 2460 2532 2517 2476 2461 2476 2461 2532 2517 2533 2518 2476 2461 2533 2518 2477 2462 2477 2462 2533 2518 2534 2519 2477 2462 2534 2519 2478 2463 2478 2463 2534 2519 2535 2520 2478 2463 2535 2520 2479 2464 2479 2464 2535 2520 2536 2521 2479 2464 2536 2521 2480 2465 2480 2465 2536 2521 2537 2522 2480 2465 2537 2522 2481 2466 2481 2466 2537 2522 2538 2523 2481 2466 2538 2523 2482 2467 2482 2467 2538 2523 2483 2468 2538 2523 2539 2524 2483 2468 2483 2468 2539 2524 2540 2525 2483 2468 2540 2525 2484 2469 2484 2469 2540 2525 2541 2526 2484 2469 2541 2526 2485 2470 2485 2470 2541 2526 2542 2527 2485 2470 2542 2527 2486 2471 2486 2471 2542 2527 2543 2528 2486 2471 2543 2528 2487 2472 2487 2472 2543 2528 2544 2529 2487 2472 2544 2529 2488 2473 2488 2473 2544 2529 2545 2530 2488 2473 2545 2530 2489 2474 2489 2474 2545 2530 2546 2531 2489 2474 2546 2531 2490 2475 2490 2475 2546 2531 2547 2532 2490 2475 2547 2532 2491 2476 2491 2476 2547 2532 2548 2533 2491 2476 2548 2533 2492 2477 2492 2477 2548 2533 2549 2534 2492 2477 2549 2534 2493 2478 2493 2478 2549 2534 2550 2535 2493 2478 2550 2535 2494 2479 2494 2479 2550 2535 2551 2536 2494 2479 2551 2536 2495 2480 2495 2480 2551 2536 2552 2537 2495 2480 2552 2537 2496 2481 2496 2481 2552 2537 2553 2538 2496 2481 2553 2538 2497 2482 2497 2482 2553 2538 2554 2539 2497 2482 2554 2539 2498 2483 2498 2483 2554 2539 2555 2540 2498 2483 2555 2540 2499 2484 2499 2484 2555 2540 2556 2541 2499 2484 2556 2541 2500 2485 2500 2485 2556 2541 2557 2542 2500 2485 2557 2542 2501 2486 2501 2486 2557 2542 2558 2543 2501 2486 2558 2543 2502 2487 2502 2487 2558 2543 2559 2544 2502 2487 2559 2544 2503 2488 2503 2488 2559 2544 2560 2545 2503 2488 2560 2545 2504 2489 2504 2489 2560 2545 2561 2546 2504 2489 2561 2546 2505 2490 2505 2490 2561 2546 2562 2547 2505 2490 2562 2547 2506 2491 2506 2491 2562 2547 2563 2548 2506 2491 2563 2548 2507 2492 2507 2492 2563 2548 2564 2549 2507 2492 2564 2549 2508 2493 2508 2493 2564 2549 2565 2550 2508 2493 2565 2550 2509 2494 2509 2494 2565 2550 2566 2551 2509 2494 2566 2551 2510 2495 2510 2495 2566 2551 2567 2552 2510 2495 2567 2552 2511 2496 2511 2496 2567 2552 2568 2553 2511 2496 2568 2553 2512 2497 2512 2497 2568 2553 2569 2554 2512 2497 2569 2554 2513 2498 2513 2498 2569 2554 2570 2555 2513 2498 2570 2555 2514 2499 2514 2499 2570 2555 2571 2556 2514 2499 2571 2556 2515 2500 2515 2500 2571 2556 2572 2557 2515 2500 2572 2557 2516 2501 2516 2501 2572 2557 2573 2558 2516 2501 2573 2558 2517 2502 2517 2502 2573 2558 2574 2559 2517 2502 2574 2559 2518 2503 2518 2503 2574 2559 2575 2560 2518 2503 2575 2560 2519 2504 2519 2504 2575 2560 2576 2561 2519 2504 2576 2561 2520 2505 2520 2505 2576 2561 2577 2562 2520 2505 2577 2562 2521 2506 2521 2506 2577 2562 2578 2563 2521 2506 2578 2563 2522 2507 2522 2507 2578 2563 2579 2564 2522 2507 2579 2564 2523 2508 2523 2508 2579 2564 2580 2565 2523 2508 2580 2565 2524 2509 2524 2509 2580 2565 2581 2566 2524 2509 2581 2566 2525 2510 2525 2510 2581 2566 2582 2567 2525 2510 2582 2567 2526 2511 2526 2511 2582 2567 2583 2568 2526 2511 2583 2568 2527 2512 2527 2512 2583 2568 2584 2569 2527 2512 2584 2569 2528 2513 2528 2513 2584 2569 2585 2570 2528 2513 2585 2570 2529 2514 2529 2514 2585 2570 2586 2571 2529 2514 2586 2571 2530 2515 2530 2515 2586 2571 2587 2572 2530 2515 2587 2572 2531 2516 2531 2516 2587 2572 2588 2573 2531 2516 2588 2573 2532 2517 2532 2517 2588 2573 2589 2574 2532 2517 2589 2574 2533 2518 2533 2518 2589 2574 2590 2575 2533 2518 2590 2575 2534 2519 2534 2519 2590 2575 2591 2576 2534 2519 2591 2576 2535 2520 2535 2520 2591 2576 2592 2577 2535 2520 2592 2577 2536 2521 2536 2521 2592 2577 2593 2578 2536 2521 2593 2578 2537 2522 2537 2522 2593 2578 2594 2579 2537 2522 2594 2579 2538 2523 2538 2523 2594 2579 2539 2524 2594 2579 2595 2580 2539 2524 2539 2524 2595 2580 2596 2581 2539 2524 2596 2581 2540 2525 2540 2525 2596 2581 2597 2582 2540 2525 2597 2582 2541 2526 2541 2526 2597 2582 2598 2583 2541 2526 2598 2583 2542 2527 2542 2527 2598 2583 2599 2584 2542 2527 2599 2584 2543 2528 2543 2528 2599 2584 2600 2585 2543 2528 2600 2585 2544 2529 2544 2529 2600 2585 2601 2586 2544 2529 2601 2586 2545 2530 2545 2530 2601 2586 2602 2587 2545 2530 2602 2587 2546 2531 2546 2531 2602 2587 2603 2588 2546 2531 2603 2588 2547 2532 2547 2532 2603 2588 2604 2589 2547 2532 2604 2589 2548 2533 2548 2533 2604 2589 2605 2590 2548 2533 2605 2590 2549 2534 2549 2534 2605 2590 2606 2591 2549 2534 2606 2591 2550 2535 2550 2535 2606 2591 2607 2592 2550 2535 2607 2592 2551 2536 2551 2536 2607 2592 2608 2593 2551 2536 2608 2593 2552 2537 2552 2537 2608 2593 2609 2594 2552 2537 2609 2594 2553 2538 2553 2538 2609 2594 2610 2595 2553 2538 2610 2595 2554 2539 2554 2539 2610 2595 2611 2596 2554 2539 2611 2596 2555 2540 2555 2540 2611 2596 2612 2597 2555 2540 2612 2597 2556 2541 2556 2541 2612 2597 2613 2598 2556 2541 2613 2598 2557 2542 2557 2542 2613 2598 2614 2599 2557 2542 2614 2599 2558 2543 2558 2543 2614 2599 2615 2600 2558 2543 2615 2600 2559 2544 2559 2544 2615 2600 2616 2601 2559 2544 2616 2601 2560 2545 2560 2545 2616 2601 2617 2602 2560 2545 2617 2602 2561 2546 2561 2546 2617 2602 2618 2603 2561 2546 2618 2603 2562 2547 2562 2547 2618 2603 2619 2604 2562 2547 2619 2604 2563 2548 2563 2548 2619 2604 2620 2605 2563 2548 2620 2605 2564 2549 2564 2549 2620 2605 2621 2606 2564 2549 2621 2606 2565 2550 2565 2550 2621 2606 2233 2218 2565 2550 2233 2218 2566 2551 2566 2551 2233 2218 2232 2217 2566 2551 2232 2217 2567 2552 2567 2552 2232 2217 2622 2607 2567 2552 2622 2607 2568 2553 2568 2553 2622 2607 2623 2608 2568 2553 2623 2608 2569 2554 2569 2554 2623 2608 2624 2609 2569 2554 2624 2609 2570 2555 2570 2555 2624 2609 2625 2610 2570 2555 2625 2610 2571 2556 2571 2556 2625 2610 2626 2611 2571 2556 2626 2611 2572 2557 2572 2557 2626 2611 2627 2612 2572 2557 2627 2612 2573 2558 2573 2558 2627 2612 2628 2613 2573 2558 2628 2613 2574 2559 2574 2559 2628 2613 2629 2614 2574 2559 2629 2614 2575 2560 2575 2560 2629 2614 2630 2615 2575 2560 2630 2615 2576 2561 2576 2561 2630 2615 2631 2616 2576 2561 2631 2616 2577 2562 2577 2562 2631 2616 2632 2617 2577 2562 2632 2617 2578 2563 2578 2563 2632 2617 2633 2618 2578 2563 2633 2618 2579 2564 2579 2564 2633 2618 2634 2619 2579 2564 2634 2619 2580 2565 2580 2565 2634 2619 2635 2620 2580 2565 2635 2620 2581 2566 2581 2566 2635 2620 2636 2621 2581 2566 2636 2621 2582 2567 2582 2567 2636 2621 2637 2622 2582 2567 2637 2622 2583 2568 2583 2568 2637 2622 2638 2623 2583 2568 2638 2623 2584 2569 2584 2569 2638 2623 2639 2624 2584 2569 2639 2624 2585 2570 2585 2570 2639 2624 2640 2625 2585 2570 2640 2625 2586 2571 2586 2571 2640 2625 2641 2626 2586 2571 2641 2626 2587 2572 2587 2572 2641 2626 2642 2627 2587 2572 2642 2627 2588 2573 2588 2573 2642 2627 2643 2628 2588 2573 2643 2628 2589 2574 2589 2574 2643 2628 2644 2629 2589 2574 2644 2629 2590 2575 2590 2575 2644 2629 2645 2630 2590 2575 2645 2630 2591 2576 2591 2576 2645 2630 2646 2631 2591 2576 2646 2631 2592 2577 2592 2577 2646 2631 2647 2632 2592 2577 2647 2632 2593 2578 2593 2578 2647 2632 2648 2633 2593 2578 2648 2633 2594 2579 2594 2579 2648 2633 2595 2580 1125 1136 2231 2216 2232 2217 2232 2217 2231 2216 2230 2215 2232 2217 2230 2215 2622 2607 2622 2607 2230 2215 2229 2214 2622 2607 2229 2214 2623 2608 2623 2608 2229 2214 2228 2213 2623 2608 2228 2213 2624 2609 2624 2609 2228 2213 2227 2212 2624 2609 2227 2212 2625 2610 2625 2610 2227 2212 2226 2211 2625 2610 2226 2211 2626 2611 2626 2611 2226 2211 2225 2210 2626 2611 2225 2210 2627 2612 2627 2612 2225 2210 2224 2209 2627 2612 2224 2209 2628 2613 2628 2613 2224 2209 2223 2208 2628 2613 2223 2208 2629 2614 2629 2614 2223 2208 2222 2207 2629 2614 2222 2207 2630 2615 2630 2615 2222 2207 2221 2206 2630 2615 2221 2206 2631 2616 2631 2616 2221 2206 2220 2205 2631 2616 2220 2205 2632 2617 2632 2617 2220 2205 2219 2204 2632 2617 2219 2204 2633 2618 2633 2618 2219 2204 2218 2203 2633 2618 2218 2203 2634 2619 2634 2619 2218 2203 2217 2202 2634 2619 2217 2202 2635 2620 2635 2620 2217 2202 2216 2201 2635 2620 2216 2201 2636 2621 2636 2621 2216 2201 2215 2200 2636 2621 2215 2200 2637 2622 2637 2622 2215 2200 2214 2199 2637 2622 2214 2199 2638 2623 2638 2623 2214 2199 2213 2198 2638 2623 2213 2198 2639 2624 2639 2624 2213 2198 2212 2197 2639 2624 2212 2197 2640 2625 2640 2625 2212 2197 2211 2196 2640 2625 2211 2196 2641 2626 2641 2626 2211 2196 2210 2195 2641 2626 2210 2195 2642 2627 2642 2627 2210 2195 2209 2194 2642 2627 2209 2194 2643 2628 2643 2628 2209 2194 2208 2193 2643 2628 2208 2193 2644 2629 2644 2629 2208 2193 2207 2192 2644 2629 2207 2192 2645 2630 2645 2630 2207 2192 2206 2191 2645 2630 2206 2191 2646 2631 2646 2631 2206 2191 2205 2190 2646 2631 2205 2190 2647 2632 2647 2632 2205 2190 2204 2189 2647 2632 2204 2189 2648 2633 2648 2633 2204 2189 2202 2187 2648 2633 2202 2187 2595 2580 2595 2580 2202 2187 2203 2188 2595 2580 2203 2188 2596 2581 2596 2581 2203 2188 2234 2219 2596 2581 2234 2219 2597 2582 2597 2582 2234 2219 2235 2220 2597 2582 2235 2220 2598 2583 2598 2583 2235 2220 2236 2221 2598 2583 2236 2221 2599 2584 2599 2584 2236 2221 2237 2222 2599 2584 2237 2222 2600 2585 2600 2585 2237 2222 2238 2223 2600 2585 2238 2223 2601 2586 2601 2586 2238 2223 2239 2224 2601 2586 2239 2224 2602 2587 2602 2587 2239 2224 2240 2225 2602 2587 2240 2225 2603 2588 2603 2588 2240 2225 2241 2226 2603 2588 2241 2226 2604 2589 2604 2589 2241 2226 2242 2227 2604 2589 2242 2227 2605 2590 2605 2590 2242 2227 2243 2228 2605 2590 2243 2228 2606 2591 2606 2591 2243 2228 2244 2229 2606 2591 2244 2229 2607 2592 2607 2592 2244 2229 2245 2230 2607 2592 2245 2230 2608 2593 2608 2593 2245 2230 2246 2231 2608 2593 2246 2231 2609 2594 2609 2594 2246 2231 2247 2232 2609 2594 2247 2232 2610 2595 2610 2595 2247 2232 2248 2233 2610 2595 2248 2233 2611 2596 2611 2596 2248 2233 2249 2234 2611 2596 2249 2234 2612 2597 2612 2597 2249 2234 2250 2235 2612 2597 2250 2235 2613 2598 2613 2598 2250 2235 2251 2236 2613 2598 2251 2236 2614 2599 2614 2599 2251 2236 2252 2237 2614 2599 2252 2237 2615 2600 2615 2600 2252 2237 2253 2238 2615 2600 2253 2238 2616 2601 2616 2601 2253 2238 2254 2239 2616 2601 2254 2239 2617 2602 2617 2602 2254 2239 2255 2240 2617 2602 2255 2240 2618 2603 2618 2603 2255 2240 2256 2241 2618 2603 2256 2241 2619 2604 2619 2604 2256 2241 2257 2242 2619 2604 2257 2242 2620 2605 2620 2605 2257 2242 2258 2243 2620 2605 2258 2243 2621 2606 2621 2606 2258 2243 1113 1124 2621 2606 1113 1124 2233 2218 2233 2218 1113 1124 1126 1137 2233 2218 1126 1137 1125 1136 1453 1464 2649 2634 1434 1445 1434 1445 2649 2634 2650 2635 1434 1445 2650 2635 1132 1143 1132 1143 2650 2635 2651 2636 1132 1143 2651 2636 1133 1144 1133 1144 2651 2636 2652 2637 1133 1144 2652 2637 1433 1444 1433 1444 2652 2637 2653 2638 1433 1444 2653 2638 1432 1443 1432 1443 2653 2638 2654 2639 1432 1443 2654 2639 1422 1433 1422 1433 2654 2639 2655 2640 1422 1433 2655 2640 1135 1146 1135 1146 2655 2640 2656 2641 1135 1146 2656 2641 1136 1147 1136 1147 2656 2641 2657 2642 1136 1147 2657 2642 1138 1149 1138 1149 2657 2642 2658 2643 1138 1149 2658 2643 1139 1150 1139 1150 2658 2643 2659 2644 1139 1150 2659 2644 1413 1424 1413 1424 2659 2644 2660 2645 1413 1424 2660 2645 1412 1423 1412 1423 2660 2645 2661 2646 1412 1423 2661 2646 1402 1413 1402 1413 2661 2646 2662 2647 1402 1413 2662 2647 1141 1152 1141 1152 2662 2647 2663 2648 1141 1152 2663 2648 1142 1153 1142 1153 2663 2648 2664 2649 1142 1153 2664 2649 1401 1412 1401 1412 2664 2649 2665 2650 1401 1412 2665 2650 1400 1411 1400 1411 2665 2650 2666 2651 1400 1411 2666 2651 1390 1401 1390 1401 2666 2651 2667 2652 1390 1401 2667 2652 1144 1155 1144 1155 2667 2652 2668 2653 1144 1155 2668 2653 1145 1156 1145 1156 2668 2653 2669 2654 1145 1156 2669 2654 1147 1158 1147 1158 2669 2654 2670 2655 1147 1158 2670 2655 1148 1159 1148 1159 2670 2655 2671 2656 1148 1159 2671 2656 1381 1392 1381 1392 2671 2656 2672 2657 1381 1392 2672 2657 1380 1391 1380 1391 2672 2657 2673 2658 1380 1391 2673 2658 1372 1383 1372 1383 2673 2658 2674 2659 1372 1383 2674 2659 1150 1161 1150 1161 2674 2659 2675 2660 1150 1161 2675 2660 1151 1162 1151 1162 2675 2660 2676 2661 1151 1162 2676 2661 1153 1164 1153 1164 2676 2661 2677 2662 1153 1164 2677 2662 1154 1165 1154 1165 2677 2662 2678 2663 1154 1165 2678 2663 1156 1167 1156 1167 2678 2663 2679 2664 1156 1167 2679 2664 1157 1168 1157 1168 2679 2664 2680 2665 1157 1168 2680 2665 1338 1349 1338 1349 2680 2665 2681 2666 1338 1349 2681 2666 1159 1170 1159 1170 2681 2666 2682 2667 1159 1170 2682 2667 1160 1171 1160 1171 2682 2667 2683 2668 1160 1171 2683 2668 1337 1348 1337 1348 2683 2668 2684 2669 1337 1348 2684 2669 1336 1347 1336 1347 2684 2669 2685 2670 1336 1347 2685 2670 1326 1337 1326 1337 2685 2670 2686 2671 1326 1337 2686 2671 1162 1173 1162 1173 2686 2671 2687 2672 1162 1173 2687 2672 1163 1174 1163 1174 2687 2672 2688 2673 1163 1174 2688 2673 1165 1176 1165 1176 2688 2673 2689 2674 1165 1176 2689 2674 1166 1177 1166 1177 2689 2674 2690 2675 1166 1177 2690 2675 1317 1328 1317 1328 2690 2675 2691 2676 1317 1328 2691 2676 1316 1327 1316 1327 2691 2676 2692 2677 1316 1327 2692 2677 1306 1317 1306 1317 2692 2677 2693 2678 1306 1317 2693 2678 1168 1179 1168 1179 2693 2678 2694 2679 1168 1179 2694 2679 1169 1180 1169 1180 2694 2679 2695 2680 1169 1180 2695 2680 1171 1182 1171 1182 2695 2680 2696 2681 1171 1182 2696 2681 1172 1183 1172 1183 2696 2681 2697 2682 1172 1183 2697 2682 1297 1308 1297 1308 2697 2682 2698 2683 2699 2684 1453 1464 1452 1463 2700 2685 2701 2686 1451 1462 1451 1462 2701 2686 2702 2687 1451 1462 2702 2687 1452 1463 1452 1463 2702 2687 2703 2688 1452 1463 2703 2688 2699 2684 2700 2685 1451 1462 2704 2689 2704 2689 1451 1462 1450 1461 2704 2689 1450 1461 2705 2690 2705 2690 1450 1461 2706 2691 2706 2691 1450 1461 1449 1460 2706 2691 1449 1460 2707 2692 2707 2692 1449 1460 2708 2693 2708 2693 1449 1460 1448 1459 2708 2693 1448 1459 2709 2694 2709 2694 1448 1459 2710 2695 2710 2695 1448 1459 1447 1458 2710 2695 1447 1458 2711 2696 2711 2696 1447 1458 2712 2697 2712 2697 1447 1458 1446 1457 2712 2697 1446 1457 2713 2698 2713 2698 1446 1457 2714 2699 2714 2699 1446 1457 1445 1456 2714 2699 1445 1456 2715 2700 2715 2700 1445 1456 2716 2701 2716 2701 1445 1456 1444 1455 2716 2701 1444 1455 1460 1471 2717 2702 2718 2703 2719 2704 1514 1525 1519 1530 2720 2705 2721 2706 2722 2707 2723 2708 1482 1493 1486 1497 2724 2709 2725 2710 2726 2711 2727 2712 2728 2713 2729 2714 2730 2715 1517 1528 1524 1535 2731 2716 2731 2716 1524 1535 1523 1534 2732 2717 2733 2718 2734 2719 2735 2720 2707 2692 2736 2721 2736 2721 2707 2692 2708 2693 2736 2721 2708 2693 2737 2722 2703 2688 2702 2687 2738 2723 2738 2723 2702 2687 2701 2686 2738 2723 2701 2686 2739 2724 2700 2685 2704 2689 2740 2725 2740 2725 2704 2689 2705 2690 2740 2725 2705 2690 2735 2720 2735 2720 2705 2690 2706 2691 2735 2720 2706 2691 2707 2692 2722 2707 2721 2706 2741 2726 2742 2727 2743 2728 2739 2724 2739 2724 2743 2728 2744 2729 2739 2724 2744 2729 2738 2723 2745 2730 2746 2731 2733 2718 2733 2718 2746 2731 2747 2732 2733 2718 2747 2732 2734 2719 2748 2733 2728 2713 2749 2734 2750 2735 2751 2736 2752 2737 2752 2737 2751 2736 2753 2738 2752 2737 2753 2738 2754 2739 2754 2739 2753 2738 2755 2740 2754 2739 2755 2740 2756 2741 2756 2741 2755 2740 2757 2742 2756 2741 2757 2742 2758 2743 2758 2743 2757 2742 2759 2744 2758 2743 2759 2744 2727 2712 2727 2712 2759 2744 2760 2745 2727 2712 2760 2745 2725 2710 2725 2710 2760 2745 2748 2733 2761 2746 2762 2747 2763 2748 2763 2748 2762 2747 2764 2749 2763 2748 2764 2749 2765 2750 2766 2751 2767 2752 2768 2753 2768 2753 2767 2752 2769 2754 2768 2753 2769 2754 2765 2750 2765 2750 2769 2754 2770 2755 2765 2750 2770 2755 2763 2748 2771 2756 2772 2757 2773 2758 2728 2713 2730 2715 2749 2734 2749 2734 2730 2715 2774 2759 2749 2734 2774 2759 2775 2760 2775 2760 2774 2759 2776 2761 2775 2760 2776 2761 2777 2762 2777 2762 2776 2761 2778 2763 2777 2762 2778 2763 2779 2764 2779 2764 2778 2763 2780 2765 2779 2764 2780 2765 2781 2766 2781 2766 2780 2765 2782 2767 2781 2766 2782 2767 2783 2768 2783 2768 2782 2767 2771 2756 2783 2768 2771 2756 2717 2702 2717 2702 2771 2756 2773 2758 2717 2702 2773 2758 2718 2703 2784 2769 2766 2751 2741 2726 2741 2726 2766 2751 2768 2753 2741 2726 2768 2753 2722 2707 2722 2707 2768 2753 2765 2750 2722 2707 2765 2750 2723 2708 2723 2708 2765 2750 2764 2749 2785 2770 1521 1532 2786 2771 2786 2771 1521 1532 1520 1531 2786 2771 1520 1531 2787 2772 2787 2772 1520 1531 1526 1537 2787 2772 1526 1537 2788 2773 2788 2773 1526 1537 1527 1538 2788 2773 1527 1538 2789 2774 2789 2774 1527 1538 1483 1494 2789 2774 1483 1494 2790 2775 2790 2775 1483 1494 1482 1493 2790 2775 1482 1493 2791 2776 2791 2776 1482 1493 2724 2709 2791 2776 2724 2709 2792 2777 2729 2714 2785 2770 2730 2715 2730 2715 2785 2770 2786 2771 2730 2715 2786 2771 2774 2759 2774 2759 2786 2771 2787 2772 2774 2759 2787 2772 2776 2761 2776 2761 2787 2772 2788 2773 2776 2761 2788 2773 2778 2763 2778 2763 2788 2773 2789 2774 2778 2763 2789 2774 2780 2765 2780 2765 2789 2774 2790 2775 2780 2765 2790 2775 2782 2767 2782 2767 2790 2775 2791 2776 2782 2767 2791 2776 2771 2756 2771 2756 2791 2776 2792 2777 2771 2756 2792 2777 2772 2757 2784 2769 2750 2735 2766 2751 2766 2751 2750 2735 2752 2737 2766 2751 2752 2737 2767 2752 2767 2752 2752 2737 2754 2739 2767 2752 2754 2739 2769 2754 2769 2754 2754 2739 2756 2741 2769 2754 2756 2741 2770 2755 2770 2755 2756 2741 2758 2743 2770 2755 2758 2743 2763 2748 2763 2748 2758 2743 2727 2712 2763 2748 2727 2712 2761 2746 2761 2746 2727 2712 2726 2711 1460 1471 1516 1527 2793 2778 1514 1525 2720 2705 1515 1526 2794 2779 1518 1529 1517 1528 1519 1530 1518 1529 2720 2705 2720 2705 1518 1529 2794 2779 2720 2705 2794 2779 2795 2780 1460 1471 2793 2778 2716 2701 2716 2701 2793 2778 2796 2781 2716 2701 2796 2781 2715 2700 2715 2700 2796 2781 2797 2782 2715 2700 2797 2782 2714 2699 2714 2699 2797 2782 2798 2783 2714 2699 2798 2783 2713 2698 2713 2698 2798 2783 2799 2784 2713 2698 2799 2784 2712 2697 2712 2697 2799 2784 2711 2696 2711 2696 2799 2784 2800 2785 2711 2696 2800 2785 2710 2695 2709 2694 2710 2695 2801 2786 2801 2786 2710 2695 2800 2785 2801 2786 2800 2785 2802 2787 2802 2787 2800 2785 2803 2788 2803 2788 2800 2785 2799 2784 2803 2788 2799 2784 2804 2789 2804 2789 2799 2784 2798 2783 2804 2789 2798 2783 2805 2790 2805 2790 2798 2783 2797 2782 2805 2790 2797 2782 2806 2791 2806 2791 2797 2782 2796 2781 2806 2791 2796 2781 2795 2780 2795 2780 2796 2781 2793 2778 2795 2780 2793 2778 2720 2705 2720 2705 2793 2778 1516 1527 2720 2705 1516 1527 1515 1526 2807 2792 2745 2730 2808 2793 2808 2793 2745 2730 2733 2718 2808 2793 2733 2718 2809 2794 2809 2794 2733 2718 2732 2717 2809 2794 2732 2717 2810 2795 2810 2795 2732 2717 2811 2796 2810 2795 2811 2796 2812 2797 2812 2797 2811 2796 2813 2798 2812 2797 2813 2798 2814 2799 2814 2799 2813 2798 2719 2704 2746 2731 2699 2684 2747 2732 2747 2732 2699 2684 2703 2688 2747 2732 2703 2688 2734 2719 2734 2719 2703 2688 2738 2723 2734 2719 2738 2723 2732 2717 2732 2717 2738 2723 2744 2729 2732 2717 2744 2729 2811 2796 2811 2796 2744 2729 2743 2728 2811 2796 2743 2728 2813 2798 2748 2733 2749 2734 2725 2710 2725 2710 2749 2734 2775 2760 2725 2710 2775 2760 2726 2711 2726 2711 2775 2760 2777 2762 2726 2711 2777 2762 2761 2746 2761 2746 2777 2762 2779 2764 2761 2746 2779 2764 2762 2747 2762 2747 2779 2764 2781 2766 2762 2747 2781 2766 2764 2749 2764 2749 2781 2766 2783 2768 2764 2749 2783 2768 2723 2708 2723 2708 2783 2768 2717 2702 2723 2708 2717 2702 2721 2706 2721 2706 2717 2702 2719 2704 2721 2706 2719 2704 2741 2726 2741 2726 2719 2704 2813 2798 2741 2726 2813 2798 2784 2769 2784 2769 2813 2798 2743 2728 2784 2769 2743 2728 2750 2735 2750 2735 2743 2728 2742 2727 2750 2735 2742 2727 2751 2736 1517 1528 2731 2716 2794 2779 2794 2779 2731 2716 2815 2800 2794 2779 2815 2800 2795 2780 2795 2780 2815 2800 2816 2801 2795 2780 2816 2801 2806 2791 2806 2791 2816 2801 2817 2802 2806 2791 2817 2802 2805 2790 2805 2790 2817 2802 2818 2803 2805 2790 2818 2803 2804 2789 2804 2789 2818 2803 2819 2804 2804 2789 2819 2804 2803 2788 2803 2788 2819 2804 2820 2805 2803 2788 2820 2805 2802 2787 2802 2787 2820 2805 2737 2722 2802 2787 2737 2722 2801 2786 2801 2786 2737 2722 2708 2693 2801 2786 2708 2693 2709 2694 2701 2686 2700 2685 2739 2724 2739 2724 2700 2685 2740 2725 2739 2724 2740 2725 2742 2727 2742 2727 2740 2725 2735 2720 2742 2727 2735 2720 2751 2736 2751 2736 2735 2720 2736 2721 2751 2736 2736 2721 2753 2738 2753 2738 2736 2721 2737 2722 2753 2738 2737 2722 2755 2740 2755 2740 2737 2722 2820 2805 2755 2740 2820 2805 2757 2742 2757 2742 2820 2805 2819 2804 2757 2742 2819 2804 2759 2744 2759 2744 2819 2804 2818 2803 2759 2744 2818 2803 2760 2745 2760 2745 2818 2803 2817 2802 2760 2745 2817 2802 2748 2733 2748 2733 2817 2802 2816 2801 2748 2733 2816 2801 2728 2713 2728 2713 2816 2801 2815 2800 2728 2713 2815 2800 2729 2714 2729 2714 2815 2800 2731 2716 2729 2714 2731 2716 2785 2770 2785 2770 2731 2716 1523 1534 2785 2770 1523 1534 1521 1532 2821 2806 2822 2807 2823 2808 2824 2809 2825 2810 2826 2811 2827 2812 2828 2813 2829 2814 1578 1589 1581 1592 2830 2815 1578 1589 2830 2815 1576 1587 2822 2807 2821 2806 2831 2816 2831 2816 2821 2806 2832 2817 2831 2816 2832 2817 2833 2818 2833 2818 2832 2817 2834 2819 2833 2818 2834 2819 2835 2820 2835 2820 2834 2819 2836 2821 2835 2820 2836 2821 2837 2822 2837 2822 2836 2821 2838 2823 2837 2822 2838 2823 2839 2824 2839 2824 2838 2823 2840 2825 2839 2824 2840 2825 2841 2826 2841 2826 2840 2825 2842 2827 2841 2826 2842 2827 2830 2815 2830 2815 2842 2827 2843 2828 2830 2815 2843 2828 1576 1587 2844 2829 2845 2830 2846 2831 2847 2832 2848 2833 2849 2834 2849 2834 2848 2833 2850 2835 2851 2836 2850 2835 2852 2837 2852 2837 2850 2835 2848 2833 2852 2837 2848 2833 2845 2830 2845 2830 2848 2833 2847 2832 2845 2830 2847 2832 2846 2831 1574 1585 1573 1584 2824 2809 2825 2810 2827 2812 2826 2811 2826 2811 2827 2812 2829 2814 2826 2811 2829 2814 2853 2838 2853 2838 2829 2814 2854 2839 2853 2838 2854 2839 2855 2840 2828 2813 2849 2834 2829 2814 2829 2814 2849 2834 2850 2835 2829 2814 2850 2835 2854 2839 2854 2839 2850 2835 2851 2836 2854 2839 2851 2836 2855 2840 2855 2840 2851 2836 2792 2777 2855 2840 2792 2777 2724 2709 1570 1581 1569 1580 2853 2838 2853 2838 1569 1580 1553 1564 2853 2838 1553 1564 2826 2811 2826 2811 1553 1564 1552 1563 2826 2811 1552 1563 2824 2809 2824 2809 1552 1563 1575 1586 2824 2809 1575 1586 1574 1585 2856 2841 2857 2842 2858 2843 2858 2843 2857 2842 2859 2844 2860 2845 2807 2792 2861 2846 2861 2846 2807 2792 2808 2793 2861 2846 2808 2793 2809 2794 2846 2831 2862 2847 2844 2829 2844 2829 2862 2847 2863 2848 2844 2829 2863 2848 2859 2844 2859 2844 2863 2848 2864 2849 2859 2844 2864 2849 2858 2843 2860 2845 2861 2846 2865 2850 2865 2850 2861 2846 2866 2851 2865 2850 2866 2851 2867 2852 2867 2852 2866 2851 2868 2853 2867 2852 2868 2853 2869 2854 2809 2794 2857 2842 2861 2846 2861 2846 2857 2842 2856 2841 2861 2846 2856 2841 2866 2851 2866 2851 2856 2841 2870 2855 2866 2851 2870 2855 2868 2853 1570 1581 2853 2838 1571 1582 1571 1582 2853 2838 2855 2840 1571 1582 2855 2840 1572 1583 1572 1583 2855 2840 2724 2709 1572 1583 2724 2709 1486 1497 1549 1560 1547 1558 2843 2828 2843 2828 1547 1558 1546 1557 2843 2828 1546 1557 1576 1587 2809 2794 2810 2795 2857 2842 2857 2842 2810 2795 2812 2797 2857 2842 2812 2797 2859 2844 2859 2844 2812 2797 2814 2799 2859 2844 2814 2799 2844 2829 2844 2829 2814 2799 2719 2704 2844 2829 2719 2704 2845 2830 2845 2830 2719 2704 2718 2703 2845 2830 2718 2703 2852 2837 2852 2837 2718 2703 2773 2758 2852 2837 2773 2758 2851 2836 2851 2836 2773 2758 2772 2757 2851 2836 2772 2757 2792 2777 1573 1584 1549 1560 2824 2809 2824 2809 1549 1560 2843 2828 2824 2809 2843 2828 2825 2810 2825 2810 2843 2828 2842 2827 2825 2810 2842 2827 2827 2812 2827 2812 2842 2827 2840 2825 2827 2812 2840 2825 2828 2813 2828 2813 2840 2825 2838 2823 2828 2813 2838 2823 2849 2834 2849 2834 2838 2823 2836 2821 2849 2834 2836 2821 2847 2832 2847 2832 2836 2821 2834 2819 2847 2832 2834 2819 2846 2831 2846 2831 2834 2819 2832 2817 2846 2831 2832 2817 2862 2847 2862 2847 2832 2817 2821 2806 2862 2847 2821 2806 2863 2848 2863 2848 2821 2806 2823 2808 2863 2848 2823 2808 2864 2849 2864 2849 2823 2808 2871 2856 2864 2849 2871 2856 2858 2843 2858 2843 2871 2856 2872 2857 2858 2843 2872 2857 2856 2841 2856 2841 2872 2857 2873 2858 2856 2841 2873 2858 2870 2855 1580 1591 1582 1593 2874 2859 1584 1595 1585 1596 2875 2860 1582 1593 1584 1595 2874 2859 2874 2859 1584 1595 2875 2860 2874 2859 2875 2860 2876 2861 2876 2861 2875 2860 2877 2862 2876 2861 2877 2862 2878 2863 2878 2863 2877 2862 2879 2864 2878 2863 2879 2864 2880 2865 2880 2865 2879 2864 2881 2866 2880 2865 2881 2866 2882 2867 1587 1598 1592 1603 2883 2868 2883 2868 1592 1603 2884 2869 2883 2868 2884 2869 2885 2870 2885 2870 2884 2869 2886 2871 2885 2870 2886 2871 2887 2872 2887 2872 2886 2871 2888 2873 2887 2872 2888 2873 2889 2874 2889 2874 2888 2873 2890 2875 2889 2874 2890 2875 2891 2876 2891 2876 2890 2875 2892 2877 2891 2876 2892 2877 2893 2878 2893 2878 2892 2877 2894 2879 2893 2878 2894 2879 2895 2880 2895 2880 2894 2879 2896 2881 2895 2880 2896 2881 2897 2882 2897 2882 2896 2881 2898 2883 2897 2882 2898 2883 2899 2884 2899 2884 2898 2883 2900 2885 2899 2884 2900 2885 2901 2886 2901 2886 2900 2885 2902 2887 2901 2886 2902 2887 2903 2888 2903 2888 2902 2887 2904 2889 2903 2888 2904 2889 2905 2890 2905 2890 2904 2889 2906 2891 2905 2890 2906 2891 2907 2892 2907 2892 2906 2891 2908 2893 2907 2892 2908 2893 2909 2894 2909 2894 2908 2893 2910 2895 2909 2894 2910 2895 2911 2896 1585 1596 1587 1598 2875 2860 2875 2860 1587 1598 2883 2868 2875 2860 2883 2868 2877 2862 2877 2862 2883 2868 2885 2870 2877 2862 2885 2870 2879 2864 2879 2864 2885 2870 2887 2872 2879 2864 2887 2872 2881 2866 2881 2866 2887 2872 2889 2874 2881 2866 2889 2874 2882 2867 2882 2867 2889 2874 2891 2876 2882 2867 2891 2876 2912 2897 2912 2897 2891 2876 2893 2878 2912 2897 2893 2878 2913 2898 2913 2898 2893 2878 2895 2880 2913 2898 2895 2880 2914 2899 2914 2899 2895 2880 2897 2882 2914 2899 2897 2882 2915 2900 2915 2900 2897 2882 2899 2884 2915 2900 2899 2884 2916 2901 2916 2901 2899 2884 2901 2886 2916 2901 2901 2886 2917 2902 2917 2902 2901 2886 2903 2888 2917 2902 2903 2888 2918 2903 2918 2903 2903 2888 2905 2890 2918 2903 2905 2890 2919 2904 2919 2904 2905 2890 2907 2892 2919 2904 2907 2892 2920 2905 2920 2905 2907 2892 2909 2894 2920 2905 2909 2894 2921 2906 2921 2906 2909 2894 2911 2896 1638 1649 1639 1650 2922 2907 2922 2907 1639 1650 2923 2908 2922 2907 2923 2908 2924 2909 2923 2908 2925 2910 2924 2909 2924 2909 2925 2910 2926 2911 2924 2909 2926 2911 2927 2912 2927 2912 2926 2911 2928 2913 2927 2912 2928 2913 2910 2895 2910 2895 2928 2913 2929 2914 2910 2895 2929 2914 2911 2896 1594 1605 785 782 2930 2915 2930 2915 785 782 1624 1635 2930 2915 1624 1635 2931 2916 2931 2916 1624 1635 1625 1636 2931 2916 1625 1636 2932 2917 2932 2917 1625 1636 1626 1637 2932 2917 1626 1637 2933 2918 2933 2918 1626 1637 1627 1638 2933 2918 1627 1638 2934 2919 2934 2919 1627 1638 1628 1639 2934 2919 1628 1639 2935 2920 2935 2920 1628 1639 1629 1640 2935 2920 1629 1640 2936 2921 2936 2921 1629 1640 1630 1641 2936 2921 1630 1641 2937 2922 2937 2922 1630 1641 1631 1642 2937 2922 1631 1642 2938 2923 2938 2923 1631 1642 1632 1643 2938 2923 1632 1643 2939 2924 2939 2924 1632 1643 1633 1644 2939 2924 1633 1644 2940 2925 2940 2925 1633 1644 1634 1645 2940 2925 1634 1645 2941 2926 2941 2926 1634 1645 1635 1646 2941 2926 1635 1646 2942 2927 2942 2927 1635 1646 1636 1647 2942 2927 1636 1647 2943 2928 2943 2928 1636 1647 1637 1648 1590 1601 1596 1607 2944 2929 2944 2929 1596 1607 2945 2930 2944 2929 2945 2930 2946 2931 2946 2931 2945 2930 2947 2932 2946 2931 2947 2932 2948 2933 2948 2933 2947 2932 2949 2934 2948 2933 2949 2934 2950 2935 2950 2935 2949 2934 2951 2936 2950 2935 2951 2936 2952 2937 2952 2937 2951 2936 2953 2938 2952 2937 2953 2938 2954 2939 2954 2939 2953 2938 2955 2940 2954 2939 2955 2940 2956 2941 2956 2941 2955 2940 2957 2942 2956 2941 2957 2942 2958 2943 2958 2943 2957 2942 2959 2944 2958 2943 2959 2944 2960 2945 2960 2945 2959 2944 2961 2946 2960 2945 2961 2946 2962 2947 2962 2947 2961 2946 2963 2948 2962 2947 2963 2948 2964 2949 2964 2949 2963 2948 2965 2950 2964 2949 2965 2950 2966 2951 2966 2951 2965 2950 2967 2952 2966 2951 2967 2952 2968 2953 2968 2953 2967 2952 2969 2954 2968 2953 2969 2954 2970 2955 2970 2955 2969 2954 2971 2956 1596 1607 1594 1605 2945 2930 2945 2930 1594 1605 2930 2915 2945 2930 2930 2915 2947 2932 2947 2932 2930 2915 2931 2916 2947 2932 2931 2916 2949 2934 2949 2934 2931 2916 2932 2917 2949 2934 2932 2917 2951 2936 2951 2936 2932 2917 2933 2918 2951 2936 2933 2918 2953 2938 2953 2938 2933 2918 2934 2919 2953 2938 2934 2919 2955 2940 2955 2940 2934 2919 2935 2920 2955 2940 2935 2920 2957 2942 2957 2942 2935 2920 2936 2921 2957 2942 2936 2921 2959 2944 2959 2944 2936 2921 2937 2922 2959 2944 2937 2922 2961 2946 2961 2946 2937 2922 2938 2923 2961 2946 2938 2923 2963 2948 2963 2948 2938 2923 2939 2924 2963 2948 2939 2924 2965 2950 2965 2950 2939 2924 2940 2925 2965 2950 2940 2925 2967 2952 2967 2952 2940 2925 2941 2926 2967 2952 2941 2926 2969 2954 2969 2954 2941 2926 2942 2927 2969 2954 2942 2927 2971 2956 2971 2956 2942 2927 2943 2928 2921 2906 2972 2957 2920 2905 2920 2905 2972 2957 2973 2958 2920 2905 2973 2958 2919 2904 2919 2904 2973 2958 2974 2959 2919 2904 2974 2959 2918 2903 2918 2903 2974 2959 2975 2960 2918 2903 2975 2960 2917 2902 2917 2902 2975 2960 2976 2961 2917 2902 2976 2961 2916 2901 2916 2901 2976 2961 2977 2962 2916 2901 2977 2962 2915 2900 2915 2900 2977 2962 2978 2963 2915 2900 2978 2963 2914 2899 2914 2899 2978 2963 2979 2964 2914 2899 2979 2964 2913 2898 2913 2898 2979 2964 2980 2965 2913 2898 2980 2965 2912 2897 2912 2897 2980 2965 2981 2966 2912 2897 2981 2966 2882 2867 2882 2867 2981 2966 2835 2820 2882 2867 2835 2820 2880 2865 2880 2865 2835 2820 2837 2822 2880 2865 2837 2822 2878 2863 2878 2863 2837 2822 2839 2824 2878 2863 2839 2824 2876 2861 2876 2861 2839 2824 2841 2826 2876 2861 2841 2826 2874 2859 2874 2859 2841 2826 2830 2815 2874 2859 2830 2815 1580 1591 1580 1591 2830 2815 1581 1592 2972 2957 2869 2854 2973 2958 2973 2958 2869 2854 2868 2853 2973 2958 2868 2853 2974 2959 2974 2959 2868 2853 2870 2855 2974 2959 2870 2855 2975 2960 2975 2960 2870 2855 2873 2858 2975 2960 2873 2858 2976 2961 2976 2961 2873 2858 2872 2857 2976 2961 2872 2857 2977 2962 2977 2962 2872 2857 2871 2856 2977 2962 2871 2856 2978 2963 2978 2963 2871 2856 2823 2808 2978 2963 2823 2808 2979 2964 2979 2964 2823 2808 2822 2807 2979 2964 2822 2807 2980 2965 2980 2965 2822 2807 2831 2816 2980 2965 2831 2816 2981 2966 2981 2966 2831 2816 2833 2818 2981 2966 2833 2818 2835 2820 1592 1603 1590 1601 2884 2869 2884 2869 1590 1601 2944 2929 2884 2869 2944 2929 2886 2871 2886 2871 2944 2929 2946 2931 2886 2871 2946 2931 2888 2873 2888 2873 2946 2931 2948 2933 2888 2873 2948 2933 2890 2875 2890 2875 2948 2933 2950 2935 2890 2875 2950 2935 2892 2877 2892 2877 2950 2935 2952 2937 2892 2877 2952 2937 2894 2879 2894 2879 2952 2937 2954 2939 2894 2879 2954 2939 2896 2881 2896 2881 2954 2939 2956 2941 2896 2881 2956 2941 2898 2883 2898 2883 2956 2941 2958 2943 2898 2883 2958 2943 2900 2885 2900 2885 2958 2943 2960 2945 2900 2885 2960 2945 2902 2887 2902 2887 2960 2945 2962 2947 2902 2887 2962 2947 2904 2889 2904 2889 2962 2947 2964 2949 2904 2889 2964 2949 2906 2891 2906 2891 2964 2949 2966 2951 2906 2891 2966 2951 2908 2893 2908 2893 2966 2951 2968 2953 2908 2893 2968 2953 2910 2895 2910 2895 2968 2953 2970 2955 2910 2895 2970 2955 2927 2912 2927 2912 2970 2955 2971 2956 2927 2912 2971 2956 2924 2909 2924 2909 2971 2956 2943 2928 2924 2909 2943 2928 2922 2907 2922 2907 2943 2928 1637 1648 2922 2907 1637 1648 1638 1649 1662 1673 1651 1662 509 506 1651 1662 1653 1664 509 506 509 506 1653 1664 1655 1666 509 506 1655 1666 510 507 510 507 1655 1666 1656 1667 510 507 1656 1667 1659 1670 1649 1660 1648 1659 535 532 509 506 494 491 1662 1673 1662 1673 494 491 493 490 1662 1673 493 490 1663 1674 1663 1674 493 490 535 532 1663 1674 535 532 1664 1675 1664 1675 535 532 1648 1659 535 532 536 533 1649 1660 1649 1660 536 533 537 534 1649 1660 537 534 1670 1681 1670 1681 537 534 644 641 1670 1681 644 641 1671 1682 1671 1682 644 641 497 494 1671 1682 497 494 47 44 2982 2967 2983 2968 2984 2969 1690 1701 1675 1686 2985 2970 2985 2970 1675 1686 1674 1685 1678 1689 2986 2971 1674 1685 1674 1685 2986 2971 2987 2972 1674 1685 2987 2972 2985 2970 2985 2970 2987 2972 2988 2973 2985 2970 2988 2973 2989 2974 1678 1689 1677 1688 2986 2971 2986 2971 1677 1688 1676 1687 2986 2971 1676 1687 2990 2975 1676 1687 5 2 2990 2975 2990 2975 5 2 4 1 2990 2975 4 1 2991 2976 2991 2976 4 1 2992 2977 4 1 25 22 2992 2977 2992 2977 25 22 24 21 2992 2977 24 21 2993 2978 2993 2978 24 21 23 20 2989 2974 1689 1700 1687 1698 1687 1698 1682 1693 2989 2974 2989 2974 1682 1693 1684 1695 2989 2974 1684 1695 2985 2970 2985 2970 1684 1695 1686 1697 2985 2970 1686 1697 1690 1701 2988 2973 2982 2967 2989 2974 2989 2974 2982 2967 2984 2969 2989 2974 2984 2969 1689 1700 1689 1700 2984 2969 1659 1670 2994 2979 2995 2980 2996 2981 2997 2982 2998 2983 2999 2984 664 661 1764 1749 159 156 159 156 1764 1749 3000 2985 159 156 3000 2985 160 157 160 157 3000 2985 154 151 154 151 3000 2985 3001 2986 154 151 3001 2986 156 153 175 172 144 141 3002 2987 144 141 142 139 3002 2987 3002 2987 142 139 140 137 3002 2987 140 137 3001 2986 3001 2986 140 137 157 154 3001 2986 157 154 156 153 174 171 173 170 3003 2988 3003 2988 173 170 177 174 3003 2988 177 174 3002 2987 3002 2987 177 174 176 173 3002 2987 176 173 175 172 2993 2978 23 20 3004 2989 3004 2989 23 20 105 102 3004 2989 105 102 3003 2988 3003 2988 105 102 170 167 3003 2988 170 167 174 171 3005 2990 2991 2976 3004 2989 3004 2989 2991 2976 2992 2977 3004 2989 2992 2977 2993 2978 2988 2973 2987 2972 3006 2991 3006 2991 2987 2972 2986 2971 3006 2991 2986 2971 3005 2990 3005 2990 2986 2971 2990 2975 3005 2990 2990 2975 2991 2976 3006 2991 3007 2992 2988 2973 2988 2973 3007 2992 2999 2984 2988 2973 2999 2984 2982 2967 2982 2967 2999 2984 2998 2983 2982 2967 2998 2983 2983 2968 3008 2993 3009 2994 3010 2995 3010 2995 3009 2994 3011 2996 3010 2995 3011 2996 3012 2997 3012 2997 3011 2996 3013 2998 3014 2999 3015 3000 3013 2998 3013 2998 3015 3000 3016 3001 3013 2998 3016 3001 3012 2997 3017 3002 3018 3003 3014 2999 3014 2999 3018 3003 3019 3004 3014 2999 3019 3004 3015 3000 3020 3005 3021 3006 3017 3002 3017 3002 3021 3006 3022 3007 3017 3002 3022 3007 3018 3003 3023 3008 3024 3009 3020 3005 3020 3005 3024 3009 3025 3010 3020 3005 3025 3010 3021 3006 3026 3011 3027 3012 3023 3008 3023 3008 3027 3012 3028 3013 3023 3008 3028 3013 3024 3009 3029 3014 3030 3015 3026 3011 3026 3011 3030 3015 3031 3016 3026 3011 3031 3016 3027 3012 3032 3017 3033 3018 3029 3014 3029 3014 3033 3018 3034 3019 3029 3014 3034 3019 3030 3015 1770 1755 1768 1753 3032 3017 3032 3017 1768 1753 3035 3020 3032 3017 3035 3020 3033 3018 3009 2994 2994 2979 3011 2996 3011 2996 2994 2979 2996 2981 3011 2996 2996 2981 3013 2998 3013 2998 2996 2981 3036 3021 3013 2998 3036 3021 3014 2999 3014 2999 3036 3021 3037 3022 3014 2999 3037 3022 3017 3002 3017 3002 3037 3022 3038 3023 3017 3002 3038 3023 3020 3005 3020 3005 3038 3023 3039 3024 3020 3005 3039 3024 3023 3008 3023 3008 3039 3024 3040 3025 3023 3008 3040 3025 3026 3011 3026 3011 3040 3025 3041 3026 3026 3011 3041 3026 3029 3014 3029 3014 3041 3026 3042 3027 3029 3014 3042 3027 3032 3017 3032 3017 3042 3027 3043 3028 3032 3017 3043 3028 1770 1755 1770 1755 3043 3028 1771 1756 2995 2980 3044 3029 2996 2981 2996 2981 3044 3029 3045 3030 2996 2981 3045 3030 3036 3021 3036 3021 3045 3030 3046 3031 3036 3021 3046 3031 3037 3022 3037 3022 3046 3031 3047 3032 3037 3022 3047 3032 3038 3023 3038 3023 3047 3032 3048 3033 3038 3023 3048 3033 3039 3024 3039 3024 3048 3033 3049 3034 3039 3024 3049 3034 3040 3025 3040 3025 3049 3034 3050 3035 3040 3025 3050 3035 3041 3026 3041 3026 3050 3035 3051 3036 3041 3026 3051 3036 3042 3027 3042 3027 3051 3036 3052 3037 3042 3027 3052 3037 3043 3028 3043 3028 3052 3037 3053 3038 3043 3028 3053 3038 1771 1756 1771 1756 3053 3038 1763 1748 3044 3029 2997 2982 3045 3030 3045 3030 2997 2982 2999 2984 3045 3030 2999 2984 3046 3031 3046 3031 2999 2984 3007 2992 3046 3031 3007 2992 3047 3032 3047 3032 3007 2992 3006 2991 3047 3032 3006 2991 3048 3033 3048 3033 3006 2991 3005 2990 3048 3033 3005 2990 3049 3034 3049 3034 3005 2990 3004 2989 3049 3034 3004 2989 3050 3035 3050 3035 3004 2989 3003 2988 3050 3035 3003 2988 3051 3036 3051 3036 3003 2988 3002 2987 3051 3036 3002 2987 3052 3037 3052 3037 3002 2987 3001 2986 3052 3037 3001 2986 3053 3038 3053 3038 3001 2986 3000 2985 3053 3038 3000 2985 1763 1748 1763 1748 3000 2985 1764 1749 1699 1729 1737 1730 3054 3039 3054 3039 1737 1730 3055 3040 3054 3039 3055 3040 3056 3041 3056 3041 3055 3040 3057 3042 3057 3042 3055 3040 3058 3043 3057 3042 3058 3043 3059 3044 3059 3044 3058 3043 3060 3045 3060 3045 3058 3043 3061 3046 3060 3045 3061 3046 3062 3047 3062 3047 3061 3046 3063 3048 3063 3048 3061 3046 3064 3049 3063 3048 3064 3049 3065 3050 3065 3050 3064 3049 3066 3051 3065 3050 3066 3051 3067 3052 3067 3052 3066 3051 3068 3053 3067 3052 3068 3053 3069 3054 3069 3054 3068 3053 3070 3055 3069 3054 3070 3055 3071 3056 3071 3056 3070 3055 3072 3057 3071 3056 3072 3057 3073 3058 3073 3058 3072 3057 3074 3059 3073 3058 3074 3059 3075 3060 3075 3060 3074 3059 3076 3061 3075 3060 3076 3061 3077 3062 3078 3063 3079 3064 3080 3065 3080 3065 3079 3064 3081 3066 3082 3067 3083 3068 3080 3065 3080 3065 3083 3068 3084 3069 3080 3065 3084 3069 3078 3063 3085 3070 1757 1742 1759 1744 1759 1744 3086 3071 3085 3070 3085 3070 3086 3071 3087 3072 3085 3070 3087 3072 3082 3067 3082 3067 3087 3072 3088 3073 3082 3067 3088 3073 3083 3068 3079 3064 3089 3074 3081 3066 3081 3066 3089 3074 3090 3075 3081 3066 3090 3075 3091 3076 3091 3076 3090 3075 3092 3077 3091 3076 3092 3077 3093 3078 3093 3078 3092 3077 3094 3079 3093 3078 3094 3079 3095 3080 3095 3080 3094 3079 3096 3081 3095 3080 3096 3081 3097 3082 3097 3082 3096 3081 3098 3083 3097 3082 3098 3083 3099 3084 1768 1753 1766 1751 3035 3020 3035 3020 1766 1751 3100 3085 3035 3020 3100 3085 3033 3018 3033 3018 3100 3085 3034 3019 3034 3019 3100 3085 3101 3086 3034 3019 3101 3086 3030 3015 3030 3015 3101 3086 3031 3016 3031 3016 3101 3086 3102 3087 3031 3016 3102 3087 3027 3012 3027 3012 3102 3087 3028 3013 3028 3013 3102 3087 3103 3088 3028 3013 3103 3088 3024 3009 3024 3009 3103 3088 3025 3010 3025 3010 3103 3088 3104 3089 3025 3010 3104 3089 3021 3006 3021 3006 3104 3089 3022 3007 3022 3007 3104 3089 3105 3090 3022 3007 3105 3090 3018 3003 3018 3003 3105 3090 3019 3004 3019 3004 3105 3090 3106 3091 3019 3004 3106 3091 3015 3000 3015 3000 3106 3091 3016 3001 3016 3001 3106 3091 3107 3092 3016 3001 3107 3092 3012 2997 3012 2997 3107 3092 3010 2995 3010 2995 3107 3092 3108 3093 3010 2995 3108 3093 3008 2993 3109 3094 3110 3095 3111 3096 3112 3097 3113 3098 3114 3099 3115 3100 3116 3101 3117 3102 3118 3103 3119 3104 3120 3105 3121 3106 3122 3107 3123 3108 3124 3109 1695 1705 1693 1704 1693 1704 3125 3110 3124 3109 3124 3109 3125 3110 3126 3111 3124 3109 3126 3111 3127 3112 3126 3111 3128 3113 3127 3112 3127 3112 3128 3113 3129 3114 3127 3112 3129 3114 3130 3115 3129 3114 3131 3116 3130 3115 3130 3115 3131 3116 3132 3117 3130 3115 3132 3117 3133 3118 3132 3117 3134 3119 3133 3118 3133 3118 3134 3119 3135 3120 3133 3118 3135 3120 3136 3121 3135 3120 3137 3122 3136 3121 3136 3121 3137 3122 3138 3123 3136 3121 3138 3123 3139 3124 3138 3123 3140 3125 3139 3124 3139 3124 3140 3125 3141 3126 3139 3124 3141 3126 3142 3127 1747 1734 1745 1733 3143 3128 3143 3128 1745 1733 3144 3129 3143 3128 3144 3129 3145 3130 3145 3130 3144 3129 3146 3131 3145 3130 3146 3131 3147 3132 3147 3132 3146 3131 3148 3133 3147 3132 3148 3133 3149 3134 3149 3134 3148 3133 3150 3135 3149 3134 3150 3135 3151 3136 3151 3136 3150 3135 3152 3137 3151 3136 3152 3137 3153 3138 3153 3138 3152 3137 3154 3139 3153 3138 3154 3139 3155 3140 3155 3140 3154 3139 3156 3141 3155 3140 3156 3141 3157 3142 3157 3142 3156 3141 3158 3143 3157 3142 3158 3143 3111 3096 1745 1733 1695 1705 3144 3129 3144 3129 1695 1705 3124 3109 3144 3129 3124 3109 3146 3131 3146 3131 3124 3109 3127 3112 3146 3131 3127 3112 3148 3133 3148 3133 3127 3112 3130 3115 3148 3133 3130 3115 3150 3135 3150 3135 3130 3115 3133 3118 3150 3135 3133 3118 3152 3137 3152 3137 3133 3118 3136 3121 3152 3137 3136 3121 3154 3139 3154 3139 3136 3121 3139 3124 3154 3139 3139 3124 3156 3141 3156 3141 3139 3124 3142 3127 3156 3141 3142 3127 3158 3143 3158 3143 3142 3127 3159 3144 1755 1740 1753 1739 3160 3145 3160 3145 1753 1739 3161 3146 3160 3145 3161 3146 3162 3147 3162 3147 3161 3146 3163 3148 3162 3147 3163 3148 3164 3149 3164 3149 3163 3148 3165 3150 3164 3149 3165 3150 3166 3151 3166 3151 3165 3150 3167 3152 3166 3151 3167 3152 3168 3153 3168 3153 3167 3152 3169 3154 3168 3153 3169 3154 3170 3155 3170 3155 3169 3154 3171 3156 3170 3155 3171 3156 3172 3157 3172 3157 3171 3156 3173 3158 3172 3157 3173 3158 3174 3159 3174 3159 3173 3158 3175 3160 3174 3159 3175 3160 3176 3161 3176 3161 3175 3160 3117 3102 1742 1732 1740 1731 3177 3162 3177 3162 1740 1731 3178 3163 3177 3162 3178 3163 3179 3164 3179 3164 3178 3163 3180 3165 3179 3164 3180 3165 3181 3166 3181 3166 3180 3165 3182 3167 3181 3166 3182 3167 3183 3168 3183 3168 3182 3167 3184 3169 3183 3168 3184 3169 3185 3170 3185 3170 3184 3169 3186 3171 3185 3170 3186 3171 3187 3172 3187 3172 3186 3171 3188 3173 3187 3172 3188 3173 3189 3174 3189 3174 3188 3173 3190 3175 3189 3174 3190 3175 3191 3176 3191 3176 3190 3175 3192 3177 3191 3176 3192 3177 3193 3178 3193 3178 3192 3177 3114 3099 3141 3126 3194 3179 3142 3127 3142 3127 3194 3179 3195 3180 3142 3127 3195 3180 3159 3144 3159 3144 3195 3180 3196 3181 3159 3144 3196 3181 3197 3182 3111 3096 3158 3143 3198 3183 3198 3183 3158 3143 3159 3144 3198 3183 3159 3144 3199 3184 3199 3184 3159 3144 3197 3182 3199 3184 3197 3182 3200 3185 1737 1730 1751 1737 3055 3040 3055 3040 1751 1737 3201 3186 3055 3040 3201 3186 3058 3043 3058 3043 3201 3186 3202 3187 3058 3043 3202 3187 3061 3046 3061 3046 3202 3187 3203 3188 3061 3046 3203 3188 3064 3049 3064 3049 3203 3188 3204 3189 3064 3049 3204 3189 3066 3051 3066 3051 3204 3189 3205 3190 3066 3051 3205 3190 3068 3053 3068 3053 3205 3190 3206 3191 3068 3053 3206 3191 3070 3055 3070 3055 3206 3191 3207 3192 3070 3055 3207 3192 3072 3057 3072 3057 3207 3192 3208 3193 3072 3057 3208 3193 3074 3059 3074 3059 3208 3193 3123 3108 3074 3059 3123 3108 3076 3061 3076 3061 3123 3108 3122 3107 1751 1737 1750 1736 3201 3186 3201 3186 1750 1736 3209 3194 3201 3186 3209 3194 3202 3187 3202 3187 3209 3194 3210 3195 3202 3187 3210 3195 3203 3188 3203 3188 3210 3195 3211 3196 3203 3188 3211 3196 3204 3189 3204 3189 3211 3196 3212 3197 3204 3189 3212 3197 3205 3190 3205 3190 3212 3197 3213 3198 3205 3190 3213 3198 3206 3191 3206 3191 3213 3198 3214 3199 3206 3191 3214 3199 3207 3192 3207 3192 3214 3199 3215 3200 3207 3192 3215 3200 3208 3193 3208 3193 3215 3200 3216 3201 3208 3193 3216 3201 3123 3108 3123 3108 3216 3201 3120 3105 3123 3108 3120 3105 3121 3106 3121 3106 3120 3105 3119 3104 3217 3202 3118 3103 3218 3203 3218 3203 3118 3103 3120 3105 3218 3203 3120 3105 3219 3204 3219 3204 3120 3105 3216 3201 3219 3204 3216 3201 3220 3205 3220 3205 3216 3201 3215 3200 3220 3205 3215 3200 3221 3206 3221 3206 3215 3200 3214 3199 3221 3206 3214 3199 3222 3207 3222 3207 3214 3199 3213 3198 3222 3207 3213 3198 3223 3208 3223 3208 3213 3198 3212 3197 3223 3208 3212 3197 3224 3209 3224 3209 3212 3197 3211 3196 3224 3209 3211 3196 3225 3210 3225 3210 3211 3196 3210 3195 3225 3210 3210 3195 3226 3211 3226 3211 3210 3195 3209 3194 3226 3211 3209 3194 1756 1741 1756 1741 3209 3194 1750 1736 1756 1741 1755 1740 3226 3211 3226 3211 1755 1740 3160 3145 3226 3211 3160 3145 3225 3210 3225 3210 3160 3145 3162 3147 3225 3210 3162 3147 3224 3209 3224 3209 3162 3147 3164 3149 3224 3209 3164 3149 3223 3208 3223 3208 3164 3149 3166 3151 3223 3208 3166 3151 3222 3207 3222 3207 3166 3151 3168 3153 3222 3207 3168 3153 3221 3206 3221 3206 3168 3153 3170 3155 3221 3206 3170 3155 3220 3205 3220 3205 3170 3155 3172 3157 3220 3205 3172 3157 3219 3204 3219 3204 3172 3157 3174 3159 3219 3204 3174 3159 3218 3203 3218 3203 3174 3159 3176 3161 3218 3203 3176 3161 3217 3202 3217 3202 3176 3161 3227 3212 3117 3102 3116 3101 3176 3161 3176 3161 3116 3101 3228 3213 3176 3161 3228 3213 3227 3212 3229 3214 3115 3100 3230 3215 3230 3215 3115 3100 3117 3102 3230 3215 3117 3102 3231 3216 3231 3216 3117 3102 3175 3160 3231 3216 3175 3160 3232 3217 3232 3217 3175 3160 3173 3158 3232 3217 3173 3158 3233 3218 3233 3218 3173 3158 3171 3156 3233 3218 3171 3156 3234 3219 3234 3219 3171 3156 3169 3154 3234 3219 3169 3154 3235 3220 3235 3220 3169 3154 3167 3152 3235 3220 3167 3152 3236 3221 3236 3221 3167 3152 3165 3150 3236 3221 3165 3150 3237 3222 3237 3222 3165 3150 3163 3148 3237 3222 3163 3148 3238 3223 3238 3223 3163 3148 3161 3146 3238 3223 3161 3146 1752 1738 1752 1738 3161 3146 1753 1739 1752 1738 1742 1732 3238 3223 3238 3223 1742 1732 3177 3162 3238 3223 3177 3162 3237 3222 3237 3222 3177 3162 3179 3164 3237 3222 3179 3164 3236 3221 3236 3221 3179 3164 3181 3166 3236 3221 3181 3166 3235 3220 3235 3220 3181 3166 3183 3168 3235 3220 3183 3168 3234 3219 3234 3219 3183 3168 3185 3170 3234 3219 3185 3170 3233 3218 3233 3218 3185 3170 3187 3172 3233 3218 3187 3172 3232 3217 3232 3217 3187 3172 3189 3174 3232 3217 3189 3174 3231 3216 3231 3216 3189 3174 3191 3176 3231 3216 3191 3176 3230 3215 3230 3215 3191 3176 3193 3178 3230 3215 3193 3178 3229 3214 3229 3214 3193 3178 3239 3224 3114 3099 3113 3098 3193 3178 3193 3178 3113 3098 3240 3225 3193 3178 3240 3225 3239 3224 3241 3226 3112 3097 3242 3227 3242 3227 3112 3097 3114 3099 3242 3227 3114 3099 3243 3228 3243 3228 3114 3099 3192 3177 3243 3228 3192 3177 3244 3229 3244 3229 3192 3177 3190 3175 3244 3229 3190 3175 3245 3230 3245 3230 3190 3175 3188 3173 3245 3230 3188 3173 3246 3231 3246 3231 3188 3173 3186 3171 3246 3231 3186 3171 3247 3232 3247 3232 3186 3171 3184 3169 3247 3232 3184 3169 3248 3233 3248 3233 3184 3169 3182 3167 3248 3233 3182 3167 3249 3234 3249 3234 3182 3167 3180 3165 3249 3234 3180 3165 3250 3235 3250 3235 3180 3165 3178 3163 3250 3235 3178 3163 1748 1735 1748 1735 3178 3163 1740 1731 1748 1735 1747 1734 3250 3235 3250 3235 1747 1734 3143 3128 3250 3235 3143 3128 3249 3234 3249 3234 3143 3128 3145 3130 3249 3234 3145 3130 3248 3233 3248 3233 3145 3130 3147 3132 3248 3233 3147 3132 3247 3232 3247 3232 3147 3132 3149 3134 3247 3232 3149 3134 3246 3231 3246 3231 3149 3134 3151 3136 3246 3231 3151 3136 3245 3230 3245 3230 3151 3136 3153 3138 3245 3230 3153 3138 3244 3229 3244 3229 3153 3138 3155 3140 3244 3229 3155 3140 3243 3228 3243 3228 3155 3140 3157 3142 3243 3228 3157 3142 3242 3227 3242 3227 3157 3142 3111 3096 3242 3227 3111 3096 3241 3226 3241 3226 3111 3096 3110 3095 3109 3094 3111 3096 3251 3236 3251 3236 3111 3096 3198 3183 3251 3236 3198 3183 3252 3237 3252 3237 3198 3183 3199 3184 3252 3237 3199 3184 3253 3238 3253 3238 3199 3184 3200 3185 3253 3238 3200 3185 3254 3239 3255 3240 3254 3239 3256 3241 3256 3241 3254 3239 3200 3185 3256 3241 3200 3185 3257 3242 3257 3242 3200 3185 3197 3182 3257 3242 3197 3182 3258 3243 3258 3243 3197 3182 3196 3181 3258 3243 3196 3181 3259 3244 3259 3244 3196 3181 3195 3180 3259 3244 3195 3180 3260 3245 3260 3245 3195 3180 3194 3179 3260 3245 3194 3179 3261 3246 3261 3246 3194 3179 3141 3126 3261 3246 3141 3126 3262 3247 3262 3247 3141 3126 3140 3125 3262 3247 3140 3125 3263 3248 3263 3248 3140 3125 3138 3123 3263 3248 3138 3123 3264 3249 3264 3249 3138 3123 3137 3122 3264 3249 3137 3122 3265 3250 3265 3250 3137 3122 3135 3120 3265 3250 3135 3120 3266 3251 3266 3251 3135 3120 3134 3119 3266 3251 3134 3119 3267 3252 3267 3252 3134 3119 3132 3117 3267 3252 3132 3117 3268 3253 3268 3253 3132 3117 3131 3116 3268 3253 3131 3116 3269 3254 3269 3254 3131 3116 3129 3114 3269 3254 3129 3114 3270 3255 3270 3255 3129 3114 3128 3113 3270 3255 3128 3113 3271 3256 3271 3256 3128 3113 3126 3111 3271 3256 3126 3111 3125 3110 1728 1721 3272 3257 1729 1722 1729 1722 3272 3257 3271 3256 1729 1722 3271 3256 1692 1703 1692 1703 3271 3256 3125 3110 1692 1703 3125 3110 1693 1704 3273 3258 3274 3259 3275 3260 3276 3261 3277 3262 3278 3263 3279 3264 3280 3265 3281 3266 3282 3267 3283 3268 3284 3269 3285 3270 3286 3271 3287 3272 1728 1721 1726 1720 3272 3257 3272 3257 1726 1720 3288 3273 3272 3257 3288 3273 3271 3256 3271 3256 3288 3273 3289 3274 3290 3275 3269 3254 3289 3274 3289 3274 3269 3254 3270 3255 3289 3274 3270 3255 3271 3256 3291 3276 3267 3252 3290 3275 3290 3275 3267 3252 3268 3253 3290 3275 3268 3253 3269 3254 3292 3277 3265 3250 3291 3276 3291 3276 3265 3250 3266 3251 3291 3276 3266 3251 3267 3252 3293 3278 3263 3248 3292 3277 3292 3277 3263 3248 3264 3249 3292 3277 3264 3249 3265 3250 3294 3279 3261 3246 3293 3278 3293 3278 3261 3246 3262 3247 3293 3278 3262 3247 3263 3248 3295 3280 3259 3244 3294 3279 3294 3279 3259 3244 3260 3245 3294 3279 3260 3245 3261 3246 3287 3272 3257 3242 3295 3280 3295 3280 3257 3242 3258 3243 3295 3280 3258 3243 3259 3244 1720 1717 1718 1716 3296 3281 3296 3281 1718 1716 3297 3282 3296 3281 3297 3282 3298 3283 3298 3283 3297 3282 3299 3284 3298 3283 3299 3284 3300 3285 3300 3285 3299 3284 3301 3286 3300 3285 3301 3286 3302 3287 3302 3287 3301 3286 3303 3288 3302 3287 3303 3288 3304 3289 3304 3289 3303 3288 3305 3290 3304 3289 3305 3290 3306 3291 3306 3291 3305 3290 3307 3292 3306 3291 3307 3292 3308 3293 3308 3293 3307 3292 3309 3294 3308 3293 3309 3294 3310 3295 3310 3295 3309 3294 3311 3296 3310 3295 3311 3296 3312 3297 3312 3297 3311 3296 3281 3266 1712 1713 1710 1712 3313 3298 3313 3298 1710 1712 3314 3299 3313 3298 3314 3299 3315 3300 3315 3300 3314 3299 3316 3301 3315 3300 3316 3301 3317 3302 3317 3302 3316 3301 3318 3303 3317 3302 3318 3303 3319 3304 3319 3304 3318 3303 3320 3305 3319 3304 3320 3305 3321 3306 3321 3306 3320 3305 3322 3307 3321 3306 3322 3307 3323 3308 3323 3308 3322 3307 3324 3309 3323 3308 3324 3309 3325 3310 3325 3310 3324 3309 3326 3311 3325 3310 3326 3311 3327 3312 3327 3312 3326 3311 3328 3313 3327 3312 3328 3313 3329 3314 3329 3314 3328 3313 3278 3263 1733 1725 1731 1724 3330 3315 3330 3315 1731 1724 3331 3316 3330 3315 3331 3316 3332 3317 3332 3317 3331 3316 3333 3318 3332 3317 3333 3318 3334 3319 3334 3319 3333 3318 3335 3320 3334 3319 3335 3320 3336 3321 3336 3321 3335 3320 3337 3322 3336 3321 3337 3322 3338 3323 3338 3323 3337 3322 3339 3324 3338 3323 3339 3324 3340 3325 3340 3325 3339 3324 3341 3326 3340 3325 3341 3326 3342 3327 3342 3327 3341 3326 3343 3328 3342 3327 3343 3328 3344 3329 3344 3329 3343 3328 3345 3330 3344 3329 3345 3330 3346 3331 3346 3331 3345 3330 3275 3260 3286 3271 3255 3240 3287 3272 3287 3272 3255 3240 3256 3241 3287 3272 3256 3241 3257 3242 1726 1720 1724 1719 3288 3273 3288 3273 1724 1719 3347 3332 3288 3273 3347 3332 3289 3274 3289 3274 3347 3332 3348 3333 3289 3274 3348 3333 3290 3275 3290 3275 3348 3333 3349 3334 3290 3275 3349 3334 3291 3276 3291 3276 3349 3334 3350 3335 3291 3276 3350 3335 3292 3277 3292 3277 3350 3335 3351 3336 3292 3277 3351 3336 3293 3278 3293 3278 3351 3336 3352 3337 3293 3278 3352 3337 3294 3279 3294 3279 3352 3337 3353 3338 3294 3279 3353 3338 3295 3280 3295 3280 3353 3338 3354 3339 3295 3280 3354 3339 3287 3272 3287 3272 3354 3339 3284 3269 3287 3272 3284 3269 3285 3270 3285 3270 3284 3269 3283 3268 3355 3340 3282 3267 3356 3341 3356 3341 3282 3267 3284 3269 3356 3341 3284 3269 3357 3342 3357 3342 3284 3269 3354 3339 3357 3342 3354 3339 3358 3343 3358 3343 3354 3339 3353 3338 3358 3343 3353 3338 3359 3344 3359 3344 3353 3338 3352 3337 3359 3344 3352 3337 3360 3345 3360 3345 3352 3337 3351 3336 3360 3345 3351 3336 3361 3346 3361 3346 3351 3336 3350 3335 3361 3346 3350 3335 3362 3347 3362 3347 3350 3335 3349 3334 3362 3347 3349 3334 3363 3348 3363 3348 3349 3334 3348 3333 3363 3348 3348 3333 3364 3349 3364 3349 3348 3333 3347 3332 3364 3349 3347 3332 1722 1718 1722 1718 3347 3332 1724 1719 1722 1718 1720 1717 3364 3349 3364 3349 1720 1717 3296 3281 3364 3349 3296 3281 3363 3348 3363 3348 3296 3281 3298 3283 3363 3348 3298 3283 3362 3347 3362 3347 3298 3283 3300 3285 3362 3347 3300 3285 3361 3346 3361 3346 3300 3285 3302 3287 3361 3346 3302 3287 3360 3345 3360 3345 3302 3287 3304 3289 3360 3345 3304 3289 3359 3344 3359 3344 3304 3289 3306 3291 3359 3344 3306 3291 3358 3343 3358 3343 3306 3291 3308 3293 3358 3343 3308 3293 3357 3342 3357 3342 3308 3293 3310 3295 3357 3342 3310 3295 3356 3341 3356 3341 3310 3295 3312 3297 3356 3341 3312 3297 3355 3340 3355 3340 3312 3297 3365 3350 3281 3266 3280 3265 3312 3297 3312 3297 3280 3265 3366 3351 3312 3297 3366 3351 3365 3350 3367 3352 3279 3264 3368 3353 3368 3353 3279 3264 3281 3266 3368 3353 3281 3266 3369 3354 3369 3354 3281 3266 3311 3296 3369 3354 3311 3296 3370 3355 3370 3355 3311 3296 3309 3294 3370 3355 3309 3294 3371 3356 3371 3356 3309 3294 3307 3292 3371 3356 3307 3292 3372 3357 3372 3357 3307 3292 3305 3290 3372 3357 3305 3290 3373 3358 3373 3358 3305 3290 3303 3288 3373 3358 3303 3288 3374 3359 3374 3359 3303 3288 3301 3286 3374 3359 3301 3286 3375 3360 3375 3360 3301 3286 3299 3284 3375 3360 3299 3284 3376 3361 3376 3361 3299 3284 3297 3282 3376 3361 3297 3282 1717 1715 1717 1715 3297 3282 1718 1716 1717 1715 1712 1713 3376 3361 3376 3361 1712 1713 3313 3298 3376 3361 3313 3298 3375 3360 3375 3360 3313 3298 3315 3300 3375 3360 3315 3300 3374 3359 3374 3359 3315 3300 3317 3302 3374 3359 3317 3302 3373 3358 3373 3358 3317 3302 3319 3304 3373 3358 3319 3304 3372 3357 3372 3357 3319 3304 3321 3306 3372 3357 3321 3306 3371 3356 3371 3356 3321 3306 3323 3308 3371 3356 3323 3308 3370 3355 3370 3355 3323 3308 3325 3310 3370 3355 3325 3310 3369 3354 3369 3354 3325 3310 3327 3312 3369 3354 3327 3312 3368 3353 3368 3353 3327 3312 3329 3314 3368 3353 3329 3314 3367 3352 3367 3352 3329 3314 3377 3362 3278 3263 3277 3262 3329 3314 3329 3314 3277 3262 3378 3363 3329 3314 3378 3363 3377 3362 3379 3364 3276 3261 3380 3365 3380 3365 3276 3261 3278 3263 3380 3365 3278 3263 3381 3366 3381 3366 3278 3263 3328 3313 3381 3366 3328 3313 3382 3367 3382 3367 3328 3313 3326 3311 3382 3367 3326 3311 3383 3368 3383 3368 3326 3311 3324 3309 3383 3368 3324 3309 3384 3369 3384 3369 3324 3309 3322 3307 3384 3369 3322 3307 3385 3370 3385 3370 3322 3307 3320 3305 3385 3370 3320 3305 3386 3371 3386 3371 3320 3305 3318 3303 3386 3371 3318 3303 3387 3372 3387 3372 3318 3303 3316 3301 3387 3372 3316 3301 3388 3373 3388 3373 3316 3301 3314 3299 3388 3373 3314 3299 1734 1726 1734 1726 3314 3299 1710 1712 1734 1726 1733 1725 3388 3373 3388 3373 1733 1725 3330 3315 3388 3373 3330 3315 3387 3372 3387 3372 3330 3315 3332 3317 3387 3372 3332 3317 3386 3371 3386 3371 3332 3317 3334 3319 3386 3371 3334 3319 3385 3370 3385 3370 3334 3319 3336 3321 3385 3370 3336 3321 3384 3369 3384 3369 3336 3321 3338 3323 3384 3369 3338 3323 3383 3368 3383 3368 3338 3323 3340 3325 3383 3368 3340 3325 3382 3367 3382 3367 3340 3325 3342 3327 3382 3367 3342 3327 3381 3366 3381 3366 3342 3327 3344 3329 3381 3366 3344 3329 3380 3365 3380 3365 3344 3329 3346 3331 3380 3365 3346 3331 3379 3364 3379 3364 3346 3331 3389 3374 3275 3260 3274 3259 3346 3331 3346 3331 3274 3259 3390 3375 3346 3331 3390 3375 3389 3374 3391 3376 3273 3258 3392 3377 3392 3377 3273 3258 3275 3260 3392 3377 3275 3260 3393 3378 3393 3378 3275 3260 3345 3330 3393 3378 3345 3330 3394 3379 3394 3379 3345 3330 3343 3328 3394 3379 3343 3328 3395 3380 3395 3380 3343 3328 3341 3326 3395 3380 3341 3326 3396 3381 3396 3381 3341 3326 3339 3324 3396 3381 3339 3324 3397 3382 3397 3382 3339 3324 3337 3322 3397 3382 3337 3322 3398 3383 3398 3383 3337 3322 3335 3320 3398 3383 3335 3320 3399 3384 3399 3384 3335 3320 3333 3318 3399 3384 3333 3318 3400 3385 3400 3385 3333 3318 3331 3316 3400 3385 3331 3316 1730 1723 1730 1723 3331 3316 1731 1724 1730 1723 1715 1714 3400 3385 3400 3385 1715 1714 3401 3386 3400 3385 3401 3386 3399 3384 3399 3384 3401 3386 3402 3387 3399 3384 3402 3387 3398 3383 3398 3383 3402 3387 3403 3388 3398 3383 3403 3388 3397 3382 3397 3382 3403 3388 3404 3389 3397 3382 3404 3389 3396 3381 3396 3381 3404 3389 3405 3390 3396 3381 3405 3390 3395 3380 3395 3380 3405 3390 3406 3391 3395 3380 3406 3391 3394 3379 3394 3379 3406 3391 3407 3392 3394 3379 3407 3392 3393 3378 3393 3378 3407 3392 3408 3393 3393 3378 3408 3393 3392 3377 3392 3377 3408 3393 3409 3394 3392 3377 3409 3394 3391 3376 3391 3376 3409 3394 3410 3395 3411 3396 3412 3396 3413 3396 3414 3397 3415 3397 3416 3397 3416 3396 3415 3396 3417 3396 3416 3396 3417 3396 3418 3396 3413 3396 3419 3396 3411 3396 3411 3398 3419 3398 3420 3398 3411 3396 3420 3396 3421 3396 3422 3396 3423 3396 3424 3396 3425 3396 3426 3396 3427 3396 3428 3396 3429 3396 3416 3396 3416 3396 3429 3396 3430 3396 3416 3399 3430 3399 3414 3399 3431 3400 3432 3400 3433 3400 3433 3396 3432 3396 3434 3396 3435 3396 3436 3396 3437 3396 3438 3396 3436 3396 3439 3396 3438 3396 3439 3396 3434 3396 3434 3396 3439 3396 3440 3396 3434 3396 3440 3396 3433 3396 3441 3396 3442 3396 3443 3396 3443 3401 3442 3401 3432 3401 3443 3402 3432 3402 3444 3402 3444 3396 3432 3396 3431 3396 3427 3396 3426 3396 3437 3396 3437 3403 3426 3403 3445 3403 3437 3404 3445 3404 3435 3404 3424 3405 3423 3405 3427 3405 3427 3406 3423 3406 3446 3406 3427 3396 3446 3396 3425 3396 3428 3396 3447 3396 3424 3396 3424 3407 3447 3407 3448 3407 3424 3408 3448 3408 3422 3408 3421 3396 3449 3396 3411 3396 3411 3396 3449 3396 3450 3396 3411 3396 3450 3396 3451 3396 3451 3409 3450 3409 3442 3409 3451 3396 3442 3396 3452 3396 3452 3396 3442 3396 3441 3396 1760 1745 1758 1743 3453 3410 3453 3410 1758 1743 3454 3411 3453 3410 3454 3411 3455 3412 3455 3412 3454 3411 3456 3413 3456 3413 3454 3411 3457 3414 3456 3413 3457 3414 3458 3415 3458 3415 3457 3414 3459 3416 3459 3416 3457 3414 3460 3417 3459 3416 3460 3417 3461 3418 3461 3418 3460 3417 3462 3419 3462 3419 3460 3417 3463 3420 3462 3419 3463 3420 3464 3421 3464 3421 3463 3420 3465 3422 3464 3421 3465 3422 3466 3423 3466 3423 3465 3422 3467 3424 3466 3423 3467 3424 3468 3425 3468 3425 3467 3424 3469 3426 3468 3425 3469 3426 3470 3427 3470 3427 3469 3426 3471 3428 3470 3427 3471 3428 3472 3429 3472 3429 3471 3428 3473 3430 3472 3429 3473 3430 3474 3431 3404 3389 3475 3432 3405 3390 3405 3390 3475 3432 3476 3433 3403 3388 3402 3387 3477 3434 3477 3434 3478 3435 3403 3388 3403 3388 3478 3435 3479 3436 3403 3388 3479 3436 3404 3389 3404 3389 3479 3436 3480 3437 3404 3389 3480 3437 3475 3432 3401 3386 1715 1714 1702 1707 1702 1707 3481 3438 3401 3386 3401 3386 3481 3438 3482 3439 3401 3386 3482 3439 3402 3387 3402 3387 3482 3439 3483 3440 3402 3387 3483 3440 3477 3434 3476 3433 3484 3441 3405 3390 3405 3390 3484 3441 3485 3442 3405 3390 3485 3442 3406 3391 3406 3391 3485 3442 3486 3443 3406 3391 3486 3443 3407 3392 3407 3392 3486 3443 3487 3444 3407 3392 3487 3444 3408 3393 3408 3393 3487 3444 3488 3445 3408 3393 3488 3445 3409 3394 3409 3394 3488 3445 3489 3446 3409 3394 3489 3446 3410 3395 1767 1752 3490 3447 1765 1750 1765 1750 3490 3447 3491 3448 3490 3447 3492 3449 3491 3448 3491 3448 3492 3449 3493 3450 3491 3448 3493 3450 3494 3451 3493 3450 3495 3452 3494 3451 3494 3451 3495 3452 3496 3453 3494 3451 3496 3453 3497 3454 3496 3453 3498 3455 3497 3454 3497 3454 3498 3455 3499 3456 3497 3454 3499 3456 3500 3457 3499 3456 3501 3458 3500 3457 3500 3457 3501 3458 3502 3459 3500 3457 3502 3459 3503 3460 3502 3459 3504 3461 3505 3462 3505 3462 3504 3461 3506 3463 3505 3462 3506 3463 3507 3464 3506 3463 3508 3465 3509 3466 3509 3466 3508 3465 3510 3467 3509 3466 3510 3467 3511 3468 3510 3467 3512 3469 3511 3468 3511 3468 3512 3469 3513 3470 3511 3468 3513 3470 3514 3471 3515 3472 3516 3473 3517 3474 3517 3474 3516 3473 3514 3471 3517 3474 3514 3471 3518 3475 3518 3475 3514 3471 3513 3470 3519 3476 3520 3477 3521 3478 3522 3479 3523 3480 3524 3481 3525 3482 1772 1757 702 699 3526 3483 3527 3484 3493 3450 1767 1752 1769 1754 3490 3447 3490 3447 1769 1754 3526 3483 3490 3447 3526 3483 3492 3449 3492 3449 3526 3483 3493 3450 3528 3485 3529 3486 3499 3456 3499 3456 3498 3455 3528 3485 3528 3485 3498 3455 3496 3453 3528 3485 3496 3453 3527 3484 3527 3484 3496 3453 3495 3452 3527 3484 3495 3452 3493 3450 3530 3487 3531 3488 3506 3463 3506 3463 3504 3461 3530 3487 3530 3487 3504 3461 3502 3459 3530 3487 3502 3459 3529 3486 3529 3486 3502 3459 3501 3458 3529 3486 3501 3458 3499 3456 3532 3489 3533 3490 3513 3470 3513 3470 3512 3469 3532 3489 3532 3489 3512 3469 3510 3467 3532 3489 3510 3467 3531 3488 3531 3488 3510 3467 3508 3465 3531 3488 3508 3465 3506 3463 3523 3480 3515 3472 3524 3481 3524 3481 3515 3472 3517 3474 3524 3481 3517 3474 3533 3490 3533 3490 3517 3474 3518 3475 3533 3490 3518 3475 3513 3470 1782 1767 1775 1760 3534 3491 1784 1769 1783 1768 3535 3492 3535 3492 1783 1768 1782 1767 3535 3492 1782 1767 3536 3493 3536 3493 1782 1767 3534 3491 1784 1769 3535 3492 1777 1762 1777 1762 3535 3492 3537 3494 1777 1762 3537 3494 1778 1763 1778 1763 3537 3494 3538 3495 1778 1763 3538 3495 1779 1764 1779 1764 3538 3495 1780 1765 1780 1765 3538 3495 3539 3496 1780 1765 3539 3496 1781 1766 95 92 1781 1766 238 235 238 235 1781 1766 3539 3496 238 235 3539 3496 239 236 239 236 3539 3496 3540 3497 239 236 3540 3497 240 237 240 237 3540 3497 231 228 258 255 250 247 3541 3498 3541 3498 250 247 249 246 3541 3498 249 246 3540 3497 3540 3497 249 246 233 230 3540 3497 233 230 231 228 702 699 210 207 3525 3482 3525 3482 210 207 209 206 3525 3482 209 206 3542 3499 3542 3499 209 206 214 211 3542 3499 214 211 213 210 213 210 256 253 3542 3499 3542 3499 256 253 260 257 3542 3499 260 257 3541 3498 3541 3498 260 257 259 256 3541 3498 259 256 258 255 3534 3491 3519 3476 3536 3493 3536 3493 3519 3476 3521 3478 3536 3493 3521 3478 3535 3492 3535 3492 3521 3478 3543 3500 3535 3492 3543 3500 3537 3494 3537 3494 3543 3500 3544 3501 3537 3494 3544 3501 3538 3495 3538 3495 3544 3501 3545 3502 3538 3495 3545 3502 3539 3496 3539 3496 3545 3502 3546 3503 3539 3496 3546 3503 3540 3497 3540 3497 3546 3503 3547 3504 3540 3497 3547 3504 3541 3498 3541 3498 3547 3504 3548 3505 3541 3498 3548 3505 3542 3499 3542 3499 3548 3505 3549 3506 3542 3499 3549 3506 3525 3482 3525 3482 3549 3506 3550 3507 3525 3482 3550 3507 1772 1757 1772 1757 3550 3507 1761 1746 3520 3477 3551 3508 3521 3478 3521 3478 3551 3508 3552 3509 3521 3478 3552 3509 3543 3500 3543 3500 3552 3509 3553 3510 3543 3500 3553 3510 3544 3501 3544 3501 3553 3510 3554 3511 3544 3501 3554 3511 3545 3502 3545 3502 3554 3511 3555 3512 3545 3502 3555 3512 3546 3503 3546 3503 3555 3512 3556 3513 3546 3503 3556 3513 3547 3504 3547 3504 3556 3513 3557 3514 3547 3504 3557 3514 3548 3505 3548 3505 3557 3514 3558 3515 3548 3505 3558 3515 3549 3506 3549 3506 3558 3515 3559 3516 3549 3506 3559 3516 3550 3507 3550 3507 3559 3516 3560 3517 3550 3507 3560 3517 1761 1746 1761 1746 3560 3517 1762 1747 3551 3508 3522 3479 3552 3509 3552 3509 3522 3479 3524 3481 3552 3509 3524 3481 3553 3510 3553 3510 3524 3481 3533 3490 3553 3510 3533 3490 3554 3511 3554 3511 3533 3490 3532 3489 3554 3511 3532 3489 3555 3512 3555 3512 3532 3489 3531 3488 3555 3512 3531 3488 3556 3513 3556 3513 3531 3488 3530 3487 3556 3513 3530 3487 3557 3514 3557 3514 3530 3487 3529 3486 3557 3514 3529 3486 3558 3515 3558 3515 3529 3486 3528 3485 3558 3515 3528 3485 3559 3516 3559 3516 3528 3485 3527 3484 3559 3516 3527 3484 3560 3517 3560 3517 3527 3484 3526 3483 3560 3517 3526 3483 1762 1747 1762 1747 3526 3483 1769 1754 873 884 421 418 921 932 3561 3518 1775 1760 3562 3519 3562 3519 1775 1760 1774 1759 3562 3519 1774 1759 3563 3520 1858 1843 3564 3521 1908 1893 1908 1893 3564 3521 3565 3522 1908 1893 3565 3522 1907 1892 1907 1892 3565 3522 3566 3523 1907 1892 3566 3523 1785 1770 1774 1759 873 884 3563 3520 3563 3520 873 884 921 932 3563 3520 921 932 3567 3524 3567 3524 921 932 1848 1833 3567 3524 1848 1833 3568 3525 3568 3525 1848 1833 1849 1834 3568 3525 1849 1834 3569 3526 3569 3526 1849 1834 1818 1803 3569 3526 1818 1803 3566 3523 3566 3523 1818 1803 1786 1771 3566 3523 1786 1771 1785 1770 2044 2029 1297 1308 2698 2683 3564 3521 1858 1843 2698 2683 2698 2683 1858 1843 1957 1942 1957 1942 1956 1941 2698 2683 2698 2683 1956 1941 1951 1936 2698 2683 1951 1936 1950 1935 1950 1935 2022 2007 2698 2683 2698 2683 2022 2007 2045 2030 2698 2683 2045 2030 2044 2029 3570 3527 2201 2186 3571 3528 3571 3528 2201 2186 2060 2045 3571 3528 2060 2045 3572 3529 3572 3529 2060 2045 2061 2046 3572 3529 2061 2046 3573 3530 3573 3530 2061 2046 2063 2048 3573 3530 2063 2048 3574 3531 3574 3531 2063 2048 2072 2057 3574 3531 2072 2057 3575 3532 3575 3532 2072 2057 2071 2056 3575 3532 2071 2056 3576 3533 3576 3533 2071 2056 2069 2054 3576 3533 2069 2054 3577 3534 3577 3534 2069 2054 2067 2052 3577 3534 2067 2052 3578 3535 3578 3535 2067 2052 2065 2050 3578 3535 2065 2050 3579 3536 3579 3536 2065 2050 2064 2049 3579 3536 2064 2049 3580 3537 3580 3537 2064 2049 2073 2058 3580 3537 2073 2058 3581 3538 3581 3538 2073 2058 2075 2060 3581 3538 2075 2060 3582 3539 3582 3539 2075 2060 2077 2062 3582 3539 2077 2062 3583 3540 3583 3540 2077 2062 2079 2064 3583 3540 2079 2064 3584 3541 3584 3541 2079 2064 2086 2071 3584 3541 2086 2071 3585 3542 3585 3542 2086 2071 2085 2070 3585 3542 2085 2070 3586 3543 3586 3543 2085 2070 2083 2068 3586 3543 2083 2068 3587 3544 3587 3544 2083 2068 2081 2066 3587 3544 2081 2066 3588 3545 3588 3545 2081 2066 2089 2074 3588 3545 2089 2074 3589 3546 3589 3546 2089 2074 2088 2073 3589 3546 2088 2073 3590 3547 3590 3547 2088 2073 2087 2072 3590 3547 2087 2072 3591 3548 3591 3548 2087 2072 2092 2077 3591 3548 2092 2077 3592 3549 3592 3549 2092 2077 2094 2079 3592 3549 2094 2079 3593 3550 3593 3550 2094 2079 2095 2080 3593 3550 2095 2080 3594 3551 3594 3551 2095 2080 2097 2082 3594 3551 2097 2082 3595 3552 3595 3552 2097 2082 2099 2084 3595 3552 2099 2084 3596 3553 3596 3553 2099 2084 2108 2093 3596 3553 2108 2093 3597 3554 3597 3554 2108 2093 2107 2092 3597 3554 2107 2092 3598 3555 3598 3555 2107 2092 2105 2090 3598 3555 2105 2090 3599 3556 3599 3556 2105 2090 2103 2088 3599 3556 2103 2088 3600 3557 3600 3557 2103 2088 2101 2086 3600 3557 2101 2086 3601 3558 3601 3558 2101 2086 2100 2085 3601 3558 2100 2085 3602 3559 3602 3559 2100 2085 2109 2094 3602 3559 2109 2094 3603 3560 3603 3560 2109 2094 2111 2096 3603 3560 2111 2096 3604 3561 3604 3561 2111 2096 2113 2098 3604 3561 2113 2098 3605 3562 3605 3562 2113 2098 2115 2100 3605 3562 2115 2100 3606 3563 3606 3563 2115 2100 2122 2107 3606 3563 2122 2107 3607 3564 3607 3564 2122 2107 2121 2106 3607 3564 2121 2106 3608 3565 3608 3565 2121 2106 2119 2104 3608 3565 2119 2104 3609 3566 3609 3566 2119 2104 2117 2102 3609 3566 2117 2102 3610 3567 3610 3567 2117 2102 2125 2110 3610 3567 2125 2110 3611 3568 3611 3568 2125 2110 2124 2109 3611 3568 2124 2109 3612 3569 3612 3569 2124 2109 2123 2108 3612 3569 2123 2108 3613 3570 3613 3570 2123 2108 2128 2113 3613 3570 2128 2113 3614 3571 3614 3571 2128 2113 2130 2115 3614 3571 2130 2115 3615 3572 3615 3572 2130 2115 2131 2116 3615 3572 2131 2116 3616 3573 3616 3573 2131 2116 2133 2118 3616 3573 2133 2118 3617 3574 3617 3574 2133 2118 2135 2120 3617 3574 2135 2120 3618 3575 3618 3575 2135 2120 2144 2129 3618 3575 2144 2129 3619 3576 3619 3576 2144 2129 2143 2128 3619 3576 2143 2128 3620 3577 3620 3577 2143 2128 2141 2126 3620 3577 2141 2126 3621 3578 3621 3578 2141 2126 2139 2124 3621 3578 2139 2124 3622 3579 3622 3579 2139 2124 2137 2122 3622 3579 2137 2122 3623 3580 3623 3580 2137 2122 2136 2121 3623 3580 2136 2121 3624 3581 3624 3581 2136 2121 2145 2130 3624 3581 2145 2130 3625 3582 3625 3582 2145 2130 2147 2132 3625 3582 2147 2132 3626 3583 3626 3583 2147 2132 2149 2134 3626 3583 2149 2134 3627 3584 3627 3584 2149 2134 2151 2136 3627 3584 2151 2136 3628 3585 3628 3585 2151 2136 2158 2143 3628 3585 2158 2143 3629 3586 3629 3586 2158 2143 2157 2142 3629 3586 2157 2142 3630 3587 3630 3587 2157 2142 2155 2140 3630 3587 2155 2140 3631 3588 3631 3588 2155 2140 2153 2138 3631 3588 2153 2138 3632 3589 3632 3589 2153 2138 2161 2146 3632 3589 2161 2146 3633 3590 3633 3590 2161 2146 2160 2145 3633 3590 2160 2145 3634 3591 3634 3591 2160 2145 2159 2144 3634 3591 2159 2144 3635 3592 3635 3592 2159 2144 2164 2149 3635 3592 2164 2149 3636 3593 3636 3593 2164 2149 2166 2151 3636 3593 2166 2151 3637 3594 3637 3594 2166 2151 2167 2152 3637 3594 2167 2152 3638 3595 3638 3595 2167 2152 2169 2154 3638 3595 2169 2154 3639 3596 3639 3596 2169 2154 2171 2156 3639 3596 2171 2156 3640 3597 3640 3597 2171 2156 2180 2165 3640 3597 2180 2165 3641 3598 3641 3598 2180 2165 2179 2164 3641 3598 2179 2164 3642 3599 3642 3599 2179 2164 2177 2162 3642 3599 2177 2162 3643 3600 3643 3600 2177 2162 2175 2160 3643 3600 2175 2160 3644 3601 3644 3601 2175 2160 2173 2158 3644 3601 2173 2158 3645 3602 3645 3602 2173 2158 2172 2157 3645 3602 2172 2157 3646 3603 3646 3603 2172 2157 2181 2166 3646 3603 2181 2166 3647 3604 3647 3604 2181 2166 2183 2168 3647 3604 2183 2168 3648 3605 3648 3605 2183 2168 2185 2170 3648 3605 2185 2170 3649 3606 3649 3606 2185 2170 2187 2172 3649 3606 2187 2172 3650 3607 3650 3607 2187 2172 2194 2179 3650 3607 2194 2179 3651 3608 3651 3608 2194 2179 2193 2178 3651 3608 2193 2178 3652 3609 3652 3609 2193 2178 2191 2176 3652 3609 2191 2176 3653 3610 3653 3610 2191 2176 2189 2174 3653 3610 2189 2174 3654 3611 3654 3611 2189 2174 2197 2182 3654 3611 2197 2182 3655 3612 3655 3612 2197 2182 2196 2181 3655 3612 2196 2181 3656 3613 3656 3613 2196 2181 2195 2180 3656 3613 2195 2180 3657 3614 3657 3614 2195 2180 2200 2185 3657 3614 2200 2185 3570 3527 3570 3527 2200 2185 2201 2186 2696 2681 2695 2680 3658 3615 2691 2676 2690 2675 3659 3616 2689 2674 2688 2673 3660 3617 2684 2669 2683 2668 3661 3618 2679 2664 2678 2663 3662 3619 2677 2662 2676 2661 3663 3620 2672 2657 2671 2656 3664 3621 2670 2655 2669 2654 3665 3622 2668 2653 2667 2652 3666 3623 2665 2650 2664 2649 3667 3624 2660 2645 2659 2644 3668 3625 2658 2643 2657 2642 3669 3626 2653 2638 2652 2637 3670 3627 2651 2636 2650 2635 3671 3628 3672 3629 3673 3630 3674 3631 3675 3632 3676 3633 3677 3634 3678 3635 3679 3636 3680 3637 3681 3638 3682 3639 3683 3640 3683 3640 3682 3639 3684 3641 3683 3640 3684 3641 3685 3642 3685 3642 3684 3641 3686 3643 3685 3642 3686 3643 3687 3644 3687 3644 3686 3643 3688 3645 3687 3644 3688 3645 3689 3646 3689 3646 3688 3645 3690 3647 3689 3646 3690 3647 3691 3648 3691 3648 3690 3647 3692 3649 3691 3648 3692 3649 3693 3650 3693 3650 3692 3649 3694 3651 3693 3650 3694 3651 3695 3652 3695 3652 3694 3651 3696 3653 3695 3652 3696 3653 3697 3654 3697 3654 3696 3653 3669 3626 3698 3655 3699 3656 3700 3657 3700 3657 3699 3656 3701 3658 3700 3657 3701 3658 3702 3659 3702 3659 3701 3658 3703 3660 3702 3659 3703 3660 3704 3661 3704 3661 3703 3660 3705 3662 3704 3661 3705 3662 3706 3663 3706 3663 3705 3662 3707 3664 3706 3663 3707 3664 3708 3665 3708 3665 3707 3664 3709 3666 3708 3665 3709 3666 3710 3667 3710 3667 3709 3666 3711 3668 3710 3667 3711 3668 3712 3669 3712 3669 3711 3668 3713 3670 3712 3669 3713 3670 3714 3671 3714 3671 3713 3670 3667 3624 3676 3633 3672 3629 3677 3634 3677 3634 3672 3629 3674 3631 3677 3634 3674 3631 3715 3672 3715 3672 3674 3631 3716 3673 3715 3672 3716 3673 3717 3674 3717 3674 3716 3673 3718 3675 3717 3674 3718 3675 3719 3676 3719 3676 3718 3675 3720 3677 3719 3676 3720 3677 3721 3678 3721 3678 3720 3677 3722 3679 3721 3678 3722 3679 3723 3680 3723 3680 3722 3679 3724 3681 3723 3680 3724 3681 3725 3682 3725 3682 3724 3681 3726 3683 3725 3682 3726 3683 3727 3684 3727 3684 3726 3683 3663 3620 3728 3685 3729 3686 3730 3687 3730 3687 3729 3686 3731 3688 3730 3687 3731 3688 3732 3689 3732 3689 3731 3688 3733 3690 3732 3689 3733 3690 3734 3691 3734 3691 3733 3690 3735 3692 3734 3691 3735 3692 3736 3693 3736 3693 3735 3692 3737 3694 3736 3693 3737 3694 3738 3695 3738 3695 3737 3694 3739 3696 3738 3695 3739 3696 3740 3697 3740 3697 3739 3696 3741 3698 3740 3697 3741 3698 3742 3699 3742 3699 3741 3698 3743 3700 3742 3699 3743 3700 3744 3701 3744 3701 3743 3700 3661 3618 3745 3702 3746 3703 3747 3704 3747 3704 3746 3703 3748 3705 3747 3704 3748 3705 3749 3706 3749 3706 3748 3705 3750 3707 3749 3706 3750 3707 3751 3708 3751 3708 3750 3707 3752 3709 3751 3708 3752 3709 3753 3710 3753 3710 3752 3709 3754 3711 3753 3710 3754 3711 3755 3712 3755 3712 3754 3711 3756 3713 3755 3712 3756 3713 3757 3714 3757 3714 3756 3713 3758 3715 3757 3714 3758 3715 3759 3716 3759 3716 3758 3715 3760 3717 3759 3716 3760 3717 3761 3718 3761 3718 3760 3717 3660 3617 3762 3719 3763 3720 3764 3721 3764 3721 3763 3720 3765 3722 3764 3721 3765 3722 3766 3723 3766 3723 3765 3722 3767 3724 3766 3723 3767 3724 3768 3725 3768 3725 3767 3724 3769 3726 3768 3725 3769 3726 3770 3727 3770 3727 3769 3726 3771 3728 3770 3727 3771 3728 3772 3729 3772 3729 3771 3728 3773 3730 3772 3729 3773 3730 3774 3731 3774 3731 3773 3730 3775 3732 3774 3731 3775 3732 3776 3733 3776 3733 3775 3732 3777 3734 3776 3733 3777 3734 3778 3735 3778 3735 3777 3734 3658 3615 3779 3736 3780 3737 3781 3738 3781 3738 3780 3737 3782 3739 3781 3738 3782 3739 3783 3740 3783 3740 3782 3739 3784 3741 3783 3740 3784 3741 3785 3742 3785 3742 3784 3741 3786 3743 3785 3742 3786 3743 3787 3744 3787 3744 3786 3743 3788 3745 3787 3744 3788 3745 3789 3746 3789 3746 3788 3745 3790 3747 3789 3746 3790 3747 3791 3748 3791 3748 3790 3747 3792 3749 3791 3748 3792 3749 3793 3750 3793 3750 3792 3749 3794 3751 3793 3750 3794 3751 3795 3752 3795 3752 3794 3751 3671 3628 3795 3752 3671 3628 2649 2634 2649 2634 3671 3628 2650 2635 3780 3737 3796 3753 3782 3739 3782 3739 3796 3753 3797 3754 3782 3739 3797 3754 3784 3741 3784 3741 3797 3754 3798 3755 3784 3741 3798 3755 3786 3743 3786 3743 3798 3755 3799 3756 3786 3743 3799 3756 3788 3745 3788 3745 3799 3756 3800 3757 3788 3745 3800 3757 3790 3747 3790 3747 3800 3757 3801 3758 3790 3747 3801 3758 3792 3749 3792 3749 3801 3758 3802 3759 3792 3749 3802 3759 3794 3751 3794 3751 3802 3759 3803 3760 3794 3751 3803 3760 3671 3628 3671 3628 3803 3760 3670 3627 3671 3628 3670 3627 2651 2636 2651 2636 3670 3627 2652 2637 2654 2639 2653 2638 3804 3761 3804 3761 2653 2638 3670 3627 3804 3761 3670 3627 3805 3762 3805 3762 3670 3627 3803 3760 3805 3762 3803 3760 3806 3763 3806 3763 3803 3760 3802 3759 3806 3763 3802 3759 3807 3764 3807 3764 3802 3759 3801 3758 3807 3764 3801 3758 3808 3765 3808 3765 3801 3758 3800 3757 3808 3765 3800 3757 3809 3766 3809 3766 3800 3757 3799 3756 3809 3766 3799 3756 3810 3767 3810 3767 3799 3756 3798 3755 3810 3767 3798 3755 3811 3768 3811 3768 3798 3755 3797 3754 3811 3768 3797 3754 3812 3769 3812 3769 3797 3754 3796 3753 3812 3769 3681 3638 3811 3768 3811 3768 3681 3638 3683 3640 3811 3768 3683 3640 3810 3767 3810 3767 3683 3640 3685 3642 3810 3767 3685 3642 3809 3766 3809 3766 3685 3642 3687 3644 3809 3766 3687 3644 3808 3765 3808 3765 3687 3644 3689 3646 3808 3765 3689 3646 3807 3764 3807 3764 3689 3646 3691 3648 3807 3764 3691 3648 3806 3763 3806 3763 3691 3648 3693 3650 3806 3763 3693 3650 3805 3762 3805 3762 3693 3650 3695 3652 3805 3762 3695 3652 3804 3761 3804 3761 3695 3652 3697 3654 3804 3761 3697 3654 2654 2639 2654 2639 3697 3654 2655 2640 3669 3626 2657 2642 3697 3654 3697 3654 2657 2642 2656 2641 3697 3654 2656 2641 2655 2640 2659 2644 2658 2643 3668 3625 3668 3625 2658 2643 3669 3626 3668 3625 3669 3626 3813 3770 3813 3770 3669 3626 3696 3653 3813 3770 3696 3653 3814 3771 3814 3771 3696 3653 3694 3651 3814 3771 3694 3651 3815 3772 3815 3772 3694 3651 3692 3649 3815 3772 3692 3649 3816 3773 3816 3773 3692 3649 3690 3647 3816 3773 3690 3647 3817 3774 3817 3774 3690 3647 3688 3645 3817 3774 3688 3645 3818 3775 3818 3775 3688 3645 3686 3643 3818 3775 3686 3643 3819 3776 3819 3776 3686 3643 3684 3641 3819 3776 3684 3641 3820 3777 3820 3777 3684 3641 3682 3639 2661 2646 2660 2645 3821 3778 3821 3778 2660 2645 3668 3625 3821 3778 3668 3625 3822 3779 3822 3779 3668 3625 3813 3770 3822 3779 3813 3770 3823 3780 3823 3780 3813 3770 3814 3771 3823 3780 3814 3771 3824 3781 3824 3781 3814 3771 3815 3772 3824 3781 3815 3772 3825 3782 3825 3782 3815 3772 3816 3773 3825 3782 3816 3773 3826 3783 3826 3783 3816 3773 3817 3774 3826 3783 3817 3774 3827 3784 3827 3784 3817 3774 3818 3775 3827 3784 3818 3775 3828 3785 3828 3785 3818 3775 3819 3776 3828 3785 3819 3776 3829 3786 3829 3786 3819 3776 3820 3777 3829 3786 3698 3655 3828 3785 3828 3785 3698 3655 3700 3657 3828 3785 3700 3657 3827 3784 3827 3784 3700 3657 3702 3659 3827 3784 3702 3659 3826 3783 3826 3783 3702 3659 3704 3661 3826 3783 3704 3661 3825 3782 3825 3782 3704 3661 3706 3663 3825 3782 3706 3663 3824 3781 3824 3781 3706 3663 3708 3665 3824 3781 3708 3665 3823 3780 3823 3780 3708 3665 3710 3667 3823 3780 3710 3667 3822 3779 3822 3779 3710 3667 3712 3669 3822 3779 3712 3669 3821 3778 3821 3778 3712 3669 3714 3671 3821 3778 3714 3671 2661 2646 2661 2646 3714 3671 2662 2647 3667 3624 2664 2649 3714 3671 3714 3671 2664 2649 2663 2648 3714 3671 2663 2648 2662 2647 2666 2651 2665 2650 3830 3787 3830 3787 2665 2650 3667 3624 3830 3787 3667 3624 3831 3788 3831 3788 3667 3624 3713 3670 3831 3788 3713 3670 3832 3789 3832 3789 3713 3670 3711 3668 3832 3789 3711 3668 3833 3790 3833 3790 3711 3668 3709 3666 3833 3790 3709 3666 3834 3791 3834 3791 3709 3666 3707 3664 3834 3791 3707 3664 3835 3792 3835 3792 3707 3664 3705 3662 3835 3792 3705 3662 3836 3793 3836 3793 3705 3662 3703 3660 3836 3793 3703 3660 3837 3794 3837 3794 3703 3660 3701 3658 3837 3794 3701 3658 3838 3795 3838 3795 3701 3658 3699 3656 3838 3795 3839 3796 3837 3794 3837 3794 3839 3796 3840 3797 3837 3794 3840 3797 3836 3793 3836 3793 3840 3797 3841 3798 3836 3793 3841 3798 3835 3792 3835 3792 3841 3798 3842 3799 3835 3792 3842 3799 3834 3791 3834 3791 3842 3799 3843 3800 3834 3791 3843 3800 3833 3790 3833 3790 3843 3800 3844 3801 3833 3790 3844 3801 3832 3789 3832 3789 3844 3801 3845 3802 3832 3789 3845 3802 3831 3788 3831 3788 3845 3802 3846 3803 3831 3788 3846 3803 3830 3787 3830 3787 3846 3803 3666 3623 3830 3787 3666 3623 2666 2651 2666 2651 3666 3623 2667 2652 2669 2654 2668 2653 3665 3622 3665 3622 2668 2653 3666 3623 3665 3622 3666 3623 3847 3804 3847 3804 3666 3623 3846 3803 3847 3804 3846 3803 3848 3805 3848 3805 3846 3803 3845 3802 3848 3805 3845 3802 3849 3806 3849 3806 3845 3802 3844 3801 3849 3806 3844 3801 3850 3807 3850 3807 3844 3801 3843 3800 3850 3807 3843 3800 3851 3808 3851 3808 3843 3800 3842 3799 3851 3808 3842 3799 3852 3809 3852 3809 3842 3799 3841 3798 3852 3809 3841 3798 3853 3810 3853 3810 3841 3798 3840 3797 3853 3810 3840 3797 3854 3811 3854 3811 3840 3797 3839 3796 3854 3811 3855 3812 3853 3810 3853 3810 3855 3812 3856 3813 3853 3810 3856 3813 3852 3809 3852 3809 3856 3813 3857 3814 3852 3809 3857 3814 3851 3808 3851 3808 3857 3814 3858 3815 3851 3808 3858 3815 3850 3807 3850 3807 3858 3815 3859 3816 3850 3807 3859 3816 3849 3806 3849 3806 3859 3816 3860 3817 3849 3806 3860 3817 3848 3805 3848 3805 3860 3817 3861 3818 3848 3805 3861 3818 3847 3804 3847 3804 3861 3818 3862 3819 3847 3804 3862 3819 3665 3622 3665 3622 3862 3819 3664 3621 3665 3622 3664 3621 2670 2655 2670 2655 3664 3621 2671 2656 2673 2658 2672 2657 3863 3820 3863 3820 2672 2657 3664 3621 3863 3820 3664 3621 3864 3821 3864 3821 3664 3621 3862 3819 3864 3821 3862 3819 3865 3822 3865 3822 3862 3819 3861 3818 3865 3822 3861 3818 3866 3823 3866 3823 3861 3818 3860 3817 3866 3823 3860 3817 3867 3824 3867 3824 3860 3817 3859 3816 3867 3824 3859 3816 3868 3825 3868 3825 3859 3816 3858 3815 3868 3825 3858 3815 3869 3826 3869 3826 3858 3815 3857 3814 3869 3826 3857 3814 3680 3637 3680 3637 3857 3814 3856 3813 3680 3637 3856 3813 3678 3635 3678 3635 3856 3813 3855 3812 3679 3636 3675 3632 3680 3637 3680 3637 3675 3632 3677 3634 3680 3637 3677 3634 3869 3826 3869 3826 3677 3634 3715 3672 3869 3826 3715 3672 3868 3825 3868 3825 3715 3672 3717 3674 3868 3825 3717 3674 3867 3824 3867 3824 3717 3674 3719 3676 3867 3824 3719 3676 3866 3823 3866 3823 3719 3676 3721 3678 3866 3823 3721 3678 3865 3822 3865 3822 3721 3678 3723 3680 3865 3822 3723 3680 3864 3821 3864 3821 3723 3680 3725 3682 3864 3821 3725 3682 3863 3820 3863 3820 3725 3682 3727 3684 3863 3820 3727 3684 2673 2658 2673 2658 3727 3684 2674 2659 3663 3620 2676 2661 3727 3684 3727 3684 2676 2661 2675 2660 3727 3684 2675 2660 2674 2659 2678 2663 2677 2662 3662 3619 3662 3619 2677 2662 3663 3620 3662 3619 3663 3620 3870 3827 3870 3827 3663 3620 3726 3683 3870 3827 3726 3683 3871 3828 3871 3828 3726 3683 3724 3681 3871 3828 3724 3681 3872 3829 3872 3829 3724 3681 3722 3679 3872 3829 3722 3679 3873 3830 3873 3830 3722 3679 3720 3677 3873 3830 3720 3677 3874 3831 3874 3831 3720 3677 3718 3675 3874 3831 3718 3675 3875 3832 3875 3832 3718 3675 3716 3673 3875 3832 3716 3673 3876 3833 3876 3833 3716 3673 3674 3631 3876 3833 3674 3631 3877 3834 3877 3834 3674 3631 3673 3630 2680 2665 2679 2664 3878 3835 3878 3835 2679 2664 3662 3619 3878 3835 3662 3619 3879 3836 3879 3836 3662 3619 3870 3827 3879 3836 3870 3827 3880 3837 3880 3837 3870 3827 3871 3828 3880 3837 3871 3828 3881 3838 3881 3838 3871 3828 3872 3829 3881 3838 3872 3829 3882 3839 3882 3839 3872 3829 3873 3830 3882 3839 3873 3830 3883 3840 3883 3840 3873 3830 3874 3831 3883 3840 3874 3831 3884 3841 3884 3841 3874 3831 3875 3832 3884 3841 3875 3832 3885 3842 3885 3842 3875 3832 3876 3833 3885 3842 3876 3833 3886 3843 3886 3843 3876 3833 3877 3834 3886 3843 3728 3685 3885 3842 3885 3842 3728 3685 3730 3687 3885 3842 3730 3687 3884 3841 3884 3841 3730 3687 3732 3689 3884 3841 3732 3689 3883 3840 3883 3840 3732 3689 3734 3691 3883 3840 3734 3691 3882 3839 3882 3839 3734 3691 3736 3693 3882 3839 3736 3693 3881 3838 3881 3838 3736 3693 3738 3695 3881 3838 3738 3695 3880 3837 3880 3837 3738 3695 3740 3697 3880 3837 3740 3697 3879 3836 3879 3836 3740 3697 3742 3699 3879 3836 3742 3699 3878 3835 3878 3835 3742 3699 3744 3701 3878 3835 3744 3701 2680 2665 2680 2665 3744 3701 2681 2666 3661 3618 2683 2668 3744 3701 3744 3701 2683 2668 2682 2667 3744 3701 2682 2667 2681 2666 2685 2670 2684 2669 3887 3844 3887 3844 2684 2669 3661 3618 3887 3844 3661 3618 3888 3845 3888 3845 3661 3618 3743 3700 3888 3845 3743 3700 3889 3846 3889 3846 3743 3700 3741 3698 3889 3846 3741 3698 3890 3847 3890 3847 3741 3698 3739 3696 3890 3847 3739 3696 3891 3848 3891 3848 3739 3696 3737 3694 3891 3848 3737 3694 3892 3849 3892 3849 3737 3694 3735 3692 3892 3849 3735 3692 3893 3850 3893 3850 3735 3692 3733 3690 3893 3850 3733 3690 3894 3851 3894 3851 3733 3690 3731 3688 3894 3851 3731 3688 3895 3852 3895 3852 3731 3688 3729 3686 3895 3852 3745 3702 3894 3851 3894 3851 3745 3702 3747 3704 3894 3851 3747 3704 3893 3850 3893 3850 3747 3704 3749 3706 3893 3850 3749 3706 3892 3849 3892 3849 3749 3706 3751 3708 3892 3849 3751 3708 3891 3848 3891 3848 3751 3708 3753 3710 3891 3848 3753 3710 3890 3847 3890 3847 3753 3710 3755 3712 3890 3847 3755 3712 3889 3846 3889 3846 3755 3712 3757 3714 3889 3846 3757 3714 3888 3845 3888 3845 3757 3714 3759 3716 3888 3845 3759 3716 3887 3844 3887 3844 3759 3716 3761 3718 3887 3844 3761 3718 2685 2670 2685 2670 3761 3718 2686 2671 3660 3617 2688 2673 3761 3718 3761 3718 2688 2673 2687 2672 3761 3718 2687 2672 2686 2671 3746 3703 3896 3853 3748 3705 3748 3705 3896 3853 3897 3854 3748 3705 3897 3854 3750 3707 3750 3707 3897 3854 3898 3855 3750 3707 3898 3855 3752 3709 3752 3709 3898 3855 3899 3856 3752 3709 3899 3856 3754 3711 3754 3711 3899 3856 3900 3857 3754 3711 3900 3857 3756 3713 3756 3713 3900 3857 3901 3858 3756 3713 3901 3858 3758 3715 3758 3715 3901 3858 3902 3859 3758 3715 3902 3859 3760 3717 3760 3717 3902 3859 3903 3860 3760 3717 3903 3860 3660 3617 3660 3617 3903 3860 3659 3616 3660 3617 3659 3616 2689 2674 2689 2674 3659 3616 2690 2675 2692 2677 2691 2676 3904 3861 3904 3861 2691 2676 3659 3616 3904 3861 3659 3616 3905 3862 3905 3862 3659 3616 3903 3860 3905 3862 3903 3860 3906 3863 3906 3863 3903 3860 3902 3859 3906 3863 3902 3859 3907 3864 3907 3864 3902 3859 3901 3858 3907 3864 3901 3858 3908 3865 3908 3865 3901 3858 3900 3857 3908 3865 3900 3857 3909 3866 3909 3866 3900 3857 3899 3856 3909 3866 3899 3856 3910 3867 3910 3867 3899 3856 3898 3855 3910 3867 3898 3855 3911 3868 3911 3868 3898 3855 3897 3854 3911 3868 3897 3854 3912 3869 3912 3869 3897 3854 3896 3853 3912 3869 3762 3719 3911 3868 3911 3868 3762 3719 3764 3721 3911 3868 3764 3721 3910 3867 3910 3867 3764 3721 3766 3723 3910 3867 3766 3723 3909 3866 3909 3866 3766 3723 3768 3725 3909 3866 3768 3725 3908 3865 3908 3865 3768 3725 3770 3727 3908 3865 3770 3727 3907 3864 3907 3864 3770 3727 3772 3729 3907 3864 3772 3729 3906 3863 3906 3863 3772 3729 3774 3731 3906 3863 3774 3731 3905 3862 3905 3862 3774 3731 3776 3733 3905 3862 3776 3733 3904 3861 3904 3861 3776 3733 3778 3735 3904 3861 3778 3735 2692 2677 2692 2677 3778 3735 2693 2678 3658 3615 2695 2680 3778 3735 3778 3735 2695 2680 2694 2679 3778 3735 2694 2679 2693 2678 2697 2682 2696 2681 3913 3870 3913 3870 2696 2681 3658 3615 3913 3870 3658 3615 3914 3871 3914 3871 3658 3615 3777 3734 3914 3871 3777 3734 3915 3872 3915 3872 3777 3734 3775 3732 3915 3872 3775 3732 3916 3873 3916 3873 3775 3732 3773 3730 3916 3873 3773 3730 3917 3874 3917 3874 3773 3730 3771 3728 3917 3874 3771 3728 3918 3875 3918 3875 3771 3728 3769 3726 3918 3875 3769 3726 3919 3876 3919 3876 3769 3726 3767 3724 3919 3876 3767 3724 3920 3877 3920 3877 3767 3724 3765 3722 3920 3877 3765 3722 3921 3878 3921 3878 3765 3722 3763 3720 3921 3878 3922 3879 3920 3877 3920 3877 3922 3879 3923 3880 3920 3877 3923 3880 3919 3876 3919 3876 3923 3880 3924 3881 3919 3876 3924 3881 3918 3875 3918 3875 3924 3881 3925 3882 3918 3875 3925 3882 3917 3874 3917 3874 3925 3882 3926 3883 3917 3874 3926 3883 3916 3873 3916 3873 3926 3883 3927 3884 3916 3873 3927 3884 3915 3872 3915 3872 3927 3884 3928 3885 3915 3872 3928 3885 3914 3871 3914 3871 3928 3885 3929 3886 3914 3871 3929 3886 3913 3870 3913 3870 3929 3886 3930 3887 3913 3870 3930 3887 2697 2682 2697 2682 3930 3887 2698 2683 2867 2852 2869 2854 3931 3888 2867 2852 3931 3888 2865 2850 2865 2850 3931 3888 2649 2634 2865 2850 2649 2634 2860 2845 1453 1464 2699 2684 2649 2634 2649 2634 2699 2684 2746 2731 2746 2731 2745 2730 2649 2634 2649 2634 2745 2730 2807 2792 2649 2634 2807 2792 2860 2845 2983 2968 3932 3889 2984 2969 2984 2969 3932 3889 3933 3890 2984 2969 3933 3890 1659 1670 1659 1670 3933 3890 3934 3891 3935 3892 2921 2906 2911 2896 2911 2896 2929 2914 3935 3892 3935 3892 2929 2914 2928 2913 3935 3892 2928 2913 3936 3893 3936 3893 2928 2913 2926 2911 3936 3893 2926 2911 3937 3894 3937 3894 2926 2911 2925 2910 3937 3894 2925 2910 3938 3895 3938 3895 2925 2910 2923 2908 3938 3895 2923 2908 3934 3891 3934 3891 2923 2908 1639 1650 3934 3891 1639 1650 1659 1670 1659 1670 1639 1650 510 507 2921 2906 3935 3892 2972 2957 2972 2957 3935 3892 3931 3888 2972 2957 3931 3888 2869 2854 3008 2993 3939 3896 3009 2994 3009 2994 3939 3896 3940 3897 3009 2994 3940 3897 2994 2979 2994 2979 3940 3897 3941 3898 2994 2979 3941 3898 2995 2980 2995 2980 3941 3898 3942 3899 2995 2980 3942 3899 3044 3029 3044 3029 3942 3899 3943 3900 3044 3029 3943 3900 2997 2982 2997 2982 3943 3900 3944 3901 2997 2982 3944 3901 2998 2983 2998 2983 3944 3901 3945 3902 2998 2983 3945 3902 2983 2968 2983 2968 3945 3902 3932 3889 3077 3062 3076 3061 3946 3903 3947 3904 3099 3084 3098 3083 3948 3904 3949 3904 3098 3905 3098 3905 3949 3904 3950 3904 3098 3905 3950 3904 3108 3093 3951 3904 3952 3904 3953 3904 3008 2993 3108 3093 3939 3896 3939 3896 3108 3093 3950 3904 3939 3896 3950 3904 3946 3903 3946 3903 3950 3904 3951 3904 3946 3903 3951 3904 3077 3062 3077 3062 3951 3904 3953 3904 3254 3239 3954 3906 3955 3907 3955 3907 3954 3906 3956 3908 3955 3907 3956 3908 3957 3909 3957 3909 3956 3908 3958 3910 3957 3909 3958 3910 3959 3911 3959 3911 3958 3910 3960 3912 3959 3911 3960 3912 3961 3913 3961 3913 3960 3912 3962 3914 3961 3913 3962 3914 3963 3915 3963 3915 3962 3914 3964 3916 3963 3915 3964 3916 3965 3917 3965 3917 3964 3916 3966 3918 3965 3917 3966 3918 3967 3919 3967 3919 3966 3918 3968 3920 3967 3919 3968 3920 3969 3921 3969 3921 3968 3920 3970 3922 3969 3921 3970 3922 3971 3923 3971 3923 3970 3922 3972 3924 3971 3923 3972 3924 3973 3925 3973 3925 3972 3924 3974 3926 3973 3925 3974 3926 3975 3927 3975 3927 3974 3926 3976 3928 3975 3927 3976 3928 3977 3929 3977 3929 3976 3928 3978 3930 3977 3929 3978 3930 3979 3931 3979 3931 3978 3930 3980 3932 3979 3931 3980 3932 3981 3933 3981 3933 3980 3932 3982 3934 3981 3933 3982 3934 3983 3935 3983 3935 3982 3934 3984 3936 3983 3935 3984 3936 3985 3937 3985 3937 3984 3936 3986 3938 3985 3937 3986 3938 3987 3939 3987 3939 3986 3938 3988 3940 3987 3939 3988 3940 3989 3941 3989 3941 3988 3940 3990 3942 3989 3941 3990 3942 3991 3943 3991 3943 3990 3942 3992 3944 3991 3943 3992 3944 3993 3945 3993 3945 3992 3944 3994 3946 3993 3945 3994 3946 3076 3061 3076 3061 3994 3946 3946 3903 3954 3906 3254 3239 3995 3947 3995 3947 3254 3239 3255 3240 3410 3395 3996 3948 3997 3949 3997 3949 3996 3948 3998 3950 3997 3949 3998 3950 3999 3951 3999 3951 3998 3950 4000 3952 3999 3951 4000 3952 4001 3953 4001 3953 4000 3952 4002 3954 4001 3953 4002 3954 4003 3955 4003 3955 4002 3954 4004 3956 4003 3955 4004 3956 4005 3957 4005 3957 4004 3956 4006 3958 4005 3957 4006 3958 4007 3959 4007 3959 4006 3958 4008 3960 4007 3959 4008 3960 4009 3961 4009 3961 4008 3960 4010 3962 4009 3961 4010 3962 4011 3963 4011 3963 4010 3962 4012 3964 4011 3963 4012 3964 4013 3965 4013 3965 4012 3964 4014 3966 4013 3965 4014 3966 4015 3967 4015 3967 4014 3966 4016 3968 4015 3967 4016 3968 4017 3969 4017 3969 4016 3968 4018 3970 4017 3969 4018 3970 4019 3971 4019 3971 4018 3970 4020 3972 4019 3971 4020 3972 4021 3973 4021 3973 4020 3972 4022 3974 4021 3973 4022 3974 4023 3975 4023 3975 4022 3974 4024 3976 4023 3975 4024 3976 4025 3977 4025 3977 4024 3976 4026 3978 4025 3977 4026 3978 4027 3979 4027 3979 4026 3978 4028 3980 4027 3979 4028 3980 4029 3981 4029 3981 4028 3980 4030 3982 4029 3981 4030 3982 4031 3983 4031 3983 4030 3982 4032 3984 4031 3983 4032 3984 4033 3985 4033 3985 4032 3984 4034 3986 4033 3985 4034 3986 4035 3987 4035 3987 4034 3986 4036 3988 4035 3987 4036 3988 3255 3240 3255 3240 4036 3988 3995 3947 3516 3473 3515 3472 4037 3989 4037 3989 3996 3948 3489 3446 3489 3446 3996 3948 3410 3395 4038 3990 4039 3990 4040 3990 4040 3990 4039 3990 3474 3431 4041 3990 4042 3990 4043 3990 3489 3446 4042 3990 4044 3990 3489 3446 4044 3990 4037 3989 4037 3989 4044 3990 4040 3990 4037 3989 4040 3990 4045 3990 4045 3990 4040 3990 3474 3431 4045 3990 3474 3431 3473 3430 4037 3989 3515 3472 4046 3991 4046 3991 3515 3472 3523 3480 4046 3991 3523 3480 4047 3992 4047 3992 3523 3480 3522 3479 4047 3992 3522 3479 4048 3993 4048 3993 3522 3479 3551 3508 4048 3993 3551 3508 4049 3994 4049 3994 3551 3508 3520 3477 4049 3994 3520 3477 4050 3995 4050 3995 3520 3477 3519 3476 4050 3995 3519 3476 4051 3996 4051 3996 3519 3476 3534 3491 4051 3996 3534 3491 3561 3518 3561 3518 3534 3491 1775 1760 4052 3997 4053 3998 4054 3999 4054 3999 4053 3998 4055 4000 4054 3999 4055 4000 4056 4001 4056 4001 4055 4000 4057 4002 4056 4001 4057 4002 4058 4003 4058 4003 4057 4002 4059 4004 4058 4003 4059 4004 4060 4005 4060 4005 4059 4004 4061 4006 4060 4005 4061 4006 4062 4007 4062 4007 4061 4006 4063 4008 4062 4007 4063 4008 4064 4009 4064 4009 4063 4008 4065 4010 4064 4009 4065 4010 4066 4011 4066 4011 4065 4010 4067 4012 4066 4011 4067 4012 4068 4013 4068 4013 4067 4012 4069 4014 4068 4013 4069 4014 4070 4015 4070 4015 4069 4014 4071 4016 4070 4015 4071 4016 4072 4017 4072 4017 4071 4016 4073 4018 4072 4017 4073 4018 4074 4019 4074 4019 4073 4018 4075 4020 4074 4019 4075 4020 4076 4021 4076 4021 4075 4020 4077 4022 4076 4021 4077 4022 4078 4023 4078 4023 4077 4022 4079 4024 4078 4023 4079 4024 4080 4025 4080 4025 4079 4024 4081 4026 4080 4025 4081 4026 4082 4027 4082 4027 4081 4026 4083 4028 4082 4027 4083 4028 4084 4029 4084 4029 4083 4028 4085 4030 4084 4029 4085 4030 4086 4031 4086 4031 4085 4030 4087 4032 4086 4031 4087 4032 4088 4033 4088 4033 4087 4032 4089 4034 4088 4033 4089 4034 4090 4035 4090 4035 4089 4034 4091 4036 4090 4035 4091 4036 4092 4037 4092 4037 4091 4036 4093 4038 4092 4037 4093 4038 4094 4039 4094 4039 4093 4038 4095 4040 4094 4039 4095 4040 4096 4041 4096 4041 4095 4040 4097 4042 4096 4041 4097 4042 4098 4043 4098 4043 4097 4042 4099 4044 4098 4043 4099 4044 4100 4045 4100 4045 4099 4044 4101 4046 4100 4045 4101 4046 4102 4047 4102 4047 4101 4046 4103 4048 4102 4047 4103 4048 4104 4049 4104 4049 4103 4048 4105 4050 4104 4049 4105 4050 4106 4051 4106 4051 4105 4050 4107 4052 4106 4051 4107 4052 4108 4053 4108 4053 4107 4052 4109 4054 4108 4053 4109 4054 4110 4055 4110 4055 4109 4054 4111 4056 4110 4055 4111 4056 4112 4057 4112 4057 4111 4056 4113 4058 4112 4057 4113 4058 4114 4059 4114 4059 4113 4058 4115 4060 4114 4059 4115 4060 4116 4061 4116 4061 4115 4060 4117 4062 4116 4061 4117 4062 4118 4063 4118 4063 4117 4062 4119 4064 4118 4063 4119 4064 4120 4065 4120 4065 4119 4064 4121 4066 4120 4065 4121 4066 4122 4067 4122 4067 4121 4066 4123 4068 4122 4067 4123 4068 4052 3997 4052 3997 4123 4068 4053 3998 4124 4069 4125 4070 4126 4071 4126 4071 4125 4070 4127 4072 4126 4071 4127 4072 4128 4073 4128 4073 4127 4072 4129 4074 4128 4073 4129 4074 4130 4075 4130 4075 4129 4074 4131 4076 4130 4075 4131 4076 4132 4077 4132 4077 4131 4076 4133 4078 4132 4077 4133 4078 4134 4079 4134 4079 4133 4078 4135 4080 4134 4079 4135 4080 4136 4081 4136 4081 4135 4080 4137 4082 4136 4081 4137 4082 4138 4083 4138 4083 4137 4082 4139 4084 4138 4083 4139 4084 4140 4085 4140 4085 4139 4084 4141 4086 4140 4085 4141 4086 4142 4015 4142 4015 4141 4086 4143 4016 4142 4015 4143 4016 4144 4087 4144 4087 4143 4016 4145 4088 4144 4087 4145 4088 4146 4089 4146 4089 4145 4088 4147 4090 4146 4089 4147 4090 4148 4091 4148 4091 4147 4090 4149 4092 4148 4091 4149 4092 4150 4093 4150 4093 4149 4092 4151 4094 4150 4093 4151 4094 4152 4095 4152 4095 4151 4094 4153 4096 4152 4095 4153 4096 4154 4097 4154 4097 4153 4096 4155 4098 4154 4097 4155 4098 4156 4099 4156 4099 4155 4098 4157 4100 4156 4099 4157 4100 4158 4101 4158 4101 4157 4100 4159 4102 4158 4101 4159 4102 4160 4103 4160 4103 4159 4102 4161 4104 4160 4103 4161 4104 4162 4105 4162 4105 4161 4104 4163 4106 4162 4105 4163 4106 4164 4107 4164 4107 4163 4106 4165 4108 4164 4107 4165 4108 4166 4109 4166 4109 4165 4108 4167 4110 4166 4109 4167 4110 4168 4111 4168 4111 4167 4110 4169 4112 4168 4111 4169 4112 4170 4113 4170 4113 4169 4112 4171 4114 4170 4113 4171 4114 4172 4115 4172 4115 4171 4114 4173 4116 4172 4115 4173 4116 4174 4117 4174 4117 4173 4116 4175 4118 4174 4117 4175 4118 4176 4119 4176 4119 4175 4118 4177 4120 4176 4119 4177 4120 4178 4121 4178 4121 4177 4120 4179 4122 4178 4121 4179 4122 4180 4123 4180 4123 4179 4122 4181 4124 4180 4123 4181 4124 4182 4125 4182 4125 4181 4124 4183 4126 4182 4125 4183 4126 4184 4127 4184 4127 4183 4126 4185 4128 4184 4127 4185 4128 4186 4129 4186 4129 4185 4128 4187 4130 4186 4129 4187 4130 4188 4131 4188 4131 4187 4130 4189 4132 4188 4131 4189 4132 4190 4133 4190 4133 4189 4132 4191 4134 4190 4133 4191 4134 4192 4135 4192 4135 4191 4134 4193 4136 4192 4135 4193 4136 4194 4137 4194 4137 4193 4136 4195 4138 4194 4137 4195 4138 4124 4069 4124 4069 4195 4138 4125 4070 4196 3997 4197 3998 4198 4139 4198 4139 4197 3998 4199 4140 4198 4139 4199 4140 4200 4141 4200 4141 4199 4140 4201 4142 4200 4141 4201 4142 4202 4143 4202 4143 4201 4142 4203 4144 4202 4143 4203 4144 4204 4145 4204 4145 4203 4144 4205 4146 4204 4145 4205 4146 4206 4147 4206 4147 4205 4146 4207 4148 4206 4147 4207 4148 4208 4149 4208 4149 4207 4148 4209 4150 4208 4149 4209 4150 4210 4151 4210 4151 4209 4150 4211 4152 4210 4151 4211 4152 4212 4153 4212 4153 4211 4152 4213 4154 4212 4153 4213 4154 4214 4015 4214 4015 4213 4154 4215 4016 4214 4015 4215 4016 4216 4155 4216 4155 4215 4016 4217 4156 4216 4155 4217 4156 4218 4157 4218 4157 4217 4156 4219 4158 4218 4157 4219 4158 4220 4159 4220 4159 4219 4158 4221 4160 4220 4159 4221 4160 4222 4161 4222 4161 4221 4160 4223 4162 4222 4161 4223 4162 4224 4163 4224 4163 4223 4162 4225 4164 4224 4163 4225 4164 4226 4165 4226 4165 4225 4164 4227 4166 4226 4165 4227 4166 4228 4167 4228 4167 4227 4166 4229 4168 4228 4167 4229 4168 4230 4169 4230 4169 4229 4168 4231 4170 4230 4169 4231 4170 4232 4033 4232 4033 4231 4170 4233 4034 4232 4033 4233 4034 4234 4171 4234 4171 4233 4034 4235 4172 4234 4171 4235 4172 4236 4173 4236 4173 4235 4172 4237 4174 4236 4173 4237 4174 4238 4175 4238 4175 4237 4174 4239 4176 4238 4175 4239 4176 4240 4041 4240 4041 4239 4176 4241 4042 4240 4041 4241 4042 4242 4177 4242 4177 4241 4042 4243 4178 4242 4177 4243 4178 4244 4179 4244 4179 4243 4178 4245 4180 4244 4179 4245 4180 4246 4181 4246 4181 4245 4180 4247 4182 4246 4181 4247 4182 4248 4183 4248 4183 4247 4182 4249 4184 4248 4183 4249 4184 4250 4121 4250 4121 4249 4184 4251 4122 4250 4121 4251 4122 4252 4185 4252 4185 4251 4122 4253 4186 4252 4185 4253 4186 4254 4187 4254 4187 4253 4186 4255 4188 4254 4187 4255 4188 4256 4189 4256 4189 4255 4188 4257 4190 4256 4189 4257 4190 4258 4191 4258 4191 4257 4190 4259 4192 4258 4191 4259 4192 4260 4061 4260 4061 4259 4192 4261 4062 4260 4061 4261 4062 4262 4193 4262 4193 4261 4062 4263 4194 4262 4193 4263 4194 4264 4195 4264 4195 4263 4194 4265 4196 4264 4195 4265 4196 4266 4197 4266 4197 4265 4196 4267 4198 4266 4197 4267 4198 4196 3997 4196 3997 4267 4198 4197 3998 4268 4069 4269 4070 4270 4199 4270 4199 4269 4070 4271 4200 4270 4199 4271 4200 4272 4201 4272 4201 4271 4200 4273 4202 4272 4201 4273 4202 4274 4203 4274 4203 4273 4202 4275 4204 4274 4203 4275 4204 4276 4205 4276 4205 4275 4204 4277 4206 4276 4205 4277 4206 4278 4207 4278 4207 4277 4206 4279 4208 4278 4207 4279 4208 4280 4209 4280 4209 4279 4208 4281 4210 4280 4209 4281 4210 4282 4211 4282 4211 4281 4210 4283 4212 4282 4211 4283 4212 4284 4213 4284 4213 4283 4212 4285 4214 4284 4213 4285 4214 4286 4015 4286 4015 4285 4214 4287 4016 4286 4015 4287 4016 4288 4215 4288 4215 4287 4016 4289 4216 4288 4215 4289 4216 4290 4217 4290 4217 4289 4216 4291 4218 4290 4217 4291 4218 4292 4219 4292 4219 4291 4218 4293 4220 4292 4219 4293 4220 4294 4221 4294 4221 4293 4220 4295 4222 4294 4221 4295 4222 4296 4223 4296 4223 4295 4222 4297 4224 4296 4223 4297 4224 4298 4225 4298 4225 4297 4224 4299 4226 4298 4225 4299 4226 4300 4227 4300 4227 4299 4226 4301 4228 4300 4227 4301 4228 4302 4229 4302 4229 4301 4228 4303 4230 4302 4229 4303 4230 4304 4103 4304 4103 4303 4230 4305 4104 4304 4103 4305 4104 4306 4231 4306 4231 4305 4104 4307 4232 4306 4231 4307 4232 4308 4233 4308 4233 4307 4232 4309 4234 4308 4233 4309 4234 4310 4235 4310 4235 4309 4234 4311 4236 4310 4235 4311 4236 4312 4111 4312 4111 4311 4236 4313 4112 4312 4111 4313 4112 4314 4237 4314 4237 4313 4112 4315 4238 4314 4237 4315 4238 4316 4239 4316 4239 4315 4238 4317 4240 4316 4239 4317 4240 4318 4241 4318 4241 4317 4240 4319 4242 4318 4241 4319 4242 4320 4243 4320 4243 4319 4242 4321 4244 4320 4243 4321 4244 4322 4051 4322 4051 4321 4244 4323 4052 4322 4051 4323 4052 4324 4245 4324 4245 4323 4052 4325 4246 4324 4245 4325 4246 4326 4247 4326 4247 4325 4246 4327 4248 4326 4247 4327 4248 4328 4249 4328 4249 4327 4248 4329 4250 4328 4249 4329 4250 4330 4251 4330 4251 4329 4250 4331 4252 4330 4251 4331 4252 4332 4131 4332 4131 4331 4252 4333 4132 4332 4131 4333 4132 4334 4253 4334 4253 4333 4132 4335 4254 4334 4253 4335 4254 4336 4255 4336 4255 4335 4254 4337 4256 4336 4255 4337 4256 4338 4257 4338 4257 4337 4256 4339 4258 4338 4257 4339 4258 4268 4069 4268 4069 4339 4258 4269 4070 3563 3520 3567 3524 4340 4259 3568 3525 3569 3526 4341 4260 4342 4261 4343 4262 4344 4263 4345 4264 4346 4265 4347 4266 4347 4266 4346 4265 4348 4267 4347 4266 4348 4267 4349 4268 4349 4268 4348 4267 4350 4269 4344 4263 4351 4270 4342 4261 4342 4261 4351 4270 4352 4271 4342 4261 4352 4271 4353 4272 4354 4273 4355 4274 4350 4269 4350 4269 4355 4274 4356 4275 4350 4269 4356 4275 4349 4268 4352 4271 4357 4276 4353 4272 4353 4272 4357 4276 4358 4277 4353 4272 4358 4277 4359 4278 4360 4279 4361 4280 4354 4273 4354 4273 4361 4280 4362 4281 4354 4273 4362 4281 4355 4274 4358 4277 4363 4282 4359 4278 4359 4278 4363 4282 4364 4283 4359 4278 4364 4283 4365 4284 4366 4285 4367 4286 4360 4279 4360 4279 4367 4286 4368 4287 4360 4279 4368 4287 4361 4280 4364 4283 4369 4288 4365 4284 4365 4284 4369 4288 4370 4289 4365 4284 4370 4289 4371 4290 4372 4291 4373 4292 4366 4285 4366 4285 4373 4292 4374 4293 4366 4285 4374 4293 4367 4286 4370 4289 4375 4294 4371 4290 4371 4290 4375 4294 4376 4295 4371 4290 4376 4295 4377 4296 4378 4297 4379 4298 4372 4291 4372 4291 4379 4298 4380 4299 4372 4291 4380 4299 4373 4292 4376 4295 4381 4300 4377 4296 4377 4296 4381 4300 4382 4301 4377 4296 4382 4301 4383 4302 4384 4303 4385 4304 4378 4297 4378 4297 4385 4304 4386 4305 4378 4297 4386 4305 4379 4298 4382 4301 4387 4306 4383 4302 4383 4302 4387 4306 4388 4307 4383 4302 4388 4307 4389 4308 4390 4309 4391 4310 4384 4303 4384 4303 4391 4310 4392 4311 4384 4303 4392 4311 4385 4304 4346 4265 4393 4312 4348 4267 4348 4267 4393 4312 4394 4313 4348 4267 4394 4313 4350 4269 4350 4269 4394 4313 4395 4314 4350 4269 4395 4314 4354 4273 4354 4273 4395 4314 4396 4315 4354 4273 4396 4315 4360 4279 4360 4279 4396 4315 4397 4316 4360 4279 4397 4316 4366 4285 4366 4285 4397 4316 4398 4317 4366 4285 4398 4317 4372 4291 4372 4291 4398 4317 4399 4318 4372 4291 4399 4318 4378 4297 4378 4297 4399 4318 4400 4319 4378 4297 4400 4319 4384 4303 4384 4303 4400 4319 4401 4320 4384 4303 4401 4320 4390 4309 4390 4309 4401 4320 4341 4260 3565 3522 3564 3521 4390 4309 4390 4309 3564 3521 4402 4321 4390 4309 4402 4321 4391 4310 4341 4260 3569 3526 4390 4309 4390 4309 3569 3526 3566 3523 4390 4309 3566 3523 3565 3522 3567 3524 3568 3525 4340 4259 4340 4259 3568 3525 4341 4260 4340 4259 4341 4260 4403 4322 4403 4322 4341 4260 4401 4320 4403 4322 4401 4320 4404 4323 4404 4323 4401 4320 4400 4319 4404 4323 4400 4319 4405 4324 4405 4324 4400 4319 4399 4318 4405 4324 4399 4318 4406 4325 4406 4325 4399 4318 4398 4317 4406 4325 4398 4317 4407 4326 4407 4326 4398 4317 4397 4316 4407 4326 4397 4316 4408 4327 4408 4327 4397 4316 4396 4315 4408 4327 4396 4315 4409 4328 4409 4328 4396 4315 4395 4314 4409 4328 4395 4314 4410 4329 4410 4329 4395 4314 4394 4313 4410 4329 4394 4313 4411 4330 4411 4330 4394 4313 4393 4312 3562 3519 3563 3520 4412 4331 4412 4331 3563 3520 4340 4259 4412 4331 4340 4259 4389 4308 4389 4308 4340 4259 4403 4322 4389 4308 4403 4322 4383 4302 4383 4302 4403 4322 4404 4323 4383 4302 4404 4323 4377 4296 4377 4296 4404 4323 4405 4324 4377 4296 4405 4324 4371 4290 4371 4290 4405 4324 4406 4325 4371 4290 4406 4325 4365 4284 4365 4284 4406 4325 4407 4326 4365 4284 4407 4326 4359 4278 4359 4278 4407 4326 4408 4327 4359 4278 4408 4327 4353 4272 4353 4272 4408 4327 4409 4328 4353 4272 4409 4328 4342 4261 4342 4261 4409 4328 4410 4329 4342 4261 4410 4329 4343 4262 4343 4262 4410 4329 4411 4330 4388 4307 4413 4332 4389 4308 4389 4308 4413 4332 4414 4333 4389 4308 4414 4333 4412 4331 4412 4331 4414 4333 4415 4334 4412 4331 4415 4334 3562 3519 3562 3519 4415 4334 3561 3518 4402 4321 3564 3521 2698 2683 4402 4321 2698 2683 4391 4310 4391 4310 2698 2683 3930 3887 4391 4310 3930 3887 4392 4311 4392 4311 3930 3887 4385 4304 4385 4304 3930 3887 3929 3886 4385 4304 3929 3886 4386 4305 4386 4305 3929 3886 4379 4298 4379 4298 3929 3886 3928 3885 4379 4298 3928 3885 4380 4299 4380 4299 3928 3885 3927 3884 4380 4299 3927 3884 4373 4292 4373 4292 3927 3884 4374 4293 4374 4293 3927 3884 3926 3883 4374 4293 3926 3883 4367 4286 4367 4286 3926 3883 4368 4287 4368 4287 3926 3883 3925 3882 4368 4287 3925 3882 4361 4280 4361 4280 3925 3882 4362 4281 4362 4281 3925 3882 3924 3881 4362 4281 3924 3881 4355 4274 4355 4274 3924 3881 4356 4275 4356 4275 3924 3881 3923 3880 4356 4275 3923 3880 4349 4268 4349 4268 3923 3880 4347 4266 4347 4266 3923 3880 3922 3879 4347 4266 3922 3879 4345 4264 3673 3630 3672 3629 4416 4335 4417 4336 4418 4337 3780 3737 4419 4338 3613 3570 3614 3571 3601 3558 3602 3559 4420 4339 3636 3593 3637 3594 4421 4340 3637 3594 3638 3595 4421 4340 4421 4340 3638 3595 3639 3596 4421 4340 3639 3596 4422 4341 4422 4341 3639 3596 3640 3597 4422 4341 3640 3597 4423 4342 4423 4342 3640 3597 3641 3598 4423 4342 3641 3598 4424 4343 4424 4343 3641 3598 3642 3599 3642 3599 3643 3600 4424 4343 4424 4343 3643 3600 3644 3601 4424 4343 3644 3601 4425 4344 4425 4344 3644 3601 3645 3602 4425 4344 3645 3602 4426 4345 4426 4345 3645 3602 3646 3603 4426 4345 3646 3603 4427 4346 4427 4346 3646 3603 3647 3604 3647 3604 3648 3605 4427 4346 4427 4346 3648 3605 3649 3606 4427 4346 3649 3606 4428 4347 4428 4347 3649 3606 3650 3607 4428 4347 3650 3607 4429 4348 4429 4348 3650 3607 3651 3608 4429 4348 3651 3608 4430 4349 4430 4349 3651 3608 3652 3609 3652 3609 3653 3610 4430 4349 4430 4349 3653 3610 3654 3611 4430 4349 3654 3611 4431 4350 4431 4350 3654 3611 3655 3612 4431 4350 3655 3612 4432 4351 3570 3527 4433 4352 3657 3614 3657 3614 4433 4352 4432 4351 3657 3614 4432 4351 3656 3613 3656 3613 4432 4351 3655 3612 3571 3528 4434 4353 3570 3527 3570 3527 4434 4353 4435 4354 3570 3527 4435 4354 4433 4352 3571 3528 3572 3529 4434 4353 4434 4353 3572 3529 3573 3530 4434 4353 3573 3530 4436 4355 4436 4355 3573 3530 3574 3531 4436 4355 3574 3531 4437 4356 4437 4356 3574 3531 3575 3532 4437 4356 3575 3532 4438 4357 4438 4357 3575 3532 3576 3533 3576 3533 3577 3534 4438 4357 4438 4357 3577 3534 3578 3535 4438 4357 3578 3535 4439 4358 4439 4358 3578 3535 3579 3536 4439 4358 3579 3536 4440 4359 4440 4359 3579 3536 3580 3537 4440 4359 3580 3537 4441 4360 4441 4360 3580 3537 3581 3538 3581 3538 3582 3539 4441 4360 4441 4360 3582 3539 3583 3540 4441 4360 3583 3540 4442 4361 4442 4361 3583 3540 3584 3541 4442 4361 3584 3541 4443 4362 4443 4362 3584 3541 3585 3542 4443 4362 3585 3542 4444 4363 4444 4363 3585 3542 3586 3543 3586 3543 3587 3544 4444 4363 4444 4363 3587 3544 3588 3545 4444 4363 3588 3545 4445 4364 4445 4364 3588 3545 3589 3546 4445 4364 3589 3546 4446 4365 3592 3549 4447 4366 3591 3548 3591 3548 4447 4366 4446 4365 3591 3548 4446 4365 3590 3547 3590 3547 4446 4365 3589 3546 3593 3550 4448 4367 3592 3549 3592 3549 4448 4367 4449 4368 3592 3549 4449 4368 4447 4366 3593 3550 3594 3551 4448 4367 4448 4367 3594 3551 3595 3552 4448 4367 3595 3552 4450 4369 4450 4369 3595 3552 3596 3553 4450 4369 3596 3553 4451 4370 4451 4370 3596 3553 3597 3554 4451 4370 3597 3554 4452 4371 4452 4371 3597 3554 3598 3555 3598 3555 3599 3556 4452 4371 4452 4371 3599 3556 3600 3557 4452 4371 3600 3557 4453 4372 4453 4372 3600 3557 3601 3558 3602 3559 3603 3560 4454 4373 3603 3560 3604 3561 4454 4373 4454 4373 3604 3561 3605 3562 4454 4373 3605 3562 4455 4374 4455 4374 3605 3562 3606 3563 4455 4374 3606 3563 4456 4375 4456 4375 3606 3563 3607 3564 4456 4375 3607 3564 4457 4376 4457 4376 3607 3564 3608 3565 3612 3569 4458 4377 3611 3568 3611 3568 4458 4377 4459 4378 3611 3568 4459 4378 3610 3567 3610 3567 4459 4378 4457 4376 3610 3567 4457 4376 3609 3566 3609 3566 4457 4376 3608 3565 3615 3572 4460 4379 3614 3571 3614 3571 4460 4379 4461 4380 3614 3571 4461 4380 4419 4338 3615 3572 3616 3573 4460 4379 4460 4379 3616 3573 3617 3574 4460 4379 3617 3574 4462 4381 4462 4381 3617 3574 3618 3575 4462 4381 3618 3575 4463 4382 4463 4382 3618 3575 3619 3576 4463 4382 3619 3576 4464 4383 4464 4383 3619 3576 3620 3577 3620 3577 3621 3578 4464 4383 4464 4383 3621 3578 3622 3579 4464 4383 3622 3579 4465 4384 4465 4384 3622 3579 3623 3580 4465 4384 3623 3580 4466 4385 4466 4385 3623 3580 3624 3581 4466 4385 3624 3581 4467 4386 4467 4386 3624 3581 3625 3582 3625 3582 3626 3583 4467 4386 4467 4386 3626 3583 3627 3584 4467 4386 3627 3584 4468 4387 4468 4387 3627 3584 3628 3585 4468 4387 3628 3585 4469 4388 4469 4388 3628 3585 3629 3586 4469 4388 3629 3586 4470 4389 4470 4389 3629 3586 3630 3587 3630 3587 3631 3588 4470 4389 4470 4389 3631 3588 3632 3589 4470 4389 3632 3589 4471 4390 4471 4390 3632 3589 3633 3590 4471 4390 3633 3590 4472 4391 4421 4340 4473 4392 3636 3593 3636 3593 4473 4392 4474 4393 3636 3593 4474 4393 3635 3592 3635 3592 4474 4393 4472 4391 3635 3592 4472 4391 3634 3591 3634 3591 4472 4391 3633 3590 4475 4394 4454 4373 4476 4395 4476 4395 4454 4373 4455 4374 4476 4395 4455 4374 4477 4396 4477 4396 4455 4374 4456 4375 4477 4396 4456 4375 4478 4397 4478 4397 4456 4375 4457 4376 4478 4397 4457 4376 4479 4398 4479 4398 4457 4376 4459 4378 4479 4398 4459 4378 4480 4399 4480 4399 4459 4378 4458 4377 4480 4399 4458 4377 4481 4400 4453 4372 4482 4401 4452 4371 4452 4371 4482 4401 4483 4402 4452 4371 4483 4402 4451 4370 4451 4370 4483 4402 4484 4403 4451 4370 4484 4403 4450 4369 4450 4369 4484 4403 4485 4404 4450 4369 4485 4404 4448 4367 4448 4367 4485 4404 4486 4405 4448 4367 4486 4405 4449 4368 4449 4368 4486 4405 4487 4406 4449 4368 4487 4406 4447 4366 4447 4366 4487 4406 4488 4407 4447 4366 4488 4407 4446 4365 4446 4365 4488 4407 4489 4408 4446 4365 4489 4408 4445 4364 4445 4364 4489 4408 4490 4409 4445 4364 4490 4409 4444 4363 4444 4363 4490 4409 4491 4410 4444 4363 4491 4410 4443 4362 4443 4362 4491 4410 4492 4411 4443 4362 4492 4411 4442 4361 4442 4361 4492 4411 4493 4412 4442 4361 4493 4412 4441 4360 4441 4360 4493 4412 4494 4413 4441 4360 4494 4413 4440 4359 4440 4359 4494 4413 4495 4414 4440 4359 4495 4414 4439 4358 4439 4358 4495 4414 4496 4415 4439 4358 4496 4415 4438 4357 4438 4357 4496 4415 4497 4416 4438 4357 4497 4416 4437 4356 4437 4356 4497 4416 4498 4417 4437 4356 4498 4417 4436 4355 4436 4355 4498 4417 4499 4418 4436 4355 4499 4418 4434 4353 4434 4353 4499 4418 4500 4419 4434 4353 4500 4419 4435 4354 4435 4354 4500 4419 4501 4420 4435 4354 4501 4420 4433 4352 4433 4352 4501 4420 4502 4421 4433 4352 4502 4421 4432 4351 4432 4351 4502 4421 4503 4422 4432 4351 4503 4422 4431 4350 4431 4350 4503 4422 4504 4423 4431 4350 4504 4423 4430 4349 4430 4349 4504 4423 4505 4424 4430 4349 4505 4424 4429 4348 4429 4348 4505 4424 4506 4425 4429 4348 4506 4425 4428 4347 4428 4347 4506 4425 4507 4426 4428 4347 4507 4426 4427 4346 4427 4346 4507 4426 4508 4427 4427 4346 4508 4427 4426 4345 4426 4345 4508 4427 4509 4428 4426 4345 4509 4428 4425 4344 4425 4344 4509 4428 4510 4429 4425 4344 4510 4429 4424 4343 4424 4343 4510 4429 4511 4430 4424 4343 4511 4430 4423 4342 4423 4342 4511 4430 4512 4431 4423 4342 4512 4431 4422 4341 4422 4341 4512 4431 4513 4432 4422 4341 4513 4432 4421 4340 4421 4340 4513 4432 4514 4433 4421 4340 4514 4433 4473 4392 4473 4392 4514 4433 4515 4434 4473 4392 4515 4434 4474 4393 4474 4393 4515 4434 4516 4435 4474 4393 4516 4435 4472 4391 4472 4391 4516 4435 4517 4436 4472 4391 4517 4436 4471 4390 4471 4390 4517 4436 4518 4437 4471 4390 4518 4437 4470 4389 4470 4389 4518 4437 4519 4438 4470 4389 4519 4438 4469 4388 4469 4388 4519 4438 4520 4439 4469 4388 4520 4439 4468 4387 4468 4387 4520 4439 4521 4440 4468 4387 4521 4440 4467 4386 4467 4386 4521 4440 4522 4441 4467 4386 4522 4441 4466 4385 4466 4385 4522 4441 4523 4442 4466 4385 4523 4442 4465 4384 4465 4384 4523 4442 4524 4443 4465 4384 4524 4443 4464 4383 4464 4383 4524 4443 4525 4444 4464 4383 4525 4444 4463 4382 4463 4382 4525 4444 4526 4445 4463 4382 4526 4445 4462 4381 4462 4381 4526 4445 4527 4446 4462 4381 4527 4446 4460 4379 4460 4379 4527 4446 4528 4447 4460 4379 4528 4447 4461 4380 4461 4380 4528 4447 4529 4448 4461 4380 4529 4448 4419 4338 4530 4449 4475 4394 4531 4450 4531 4450 4475 4394 4476 4395 4531 4450 4476 4395 4532 4451 4532 4451 4476 4395 4477 4396 4532 4451 4477 4396 4533 4452 4533 4452 4477 4396 4478 4397 4533 4452 4478 4397 4534 4453 4534 4453 4478 4397 4479 4398 4534 4453 4479 4398 4535 4454 4535 4454 4479 4398 4480 4399 4535 4454 4480 4399 4536 4455 4536 4455 4480 4399 4481 4400 4536 4455 4481 4400 4537 4456 4482 4401 4538 4457 4483 4402 4483 4402 4538 4457 4539 4458 4483 4402 4539 4458 4484 4403 4484 4403 4539 4458 4540 4459 4484 4403 4540 4459 4485 4404 4485 4404 4540 4459 4541 4460 4485 4404 4541 4460 4486 4405 4486 4405 4541 4460 4542 4461 4486 4405 4542 4461 4487 4406 4487 4406 4542 4461 4543 4462 4487 4406 4543 4462 4488 4407 4488 4407 4543 4462 4544 4463 4488 4407 4544 4463 4489 4408 4489 4408 4544 4463 4545 4464 4489 4408 4545 4464 4490 4409 4490 4409 4545 4464 4546 4465 4490 4409 4546 4465 4491 4410 4491 4410 4546 4465 4547 4466 4491 4410 4547 4466 4492 4411 4492 4411 4547 4466 4548 4467 4492 4411 4548 4467 4493 4412 4493 4412 4548 4467 4549 4468 4493 4412 4549 4468 4494 4413 4494 4413 4549 4468 4550 4469 4494 4413 4550 4469 4495 4414 4495 4414 4550 4469 4551 4470 4495 4414 4551 4470 4496 4415 4496 4415 4551 4470 4552 4471 4496 4415 4552 4471 4497 4416 4497 4416 4552 4471 4553 4472 4497 4416 4553 4472 4498 4417 4498 4417 4553 4472 4554 4473 4498 4417 4554 4473 4499 4418 4499 4418 4554 4473 4555 4474 4499 4418 4555 4474 4500 4419 4500 4419 4555 4474 4556 4475 4500 4419 4556 4475 4501 4420 4501 4420 4556 4475 4557 4476 4501 4420 4557 4476 4502 4421 4502 4421 4557 4476 4558 4477 4502 4421 4558 4477 4503 4422 4503 4422 4558 4477 4559 4478 4503 4422 4559 4478 4504 4423 4504 4423 4559 4478 4560 4479 4504 4423 4560 4479 4505 4424 4505 4424 4560 4479 4561 4480 4505 4424 4561 4480 4506 4425 4506 4425 4561 4480 4562 4481 4506 4425 4562 4481 4507 4426 4507 4426 4562 4481 4563 4482 4507 4426 4563 4482 4508 4427 4508 4427 4563 4482 4564 4483 4508 4427 4564 4483 4509 4428 4509 4428 4564 4483 4565 4484 4509 4428 4565 4484 4510 4429 4510 4429 4565 4484 4566 4485 4510 4429 4566 4485 4511 4430 4511 4430 4566 4485 4567 4486 4511 4430 4567 4486 4512 4431 4512 4431 4567 4486 4568 4487 4512 4431 4568 4487 4513 4432 4513 4432 4568 4487 4569 4488 4513 4432 4569 4488 4514 4433 4514 4433 4569 4488 4570 4489 4514 4433 4570 4489 4515 4434 4515 4434 4570 4489 4571 4490 4515 4434 4571 4490 4516 4435 4516 4435 4571 4490 4572 4491 4516 4435 4572 4491 4517 4436 4517 4436 4572 4491 4573 4492 4517 4436 4573 4492 4518 4437 4518 4437 4573 4492 4574 4493 4518 4437 4574 4493 4519 4438 4519 4438 4574 4493 4575 4494 4519 4438 4575 4494 4520 4439 4520 4439 4575 4494 4576 4495 4520 4439 4576 4495 4521 4440 4521 4440 4576 4495 4577 4496 4521 4440 4577 4496 4522 4441 4522 4441 4577 4496 4578 4497 4522 4441 4578 4497 4523 4442 4523 4442 4578 4497 4579 4498 4523 4442 4579 4498 4524 4443 4524 4443 4579 4498 4580 4499 4524 4443 4580 4499 4525 4444 4525 4444 4580 4499 4581 4500 4525 4444 4581 4500 4526 4445 4526 4445 4581 4500 4582 4501 4526 4445 4582 4501 4527 4446 4527 4446 4582 4501 4583 4502 4527 4446 4583 4502 4528 4447 4528 4447 4583 4502 4584 4503 4528 4447 4584 4503 4529 4448 4585 4504 4530 4449 4586 4505 4586 4505 4530 4449 4531 4450 4586 4505 4531 4450 4587 4506 4587 4506 4531 4450 4532 4451 4587 4506 4532 4451 4588 4507 4588 4507 4532 4451 4533 4452 4588 4507 4533 4452 4589 4508 4589 4508 4533 4452 4534 4453 4589 4508 4534 4453 4590 4509 4590 4509 4534 4453 4535 4454 4590 4509 4535 4454 4591 4510 4591 4510 4535 4454 4536 4455 4591 4510 4536 4455 4592 4511 4592 4511 4536 4455 4537 4456 4592 4511 4537 4456 4593 4512 4538 4457 4594 4513 4539 4458 4539 4458 4594 4513 4595 4514 4539 4458 4595 4514 4540 4459 4540 4459 4595 4514 4596 4515 4540 4459 4596 4515 4541 4460 4541 4460 4596 4515 4597 4516 4541 4460 4597 4516 4542 4461 4542 4461 4597 4516 4598 4517 4542 4461 4598 4517 4543 4462 4543 4462 4598 4517 4599 4518 4543 4462 4599 4518 4544 4463 4544 4463 4599 4518 4600 4519 4544 4463 4600 4519 4545 4464 4545 4464 4600 4519 4601 4520 4545 4464 4601 4520 4546 4465 4546 4465 4601 4520 4602 4521 4546 4465 4602 4521 4547 4466 4547 4466 4602 4521 4603 4522 4547 4466 4603 4522 4548 4467 4548 4467 4603 4522 4604 4523 4548 4467 4604 4523 4549 4468 4549 4468 4604 4523 4605 4524 4549 4468 4605 4524 4550 4469 4550 4469 4605 4524 4606 4525 4550 4469 4606 4525 4551 4470 4551 4470 4606 4525 4607 4526 4551 4470 4607 4526 4552 4471 4552 4471 4607 4526 4608 4527 4552 4471 4608 4527 4553 4472 4553 4472 4608 4527 4609 4528 4553 4472 4609 4528 4554 4473 4554 4473 4609 4528 4610 4529 4554 4473 4610 4529 4555 4474 4555 4474 4610 4529 4611 4530 4555 4474 4611 4530 4556 4475 4556 4475 4611 4530 4612 4531 4556 4475 4612 4531 4557 4476 4557 4476 4612 4531 4613 4532 4557 4476 4613 4532 4558 4477 4558 4477 4613 4532 4614 4533 4558 4477 4614 4533 4559 4478 4559 4478 4614 4533 4615 4534 4559 4478 4615 4534 4560 4479 4560 4479 4615 4534 4616 4535 4560 4479 4616 4535 4561 4480 4561 4480 4616 4535 4617 4536 4561 4480 4617 4536 4562 4481 4562 4481 4617 4536 4618 4537 4562 4481 4618 4537 4563 4482 4563 4482 4618 4537 4619 4538 4563 4482 4619 4538 4564 4483 4564 4483 4619 4538 4620 4539 4564 4483 4620 4539 4565 4484 4565 4484 4620 4539 4621 4540 4565 4484 4621 4540 4566 4485 4566 4485 4621 4540 4622 4541 4566 4485 4622 4541 4567 4486 4567 4486 4622 4541 4623 4542 4567 4486 4623 4542 4568 4487 4568 4487 4623 4542 4624 4543 4568 4487 4624 4543 4569 4488 4569 4488 4624 4543 4625 4544 4569 4488 4625 4544 4570 4489 4570 4489 4625 4544 4626 4545 4570 4489 4626 4545 4571 4490 4571 4490 4626 4545 4627 4546 4571 4490 4627 4546 4572 4491 4572 4491 4627 4546 4628 4547 4572 4491 4628 4547 4573 4492 4573 4492 4628 4547 4629 4548 4573 4492 4629 4548 4574 4493 4574 4493 4629 4548 4630 4549 4574 4493 4630 4549 4575 4494 4575 4494 4630 4549 4631 4550 4575 4494 4631 4550 4576 4495 4576 4495 4631 4550 4632 4551 4576 4495 4632 4551 4577 4496 4577 4496 4632 4551 4633 4552 4577 4496 4633 4552 4578 4497 4578 4497 4633 4552 4634 4553 4578 4497 4634 4553 4579 4498 4579 4498 4634 4553 4635 4554 4579 4498 4635 4554 4580 4499 4580 4499 4635 4554 4636 4555 4580 4499 4636 4555 4581 4500 4581 4500 4636 4555 4637 4556 4581 4500 4637 4556 4582 4501 4582 4501 4637 4556 4638 4557 4582 4501 4638 4557 4583 4502 4583 4502 4638 4557 4639 4558 4583 4502 4639 4558 4584 4503 4640 4559 4585 4504 4641 4560 4641 4560 4585 4504 4586 4505 4641 4560 4586 4505 4642 4561 4642 4561 4586 4505 4587 4506 4642 4561 4587 4506 4643 4562 4643 4562 4587 4506 4588 4507 4643 4562 4588 4507 4644 4563 4644 4563 4588 4507 4589 4508 4644 4563 4589 4508 4645 4564 4645 4564 4589 4508 4590 4509 4645 4564 4590 4509 4646 4565 4646 4565 4590 4509 4591 4510 4646 4565 4591 4510 4647 4566 4647 4566 4591 4510 4592 4511 4647 4566 4592 4511 4648 4567 4648 4567 4592 4511 4593 4512 4648 4567 4593 4512 4649 4568 4594 4513 4650 4569 4595 4514 4595 4514 4650 4569 4651 4570 4595 4514 4651 4570 4596 4515 4596 4515 4651 4570 4652 4571 4596 4515 4652 4571 4597 4516 4597 4516 4652 4571 4653 4572 4597 4516 4653 4572 4598 4517 4598 4517 4653 4572 4654 4573 4598 4517 4654 4573 4599 4518 4599 4518 4654 4573 4655 4574 4599 4518 4655 4574 4600 4519 4600 4519 4655 4574 4656 4575 4600 4519 4656 4575 4601 4520 4601 4520 4656 4575 4657 4576 4601 4520 4657 4576 4602 4521 4602 4521 4657 4576 4658 4577 4602 4521 4658 4577 4603 4522 4603 4522 4658 4577 4659 4578 4603 4522 4659 4578 4604 4523 4604 4523 4659 4578 4660 4579 4604 4523 4660 4579 4605 4524 4605 4524 4660 4579 4661 4580 4605 4524 4661 4580 4606 4525 4606 4525 4661 4580 4662 4581 4606 4525 4662 4581 4607 4526 4607 4526 4662 4581 4663 4582 4607 4526 4663 4582 4608 4527 4608 4527 4663 4582 4664 4583 4608 4527 4664 4583 4609 4528 4609 4528 4664 4583 4665 4584 4609 4528 4665 4584 4610 4529 4610 4529 4665 4584 4666 4585 4610 4529 4666 4585 4611 4530 4611 4530 4666 4585 4667 4586 4611 4530 4667 4586 4612 4531 4612 4531 4667 4586 4668 4587 4612 4531 4668 4587 4613 4532 4613 4532 4668 4587 4669 4588 4613 4532 4669 4588 4614 4533 4614 4533 4669 4588 4670 4589 4614 4533 4670 4589 4615 4534 4615 4534 4670 4589 4671 4590 4615 4534 4671 4590 4616 4535 4616 4535 4671 4590 4672 4591 4616 4535 4672 4591 4617 4536 4617 4536 4672 4591 4673 4592 4617 4536 4673 4592 4618 4537 4618 4537 4673 4592 4674 4593 4618 4537 4674 4593 4619 4538 4619 4538 4674 4593 4675 4594 4619 4538 4675 4594 4620 4539 4620 4539 4675 4594 4676 4595 4620 4539 4676 4595 4621 4540 4621 4540 4676 4595 4677 4596 4621 4540 4677 4596 4622 4541 4622 4541 4677 4596 4678 4597 4622 4541 4678 4597 4623 4542 4623 4542 4678 4597 4679 4598 4623 4542 4679 4598 4624 4543 4624 4543 4679 4598 4680 4599 4624 4543 4680 4599 4625 4544 4625 4544 4680 4599 4681 4600 4625 4544 4681 4600 4626 4545 4626 4545 4681 4600 4682 4601 4626 4545 4682 4601 4627 4546 4627 4546 4682 4601 4683 4602 4627 4546 4683 4602 4628 4547 4628 4547 4683 4602 4684 4603 4628 4547 4684 4603 4629 4548 4629 4548 4684 4603 4685 4604 4629 4548 4685 4604 4630 4549 4630 4549 4685 4604 4686 4605 4630 4549 4686 4605 4631 4550 4631 4550 4686 4605 4687 4606 4631 4550 4687 4606 4632 4551 4632 4551 4687 4606 4688 4607 4632 4551 4688 4607 4633 4552 4633 4552 4688 4607 4689 4608 4633 4552 4689 4608 4634 4553 4634 4553 4689 4608 4690 4609 4634 4553 4690 4609 4635 4554 4635 4554 4690 4609 4691 4610 4635 4554 4691 4610 4636 4555 4636 4555 4691 4610 4692 4611 4636 4555 4692 4611 4637 4556 4637 4556 4692 4611 4693 4612 4637 4556 4693 4612 4638 4557 4638 4557 4693 4612 4694 4613 4638 4557 4694 4613 4639 4558 4695 4614 4640 4559 4696 4615 4696 4615 4640 4559 4641 4560 4696 4615 4641 4560 4697 4616 4697 4616 4641 4560 4642 4561 4697 4616 4642 4561 4698 4617 4698 4617 4642 4561 4643 4562 4698 4617 4643 4562 4699 4618 4699 4618 4643 4562 4644 4563 4699 4618 4644 4563 4700 4619 4700 4619 4644 4563 4645 4564 4700 4619 4645 4564 4701 4620 4701 4620 4645 4564 4646 4565 4701 4620 4646 4565 4702 4621 4702 4621 4646 4565 4647 4566 4702 4621 4647 4566 4703 4622 4703 4622 4647 4566 4648 4567 4703 4622 4648 4567 4704 4623 4704 4623 4648 4567 4649 4568 4704 4623 4649 4568 4705 4624 4650 4569 4706 4625 4651 4570 4651 4570 4706 4625 4707 4626 4651 4570 4707 4626 4652 4571 4652 4571 4707 4626 4708 4627 4652 4571 4708 4627 4653 4572 4653 4572 4708 4627 4709 4628 4653 4572 4709 4628 4654 4573 4654 4573 4709 4628 4710 4629 4654 4573 4710 4629 4655 4574 4655 4574 4710 4629 4711 4630 4655 4574 4711 4630 4656 4575 4656 4575 4711 4630 4712 4631 4656 4575 4712 4631 4657 4576 4657 4576 4712 4631 4713 4632 4657 4576 4713 4632 4658 4577 4658 4577 4713 4632 4714 4633 4658 4577 4714 4633 4659 4578 4659 4578 4714 4633 4715 4634 4659 4578 4715 4634 4660 4579 4660 4579 4715 4634 4716 4635 4660 4579 4716 4635 4661 4580 4661 4580 4716 4635 4717 4636 4661 4580 4717 4636 4662 4581 4662 4581 4717 4636 4718 4637 4662 4581 4718 4637 4663 4582 4663 4582 4718 4637 4719 4638 4663 4582 4719 4638 4664 4583 4664 4583 4719 4638 4720 4639 4664 4583 4720 4639 4665 4584 4665 4584 4720 4639 4721 4640 4665 4584 4721 4640 4666 4585 4666 4585 4721 4640 4722 4641 4666 4585 4722 4641 4667 4586 4667 4586 4722 4641 4723 4642 4667 4586 4723 4642 4668 4587 4668 4587 4723 4642 4724 4643 4668 4587 4724 4643 4669 4588 4669 4588 4724 4643 4725 4644 4669 4588 4725 4644 4670 4589 4670 4589 4725 4644 4726 4645 4670 4589 4726 4645 4671 4590 4671 4590 4726 4645 4727 4646 4671 4590 4727 4646 4672 4591 4672 4591 4727 4646 4728 4647 4672 4591 4728 4647 4673 4592 4673 4592 4728 4647 4729 4648 4673 4592 4729 4648 4674 4593 4674 4593 4729 4648 4730 4649 4674 4593 4730 4649 4675 4594 4675 4594 4730 4649 4731 4650 4675 4594 4731 4650 4676 4595 4676 4595 4731 4650 4732 4651 4676 4595 4732 4651 4677 4596 4677 4596 4732 4651 4733 4652 4677 4596 4733 4652 4678 4597 4678 4597 4733 4652 4734 4653 4678 4597 4734 4653 4679 4598 4679 4598 4734 4653 4735 4654 4679 4598 4735 4654 4680 4599 4680 4599 4735 4654 4736 4655 4680 4599 4736 4655 4681 4600 4681 4600 4736 4655 4737 4656 4681 4600 4737 4656 4682 4601 4682 4601 4737 4656 4738 4657 4682 4601 4738 4657 4683 4602 4683 4602 4738 4657 4739 4658 4683 4602 4739 4658 4684 4603 4684 4603 4739 4658 4740 4659 4684 4603 4740 4659 4685 4604 4685 4604 4740 4659 4741 4660 4685 4604 4741 4660 4686 4605 4686 4605 4741 4660 4742 4661 4686 4605 4742 4661 4687 4606 4687 4606 4742 4661 4743 4662 4687 4606 4743 4662 4688 4607 4688 4607 4743 4662 4744 4663 4688 4607 4744 4663 4689 4608 4689 4608 4744 4663 4745 4664 4689 4608 4745 4664 4690 4609 4690 4609 4745 4664 4746 4665 4690 4609 4746 4665 4691 4610 4691 4610 4746 4665 4747 4666 4691 4610 4747 4666 4692 4611 4692 4611 4747 4666 4748 4667 4692 4611 4748 4667 4693 4612 4693 4612 4748 4667 4749 4668 4693 4612 4749 4668 4694 4613 4750 4669 4695 4614 4751 4670 4751 4670 4695 4614 4696 4615 4751 4670 4696 4615 4752 4671 4752 4671 4696 4615 4697 4616 4752 4671 4697 4616 4753 4672 4753 4672 4697 4616 4698 4617 4753 4672 4698 4617 4754 4673 4754 4673 4698 4617 4699 4618 4754 4673 4699 4618 4755 4674 4755 4674 4699 4618 4700 4619 4755 4674 4700 4619 4756 4675 4756 4675 4700 4619 4701 4620 4756 4675 4701 4620 4757 4676 4757 4676 4701 4620 4702 4621 4757 4676 4702 4621 4758 4677 4758 4677 4702 4621 4703 4622 4758 4677 4703 4622 4759 4678 4759 4678 4703 4622 4704 4623 4759 4678 4704 4623 4760 4679 4760 4679 4704 4623 4705 4624 4760 4679 4705 4624 4761 4680 4706 4625 4762 4681 4707 4626 4707 4626 4762 4681 4763 4682 4707 4626 4763 4682 4708 4627 4708 4627 4763 4682 4764 4683 4708 4627 4764 4683 4709 4628 4709 4628 4764 4683 4765 4684 4709 4628 4765 4684 4710 4629 4710 4629 4765 4684 4766 4685 4710 4629 4766 4685 4711 4630 4711 4630 4766 4685 4767 4686 4711 4630 4767 4686 4712 4631 4712 4631 4767 4686 4768 4687 4712 4631 4768 4687 4713 4632 4713 4632 4768 4687 4769 4688 4713 4632 4769 4688 4714 4633 4714 4633 4769 4688 4770 4689 4714 4633 4770 4689 4715 4634 4715 4634 4770 4689 4771 4690 4715 4634 4771 4690 4716 4635 4716 4635 4771 4690 4772 4691 4716 4635 4772 4691 4717 4636 4717 4636 4772 4691 4773 4692 4717 4636 4773 4692 4718 4637 4718 4637 4773 4692 4774 4693 4718 4637 4774 4693 4719 4638 4719 4638 4774 4693 4775 4694 4719 4638 4775 4694 4720 4639 4720 4639 4775 4694 4776 4695 4720 4639 4776 4695 4721 4640 4721 4640 4776 4695 4777 4696 4721 4640 4777 4696 4722 4641 4722 4641 4777 4696 4778 4697 4722 4641 4778 4697 4723 4642 4723 4642 4778 4697 4779 4698 4723 4642 4779 4698 4724 4643 4724 4643 4779 4698 4780 4699 4724 4643 4780 4699 4725 4644 4725 4644 4780 4699 4781 4700 4725 4644 4781 4700 4726 4645 4726 4645 4781 4700 4782 4701 4726 4645 4782 4701 4727 4646 4727 4646 4782 4701 4783 4702 4727 4646 4783 4702 4728 4647 4728 4647 4783 4702 4784 4703 4728 4647 4784 4703 4729 4648 4729 4648 4784 4703 4785 4704 4729 4648 4785 4704 4730 4649 4730 4649 4785 4704 4786 4705 4730 4649 4786 4705 4731 4650 4731 4650 4786 4705 4787 4706 4731 4650 4787 4706 4732 4651 4732 4651 4787 4706 4788 4707 4732 4651 4788 4707 4733 4652 4733 4652 4788 4707 4789 4708 4733 4652 4789 4708 4734 4653 4734 4653 4789 4708 4790 4709 4734 4653 4790 4709 4735 4654 4735 4654 4790 4709 4791 4710 4735 4654 4791 4710 4736 4655 4736 4655 4791 4710 4792 4711 4736 4655 4792 4711 4737 4656 4737 4656 4792 4711 4793 4712 4737 4656 4793 4712 4738 4657 4738 4657 4793 4712 4794 4713 4738 4657 4794 4713 4739 4658 4739 4658 4794 4713 4795 4714 4739 4658 4795 4714 4740 4659 4740 4659 4795 4714 4796 4715 4740 4659 4796 4715 4741 4660 4741 4660 4796 4715 4797 4716 4741 4660 4797 4716 4742 4661 4742 4661 4797 4716 4798 4717 4742 4661 4798 4717 4743 4662 4743 4662 4798 4717 4799 4718 4743 4662 4799 4718 4744 4663 4744 4663 4799 4718 4800 4719 4744 4663 4800 4719 4745 4664 4745 4664 4800 4719 4801 4720 4745 4664 4801 4720 4746 4665 4746 4665 4801 4720 4802 4721 4746 4665 4802 4721 4747 4666 4747 4666 4802 4721 4803 4722 4747 4666 4803 4722 4748 4667 4748 4667 4803 4722 4804 4723 4748 4667 4804 4723 4749 4668 4416 4335 4750 4669 4805 4724 4805 4724 4750 4669 4751 4670 4805 4724 4751 4670 4806 4725 4806 4725 4751 4670 4752 4671 4806 4725 4752 4671 4807 4726 4807 4726 4752 4671 4753 4672 4807 4726 4753 4672 4808 4727 4808 4727 4753 4672 4754 4673 4808 4727 4754 4673 4809 4728 4809 4728 4754 4673 4755 4674 4809 4728 4755 4674 4810 4729 4810 4729 4755 4674 4756 4675 4810 4729 4756 4675 4811 4730 4811 4730 4756 4675 4757 4676 4811 4730 4757 4676 4812 4731 4812 4731 4757 4676 4758 4677 4812 4731 4758 4677 4813 4732 4813 4732 4758 4677 4759 4678 4813 4732 4759 4678 4814 4733 4814 4733 4759 4678 4760 4679 4814 4733 4760 4679 4815 4734 4815 4734 4760 4679 4761 4680 4815 4734 4761 4680 4816 4735 4762 4681 4817 4736 4763 4682 4763 4682 4817 4736 4818 4737 4763 4682 4818 4737 4764 4683 4764 4683 4818 4737 4819 4738 4764 4683 4819 4738 4765 4684 4765 4684 4819 4738 4820 4739 4765 4684 4820 4739 4766 4685 4766 4685 4820 4739 4821 4740 4766 4685 4821 4740 4767 4686 4767 4686 4821 4740 4822 4741 4767 4686 4822 4741 4768 4687 4768 4687 4822 4741 4823 4742 4768 4687 4823 4742 4769 4688 4769 4688 4823 4742 4824 4743 4769 4688 4824 4743 4770 4689 4770 4689 4824 4743 4825 4744 4770 4689 4825 4744 4771 4690 4771 4690 4825 4744 4826 4745 4771 4690 4826 4745 4772 4691 4772 4691 4826 4745 4827 4746 4772 4691 4827 4746 4773 4692 4773 4692 4827 4746 4828 4747 4773 4692 4828 4747 4774 4693 4774 4693 4828 4747 4418 4337 4774 4693 4418 4337 4775 4694 4775 4694 4418 4337 4417 4336 4775 4694 4417 4336 4776 4695 4776 4695 4417 4336 4829 4748 4776 4695 4829 4748 4777 4696 4777 4696 4829 4748 4830 4749 4777 4696 4830 4749 4778 4697 4778 4697 4830 4749 4831 4750 4778 4697 4831 4750 4779 4698 4779 4698 4831 4750 4832 4751 4779 4698 4832 4751 4780 4699 4780 4699 4832 4751 4833 4752 4780 4699 4833 4752 4781 4700 4781 4700 4833 4752 4834 4753 4781 4700 4834 4753 4782 4701 4782 4701 4834 4753 4835 4754 4782 4701 4835 4754 4783 4702 4783 4702 4835 4754 4836 4755 4783 4702 4836 4755 4784 4703 4784 4703 4836 4755 4837 4756 4784 4703 4837 4756 4785 4704 4785 4704 4837 4756 4838 4757 4785 4704 4838 4757 4786 4705 4786 4705 4838 4757 4839 4758 4786 4705 4839 4758 4787 4706 4787 4706 4839 4758 4840 4759 4787 4706 4840 4759 4788 4707 4788 4707 4840 4759 4841 4760 4788 4707 4841 4760 4789 4708 4789 4708 4841 4760 4842 4761 4789 4708 4842 4761 4790 4709 4790 4709 4842 4761 4843 4762 4790 4709 4843 4762 4791 4710 4791 4710 4843 4762 4844 4763 4791 4710 4844 4763 4792 4711 4792 4711 4844 4763 4845 4764 4792 4711 4845 4764 4793 4712 4793 4712 4845 4764 4846 4765 4793 4712 4846 4765 4794 4713 4794 4713 4846 4765 4847 4766 4794 4713 4847 4766 4795 4714 4795 4714 4847 4766 4848 4767 4795 4714 4848 4767 4796 4715 4796 4715 4848 4767 4849 4768 4796 4715 4849 4768 4797 4716 4797 4716 4849 4768 4850 4769 4797 4716 4850 4769 4798 4717 4798 4717 4850 4769 4851 4770 4798 4717 4851 4770 4799 4718 4799 4718 4851 4770 4852 4771 4799 4718 4852 4771 4800 4719 4800 4719 4852 4771 4853 4772 4800 4719 4853 4772 4801 4720 4801 4720 4853 4772 4854 4773 4801 4720 4854 4773 4802 4721 4802 4721 4854 4773 4855 4774 4802 4721 4855 4774 4803 4722 4803 4722 4855 4774 4856 4775 4803 4722 4856 4775 4804 4723 3780 3737 4418 4337 3796 3753 3796 3753 4418 4337 4828 4747 3796 3753 4828 4747 3812 3769 3812 3769 4828 4747 4827 4746 3812 3769 4827 4746 3681 3638 3681 3638 4827 4746 4826 4745 3681 3638 4826 4745 3682 3639 3682 3639 4826 4745 4825 4744 3682 3639 4825 4744 3820 3777 3820 3777 4825 4744 4824 4743 3820 3777 4824 4743 3829 3786 3829 3786 4824 4743 4823 4742 3829 3786 4823 4742 3698 3655 3698 3655 4823 4742 4822 4741 3698 3655 4822 4741 3699 3656 3699 3656 4822 4741 4821 4740 3699 3656 4821 4740 3838 3795 3838 3795 4821 4740 4820 4739 3838 3795 4820 4739 3839 3796 3839 3796 4820 4739 4819 4738 3839 3796 4819 4738 3854 3811 3854 3811 4819 4738 4818 4737 3854 3811 4818 4737 3855 3812 3855 3812 4818 4737 4817 4736 3855 3812 4817 4736 3678 3635 3676 3633 3675 3632 4857 4776 4857 4776 3675 3632 3679 3636 3601 3558 4420 4339 4453 4372 4453 4372 4420 4339 4858 4777 4453 4372 4858 4777 4482 4401 4482 4401 4858 4777 4859 4778 4482 4401 4859 4778 4538 4457 4538 4457 4859 4778 4860 4779 4538 4457 4860 4779 4594 4513 4594 4513 4860 4779 4861 4780 4594 4513 4861 4780 4650 4569 4650 4569 4861 4780 4862 4781 4650 4569 4862 4781 4706 4625 4706 4625 4862 4781 4863 4782 4706 4625 4863 4782 4762 4681 4762 4681 4863 4782 4857 4776 4762 4681 4857 4776 4817 4736 4817 4736 4857 4776 3679 3636 4817 4736 3679 3636 3678 3635 3602 3559 4454 4373 4420 4339 4420 4339 4454 4373 4475 4394 4420 4339 4475 4394 4858 4777 4858 4777 4475 4394 4530 4449 4858 4777 4530 4449 4859 4778 4859 4778 4530 4449 4585 4504 4859 4778 4585 4504 4860 4779 4860 4779 4585 4504 4640 4559 4860 4779 4640 4559 4861 4780 4861 4780 4640 4559 4695 4614 4861 4780 4695 4614 4862 4781 4862 4781 4695 4614 4750 4669 4862 4781 4750 4669 4863 4782 4863 4782 4750 4669 4416 4335 4863 4782 4416 4335 4857 4776 4857 4776 4416 4335 3672 3629 4857 4776 3672 3629 3676 3633 3673 3630 4416 4335 3877 3834 3877 3834 4416 4335 4805 4724 3877 3834 4805 4724 3886 3843 3886 3843 4805 4724 4806 4725 3886 3843 4806 4725 3728 3685 3728 3685 4806 4725 4807 4726 3728 3685 4807 4726 3729 3686 3729 3686 4807 4726 4808 4727 3729 3686 4808 4727 3895 3852 3895 3852 4808 4727 4809 4728 3895 3852 4809 4728 3745 3702 3745 3702 4809 4728 4810 4729 3745 3702 4810 4729 3746 3703 3746 3703 4810 4729 4811 4730 3746 3703 4811 4730 3896 3853 3896 3853 4811 4730 4812 4731 3896 3853 4812 4731 3912 3869 3912 3869 4812 4731 4813 4732 3912 3869 4813 4732 3762 3719 3762 3719 4813 4732 4814 4733 3762 3719 4814 4733 3763 3720 3763 3720 4814 4733 4815 4734 3763 3720 4815 4734 3921 3878 3921 3878 4815 4734 4816 4735 3921 3878 4816 4735 3922 3879 3780 3737 3779 3736 4417 4336 4417 4336 3779 3736 4864 4783 4417 4336 4864 4783 4829 4748 4829 4748 4864 4783 4865 4784 4829 4748 4865 4784 4830 4749 4830 4749 4865 4784 4866 4785 4830 4749 4866 4785 4831 4750 4831 4750 4866 4785 4867 4786 4831 4750 4867 4786 4832 4751 4832 4751 4867 4786 4868 4787 4832 4751 4868 4787 4833 4752 4833 4752 4868 4787 4869 4788 4833 4752 4869 4788 4834 4753 4834 4753 4869 4788 4870 4789 4834 4753 4870 4789 4835 4754 4835 4754 4870 4789 4871 4790 4835 4754 4871 4790 4836 4755 4836 4755 4871 4790 4872 4791 4836 4755 4872 4791 4837 4756 4837 4756 4872 4791 4873 4792 4837 4756 4873 4792 4838 4757 4838 4757 4873 4792 4874 4793 4838 4757 4874 4793 4839 4758 4839 4758 4874 4793 4875 4794 4839 4758 4875 4794 4840 4759 4840 4759 4875 4794 4876 4795 4840 4759 4876 4795 4841 4760 4841 4760 4876 4795 4877 4796 4841 4760 4877 4796 4842 4761 4842 4761 4877 4796 4878 4797 4842 4761 4878 4797 4843 4762 4843 4762 4878 4797 4879 4798 4843 4762 4879 4798 4844 4763 4844 4763 4879 4798 4880 4799 4844 4763 4880 4799 4845 4764 4845 4764 4880 4799 4881 4800 4845 4764 4881 4800 4846 4765 4846 4765 4881 4800 4882 4801 4846 4765 4882 4801 4847 4766 4847 4766 4882 4801 4883 4802 4847 4766 4883 4802 4848 4767 4848 4767 4883 4802 4884 4803 4848 4767 4884 4803 4849 4768 4849 4768 4884 4803 4885 4804 4849 4768 4885 4804 4850 4769 4850 4769 4885 4804 4886 4805 4850 4769 4886 4805 4851 4770 4851 4770 4886 4805 4887 4806 4851 4770 4887 4806 4852 4771 4852 4771 4887 4806 4888 4807 4852 4771 4888 4807 4853 4772 4853 4772 4888 4807 4889 4808 4853 4772 4889 4808 4854 4773 4854 4773 4889 4808 4890 4809 4854 4773 4890 4809 4855 4774 4855 4774 4890 4809 3922 3879 4855 4774 3922 3879 4856 4775 4856 4775 3922 3879 4816 4735 4856 4775 4816 4735 4804 4723 4804 4723 4816 4735 4761 4680 4804 4723 4761 4680 4749 4668 4749 4668 4761 4680 4705 4624 4749 4668 4705 4624 4694 4613 4694 4613 4705 4624 4649 4568 4694 4613 4649 4568 4639 4558 4639 4558 4649 4568 4593 4512 4639 4558 4593 4512 4584 4503 4584 4503 4593 4512 4537 4456 4584 4503 4537 4456 4529 4448 4529 4448 4537 4456 4481 4400 4529 4448 4481 4400 4419 4338 4419 4338 4481 4400 4458 4377 4419 4338 4458 4377 3613 3570 3613 3570 4458 4377 3612 3569 2649 2634 3931 3888 4891 4810 2649 2634 4891 4810 3795 3752 3795 3752 4891 4810 4892 4811 3795 3752 4892 4811 3793 3750 3793 3750 4892 4811 4893 4812 3793 3750 4893 4812 3791 3748 3791 3748 4893 4812 4894 4813 3791 3748 4894 4813 3789 3746 3789 3746 4894 4813 4895 4814 3789 3746 4895 4814 3787 3744 3787 3744 4895 4814 4896 4815 3787 3744 4896 4815 3785 3742 3785 3742 4896 4815 4897 4816 3785 3742 4897 4816 3783 3740 3783 3740 4897 4816 4898 4817 3783 3740 4898 4817 3781 3738 3781 3738 4898 4817 4899 4818 3781 3738 4899 4818 3779 3736 3937 3894 3938 3895 4900 4819 4901 4820 4902 4821 4903 4822 4903 4822 4902 4821 4904 4823 4903 4822 4904 4823 4905 4824 4905 4824 4904 4823 4906 4825 4905 4824 4906 4825 4907 4826 4907 4826 4906 4825 4908 4827 4907 4826 4908 4827 4909 4828 4909 4828 4908 4827 4910 4829 4909 4828 4910 4829 4911 4830 4911 4830 4910 4829 4912 4831 4911 4830 4912 4831 4913 4832 4913 4832 4912 4831 4914 4833 4913 4832 4914 4833 4915 4834 4915 4834 4914 4833 4916 4835 4915 4834 4916 4835 4917 4836 4917 4836 4916 4835 4900 4819 4918 4837 4901 4820 4919 4838 4919 4838 4901 4820 4903 4822 4919 4838 4903 4822 4920 4839 4920 4839 4903 4822 4905 4824 4920 4839 4905 4824 4921 4840 4921 4840 4905 4824 4907 4826 4921 4840 4907 4826 4922 4841 4922 4841 4907 4826 4909 4828 4922 4841 4909 4828 4923 4842 4923 4842 4909 4828 4911 4830 4923 4842 4911 4830 4924 4843 4924 4843 4911 4830 4913 4832 4924 4843 4913 4832 4925 4844 4925 4844 4913 4832 4915 4834 4925 4844 4915 4834 4926 4845 4926 4845 4915 4834 4917 4836 4926 4845 4917 4836 3932 3889 3932 3889 4917 4836 3933 3890 4900 4819 3938 3895 4917 4836 4917 4836 3938 3895 3934 3891 4917 4836 3934 3891 3933 3890 4902 4821 4927 4846 4904 4823 4904 4823 4927 4846 4928 4847 4904 4823 4928 4847 4906 4825 4906 4825 4928 4847 4929 4848 4906 4825 4929 4848 4908 4827 4908 4827 4929 4848 4930 4849 4908 4827 4930 4849 4910 4829 4910 4829 4930 4849 4931 4850 4910 4829 4931 4850 4912 4831 4912 4831 4931 4850 4932 4851 4912 4831 4932 4851 4914 4833 4914 4833 4932 4851 4933 4852 4914 4833 4933 4852 4916 4835 4916 4835 4933 4852 4934 4853 4916 4835 4934 4853 4900 4819 4900 4819 4934 4853 4935 4854 4900 4819 4935 4854 3937 3894 3937 3894 4935 4854 3936 3893 4927 4846 4936 4855 4928 4847 4928 4847 4936 4855 4937 4856 4928 4847 4937 4856 4929 4848 4929 4848 4937 4856 4938 4857 4929 4848 4938 4857 4930 4849 4930 4849 4938 4857 4939 4858 4930 4849 4939 4858 4931 4850 4931 4850 4939 4858 4940 4859 4931 4850 4940 4859 4932 4851 4932 4851 4940 4859 4941 4860 4932 4851 4941 4860 4933 4852 4933 4852 4941 4860 4942 4861 4933 4852 4942 4861 4934 4853 4934 4853 4942 4861 4943 4862 4934 4853 4943 4862 4935 4854 4935 4854 4943 4862 4944 4863 4935 4854 4944 4863 3936 3893 3936 3893 4944 4863 3935 3892 4936 4855 4899 4818 4937 4856 4937 4856 4899 4818 4898 4817 4937 4856 4898 4817 4938 4857 4938 4857 4898 4817 4897 4816 4938 4857 4897 4816 4939 4858 4939 4858 4897 4816 4896 4815 4939 4858 4896 4815 4940 4859 4940 4859 4896 4815 4895 4814 4940 4859 4895 4814 4941 4860 4941 4860 4895 4814 4894 4813 4941 4860 4894 4813 4942 4861 4942 4861 4894 4813 4893 4812 4942 4861 4893 4812 4943 4862 4943 4862 4893 4812 4892 4811 4943 4862 4892 4811 4944 4863 4944 4863 4892 4811 4891 4810 4944 4863 4891 4810 3935 3892 3935 3892 4891 4810 3931 3888 3941 3898 3940 3897 4945 4864 3944 3901 3943 3900 4946 4865 3932 3889 3945 3902 4926 4845 4926 4845 3945 3902 4947 4866 4926 4845 4947 4866 4925 4844 4925 4844 4947 4866 4948 4867 4925 4844 4948 4867 4924 4843 4924 4843 4948 4867 4949 4868 4924 4843 4949 4868 4923 4842 4923 4842 4949 4868 4950 4869 4923 4842 4950 4869 4922 4841 4922 4841 4950 4869 4951 4870 4922 4841 4951 4870 4921 4840 4921 4840 4951 4870 4952 4871 4921 4840 4952 4871 4920 4839 4920 4839 4952 4871 4953 4872 4920 4839 4953 4872 4919 4838 4919 4838 4953 4872 4954 4873 4919 4838 4954 4873 4918 4837 4918 4837 4954 4873 4955 4874 3945 3902 3944 3901 4947 4866 4947 4866 3944 3901 4946 4865 4947 4866 4946 4865 4948 4867 4948 4867 4946 4865 4956 4875 4948 4867 4956 4875 4949 4868 4949 4868 4956 4875 4957 4876 4949 4868 4957 4876 4950 4869 4950 4869 4957 4876 4958 4877 4950 4869 4958 4877 4951 4870 4951 4870 4958 4877 4959 4878 4951 4870 4959 4878 4952 4871 4952 4871 4959 4878 4960 4879 4952 4871 4960 4879 4953 4872 4953 4872 4960 4879 4961 4880 4953 4872 4961 4880 4954 4873 4954 4873 4961 4880 4962 4881 4954 4873 4962 4881 4955 4874 4955 4874 4962 4881 4963 4882 3943 3900 3942 3899 4946 4865 4946 4865 3942 3899 4964 4883 4946 4865 4964 4883 4956 4875 4956 4875 4964 4883 4965 4884 4956 4875 4965 4884 4957 4876 4957 4876 4965 4884 4966 4885 4957 4876 4966 4885 4958 4877 4958 4877 4966 4885 4967 4886 4958 4877 4967 4886 4959 4878 4959 4878 4967 4886 4968 4887 4959 4878 4968 4887 4960 4879 4960 4879 4968 4887 4969 4888 4960 4879 4969 4888 4961 4880 4961 4880 4969 4888 4970 4889 4961 4880 4970 4889 4962 4881 4962 4881 4970 4889 4971 4890 4962 4881 4971 4890 4963 4882 4963 4882 4971 4890 4972 4891 3942 3899 3941 3898 4964 4883 4964 4883 3941 3898 4945 4864 4964 4883 4945 4864 4965 4884 4965 4884 4945 4864 4973 4892 4965 4884 4973 4892 4966 4885 4966 4885 4973 4892 4974 4893 4966 4885 4974 4893 4967 4886 4967 4886 4974 4893 4975 4894 4967 4886 4975 4894 4968 4887 4968 4887 4975 4894 4976 4895 4968 4887 4976 4895 4969 4888 4969 4888 4976 4895 4977 4896 4969 4888 4977 4896 4970 4889 4970 4889 4977 4896 4978 4897 4970 4889 4978 4897 4971 4890 4971 4890 4978 4897 4979 4898 4971 4890 4979 4898 4972 4891 4972 4891 4979 4898 4980 4899 3940 3897 3939 3896 4945 4864 4945 4864 3939 3896 4981 4900 4945 4864 4981 4900 4973 4892 4973 4892 4981 4900 4982 4901 4973 4892 4982 4901 4974 4893 4974 4893 4982 4901 4983 4902 4974 4893 4983 4902 4975 4894 4975 4894 4983 4902 4984 4903 4975 4894 4984 4903 4976 4895 4976 4895 4984 4903 4985 4904 4976 4895 4985 4904 4977 4896 4977 4896 4985 4904 4986 4905 4977 4896 4986 4905 4978 4897 4978 4897 4986 4905 4987 4906 4978 4897 4987 4906 4979 4898 4979 4898 4987 4906 4988 4907 4979 4898 4988 4907 4980 4899 4980 4899 4988 4907 4989 4908 4990 4909 4989 4908 4988 4907 4990 4909 4988 4907 4991 4910 4991 4910 4988 4907 4987 4906 4991 4910 4987 4906 4992 4911 4992 4911 4987 4906 4986 4905 4992 4911 4986 4905 4993 4912 4993 4912 4986 4905 4985 4904 4993 4912 4985 4904 4994 4913 4994 4913 4985 4904 4984 4903 4994 4913 4984 4903 4995 4914 4995 4914 4984 4903 4983 4902 4995 4914 4983 4902 4996 4915 4996 4915 4983 4902 4982 4901 4996 4915 4982 4901 4997 4916 4997 4916 4982 4901 4981 4900 4997 4916 4981 4900 4998 4917 4998 4917 4981 4900 3939 3896 4998 4917 3939 3896 3946 3903 3992 3944 3990 3942 4999 4918 3982 3934 3980 3932 5000 4919 3972 3924 3970 3922 5001 4920 3962 3914 3960 3912 5002 4921 5003 4922 5004 4923 5005 4924 5005 4924 5004 4923 5006 4925 5005 4924 5006 4925 5007 4926 5007 4926 5006 4925 5008 4927 5007 4926 5008 4927 5009 4928 5009 4928 5008 4927 5010 4929 5009 4928 5010 4929 5011 4930 5011 4930 5010 4929 5012 4931 5011 4930 5012 4931 5013 4932 5013 4932 5012 4931 5014 4933 5013 4932 5014 4933 5015 4934 5015 4934 5014 4933 5016 4935 5015 4934 5016 4935 5017 4936 5017 4936 5016 4935 5018 4937 5017 4936 5018 4937 5019 4938 5019 4938 5018 4937 5002 4921 5020 4939 5021 4940 5022 4941 5022 4941 5021 4940 5023 4942 5022 4941 5023 4942 5024 4943 5024 4943 5023 4942 5025 4944 5024 4943 5025 4944 5026 4945 5026 4945 5025 4944 5027 4946 5026 4945 5027 4946 5028 4947 5028 4947 5027 4946 5029 4948 5028 4947 5029 4948 5030 4949 5030 4949 5029 4948 5031 4950 5030 4949 5031 4950 5032 4951 5032 4951 5031 4950 5033 4952 5032 4951 5033 4952 5034 4953 5034 4953 5033 4952 5035 4954 5034 4953 5035 4954 5036 4955 5036 4955 5035 4954 5001 4920 5037 4956 5038 4957 5039 4958 5039 4958 5038 4957 5040 4959 5039 4958 5040 4959 5041 4960 5041 4960 5040 4959 5042 4961 5041 4960 5042 4961 5043 4962 5043 4962 5042 4961 5044 4963 5043 4962 5044 4963 5045 4964 5045 4964 5044 4963 5046 4965 5045 4964 5046 4965 5047 4966 5047 4966 5046 4965 5048 4967 5047 4966 5048 4967 5049 4968 5049 4968 5048 4967 5050 4969 5049 4968 5050 4969 5051 4970 5051 4970 5050 4969 5052 4971 5051 4970 5052 4971 5053 4972 5053 4972 5052 4971 5000 4919 5054 4973 5055 4974 5056 4975 5056 4975 5055 4974 5057 4976 5056 4975 5057 4976 5058 4977 5058 4977 5057 4976 5059 4978 5058 4977 5059 4978 5060 4979 5060 4979 5059 4978 5061 4980 5060 4979 5061 4980 5062 4981 5062 4981 5061 4980 5063 4982 5062 4981 5063 4982 5064 4983 5064 4983 5063 4982 5065 4984 5064 4983 5065 4984 5066 4985 5066 4985 5065 4984 5067 4986 5066 4985 5067 4986 5068 4987 5068 4987 5067 4986 5069 4988 5068 4987 5069 4988 5070 4989 5070 4989 5069 4988 4999 4918 5071 4990 5003 4922 5072 4991 5072 4991 5003 4922 5005 4924 5072 4991 5005 4924 5073 4992 5073 4992 5005 4924 5007 4926 5073 4992 5007 4926 5074 4993 5074 4993 5007 4926 5009 4928 5074 4993 5009 4928 5075 4994 5075 4994 5009 4928 5011 4930 5075 4994 5011 4930 5076 4995 5076 4995 5011 4930 5013 4932 5076 4995 5013 4932 5077 4996 5077 4996 5013 4932 5015 4934 5077 4996 5015 4934 5078 4997 5078 4997 5015 4934 5017 4936 5078 4997 5017 4936 5079 4998 5079 4998 5017 4936 5019 4938 5079 4998 5019 4938 3954 3906 3954 3906 5019 4938 3956 3908 5002 4921 3960 3912 5019 4938 5019 4938 3960 3912 3958 3910 5019 4938 3958 3910 3956 3908 3964 3916 3962 3914 5080 4999 5080 4999 3962 3914 5002 4921 5080 4999 5002 4921 5081 5000 5081 5000 5002 4921 5018 4937 5081 5000 5018 4937 5082 5001 5082 5001 5018 4937 5016 4935 5082 5001 5016 4935 5083 5002 5083 5002 5016 4935 5014 4933 5083 5002 5014 4933 5084 5003 5084 5003 5014 4933 5012 4931 5084 5003 5012 4931 5085 5004 5085 5004 5012 4931 5010 4929 5085 5004 5010 4929 5086 5005 5086 5005 5010 4929 5008 4927 5086 5005 5008 4927 5087 5006 5087 5006 5008 4927 5006 4925 5087 5006 5006 4925 5088 5007 5088 5007 5006 4925 5004 4923 5088 5007 5020 4939 5087 5006 5087 5006 5020 4939 5022 4941 5087 5006 5022 4941 5086 5005 5086 5005 5022 4941 5024 4943 5086 5005 5024 4943 5085 5004 5085 5004 5024 4943 5026 4945 5085 5004 5026 4945 5084 5003 5084 5003 5026 4945 5028 4947 5084 5003 5028 4947 5083 5002 5083 5002 5028 4947 5030 4949 5083 5002 5030 4949 5082 5001 5082 5001 5030 4949 5032 4951 5082 5001 5032 4951 5081 5000 5081 5000 5032 4951 5034 4953 5081 5000 5034 4953 5080 4999 5080 4999 5034 4953 5036 4955 5080 4999 5036 4955 3964 3916 3964 3916 5036 4955 3966 3918 5001 4920 3970 3922 5036 4955 5036 4955 3970 3922 3968 3920 5036 4955 3968 3920 3966 3918 3974 3926 3972 3924 5089 5008 5089 5008 3972 3924 5001 4920 5089 5008 5001 4920 5090 5009 5090 5009 5001 4920 5035 4954 5090 5009 5035 4954 5091 5010 5091 5010 5035 4954 5033 4952 5091 5010 5033 4952 5092 5011 5092 5011 5033 4952 5031 4950 5092 5011 5031 4950 5093 5012 5093 5012 5031 4950 5029 4948 5093 5012 5029 4948 5094 5013 5094 5013 5029 4948 5027 4946 5094 5013 5027 4946 5095 5014 5095 5014 5027 4946 5025 4944 5095 5014 5025 4944 5096 5015 5096 5015 5025 4944 5023 4942 5096 5015 5023 4942 5097 5016 5097 5016 5023 4942 5021 4940 5097 5016 5037 4956 5096 5015 5096 5015 5037 4956 5039 4958 5096 5015 5039 4958 5095 5014 5095 5014 5039 4958 5041 4960 5095 5014 5041 4960 5094 5013 5094 5013 5041 4960 5043 4962 5094 5013 5043 4962 5093 5012 5093 5012 5043 4962 5045 4964 5093 5012 5045 4964 5092 5011 5092 5011 5045 4964 5047 4966 5092 5011 5047 4966 5091 5010 5091 5010 5047 4966 5049 4968 5091 5010 5049 4968 5090 5009 5090 5009 5049 4968 5051 4970 5090 5009 5051 4970 5089 5008 5089 5008 5051 4970 5053 4972 5089 5008 5053 4972 3974 3926 3974 3926 5053 4972 3976 3928 5000 4919 3980 3932 5053 4972 5053 4972 3980 3932 3978 3930 5053 4972 3978 3930 3976 3928 3984 3936 3982 3934 5098 5017 5098 5017 3982 3934 5000 4919 5098 5017 5000 4919 5099 5018 5099 5018 5000 4919 5052 4971 5099 5018 5052 4971 5100 5019 5100 5019 5052 4971 5050 4969 5100 5019 5050 4969 5101 5020 5101 5020 5050 4969 5048 4967 5101 5020 5048 4967 5102 5021 5102 5021 5048 4967 5046 4965 5102 5021 5046 4965 5103 5022 5103 5022 5046 4965 5044 4963 5103 5022 5044 4963 5104 5023 5104 5023 5044 4963 5042 4961 5104 5023 5042 4961 5105 5024 5105 5024 5042 4961 5040 4959 5105 5024 5040 4959 5106 5025 5106 5025 5040 4959 5038 4957 5106 5025 5054 4973 5105 5024 5105 5024 5054 4973 5056 4975 5105 5024 5056 4975 5104 5023 5104 5023 5056 4975 5058 4977 5104 5023 5058 4977 5103 5022 5103 5022 5058 4977 5060 4979 5103 5022 5060 4979 5102 5021 5102 5021 5060 4979 5062 4981 5102 5021 5062 4981 5101 5020 5101 5020 5062 4981 5064 4983 5101 5020 5064 4983 5100 5019 5100 5019 5064 4983 5066 4985 5100 5019 5066 4985 5099 5018 5099 5018 5066 4985 5068 4987 5099 5018 5068 4987 5098 5017 5098 5017 5068 4987 5070 4989 5098 5017 5070 4989 3984 3936 3984 3936 5070 4989 3986 3938 4999 4918 3990 3942 5070 4989 5070 4989 3990 3942 3988 3940 5070 4989 3988 3940 3986 3938 3994 3946 3992 3944 5107 5026 5107 5026 3992 3944 4999 4918 5107 5026 4999 4918 5108 5027 5108 5027 4999 4918 5069 4988 5108 5027 5069 4988 5109 5028 5109 5028 5069 4988 5067 4986 5109 5028 5067 4986 5110 5029 5110 5029 5067 4986 5065 4984 5110 5029 5065 4984 5111 5030 5111 5030 5065 4984 5063 4982 5111 5030 5063 4982 5112 5031 5112 5031 5063 4982 5061 4980 5112 5031 5061 4980 5113 5032 5113 5032 5061 4980 5059 4978 5113 5032 5059 4978 5114 5033 5114 5033 5059 4978 5057 4976 5114 5033 5057 4976 5115 5034 5115 5034 5057 4976 5055 4974 5115 5034 4990 4909 5114 5033 5114 5033 4990 4909 4991 4910 5114 5033 4991 4910 5113 5032 5113 5032 4991 4910 4992 4911 5113 5032 4992 4911 5112 5031 5112 5031 4992 4911 4993 4912 5112 5031 4993 4912 5111 5030 5111 5030 4993 4912 4994 4913 5111 5030 4994 4913 5110 5029 5110 5029 4994 4913 4995 4914 5110 5029 4995 4914 5109 5028 5109 5028 4995 4914 4996 4915 5109 5028 4996 4915 5108 5027 5108 5027 4996 4915 4997 4916 5108 5027 4997 4916 5107 5026 5107 5026 4997 4916 4998 4917 5107 5026 4998 4917 3994 3946 3994 3946 4998 4917 3946 3903 3954 3906 3995 3947 5116 5035 3954 3906 5116 5035 5079 4998 5079 4998 5116 5035 5117 5036 5079 4998 5117 5036 5078 4997 5078 4997 5117 5036 5118 5037 5078 4997 5118 5037 5077 4996 5077 4996 5118 5037 5119 5038 5077 4996 5119 5038 5076 4995 5076 4995 5119 5038 5120 5039 5076 4995 5120 5039 5075 4994 5075 4994 5120 5039 5121 5040 5075 4994 5121 5040 5074 4993 5074 4993 5121 5040 5122 5041 5074 4993 5122 5041 5073 4992 5073 4992 5122 5041 5123 5042 5073 4992 5123 5042 5072 4991 5072 4991 5123 5042 5124 5043 5072 4991 5124 5043 5071 4990 4034 3986 4032 3984 5125 5044 4024 3976 4022 3974 5126 5045 4014 3966 4012 3964 5127 5046 4004 3956 4002 3954 5128 5047 5129 5048 5130 5049 5131 5050 5131 5050 5130 5049 5132 5051 5131 5050 5132 5051 5133 5052 5133 5052 5132 5051 5134 5053 5133 5052 5134 5053 5135 5054 5135 5054 5134 5053 5136 5055 5135 5054 5136 5055 5137 5056 5137 5056 5136 5055 5138 5057 5137 5056 5138 5057 5139 5058 5139 5058 5138 5057 5140 5059 5139 5058 5140 5059 5141 5060 5141 5060 5140 5059 5142 5061 5141 5060 5142 5061 5143 5062 5143 5062 5142 5061 5144 5063 5143 5062 5144 5063 5145 5064 5145 5064 5144 5063 5128 5047 5146 5065 5147 5066 5148 5067 5148 5067 5147 5066 5149 5068 5148 5067 5149 5068 5150 5069 5150 5069 5149 5068 5151 5070 5150 5069 5151 5070 5152 5071 5152 5071 5151 5070 5153 5072 5152 5071 5153 5072 5154 5073 5154 5073 5153 5072 5155 5074 5154 5073 5155 5074 5156 5075 5156 5075 5155 5074 5157 5076 5156 5075 5157 5076 5158 5077 5158 5077 5157 5076 5159 5078 5158 5077 5159 5078 5160 5079 5160 5079 5159 5078 5161 5080 5160 5079 5161 5080 5162 5081 5162 5081 5161 5080 5127 5046 5163 5082 5164 5083 5165 5084 5165 5084 5164 5083 5166 5085 5165 5084 5166 5085 5167 5086 5167 5086 5166 5085 5168 5087 5167 5086 5168 5087 5169 5088 5169 5088 5168 5087 5170 5089 5169 5088 5170 5089 5171 5090 5171 5090 5170 5089 5172 5091 5171 5090 5172 5091 5173 5092 5173 5092 5172 5091 5174 5093 5173 5092 5174 5093 5175 5094 5175 5094 5174 5093 5176 5095 5175 5094 5176 5095 5177 5096 5177 5096 5176 5095 5178 5097 5177 5096 5178 5097 5179 5098 5179 5098 5178 5097 5126 5045 5180 5099 5181 5100 5182 5101 5182 5101 5181 5100 5183 5102 5182 5101 5183 5102 5184 5103 5184 5103 5183 5102 5185 5104 5184 5103 5185 5104 5186 5105 5186 5105 5185 5104 5187 5106 5186 5105 5187 5106 5188 5107 5188 5107 5187 5106 5189 5108 5188 5107 5189 5108 5190 5109 5190 5109 5189 5108 5191 5110 5190 5109 5191 5110 5192 5111 5192 5111 5191 5110 5193 5112 5192 5111 5193 5112 5194 5113 5194 5113 5193 5112 5195 5114 5194 5113 5195 5114 5196 5115 5196 5115 5195 5114 5125 5044 5197 5116 5129 5048 5198 5117 5198 5117 5129 5048 5131 5050 5198 5117 5131 5050 5199 5118 5199 5118 5131 5050 5133 5052 5199 5118 5133 5052 5200 5119 5200 5119 5133 5052 5135 5054 5200 5119 5135 5054 5201 5120 5201 5120 5135 5054 5137 5056 5201 5120 5137 5056 5202 5121 5202 5121 5137 5056 5139 5058 5202 5121 5139 5058 5203 5122 5203 5122 5139 5058 5141 5060 5203 5122 5141 5060 5204 5123 5204 5123 5141 5060 5143 5062 5204 5123 5143 5062 5205 5124 5205 5124 5143 5062 5145 5064 5205 5124 5145 5064 3996 3948 3996 3948 5145 5064 3998 3950 5128 5047 4002 3954 5145 5064 5145 5064 4002 3954 4000 3952 5145 5064 4000 3952 3998 3950 4006 3958 4004 3956 5206 5125 5206 5125 4004 3956 5128 5047 5206 5125 5128 5047 5207 5126 5207 5126 5128 5047 5144 5063 5207 5126 5144 5063 5208 5127 5208 5127 5144 5063 5142 5061 5208 5127 5142 5061 5209 5128 5209 5128 5142 5061 5140 5059 5209 5128 5140 5059 5210 5129 5210 5129 5140 5059 5138 5057 5210 5129 5138 5057 5211 5130 5211 5130 5138 5057 5136 5055 5211 5130 5136 5055 5212 5131 5212 5131 5136 5055 5134 5053 5212 5131 5134 5053 5213 5132 5213 5132 5134 5053 5132 5051 5213 5132 5132 5051 5214 5133 5214 5133 5132 5051 5130 5049 5214 5133 5146 5065 5213 5132 5213 5132 5146 5065 5148 5067 5213 5132 5148 5067 5212 5131 5212 5131 5148 5067 5150 5069 5212 5131 5150 5069 5211 5130 5211 5130 5150 5069 5152 5071 5211 5130 5152 5071 5210 5129 5210 5129 5152 5071 5154 5073 5210 5129 5154 5073 5209 5128 5209 5128 5154 5073 5156 5075 5209 5128 5156 5075 5208 5127 5208 5127 5156 5075 5158 5077 5208 5127 5158 5077 5207 5126 5207 5126 5158 5077 5160 5079 5207 5126 5160 5079 5206 5125 5206 5125 5160 5079 5162 5081 5206 5125 5162 5081 4006 3958 4006 3958 5162 5081 4008 3960 5127 5046 4012 3964 5162 5081 5162 5081 4012 3964 4010 3962 5162 5081 4010 3962 4008 3960 4016 3968 4014 3966 5215 5134 5215 5134 4014 3966 5127 5046 5215 5134 5127 5046 5216 5135 5216 5135 5127 5046 5161 5080 5216 5135 5161 5080 5217 5136 5217 5136 5161 5080 5159 5078 5217 5136 5159 5078 5218 5137 5218 5137 5159 5078 5157 5076 5218 5137 5157 5076 5219 5138 5219 5138 5157 5076 5155 5074 5219 5138 5155 5074 5220 5139 5220 5139 5155 5074 5153 5072 5220 5139 5153 5072 5221 5140 5221 5140 5153 5072 5151 5070 5221 5140 5151 5070 5222 5141 5222 5141 5151 5070 5149 5068 5222 5141 5149 5068 5223 5142 5223 5142 5149 5068 5147 5066 5223 5142 5163 5082 5222 5141 5222 5141 5163 5082 5165 5084 5222 5141 5165 5084 5221 5140 5221 5140 5165 5084 5167 5086 5221 5140 5167 5086 5220 5139 5220 5139 5167 5086 5169 5088 5220 5139 5169 5088 5219 5138 5219 5138 5169 5088 5171 5090 5219 5138 5171 5090 5218 5137 5218 5137 5171 5090 5173 5092 5218 5137 5173 5092 5217 5136 5217 5136 5173 5092 5175 5094 5217 5136 5175 5094 5216 5135 5216 5135 5175 5094 5177 5096 5216 5135 5177 5096 5215 5134 5215 5134 5177 5096 5179 5098 5215 5134 5179 5098 4016 3968 4016 3968 5179 5098 4018 3970 5126 5045 4022 3974 5179 5098 5179 5098 4022 3974 4020 3972 5179 5098 4020 3972 4018 3970 4026 3978 4024 3976 5224 5143 5224 5143 4024 3976 5126 5045 5224 5143 5126 5045 5225 5144 5225 5144 5126 5045 5178 5097 5225 5144 5178 5097 5226 5145 5226 5145 5178 5097 5176 5095 5226 5145 5176 5095 5227 5146 5227 5146 5176 5095 5174 5093 5227 5146 5174 5093 5228 5147 5228 5147 5174 5093 5172 5091 5228 5147 5172 5091 5229 5148 5229 5148 5172 5091 5170 5089 5229 5148 5170 5089 5230 5149 5230 5149 5170 5089 5168 5087 5230 5149 5168 5087 5231 5150 5231 5150 5168 5087 5166 5085 5231 5150 5166 5085 5232 5151 5232 5151 5166 5085 5164 5083 5232 5151 5180 5099 5231 5150 5231 5150 5180 5099 5182 5101 5231 5150 5182 5101 5230 5149 5230 5149 5182 5101 5184 5103 5230 5149 5184 5103 5229 5148 5229 5148 5184 5103 5186 5105 5229 5148 5186 5105 5228 5147 5228 5147 5186 5105 5188 5107 5228 5147 5188 5107 5227 5146 5227 5146 5188 5107 5190 5109 5227 5146 5190 5109 5226 5145 5226 5145 5190 5109 5192 5111 5226 5145 5192 5111 5225 5144 5225 5144 5192 5111 5194 5113 5225 5144 5194 5113 5224 5143 5224 5143 5194 5113 5196 5115 5224 5143 5196 5115 4026 3978 4026 3978 5196 5115 4028 3980 5125 5044 4032 3984 5196 5115 5196 5115 4032 3984 4030 3982 5196 5115 4030 3982 4028 3980 4036 3988 4034 3986 5233 5152 5233 5152 4034 3986 5125 5044 5233 5152 5125 5044 5234 5153 5234 5153 5125 5044 5195 5114 5234 5153 5195 5114 5235 5154 5235 5154 5195 5114 5193 5112 5235 5154 5193 5112 5236 5155 5236 5155 5193 5112 5191 5110 5236 5155 5191 5110 5237 5156 5237 5156 5191 5110 5189 5108 5237 5156 5189 5108 5238 5157 5238 5157 5189 5108 5187 5106 5238 5157 5187 5106 5239 5158 5239 5158 5187 5106 5185 5104 5239 5158 5185 5104 5240 5159 5240 5159 5185 5104 5183 5102 5240 5159 5183 5102 5241 5160 5241 5160 5183 5102 5181 5100 5241 5160 5124 5043 5240 5159 5240 5159 5124 5043 5123 5042 5240 5159 5123 5042 5239 5158 5239 5158 5123 5042 5122 5041 5239 5158 5122 5041 5238 5157 5238 5157 5122 5041 5121 5040 5238 5157 5121 5040 5237 5156 5237 5156 5121 5040 5120 5039 5237 5156 5120 5039 5236 5155 5236 5155 5120 5039 5119 5038 5236 5155 5119 5038 5235 5154 5235 5154 5119 5038 5118 5037 5235 5154 5118 5037 5234 5153 5234 5153 5118 5037 5117 5036 5234 5153 5117 5036 5233 5152 5233 5152 5117 5036 5116 5035 5233 5152 5116 5035 4036 3988 4036 3988 5116 5035 3995 3947 5242 5161 5197 5116 5198 5117 5242 5161 5198 5117 5243 5162 5243 5162 5198 5117 5199 5118 5243 5162 5199 5118 5244 5163 5244 5163 5199 5118 5200 5119 5244 5163 5200 5119 5245 5164 5245 5164 5200 5119 5201 5120 5245 5164 5201 5120 5246 5165 5246 5165 5201 5120 5202 5121 5246 5165 5202 5121 5247 5166 5247 5166 5202 5121 5203 5122 5247 5166 5203 5122 5248 5167 5248 5167 5203 5122 5204 5123 5248 5167 5204 5123 5249 5168 5249 5168 5204 5123 5205 5124 5249 5168 5205 5124 5250 5169 5250 5169 5205 5124 3996 3948 5250 5169 3996 3948 4037 3989 5242 5161 5243 5162 5251 5170 4363 4282 4358 4277 5252 5171 5244 5163 5245 5164 5253 5172 4369 4288 4364 4283 5254 5173 5245 5164 5246 5165 5255 5174 4375 4294 4370 4289 5256 5175 5246 5165 5247 5166 5257 5176 4381 4300 4376 4295 5258 5177 5247 5166 5248 5167 5259 5178 4387 4306 4382 4301 5260 5179 5248 5167 5249 5168 5261 5180 4413 4332 4388 4307 5262 5181 5249 5168 5250 5169 5263 5182 5250 5169 4037 3989 4046 3991 5250 5169 4046 3991 5263 5182 5263 5182 4046 3991 4047 3992 5263 5182 4047 3992 5264 5183 4051 3996 5265 5184 4050 3995 4050 3995 5265 5184 5266 5185 4050 3995 5266 5185 4049 3994 4049 3994 5266 5185 5264 5183 4049 3994 5264 5183 4048 3993 4048 3993 5264 5183 4047 3992 4051 3996 3561 3518 5265 5184 5265 5184 3561 3518 4415 4334 5265 5184 4415 4334 4414 4333 5249 5168 5263 5182 5261 5180 5261 5180 5263 5182 5264 5183 5261 5180 5264 5183 5267 5186 5267 5186 5264 5183 5266 5185 5267 5186 5266 5185 5268 5187 5268 5187 5266 5185 5265 5184 5268 5187 5265 5184 5262 5181 5262 5181 5265 5184 4414 4333 5262 5181 4414 4333 4413 4332 5248 5167 5261 5180 5259 5178 5259 5178 5261 5180 5267 5186 5259 5178 5267 5186 5269 5188 5269 5188 5267 5186 5268 5187 5269 5188 5268 5187 5270 5189 5270 5189 5268 5187 5262 5181 5270 5189 5262 5181 5260 5179 5260 5179 5262 5181 4388 4307 5260 5179 4388 4307 4387 4306 5247 5166 5259 5178 5257 5176 5257 5176 5259 5178 5269 5188 5257 5176 5269 5188 5271 5190 5271 5190 5269 5188 5270 5189 5271 5190 5270 5189 5272 5191 5272 5191 5270 5189 5260 5179 5272 5191 5260 5179 5258 5177 5258 5177 5260 5179 4382 4301 5258 5177 4382 4301 4381 4300 5246 5165 5257 5176 5255 5174 5255 5174 5257 5176 5271 5190 5255 5174 5271 5190 5273 5192 5273 5192 5271 5190 5272 5191 5273 5192 5272 5191 5274 5193 5274 5193 5272 5191 5258 5177 5274 5193 5258 5177 5256 5175 5256 5175 5258 5177 4376 4295 5256 5175 4376 4295 4375 4294 5245 5164 5255 5174 5253 5172 5253 5172 5255 5174 5273 5192 5253 5172 5273 5192 5275 5194 5275 5194 5273 5192 5274 5193 5275 5194 5274 5193 5276 5195 5276 5195 5274 5193 5256 5175 5276 5195 5256 5175 5254 5173 5254 5173 5256 5175 4370 4289 5254 5173 4370 4289 4369 4288 5244 5163 5253 5172 5277 5196 5277 5196 5253 5172 5275 5194 5277 5196 5275 5194 5278 5197 5278 5197 5275 5194 5276 5195 5278 5197 5276 5195 5279 5198 5279 5198 5276 5195 5254 5173 5279 5198 5254 5173 5252 5171 5252 5171 5254 5173 4364 4283 5252 5171 4364 4283 4363 4282 4358 4277 5280 5199 5252 5171 5252 5171 5280 5199 5281 5200 5252 5171 5281 5200 5279 5198 5279 5198 5281 5200 5282 5201 5279 5198 5282 5201 5278 5197 5278 5197 5282 5201 5251 5170 5278 5197 5251 5170 5277 5196 5277 5196 5251 5170 5243 5162 5277 5196 5243 5162 5244 5163 4358 4277 4357 4276 5280 5199 5280 5199 4357 4276 4352 4271 5280 5199 4352 4271 4351 4270 5242 5161 5251 5170 5283 5202 5283 5202 5251 5170 5282 5201 5283 5202 5282 5201 5284 5203 5284 5203 5282 5201 5281 5200 5284 5203 5281 5200 5285 5204 5285 5204 5281 5200 5280 5199 5285 5204 5280 5199 5286 5205 5286 5205 5280 5199 4351 4270 5286 5205 4351 4270 4344 4263 4879 4798 4878 4797 5287 5206 5288 5207 5289 5207 4989 4908 4989 4908 5289 5207 5290 5207 5291 5207 5292 5207 5293 5207 5294 5208 4878 4797 5295 5209 5296 5210 5297 5207 5071 4990 5021 4940 5020 4939 5298 5211 5299 5207 5020 5212 5300 5207 5301 5207 5302 5207 5303 5207 4874 4793 4873 4792 5304 5213 4883 4802 4882 4801 5305 5214 5306 5215 4882 4801 4881 4800 5306 5215 4881 4800 5287 5206 5287 5206 4881 4800 4880 4799 5287 5206 4880 4799 4879 4798 5242 5161 5307 5207 5308 5207 5309 5207 5197 5116 5310 5207 5310 5207 5197 5116 5242 5161 5310 5207 5242 5161 5311 5207 5311 5207 5242 5161 5308 5207 5312 5207 5313 5207 5314 5207 5314 5207 5313 5207 5315 5207 5312 5216 5316 5216 5313 5216 5313 5217 5316 5217 5317 5217 5313 5218 5317 5218 5318 5218 5020 4939 5088 5007 5319 5219 5319 5219 5088 5007 5004 4923 5319 5219 5004 4923 5320 5207 5321 5207 5322 5220 4990 4909 4990 4909 5322 5220 5323 5221 4990 4909 5323 5221 4989 4908 4989 4908 5324 5207 5325 5207 4989 4908 5325 5207 5288 5207 4867 4786 4866 4785 4899 4818 4873 4792 4872 4791 5326 5222 5326 5222 4872 4791 4871 4790 5326 5222 4871 4790 5327 5223 5327 5223 4871 4790 4870 4789 5327 5223 4870 4789 4869 4788 4345 4264 3922 3879 4890 4809 5309 5207 5328 5207 5197 5116 5197 5116 5328 5207 5329 5207 5197 5116 5329 5207 5330 5207 5331 5224 5332 5224 5333 5224 5333 5225 5332 5225 5334 5225 5333 5226 5334 5226 5335 5226 5021 4940 5298 5211 5097 5016 5097 5016 5298 5211 5336 5227 5097 5016 5336 5227 5037 4956 5037 4956 5337 5207 5038 4957 5038 4957 5337 5207 5338 5207 5038 4957 5339 5207 5106 5025 5106 5025 5339 5207 5054 4973 5054 4973 5339 5207 5340 5207 5054 4973 5341 5207 5055 4974 5055 4974 5341 5207 5342 5207 5055 4974 5343 5207 5115 5034 5115 5034 5343 5207 4990 4909 4990 4909 5343 5207 5344 5207 4990 4909 5344 5207 5345 5207 5292 5207 5291 5207 5303 5207 5303 5207 5291 5207 5346 5207 5303 5207 5346 5207 5301 5207 5302 5207 5347 5207 5303 5207 5303 5207 5347 5207 5348 5207 5303 5207 5348 5207 5349 5207 5350 5207 5351 5207 5352 5207 5352 5207 5351 5207 5353 5207 5354 5207 5315 5207 5355 5207 5355 5207 5315 5207 5313 5207 5355 5207 5313 5207 5351 5207 5351 5207 5313 5207 5356 5207 5351 5207 5356 5207 5353 5207 5357 5228 5358 5229 4990 4909 4990 4909 5358 5229 5359 5230 4990 4909 5359 5230 5321 5207 5290 5207 5360 5207 4989 4908 4989 4908 5360 5207 5361 5207 4989 4908 5361 5207 4980 4899 4980 4899 5362 5207 5363 5231 4918 4837 4955 4874 5364 5232 5364 5232 4955 4874 4963 4882 5364 5232 4963 4882 5365 5207 5363 5231 4963 4882 4972 4891 5363 5231 4972 4891 4980 4899 4869 4788 5366 5233 5291 5234 4878 4797 4877 4796 5295 5209 5295 5209 4877 4796 4876 4795 5295 5209 4876 4795 5304 5213 5304 5213 4876 4795 4875 4794 5304 5213 4875 4794 4874 4793 4890 4809 4889 4808 4345 4264 4345 4264 4889 4808 4888 4807 4345 4264 4888 4807 4887 4806 5367 5207 5368 5207 5242 5161 5242 5161 5368 5207 5369 5207 5242 5161 5369 5207 5307 5207 5124 5043 5370 5235 5071 4990 5071 4990 5370 5235 5371 5236 5071 4990 5371 5236 5296 5210 5004 4923 5003 4922 5320 5207 5320 5207 5003 4922 5071 4990 5320 5207 5071 4990 5372 5207 5372 5207 5071 4990 5373 5237 5350 5207 5374 5207 5351 5207 5351 5207 5374 5207 5375 5207 5351 5207 5375 5207 5376 5207 5349 5207 5377 5207 5378 5207 5378 5207 5377 5207 5379 5207 5378 5207 5379 5207 5380 5207 5376 5207 5379 5207 5381 5207 5376 5207 5381 5207 5351 5207 5354 5207 5382 5207 5315 5207 5315 5238 5382 5238 5383 5238 5315 5207 5383 5207 5384 5207 5384 5239 5383 5239 5385 5239 5386 5240 5387 5240 5388 5240 5388 5241 5387 5241 5389 5241 5388 5242 5389 5242 5390 5242 5345 5207 5391 5207 4990 4909 4990 4909 5391 5207 5392 5207 4990 4909 5392 5207 5393 5243 4866 4785 4865 4784 4899 4818 4899 4818 4865 4784 4864 4783 4899 4818 4864 4783 3779 3736 5293 5207 5394 5207 5291 5207 5291 5207 5394 5207 5395 5207 5291 5234 5396 5244 4869 4788 4869 4788 5396 5244 5397 5245 4869 4788 5397 5245 5327 5223 4411 4330 4393 4312 4885 4804 5286 5205 4344 4263 5398 5246 5398 5246 4344 4263 4343 4262 5242 5161 5283 5202 5399 5207 5399 5207 5283 5202 5284 5203 5399 5207 5284 5203 5398 5246 5398 5246 5284 5203 5285 5204 5398 5246 5285 5204 5286 5205 5335 5207 5400 5207 5333 5207 5333 5247 5400 5247 5401 5247 5333 5207 5401 5207 5402 5207 5403 5248 5404 5249 5232 5151 5405 5207 5406 5207 5407 5207 5407 5207 5406 5207 5297 5207 5297 5207 5406 5250 5071 4990 5071 4990 5406 5250 5408 5251 5071 4990 5408 5251 5373 5237 5390 5207 5409 5207 5388 5207 5388 5252 5409 5252 5410 5252 5388 5253 5410 5253 5411 5253 5411 5207 5412 5207 5413 5207 5411 5207 5413 5207 5414 5207 5414 5207 5415 5207 5416 5207 5414 5207 5416 5207 5385 5207 5357 5228 4990 4909 5417 5254 5417 5254 4990 4909 5393 5243 5417 5207 5418 5207 5388 5207 5388 5207 5418 5207 5419 5207 5388 5255 5419 5255 5386 5255 4936 4855 4927 4846 4869 4788 4869 4788 4927 4846 4902 4821 5402 5207 5223 5142 5333 5256 5333 5256 5223 5142 5147 5066 5333 5256 5147 5066 5146 5065 5318 5207 5420 5207 5421 5207 5421 5257 5420 5257 5422 5257 5421 5253 5422 5253 5423 5253 5423 5207 5422 5207 5424 5207 5423 5207 5424 5207 5333 5207 5333 5207 5424 5207 5425 5207 5333 5258 5425 5258 5331 5258 5402 5207 5426 5259 5223 5142 5223 5142 5426 5259 5427 5260 5223 5142 5427 5260 5428 5207 5124 5043 5241 5160 5429 5261 5429 5261 5241 5160 5181 5100 5429 5261 5181 5100 5404 5249 5404 5249 5181 5100 5180 5099 5404 5249 5180 5099 5232 5151 5430 5207 5431 5207 5384 5207 5405 5207 5432 5207 5433 5207 5433 5207 5432 5207 5434 5207 5433 5207 5434 5207 5435 5207 5435 5207 5434 5207 5436 5207 4936 4855 4869 4788 4899 4818 4899 4818 4869 4788 4868 4787 4899 4818 4868 4787 4867 4786 5366 5233 4869 4788 5437 5262 5437 5262 4869 4788 4902 4821 5437 5262 4902 4821 5438 5263 5438 5263 4902 4821 4901 4820 5438 5263 4901 4820 4918 4837 4343 4262 4411 4330 5439 5264 5439 5264 4411 4330 4885 4804 5439 5264 4885 4804 5305 5214 5305 5214 4885 4804 4884 4803 5305 5214 4884 4803 4883 4802 4393 4312 4346 4265 4885 4804 4885 4804 4346 4265 4345 4264 4885 4804 4345 4264 4886 4805 4886 4805 4345 4264 4887 4806 5330 5207 5440 5265 5197 5116 5197 5116 5440 5265 5441 5266 5197 5116 5441 5266 5129 5048 5129 5267 5442 5207 5443 5207 5129 5048 5444 5207 5130 5049 5130 5049 5444 5207 5445 5207 5130 5049 5333 5256 5214 5133 5214 5133 5333 5256 5146 5065 5428 5207 5446 5268 5223 5142 5223 5142 5446 5268 5447 5269 5223 5142 5447 5269 5448 5207 5431 5207 5449 5207 5384 5207 5384 5207 5449 5207 5450 5207 5384 5207 5450 5207 5451 5207 5451 5207 5452 5207 5384 5207 5453 5207 5452 5207 5454 5207 5453 5207 5454 5207 5434 5207 5434 5207 5454 5207 5455 5207 5434 5207 5455 5207 5436 5207 5232 5151 5164 5083 5403 5248 5403 5248 5164 5083 5163 5082 5403 5248 5163 5082 5456 5270 5456 5270 5163 5082 5223 5142 5456 5270 5223 5142 5457 5207 5457 5207 5223 5142 5448 5207 5385 5271 5458 5271 5384 5271 5384 5207 5458 5207 5459 5207 5384 5207 5459 5207 5430 5207 5460 3396 5461 3396 5462 3396 5462 3396 5463 3396 5460 3396 5460 5272 5463 5272 5464 5272 5460 3396 5464 3396 5465 3396 5466 5273 5467 5273 5468 5273 5468 3396 5467 3396 5469 3396 5468 3396 5460 3396 5470 3396 5470 3396 5460 3396 5465 3396 5466 5274 5471 5274 5467 5274 5467 5275 5471 5275 5472 5275 5467 5276 5472 5276 5473 5276 5473 5277 5474 5277 5467 5277 5467 3396 5474 3396 5475 3396 5467 3396 5475 3396 5476 3396 5477 5278 5478 5278 5479 5278 5480 5278 5481 5278 5482 5278 5483 5278 5484 5278 5477 5278 5477 5278 5484 5278 5485 5278 5477 5279 5485 5279 5478 5279 5480 5278 5482 5278 5486 5278 5479 5278 5487 5278 5477 5278 5477 5278 5487 5278 5488 5278 5477 5278 5488 5278 5482 5278 5482 5278 5488 5278 5489 5278 5482 5280 5489 5280 5486 5280 5481 5281 5490 5281 5482 5281 5482 5282 5490 5282 5491 5282 5482 5278 5491 5278 5492 5278 5493 0 5494 0 5495 0 5495 0 5494 0 5496 0 5497 5207 5498 5207 5499 5207 5499 5207 5498 5207 5500 5207 5499 5207 5500 5207 5501 5207 5502 0 5503 0 5504 0 5504 0 5503 0 5505 0 5504 0 5505 0 5506 0 5507 0 5508 0 5504 0 5504 0 5508 0 5509 0 5504 0 5509 0 5502 0 5510 0 5511 0 5504 0 5504 0 5511 0 5512 0 5504 0 5512 0 5507 0 5513 0 5514 0 5504 0 5504 0 5514 0 5515 0 5504 0 5515 0 5510 0 5516 0 5517 0 5504 0 5504 0 5517 0 5518 0 5504 0 5518 0 5513 0 5519 0 5520 0 5504 0 5504 0 5520 0 5521 0 5504 0 5521 0 5516 0 5522 0 5523 0 5504 0 5504 0 5523 0 5524 0 5504 0 5524 0 5519 0 5525 0 5526 0 5504 0 5504 0 5526 0 5527 0 5504 0 5527 0 5522 0 5528 0 5529 0 5504 0 5504 0 5529 0 5530 0 5504 0 5530 0 5525 0 5531 0 5532 0 5504 0 5504 0 5532 0 5533 0 5504 0 5533 0 5528 0 5534 0 5535 0 5504 0 5504 0 5535 0 5536 0 5504 0 5536 0 5531 0 5506 0 5537 0 5504 0 5504 0 5537 0 5538 0 5504 0 5538 0 5534 0 5539 5283 5540 5284 5541 5285 5541 5285 5540 5284 5542 5286 5541 5285 5542 5286 5543 5287 5543 5287 5542 5286 5544 5288 5543 5287 5544 5288 5545 5289 5544 5288 5546 5290 5545 5289 5545 5289 5546 5290 5547 5291 5545 5292 5548 5293 5549 5294 5549 5294 5548 5293 5550 5295 5549 5294 5550 5295 5551 5296 5551 5296 5550 5295 5552 5297 5551 5296 5552 5297 5553 5298 5553 5298 5552 5297 5554 5299 5553 5298 5554 5299 5555 5300 5555 5300 5554 5299 5556 5301 5555 5300 5556 5301 5557 5302 5557 5303 5558 5304 5559 5304 5557 5305 5560 5306 5561 5307 5561 5307 5560 5306 5562 5308 5561 5307 5562 5308 5563 5309 5563 5309 5562 5308 5564 5310 5563 5309 5564 5310 5565 5311 5565 5311 5564 5310 5566 5312 5565 5311 5566 5312 5567 5313 5567 5313 5566 5312 5568 5314 5567 5313 5568 5314 5569 5315 5569 5315 5568 5314 5570 5316 5569 5315 5570 5316 5571 5317 5571 5317 5570 5316 5572 5318 5571 5317 5572 5318 5573 5319 5573 5319 5572 5318 5574 5320 5573 5319 5574 5320 5575 5321 5575 5321 5574 5320 5576 5322 5575 5321 5576 5322 5577 5323 5577 5323 5576 5322 5578 5324 5577 5323 5578 5324 5579 5325 5579 5325 5578 5324 5580 5326 5579 5325 5580 5326 5581 5327 5581 5327 5580 5326 5582 5328 5581 5327 5582 5328 5583 5329 5583 5329 5582 5328 5584 5330 5583 5329 5584 5330 5585 5331 5585 5331 5584 5330 5586 5332 5585 5331 5586 5332 5587 5333 5587 5333 5586 5332 5588 5334 5587 5333 5588 5334 5589 5335 5589 5335 5588 5334 5590 5336 5589 5335 5590 5336 5591 5337 5591 5337 5590 5336 5592 5338 5591 5337 5592 5338 5593 5339 5593 5339 5592 5338 5594 5340 5593 5339 5594 5340 5595 5341 5595 5342 5596 5343 5597 5344 5595 5342 5597 5344 5598 5345 5598 5345 5597 5344 5599 5346 5598 5345 5599 5346 5600 5347 5600 5347 5599 5346 5601 5348 5600 5349 5602 5350 5603 5351 5603 5351 5602 5350 5604 5352 5603 5353 5605 5354 5606 5355 5606 5355 5605 5354 5607 5356 5606 5357 5608 5358 5609 5359 5609 5359 5608 5358 5610 5360 5609 5359 5610 5360 5611 5361 5611 5362 5612 5363 5613 5363 5611 5364 5614 5365 5615 5366 5615 5366 5614 5365 5616 5367 5615 5368 5617 5369 5618 5370 5618 5370 5617 5369 5619 5371 5618 5370 5619 5371 5620 5372 5620 5373 5621 5374 5622 5375 5620 5373 5622 5375 5539 5376 5539 5376 5622 5375 5623 5377 5539 5376 5623 5377 5624 5378 5625 0 5626 0 5627 0 5627 0 5626 0 5628 0 5629 5278 5630 5278 5631 5278 5631 5278 5630 5278 5632 5278 5633 3396 5634 3396 5635 3396 5635 3396 5634 3396 5636 3396</p>
        </triangles>
      </mesh>
    </geometry>
    <geometry id="solid_ʾ___link8_004-mesh" name="solid_ʾ___link8.004">
      <mesh>
        <source id="solid_ʾ___link8_004-mesh-positions">
          <float_array id="solid_ʾ___link8_004-mesh-positions-array" count="111">-8.87237 49.58718 0 -8.818231 49.38514 0 -10 49.17676 0 -8.800001 49.17676 0 -8.818231 48.96838 0 -9.228655 50.09601 0 -9.080747 49.9481 0 -8.96077 49.77676 0 -9.791623 50.35853 0 -9.589576 50.30438 0 -9.4 50.21599 0 -10.41042 50.30438 0 -10.20838 50.35853 0 -10 50.37676 0 -10.91925 49.9481 0 -10.77134 50.09601 0 -10.6 50.21599 0 -11.18177 49.38514 0 -11.12763 49.58718 0 -11.03923 49.77676 0 -11.12763 48.76633 0 -11.18177 48.96838 0 -11.2 49.17676 0 -10.77134 48.2575 0 -10.91925 48.40541 0 -11.03923 48.57675 0 -10.20838 47.99499 0 -10.41042 48.04912 0 -10.6 48.13753 0 -9.589576 48.04912 0 -9.791623 47.99499 0 -10 47.97676 0 -9.080747 48.40541 0 -9.228655 48.2575 0 -9.4 48.13753 0 -8.87237 48.76633 0 -8.96077 48.57675 0</float_array>
          <technique_common>
            <accessor source="#solid_ʾ___link8_004-mesh-positions-array" count="37" stride="3">
              <param name="X" type="float"/>
              <param name="Y" type="float"/>
              <param name="Z" type="float"/>
            </accessor>
          </technique_common>
        </source>
        <source id="solid_ʾ___link8_004-mesh-normals">
          <float_array id="solid_ʾ___link8_004-mesh-normals-array" count="75">0 0 -1 0 0 -1 0 0 -1 0 0 -1 0 0 -1 0 0 -1 0 0 -1 0 0 -1 0 0 -1 0 0 -1 0 0 -1 0 0 -1 0 0 -1 0 0 -1 0 0 -1 0 0 -1 0 0 -1 0 0 -1 0 0 -1 0 0 -1 0 0 -1 0 0 -1 0 0 -1 0 0 -1 0 0 -1</float_array>
          <technique_common>
            <accessor source="#solid_ʾ___link8_004-mesh-normals-array" count="25" stride="3">
              <param name="X" type="float"/>
              <param name="Y" type="float"/>
              <param name="Z" type="float"/>
            </accessor>
          </technique_common>
        </source>
        <vertices id="solid_ʾ___link8_004-mesh-vertices">
          <input semantic="POSITION" source="#solid_ʾ___link8_004-mesh-positions"/>
        </vertices>
        <triangles material="a0000000-0000-0000-0000-000000000000_007-material" count="36">
          <input semantic="VERTEX" source="#solid_ʾ___link8_004-mesh-vertices" offset="0"/>
          <input semantic="NORMAL" source="#solid_ʾ___link8_004-mesh-normals" offset="1"/>
          <p>0 0 1 0 2 0 2 1 1 1 3 1 2 2 3 2 4 2 5 0 6 0 2 0 2 3 6 3 7 3 2 4 7 4 0 4 8 0 9 0 2 0 2 5 9 5 10 5 2 6 10 6 5 6 11 0 12 0 2 0 2 7 12 7 13 7 2 8 13 8 8 8 14 0 15 0 2 0 2 9 15 9 16 9 2 10 16 10 11 10 17 0 18 0 2 0 2 11 18 11 19 11 2 12 19 12 14 12 20 0 21 0 2 0 2 0 21 0 22 0 2 0 22 0 17 0 23 0 24 0 2 0 2 13 24 13 25 13 2 14 25 14 20 14 26 15 27 15 2 15 2 16 27 16 28 16 2 17 28 17 23 17 29 18 30 18 2 18 2 19 30 19 31 19 2 20 31 20 26 20 32 0 33 0 2 0 2 21 33 21 34 21 2 22 34 22 29 22 4 0 35 0 2 0 2 23 35 23 36 23 2 24 36 24 32 24</p>
        </triangles>
      </mesh>
    </geometry>
    <geometry id="solid_ʾ___link8_003-mesh" name="solid_ʾ___link8.003">
      <mesh>
        <source id="solid_ʾ___link8_003-mesh-positions">
          <float_array id="solid_ʾ___link8_003-mesh-positions-array" count="111">-16.87237 37.58718 0 -16.81823 37.38513 0 -18 37.17676 0 -16.8 37.17676 0 -16.81823 36.96838 0 -17.22866 38.09601 0 -17.08075 37.9481 0 -16.96077 37.77676 0 -17.79162 38.35853 0 -17.58958 38.30439 0 -17.4 38.21599 0 -18.41042 38.30439 0 -18.20838 38.35853 0 -18 38.37676 0 -18.91926 37.9481 0 -18.77135 38.09601 0 -18.6 38.21599 0 -19.18177 37.38513 0 -19.12763 37.58718 0 -19.03923 37.77676 0 -19.12763 36.76633 0 -19.18177 36.96838 0 -19.2 37.17676 0 -18.77135 36.25751 0 -18.91926 36.40541 0 -19.03923 36.57676 0 -18.20838 35.99499 0 -18.41042 36.04912 0 -18.6 36.13752 0 -17.58958 36.04912 0 -17.79162 35.99499 0 -18 35.97676 0 -17.08075 36.40541 0 -17.22866 36.25751 0 -17.4 36.13752 0 -16.87237 36.76633 0 -16.96077 36.57676 0</float_array>
          <technique_common>
            <accessor source="#solid_ʾ___link8_003-mesh-positions-array" count="37" stride="3">
              <param name="X" type="float"/>
              <param name="Y" type="float"/>
              <param name="Z" type="float"/>
            </accessor>
          </technique_common>
        </source>
        <source id="solid_ʾ___link8_003-mesh-normals">
          <float_array id="solid_ʾ___link8_003-mesh-normals-array" count="69">0 0 -1 0 0 -1 0 0 -1 0 0 -1 0 0 -1 0 0 -1 0 0 -1 0 0 -1 0 0 -1 0 0 -1 0 0 -1 0 0 -1 0 0 -1 0 0 -1 0 0 -1 0 0 -1 0 0 -1 0 0 -1 0 0 -1 0 0 -1 0 0 -1 0 0 -1 0 0 -1</float_array>
          <technique_common>
            <accessor source="#solid_ʾ___link8_003-mesh-normals-array" count="23" stride="3">
              <param name="X" type="float"/>
              <param name="Y" type="float"/>
              <param name="Z" type="float"/>
            </accessor>
          </technique_common>
        </source>
        <vertices id="solid_ʾ___link8_003-mesh-vertices">
          <input semantic="POSITION" source="#solid_ʾ___link8_003-mesh-positions"/>
        </vertices>
        <triangles material="a0000000-0000-0000-0000-000000000000_007-material" count="36">
          <input semantic="VERTEX" source="#solid_ʾ___link8_003-mesh-vertices" offset="0"/>
          <input semantic="NORMAL" source="#solid_ʾ___link8_003-mesh-normals" offset="1"/>
          <p>0 0 1 0 2 0 2 1 1 1 3 1 2 2 3 2 4 2 5 3 6 3 2 3 2 4 6 4 7 4 2 5 7 5 0 5 8 0 9 0 2 0 2 6 9 6 10 6 2 7 10 7 5 7 11 0 12 0 2 0 2 8 12 8 13 8 2 9 13 9 8 9 14 10 15 10 2 10 2 11 15 11 16 11 2 12 16 12 11 12 17 0 18 0 2 0 2 13 18 13 19 13 2 14 19 14 14 14 20 0 21 0 2 0 2 0 21 0 22 0 2 0 22 0 17 0 23 0 24 0 2 0 2 15 24 15 25 15 2 16 25 16 20 16 26 0 27 0 2 0 2 17 27 17 28 17 2 18 28 18 23 18 29 0 30 0 2 0 2 9 30 9 31 9 2 8 31 8 26 8 32 0 33 0 2 0 2 19 33 19 34 19 2 20 34 20 29 20 4 0 35 0 2 0 2 21 35 21 36 21 2 22 36 22 32 22</p>
        </triangles>
      </mesh>
    </geometry>
    <geometry id="solid_ʾ___link8_002-mesh" name="solid_ʾ___link8.002">
      <mesh>
        <source id="solid_ʾ___link8_002-mesh-positions">
          <float_array id="solid_ʾ___link8_002-mesh-positions-array" count="111">-8.87237 37.58718 0 -8.818231 37.38513 0 -10 37.17676 0 -8.800001 37.17676 0 -8.818231 36.96838 0 -9.228655 38.09601 0 -9.080747 37.9481 0 -8.96077 37.77676 0 -9.791623 38.35853 0 -9.589576 38.30439 0 -9.4 38.21599 0 -10.41042 38.30439 0 -10.20838 38.35853 0 -10 38.37676 0 -10.91925 37.9481 0 -10.77134 38.09601 0 -10.6 38.21599 0 -11.18177 37.38513 0 -11.12763 37.58718 0 -11.03923 37.77676 0 -11.12763 36.76633 0 -11.18177 36.96838 0 -11.2 37.17676 0 -10.77134 36.25751 0 -10.91925 36.40541 0 -11.03923 36.57676 0 -10.20838 35.99499 0 -10.41042 36.04912 0 -10.6 36.13752 0 -9.589576 36.04912 0 -9.791623 35.99499 0 -10 35.97676 0 -9.080747 36.40541 0 -9.228655 36.25751 0 -9.4 36.13752 0 -8.87237 36.76633 0 -8.96077 36.57676 0</float_array>
          <technique_common>
            <accessor source="#solid_ʾ___link8_002-mesh-positions-array" count="37" stride="3">
              <param name="X" type="float"/>
              <param name="Y" type="float"/>
              <param name="Z" type="float"/>
            </accessor>
          </technique_common>
        </source>
        <source id="solid_ʾ___link8_002-mesh-normals">
          <float_array id="solid_ʾ___link8_002-mesh-normals-array" count="69">0 0 -1 0 0 -1 0 0 -1 0 0 -1 0 0 -1 0 0 -1 0 0 -1 0 0 -1 0 0 -1 0 0 -1 0 0 -1 0 0 -1 0 0 -1 0 0 -1 0 0 -1 0 0 -1 0 0 -1 0 0 -1 0 0 -1 0 0 -1 0 0 -1 0 0 -1 0 0 -1</float_array>
          <technique_common>
            <accessor source="#solid_ʾ___link8_002-mesh-normals-array" count="23" stride="3">
              <param name="X" type="float"/>
              <param name="Y" type="float"/>
              <param name="Z" type="float"/>
            </accessor>
          </technique_common>
        </source>
        <vertices id="solid_ʾ___link8_002-mesh-vertices">
          <input semantic="POSITION" source="#solid_ʾ___link8_002-mesh-positions"/>
        </vertices>
        <triangles material="a0000000-0000-0000-0000-000000000000_007-material" count="36">
          <input semantic="VERTEX" source="#solid_ʾ___link8_002-mesh-vertices" offset="0"/>
          <input semantic="NORMAL" source="#solid_ʾ___link8_002-mesh-normals" offset="1"/>
          <p>0 0 1 0 2 0 2 1 1 1 3 1 2 2 3 2 4 2 5 3 6 3 2 3 2 4 6 4 7 4 2 5 7 5 0 5 8 0 9 0 2 0 2 6 9 6 10 6 2 7 10 7 5 7 11 0 12 0 2 0 2 8 12 8 13 8 2 9 13 9 8 9 14 10 15 10 2 10 2 11 15 11 16 11 2 12 16 12 11 12 17 0 18 0 2 0 2 13 18 13 19 13 2 14 19 14 14 14 20 0 21 0 2 0 2 0 21 0 22 0 2 0 22 0 17 0 23 0 24 0 2 0 2 15 24 15 25 15 2 16 25 16 20 16 26 0 27 0 2 0 2 17 27 17 28 17 2 18 28 18 23 18 29 0 30 0 2 0 2 9 30 9 31 9 2 8 31 8 26 8 32 0 33 0 2 0 2 19 33 19 34 19 2 20 34 20 29 20 4 0 35 0 2 0 2 21 35 21 36 21 2 22 36 22 32 22</p>
        </triangles>
      </mesh>
    </geometry>
    <geometry id="solid_ʾ___link8_001-mesh" name="solid_ʾ___link8.001">
      <mesh>
        <source id="solid_ʾ___link8_001-mesh-positions">
          <float_array id="solid_ʾ___link8_001-mesh-positions-array" count="111">-16.87237 49.58718 0 -16.81823 49.38514 0 -18 49.17676 0 -16.8 49.17676 0 -16.81823 48.96838 0 -17.22866 50.09601 0 -17.08075 49.9481 0 -16.96077 49.77676 0 -17.79162 50.35853 0 -17.58958 50.30438 0 -17.4 50.21599 0 -18.41042 50.30438 0 -18.20838 50.35853 0 -18 50.37676 0 -18.91926 49.9481 0 -18.77135 50.09601 0 -18.6 50.21599 0 -19.18177 49.38514 0 -19.12763 49.58718 0 -19.03923 49.77676 0 -19.12763 48.76633 0 -19.18177 48.96838 0 -19.2 49.17676 0 -18.77135 48.2575 0 -18.91926 48.40541 0 -19.03923 48.57675 0 -18.20838 47.99499 0 -18.41042 48.04912 0 -18.6 48.13753 0 -17.58958 48.04912 0 -17.79162 47.99499 0 -18 47.97676 0 -17.08075 48.40541 0 -17.22866 48.2575 0 -17.4 48.13753 0 -16.87237 48.76633 0 -16.96077 48.57675 0</float_array>
          <technique_common>
            <accessor source="#solid_ʾ___link8_001-mesh-positions-array" count="37" stride="3">
              <param name="X" type="float"/>
              <param name="Y" type="float"/>
              <param name="Z" type="float"/>
            </accessor>
          </technique_common>
        </source>
        <source id="solid_ʾ___link8_001-mesh-normals">
          <float_array id="solid_ʾ___link8_001-mesh-normals-array" count="75">0 0 -1 0 0 -1 0 0 -1 0 0 -1 0 0 -1 0 0 -1 0 0 -1 0 0 -1 0 0 -1 0 0 -1 0 0 -1 0 0 -1 0 0 -1 0 0 -1 0 0 -1 0 0 -1 0 0 -1 0 0 -1 0 0 -1 0 0 -1 0 0 -1 0 0 -1 0 0 -1 0 0 -1 0 0 -1</float_array>
          <technique_common>
            <accessor source="#solid_ʾ___link8_001-mesh-normals-array" count="25" stride="3">
              <param name="X" type="float"/>
              <param name="Y" type="float"/>
              <param name="Z" type="float"/>
            </accessor>
          </technique_common>
        </source>
        <vertices id="solid_ʾ___link8_001-mesh-vertices">
          <input semantic="POSITION" source="#solid_ʾ___link8_001-mesh-positions"/>
        </vertices>
        <triangles material="a0000000-0000-0000-0000-000000000000_007-material" count="36">
          <input semantic="VERTEX" source="#solid_ʾ___link8_001-mesh-vertices" offset="0"/>
          <input semantic="NORMAL" source="#solid_ʾ___link8_001-mesh-normals" offset="1"/>
          <p>0 0 1 0 2 0 2 1 1 1 3 1 2 2 3 2 4 2 5 0 6 0 2 0 2 3 6 3 7 3 2 4 7 4 0 4 8 0 9 0 2 0 2 5 9 5 10 5 2 6 10 6 5 6 11 0 12 0 2 0 2 7 12 7 13 7 2 8 13 8 8 8 14 0 15 0 2 0 2 9 15 9 16 9 2 10 16 10 11 10 17 0 18 0 2 0 2 11 18 11 19 11 2 12 19 12 14 12 20 0 21 0 2 0 2 0 21 0 22 0 2 0 22 0 17 0 23 0 24 0 2 0 2 13 24 13 25 13 2 14 25 14 20 14 26 15 27 15 2 15 2 16 27 16 28 16 2 17 28 17 23 17 29 18 30 18 2 18 2 19 30 19 31 19 2 20 31 20 26 20 32 0 33 0 2 0 2 21 33 21 34 21 2 22 34 22 29 22 4 0 35 0 2 0 2 23 35 23 36 23 2 24 36 24 32 24</p>
        </triangles>
      </mesh>
    </geometry>
    <geometry id="solid_ʾ___link8-mesh" name="solid_ʾ___link8">
      <mesh>
        <source id="solid_ʾ___link8-mesh-positions">
          <float_array id="solid_ʾ___link8-mesh-positions-array" count="441">-12.82538 58.25428 1 -12.76899 58.04382 1 -14 57.82676 1 -12.75 57.82676 1 -12.76899 57.60969 1 -13.19652 58.78431 1 -13.04244 58.63024 1 -12.91747 58.45175 1 -13.78294 59.05776 1 -13.57247 59.00137 1 -13.375 58.90929 1 -14.42752 59.00137 1 -14.21706 59.05776 1 -14 59.07675 1 -14.95756 58.63024 1 -14.80348 58.78431 1 -14.625 58.90929 1 -15.23101 58.04382 1 -15.17462 58.25428 1 -15.08253 58.45175 1 -15.17462 57.39923 1 -15.23101 57.60969 1 -15.25 57.82676 1 -14.80348 56.8692 1 -14.95756 57.02327 1 -15.08253 57.20175 1 -14.21706 56.59575 1 -14.42752 56.65215 1 -14.625 56.74422 1 -13.57247 56.65215 1 -13.78294 56.59575 1 -14 56.57676 1 -13.04244 57.02327 1 -13.19652 56.8692 1 -13.375 56.74422 1 -12.82538 57.39923 1 -12.91747 57.20175 1 -12.82538 57.39923 -5 -12.76899 57.60969 -5 -14 57.82676 -5 -12.75 57.82676 -5 -12.76899 58.04382 -5 -13.19652 56.8692 -5 -13.04244 57.02327 -5 -12.91747 57.20175 -5 -13.78294 56.59575 -5 -13.57247 56.65215 -5 -13.375 56.74422 -5 -14.42752 56.65215 -5 -14.21706 56.59575 -5 -14 56.57676 -5 -14.95756 57.02327 -5 -14.80348 56.8692 -5 -14.625 56.74422 -5 -15.23101 57.60969 -5 -15.17462 57.39923 -5 -15.08253 57.20175 -5 -15.17462 58.25428 -5 -15.23101 58.04382 -5 -15.25 57.82676 -5 -14.80348 58.78431 -5 -14.95756 58.63024 -5 -15.08253 58.45175 -5 -14.21706 59.05776 -5 -14.42752 59.00137 -5 -14.625 58.90929 -5 -13.57247 59.00137 -5 -13.78294 59.05776 -5 -14 59.07675 -5 -13.04244 58.63024 -5 -13.19652 58.78431 -5 -13.375 58.90929 -5 -12.82538 58.25428 -5 -12.91747 58.45175 -5 -12.75 57.82676 -5 -12.75 57.82676 1 -12.76899 58.04382 -5 -12.76899 58.04382 1 -12.82538 58.25428 -5 -12.82538 58.25428 1 -12.82538 58.25428 1 -12.91747 58.45175 -5 -12.91747 58.45175 1 -13.04244 58.63024 -5 -13.04244 58.63024 1 -13.19652 58.78431 -5 -13.19652 58.78431 1 -13.375 58.90929 -5 -13.375 58.90929 1 -13.57247 59.00137 -5 -13.57247 59.00137 1 -13.78294 59.05776 -5 -13.78294 59.05776 1 -14 59.07675 -5 -14 59.07675 1 -14.21706 59.05776 -5 -14.21706 59.05776 1 -14.42752 59.00137 -5 -14.42752 59.00137 1 -14.625 58.90929 -5 -14.625 58.90929 1 -14.80348 58.78431 -5 -14.80348 58.78431 1 -14.95756 58.63024 -5 -14.95756 58.63024 1 -15.08253 58.45175 -5 -15.08253 58.45175 1 -15.17462 58.25428 -5 -15.17462 58.25428 1 -15.23101 58.04382 -5 -15.23101 58.04382 1 -15.25 57.82676 -5 -15.25 57.82676 1 -15.23101 57.60969 -5 -15.23101 57.60969 1 -15.17462 57.39923 -5 -15.17462 57.39923 1 -15.08253 57.20175 -5 -15.08253 57.20175 1 -14.95756 57.02327 -5 -14.95756 57.02327 1 -14.80348 56.8692 -5 -14.80348 56.8692 1 -14.625 56.74422 -5 -14.625 56.74422 1 -14.42752 56.65215 -5 -14.42752 56.65215 1 -14.21706 56.59575 -5 -14.21706 56.59575 1 -14 56.57676 -5 -14 56.57676 1 -13.78294 56.59575 -5 -13.78294 56.59575 1 -13.57247 56.65215 -5 -13.57247 56.65215 1 -13.375 56.74422 -5 -13.375 56.74422 1 -13.19652 56.8692 -5 -13.19652 56.8692 1 -13.04244 57.02327 -5 -13.04244 57.02327 1 -12.91747 57.20175 -5 -12.91747 57.20175 1 -12.82538 57.39923 -5 -12.82538 57.39923 1 -12.76899 57.60969 -5 -12.76899 57.60969 1</float_array>
          <technique_common>
            <accessor source="#solid_ʾ___link8-mesh-positions-array" count="147" stride="3">
              <param name="X" type="float"/>
              <param name="Y" type="float"/>
              <param name="Z" type="float"/>
            </accessor>
          </technique_common>
        </source>
        <source id="solid_ʾ___link8-mesh-normals">
          <float_array id="solid_ʾ___link8-mesh-normals-array" count="228">0 0 -1 0 0 1 -0.9995748 0.02916264 0 -0.9995747 -0.02916407 0 -0.9894465 -0.144899 0 -0.9793251 -0.2022933 0 -0.9492699 -0.3144626 0 -0.9659258 -0.2588197 0 -0.9492504 -0.3145216 0 -0.9063016 -0.4226315 0 -0.8802374 -0.4745337 0 -0.8510992 -0.525005 0 -0.7844644 -0.620174 0 -0.7469741 -0.6648531 0 -0.664846 -0.7469804 0 -0.6202127 -0.7844337 0 -0.5250053 -0.851099 0 -0.4745432 -0.8802323 -1.11756e-5 -0.3692365 -0.9293355 0 -0.3144779 -0.9492649 0 -0.2022852 -0.9793267 1.14379e-5 -0.1448999 -0.9894464 1.11487e-6 -0.02915817 -0.9995749 0 0.02915865 -0.9995749 0 0.1448999 -0.9894464 1.11577e-5 0.2022858 -0.9793266 -1.00633e-5 0.3145197 -0.9492511 0 0.3692753 -0.9293201 0 0.474541 -0.8802335 1.28579e-5 0.5250065 -0.8510982 0 0.6201762 -0.7844626 0 0.6648511 -0.746976 -1.11756e-5 0.7469741 -0.6648531 0 0.7844644 -0.620174 0 0.8510992 -0.525005 0 0.8802374 -0.4745337 1.11666e-6 0.9293199 -0.3692758 -1.11665e-6 0.9492632 -0.3144826 0 0.9793261 -0.202288 1.00633e-5 0.9894524 -0.1448584 -1.14379e-5 0.9995747 -0.02916407 0 0.9995748 0.02916264 0 0.9894526 0.1448576 1.11756e-5 0.9793263 0.2022873 1.11665e-6 0.9492656 0.3144756 -1.11666e-6 0.9293226 0.369269 -2.52806e-7 0.880236 0.4745362 0 0.851098 0.525007 1.11487e-6 0.784466 0.620172 0 0.7469755 0.6648516 1.11666e-6 0.6648256 0.7469987 0 0.6201861 0.7844548 0 0.5250189 0.8510907 0 0.4745543 0.8802262 0 0.369262 0.9293254 0 0.3145052 0.9492558 0 0.2023022 0.9793232 0 0.1448707 0.9894507 0 0.02915865 0.9995749 0 -0.02915817 0.9995749 0 -0.1448707 0.9894507 0 -0.2023016 0.9793233 0 -0.3145076 0.9492551 0 -0.3692665 0.9293236 0 -0.4745565 0.8802251 1.11576e-5 -0.5250176 0.8510913 0 -0.6201859 0.7844549 -1.11665e-6 -0.6648553 0.7469722 0 -0.7469755 0.6648516 -1.11666e-6 -0.784466 0.620172 0 -0.8510979 0.525007 0 -0.880236 0.4745362 0 -0.9293206 0.3692742 0 -0.9492673 0.3144705 -1.11756e-5 -0.9793346 0.2022469 0 -0.9894466 0.1448981 0</float_array>
          <technique_common>
            <accessor source="#solid_ʾ___link8-mesh-normals-array" count="76" stride="3">
              <param name="X" type="float"/>
              <param name="Y" type="float"/>
              <param name="Z" type="float"/>
            </accessor>
          </technique_common>
        </source>
        <vertices id="solid_ʾ___link8-mesh-vertices">
          <input semantic="POSITION" source="#solid_ʾ___link8-mesh-positions"/>
        </vertices>
        <triangles material="a0000000-0000-0000-0000-000000000000_007-material" count="144">
          <input semantic="VERTEX" source="#solid_ʾ___link8-mesh-vertices" offset="0"/>
          <input semantic="NORMAL" source="#solid_ʾ___link8-mesh-normals" offset="1"/>
          <p>0 0 1 0 2 0 2 0 1 0 3 0 2 0 3 0 4 0 5 0 6 0 2 0 2 0 6 0 7 0 2 0 7 0 0 0 8 0 9 0 2 0 2 0 9 0 10 0 2 0 10 0 5 0 11 0 12 0 2 0 2 0 12 0 13 0 2 0 13 0 8 0 14 0 15 0 2 0 2 0 15 0 16 0 2 0 16 0 11 0 17 0 18 0 2 0 2 0 18 0 19 0 2 0 19 0 14 0 20 0 21 0 2 0 2 0 21 0 22 0 2 0 22 0 17 0 23 0 24 0 2 0 2 0 24 0 25 0 2 0 25 0 20 0 26 0 27 0 2 0 2 0 27 0 28 0 2 0 28 0 23 0 29 0 30 0 2 0 2 0 30 0 31 0 2 0 31 0 26 0 32 0 33 0 2 0 2 0 33 0 34 0 2 0 34 0 29 0 4 0 35 0 2 0 2 0 35 0 36 0 2 0 36 0 32 0 37 1 38 1 39 1 39 1 38 1 40 1 39 1 40 1 41 1 42 1 43 1 39 1 39 1 43 1 44 1 39 1 44 1 37 1 45 1 46 1 39 1 39 1 46 1 47 1 39 1 47 1 42 1 48 1 49 1 39 1 39 1 49 1 50 1 39 1 50 1 45 1 51 1 52 1 39 1 39 1 52 1 53 1 39 1 53 1 48 1 54 1 55 1 39 1 39 1 55 1 56 1 39 1 56 1 51 1 57 1 58 1 39 1 39 1 58 1 59 1 39 1 59 1 54 1 60 1 61 1 39 1 39 1 61 1 62 1 39 1 62 1 57 1 63 1 64 1 39 1 39 1 64 1 65 1 39 1 65 1 60 1 66 1 67 1 39 1 39 1 67 1 68 1 39 1 68 1 63 1 69 1 70 1 39 1 39 1 70 1 71 1 39 1 71 1 66 1 41 1 72 1 39 1 39 1 72 1 73 1 39 1 73 1 69 1 74 2 75 3 76 4 76 4 75 3 77 5 76 4 77 5 78 6 78 6 77 5 79 7 78 8 80 9 81 10 81 10 80 9 82 11 81 10 82 11 83 12 83 12 82 11 84 13 83 12 84 13 85 14 85 14 84 13 86 15 85 14 86 15 87 16 87 16 86 15 88 17 87 16 88 17 89 18 89 18 88 17 90 19 89 18 90 19 91 20 91 20 90 19 92 21 91 20 92 21 93 22 93 22 92 21 94 23 93 22 94 23 95 24 95 24 94 23 96 25 95 24 96 25 97 26 97 26 96 25 98 27 97 26 98 27 99 28 99 28 98 27 100 29 99 28 100 29 101 30 101 30 100 29 102 31 101 30 102 31 103 32 103 32 102 31 104 33 103 32 104 33 105 34 105 34 104 33 106 35 105 34 106 35 107 36 107 36 106 35 108 37 107 36 108 37 109 38 109 38 108 37 110 39 109 38 110 39 111 40 111 40 110 39 112 41 111 40 112 41 113 42 113 42 112 41 114 43 113 42 114 43 115 44 115 44 114 43 116 45 115 44 116 45 117 46 117 46 116 45 118 47 117 46 118 47 119 48 119 48 118 47 120 49 119 48 120 49 121 50 121 50 120 49 122 51 121 50 122 51 123 52 123 52 122 51 124 53 123 52 124 53 125 54 125 54 124 53 126 55 125 54 126 55 127 56 127 56 126 55 128 57 127 56 128 57 129 58 129 58 128 57 130 59 129 58 130 59 131 60 131 60 130 59 132 61 131 60 132 61 133 62 133 62 132 61 134 63 133 62 134 63 135 64 135 64 134 63 136 65 135 64 136 65 137 66 137 66 136 65 138 67 137 66 138 67 139 68 139 68 138 67 140 69 139 68 140 69 141 70 141 70 140 69 142 71 141 70 142 71 143 72 143 72 142 71 144 73 143 72 144 73 145 74 145 74 144 73 146 75 145 74 146 75 74 2 74 2 146 75 75 3</p>
        </triangles>
      </mesh>
    </geometry>
  </library_geometries>
  <library_visual_scenes>
    <visual_scene id="Scene" name="Scene">
      <node id="solid_ʾ___link8_005" name="solid_ʾ___link8.005" type="NODE">
        <matrix sid="transform">0.001 0 0 0 0 0.001 0 0 0 0 0.001 0 0 0 0 1</matrix>
        <instance_geometry url="#solid_ʾ___link8_005-mesh" name="solid_ʾ___link8.005">
          <bind_material>
            <technique_common>
              <instance_material symbol="Material-塑胶_029-material" target="#Material-塑胶_029-material"/>
            </technique_common>
          </bind_material>
        </instance_geometry>
      </node>
      <node id="solid_ʾ___link8_004" name="solid_ʾ___link8.004" type="NODE">
        <matrix sid="transform">0.001 0 0 0 0 0.001 0 0 0 0 0.001 0 0 0 0 1</matrix>
        <instance_geometry url="#solid_ʾ___link8_004-mesh" name="solid_ʾ___link8.004">
          <bind_material>
            <technique_common>
              <instance_material symbol="a0000000-0000-0000-0000-000000000000_007-material" target="#a0000000-0000-0000-0000-000000000000_007-material"/>
            </technique_common>
          </bind_material>
        </instance_geometry>
      </node>
      <node id="solid_ʾ___link8_003" name="solid_ʾ___link8.003" type="NODE">
        <matrix sid="transform">0.001 0 0 0 0 0.001 0 0 0 0 0.001 0 0 0 0 1</matrix>
        <instance_geometry url="#solid_ʾ___link8_003-mesh" name="solid_ʾ___link8.003">
          <bind_material>
            <technique_common>
              <instance_material symbol="a0000000-0000-0000-0000-000000000000_007-material" target="#a0000000-0000-0000-0000-000000000000_007-material"/>
            </technique_common>
          </bind_material>
        </instance_geometry>
      </node>
      <node id="solid_ʾ___link8_002" name="solid_ʾ___link8.002" type="NODE">
        <matrix sid="transform">0.001 0 0 0 0 0.001 0 0 0 0 0.001 0 0 0 0 1</matrix>
        <instance_geometry url="#solid_ʾ___link8_002-mesh" name="solid_ʾ___link8.002">
          <bind_material>
            <technique_common>
              <instance_material symbol="a0000000-0000-0000-0000-000000000000_007-material" target="#a0000000-0000-0000-0000-000000000000_007-material"/>
            </technique_common>
          </bind_material>
        </instance_geometry>
      </node>
      <node id="solid_ʾ___link8_001" name="solid_ʾ___link8.001" type="NODE">
        <matrix sid="transform">0.001 0 0 0 0 0.001 0 0 0 0 0.001 0 0 0 0 1</matrix>
        <instance_geometry url="#solid_ʾ___link8_001-mesh" name="solid_ʾ___link8.001">
          <bind_material>
            <technique_common>
              <instance_material symbol="a0000000-0000-0000-0000-000000000000_007-material" target="#a0000000-0000-0000-0000-000000000000_007-material"/>
            </technique_common>
          </bind_material>
        </instance_geometry>
      </node>
      <node id="solid_ʾ___link8" name="solid_ʾ___link8" type="NODE">
        <matrix sid="transform">0.001 0 0 0 0 0.001 0 0 0 0 0.001 0 0 0 0 1</matrix>
        <instance_geometry url="#solid_ʾ___link8-mesh" name="solid_ʾ___link8">
          <bind_material>
            <technique_common>
              <instance_material symbol="a0000000-0000-0000-0000-000000000000_007-material" target="#a0000000-0000-0000-0000-000000000000_007-material"/>
            </technique_common>
          </bind_material>
        </instance_geometry>
      </node>
    </visual_scene>
  </library_visual_scenes>
  <scene>
    <instance_visual_scene url="#Scene"/>
  </scene>
</COLLADA>