<?xml version="1.0" encoding="utf-8"?>
<COLLADA xmlns="http://www.collada.org/2005/11/COLLADASchema" version="1.4.1" xmlns:xsi="http://www.w3.org/2001/XMLSchema-instance">
  <asset>
    <contributor>
      <author>Blender User</author>
      <authoring_tool>Blender 4.1.0 commit date:2024-03-25, commit time:20:42, hash:40a5e739e270</authoring_tool>
    </contributor>
    <created>2024-11-18T10:52:32</created>
    <modified>2024-11-18T10:52:32</modified>
    <unit name="meter" meter="1"/>
    <up_axis>Z_UP</up_axis>
  </asset>
  <library_effects>
    <effect id="Material-塑胶_028-effect">
      <profile_COMMON>
        <technique sid="common">
          <lambert>
            <emission>
              <color sid="emission">0 0 0 1</color>
            </emission>
            <diffuse>
              <color sid="diffuse">0.086275 0.086275 0.086275 1</color>
            </diffuse>
            <index_of_refraction>
              <float sid="ior">1.5</float>
            </index_of_refraction>
          </lambert>
        </technique>
      </profile_COMMON>
    </effect>
    <effect id="a0000000-0000-0000-0000-000000000000_006-effect">
      <profile_COMMON>
        <technique sid="common">
          <lambert>
            <emission>
              <color sid="emission">0 0 0 1</color>
            </emission>
            <diffuse>
              <color sid="diffuse">0.980392 0.980392 0.980392 1</color>
            </diffuse>
            <reflectivity>
              <float sid="specular">1</float>
            </reflectivity>
            <index_of_refraction>
              <float sid="ior">0</float>
            </index_of_refraction>
          </lambert>
        </technique>
      </profile_COMMON>
    </effect>
  </library_effects>
  <library_images/>
  <library_materials>
    <material id="Material-塑胶_028-material" name="Material-塑胶.028">
      <instance_effect url="#Material-塑胶_028-effect"/>
    </material>
    <material id="a0000000-0000-0000-0000-000000000000_006-material" name="a0000000-0000-0000-0000-000000000000.006">
      <instance_effect url="#a0000000-0000-0000-0000-000000000000_006-effect"/>
    </material>
  </library_materials>
  <library_geometries>
    <geometry id="solid_ʾ___link7_011-mesh" name="solid_ʾ___link7.011">
      <mesh>
        <source id="solid_ʾ___link7_011-mesh-positions">
          <float_array id="solid_ʾ___link7_011-mesh-positions-array" count="14445">2.75 34.52676 6.5 25.25 34.52676 6.5 2.75 39.57675 6.5 25.25 39.57675 6.5 24.48932 53.17676 0.9709418 24.33725 53.62773 0.9951437 24.40644 53.17676 0.9876883 24.23874 53.62675 1 24.25 53.17676 1 24.71071 53.63128 0.8818013 24.62232 53.63046 0.9236259 24.60461 53.17676 0.9350163 24.59361 53.63019 0.9350165 24.55902 53.17676 0.9510565 24.5303 53.6296 0.95662 24.43468 53.62868 0.9806455 24.91312 53.17676 0.7485108 24.79528 53.63206 0.8310944 24.83778 53.17676 0.809017 24.70399 53.17676 0.8910065 25.07107 53.6345 0.5551768 25.01239 53.63399 0.6343002 24.99851 53.17676 0.6631227 24.98779 53.63377 0.6631234 24.95711 53.17676 0.7071068 24.9464 53.63341 0.7070677 24.87402 53.63277 0.772659 25.05902 53.17676 0.5877853 25.14101 53.17676 0.4539905 25.12132 53.63494 0.4713444 25.18502 53.17676 0.3546048 25.1632 53.63529 0.3828715 25.19646 53.63558 0.2899705 25.20106 53.17676 0.309017 25.21037 53.6357 0.239316 25.22094 53.17676 0.2393156 25.22026 53.63578 0.1949269 25.23769 53.17676 0.1564344 25.23461 53.6359 0.09827351 25.25 53.17676 0 25.23945 53.63594 0 2.779967 53.63578 0.1960516 2.76542 53.63589 0.0985614 2.762312 53.17676 0.1564344 2.760548 53.63594 0 2.75 53.17676 0 2.794645 53.63565 0.2588194 2.784074 53.17676 0.2588191 2.80406 53.63557 0.2916778 2.798943 53.17676 0.309017 2.837139 53.63529 0.3836945 2.82612 53.17676 0.3826835 2.858993 53.17676 0.4539905 2.87907 53.63493 0.4720779 2.883975 53.17676 0.5 2.929894 53.63449 0.5566182 2.940983 53.17676 0.5877853 3.054108 53.63341 0.7075737 2.988422 53.63398 0.6352816 2.967335 53.63417 0.6087622 3.206146 53.63204 0.8320453 3.126973 53.63276 0.7734764 3.162214 53.17676 0.809017 3.042893 53.17676 0.7071068 3.260892 53.63154 0.8660262 3.25 53.17676 0.8660254 3.290011 53.63128 0.8821855 3.29601 53.17676 0.8910065 3.378505 53.63045 0.9239675 3.367317 53.17676 0.9238796 3.440983 53.17676 0.9510565 3.471401 53.62958 0.9571352 3.491181 53.17676 0.9659258 3.566415 53.62867 0.9808633 3.593565 53.17676 0.9876883 3.630633 53.62805 0.9914454 3.66303 53.62773 0.9951713 3.75 53.17676 1 3.761257 53.62675 1 25.23945 53.63594 0 25.03966 53.82675 0 25.23461 53.6359 0.09827351 25.03579 53.82675 0.07861882 25.22026 53.63578 0.1949269 25.0243 53.82675 0.1559415 25.21037 53.6357 0.239316 25.00526 53.82675 0.2319764 24.80513 53.82675 0.5656542 24.98779 53.63377 0.6631234 24.85794 53.82675 0.5074402 25.01239 53.63399 0.6343002 24.9049 53.82675 0.4441415 25.07107 53.6345 0.5551768 25.07107 53.6345 0.5551768 24.94512 53.82675 0.3770756 25.12132 53.63494 0.4713444 25.12132 53.63494 0.4713444 24.97864 53.82675 0.3062972 25.1632 53.63529 0.3828715 25.1632 53.63529 0.3828715 25.19646 53.63558 0.2899705 24.4721 53.82675 0.765296 24.59361 53.63019 0.9350165 24.54575 53.82675 0.7389007 24.62232 53.63046 0.9236259 24.61649 53.82675 0.7054411 24.71071 53.63128 0.8818013 24.71071 53.63128 0.8818013 24.68418 53.82675 0.6648755 24.79528 53.63206 0.8310944 24.79528 53.63206 0.8310944 24.7472 53.82675 0.6181272 24.87402 53.63277 0.772659 24.9464 53.63341 0.7070677 24.23874 53.82675 0.8 24.23874 53.62675 1 24.31759 53.82675 0.7961151 24.33725 53.62773 0.9951437 24.39557 53.82675 0.7845164 24.43468 53.62868 0.9806455 24.5303 53.6296 0.95662 3.761257 53.82675 0.8 3.761257 53.62675 1 3.66303 53.62773 0.9951713 3.682637 53.82675 0.796137 3.630633 53.62805 0.9914454 3.605307 53.82675 0.7846907 3.316961 53.82675 0.6656363 3.260892 53.63154 0.8660262 3.384083 53.82675 0.7057484 3.290011 53.63128 0.8821855 3.290011 53.63128 0.8821855 3.45491 53.82675 0.739174 3.378505 53.63045 0.9239675 3.378505 53.63045 0.9239675 3.529261 53.82675 0.7657082 3.471401 53.62958 0.9571352 3.471401 53.62958 0.9571352 3.566415 53.62867 0.9808633 3.095867 53.82675 0.4452945 2.967335 53.63417 0.6087622 3.142709 53.82675 0.5082253 2.988422 53.63398 0.6352816 3.195279 53.82675 0.566059 3.054108 53.63341 0.7075737 3.253596 53.82675 0.6187811 3.126973 53.63276 0.7734764 3.206146 53.63204 0.8320453 3.260892 53.63154 0.8660262 2.975878 53.82675 0.1568413 2.794645 53.63565 0.2588194 2.995161 53.82675 0.2333422 2.80406 53.63557 0.2916778 2.80406 53.63557 0.2916778 3.021634 53.82675 0.3069556 2.837139 53.63529 0.3836945 2.837139 53.63529 0.3836945 3.055193 53.82675 0.3776623 2.87907 53.63493 0.4720779 2.87907 53.63493 0.4720779 2.929894 53.63449 0.5566182 2.960337 53.82675 0 2.760548 53.63594 0 2.964236 53.82675 0.07884913 2.76542 53.63589 0.0985614 2.779967 53.63578 0.1960516 2.794645 53.63565 0.2588194 24.25 52.02676 1 3.75 52.02676 1 18 7.357234 5.545454 15.51858 7.357234 5.545454 18 7.168312 5.682974 15.51858 7.221701 5.647475 18 7.074137 5.739844 15.51858 7.074137 5.739844 18 6.902327 5.826603 15.51858 6.922583 5.817434 18 6.761958 5.882938 15.51858 6.761958 5.882938 18 6.617734 5.928503 15.51858 6.596261 5.934276 18 6.429902 5.970517 15.51858 6.429902 5.970517 18 6.321034 5.986349 15.51858 6.257246 5.992805 18 6.087758 6 15.51858 6.087758 6 10 6.087758 6 12.48142 6.087758 6 10 6.321034 5.986349 12.48142 6.257246 5.992805 10 6.429902 5.970517 12.48142 6.429902 5.970517 10 6.617734 5.928503 12.48142 6.596261 5.934276 10 6.761958 5.882938 12.48142 6.761958 5.882938 10 6.902327 5.826603 12.48142 6.922583 5.817434 10 7.074137 5.739844 12.48142 7.074137 5.739844 10 7.168312 5.682974 12.48142 7.221701 5.647475 10 7.357234 5.545454 12.48142 7.357234 5.545454 24.72773 53.82675 -1.133972 24.70487 53.82675 -1.121197 25.03966 53.82675 0 25.03966 53.82675 -1.415256 24.99439 53.82675 -1.35721 24.96908 53.82675 -1.328269 24.87085 53.82675 -1.233953 25.03579 53.82675 0.07861882 24.55891 53.82675 -1.056571 25.0243 53.82675 0.1559415 2.960337 53.82675 -1.415256 2.960337 53.82675 0 3.005616 53.82675 -1.357206 3.063631 53.82675 -1.293942 24.85385 53.82675 -1.220034 24.83675 53.82675 -1.206648 3.384083 53.82675 0.7057484 3.660521 53.82675 -1.00637 3.599414 53.82675 -1.015191 3.200299 53.82675 -1.179605 3.182992 53.82675 -1.191913 3.129151 53.82675 -1.23395 25.00526 53.82675 0.2319764 24.53894 53.82675 -1.049803 24.97864 53.82675 0.3062972 24.3859 53.82675 -1.01272 24.68418 53.82675 0.6648755 24.40059 53.82675 -1.015192 24.7472 53.82675 0.6181272 24.40059 53.82675 -1.015192 24.80513 53.82675 0.5656542 24.39557 53.82675 0.7845164 24.4721 53.82675 0.765296 24.2265 53.82675 -1 24.54575 53.82675 0.7389007 24.61649 53.82675 0.7054411 3.430627 53.82675 -1.060305 3.338236 53.82675 -1.099175 3.27227 53.82675 -1.13397 24.85794 53.82675 0.5074402 24.9049 53.82675 0.4441415 24.53894 53.82675 -1.049803 24.94512 53.82675 0.3770756 3.682637 53.82675 0.796137 3.761257 53.82675 0.8 3.773503 53.82675 -1 24.23874 53.82675 0.8 24.2265 53.82675 -1 24.31759 53.82675 0.7961151 3.45491 53.82675 0.739174 3.529261 53.82675 0.7657082 3.605307 53.82675 0.7846907 3.599414 53.82675 -1.015191 3.142709 53.82675 0.5082253 3.195279 53.82675 0.566059 3.095867 53.82675 0.4452945 3.504688 53.82675 -1.036618 3.055193 53.82675 0.3776623 3.484975 53.82675 -1.042309 3.021634 53.82675 0.3069556 3.253596 53.82675 0.6187811 3.316961 53.82675 0.6656363 2.964236 53.82675 0.07884913 3.430627 53.82675 -1.060305 2.975878 53.82675 0.1568413 2.995161 53.82675 0.2333422 13.24071 7.359517 5.54358 14 7.361206 5.542193 18 8.825592 4.448028 18 8.140123 4.934284 10 8.140123 4.934284 10 8.825592 4.448028 10 9.530882 3.990999 18 9.530882 3.990999 10 10.99592 3.167797 18 10.99592 3.167797 10 12.52489 2.470491 18 12.52489 2.470491 10 13.31 2.170623 18 13.31 2.170623 10 14.10701 1.904003 18 14.10701 1.904003 10 15.7311 1.472332 18 15.7311 1.472332 10 17.38569 1.178527 18 17.38569 1.178527 10 18.22078 1.08401 18 18.22078 1.08401 10 19.05911 1.024661 18 19.05911 1.024661 10 20.052 1 18 20.052 1 3.15 51.82675 0.8 24.85 51.82675 0.8 24.83778 51.83577 0.809017 3.367317 51.95064 0.9238796 3.29601 51.91777 0.8910065 3.75 52.02676 1 3.440983 51.97781 0.9510565 3.227501 51.8794 0.8526402 24.25 52.02676 1 24.7725 51.8794 0.8526402 24.70399 51.91777 0.8910065 24.63268 51.95064 0.9238796 24.55902 51.97781 0.9510565 24.48345 51.99913 0.9723699 24.40644 52.01445 0.9876883 24.32846 52.02367 0.9969174 3.671541 52.02367 0.9969174 3.593565 52.01445 0.9876883 3.516554 51.99913 0.9723699 24.59202 34.38706 0.9396926 24.67262 34.42045 0.9063078 24.25 34.32675 1 3.227501 34.47412 0.8526402 3.29601 34.43575 0.8910065 3.75 34.32675 1 3.367317 34.40288 0.9238796 3.440983 34.3757 0.9510565 24.75 34.46073 0.8660254 24.85 34.52676 0.8 3.15 34.52676 0.8 3.516554 34.35439 0.9723699 3.593565 34.33907 0.9876883 3.671541 34.32984 0.9969174 24.33716 34.33056 0.9961947 24.42365 34.34194 0.9848077 24.50882 34.36083 0.9659258 27.37424 5.709885 3.863657 26.97795 5.816601 3.990999 27.39032 5.351405 4.005414 27.12851 9.913586 2.368839 27.07397 9.637495 2.470491 27.22456 8.730901 2.74366 26.80001 12.67042 1.661749 26.76669 11.71867 1.904003 26.9969 11.17227 2.016087 26.66386 13.549 1.488255 26.64972 13.63483 1.472677 26.18615 13.86713 1.472332 26.49185 14.53781 1.323736 26.27577 15.64237 1.179078 25.31223 16.04161 1.178527 18.55079 17.37831 1.178527 18.42058 12.51926 2.470491 18.30313 8.136062 4.934284 27.50022 2.970553 4.93593 27.5001 2.973268 4.934913 27.22458 3.37908 4.934284 27.57708 1.210106 5.545454 27.56727 1.449126 5.469646 27.4877 1.400204 5.545454 27.06919 2.181861 5.545454 26.64059 4.131599 4.934284 26.04284 3.626016 5.545454 26.58643 2.925554 5.545454 27.54444 1.985589 5.290781 18.28216 7.353454 5.545454 19.25341 8.070497 4.934284 19.1667 7.292425 5.545454 20.19481 7.925251 4.934284 20.04298 7.157227 5.545454 21.12067 7.70135 4.934284 20.90478 6.948816 5.545454 22.02441 7.400383 4.934284 21.746 6.66867 5.545454 22.89964 7.024484 4.934284 22.56069 6.318774 5.545454 23.74016 6.576312 4.934284 23.34306 5.901607 5.545454 24.54001 6.059044 4.934284 24.08758 5.420122 5.545454 25.29353 5.476346 4.934284 24.78897 4.877734 5.545454 25.99538 4.832343 4.934284 25.44227 4.278283 5.545454 18.6222 20.04366 1 18.59561 19.05113 1.024661 20.57273 19.90909 1 20.46276 18.9223 1.024661 22.50502 19.61096 1 22.31246 18.63692 1.024661 24.4054 19.15139 1 24.13161 18.19699 1.024661 25.52049 18.8009 1 25.66036 18.25746 1.005448 26.00835 16.85681 1.068602 25.483 12.40314 1.904003 25.96421 10.35518 2.470491 26.18985 6.539746 3.990999 27.41321 4.848322 4.204889 27.4758 3.498153 4.735224 27.47105 3.600136 4.695814 27.44123 4.240642 4.445252 20.27742 17.25918 1.178527 21.98791 16.99527 1.178527 23.67016 16.58845 1.178527 26.22136 15.90145 1.151219 18.50647 15.72431 1.472332 20.09416 15.61477 1.472332 21.66702 15.37209 1.472332 23.2139 14.99801 1.472332 24.72384 14.49517 1.472332 26.5778 14.05813 1.399447 18.46296 14.10081 1.904003 19.91428 14.00067 1.904003 21.35204 13.77884 1.904003 22.76605 13.43689 1.904003 24.1463 12.97724 1.904003 19.73905 12.42829 2.470491 21.0452 12.22677 2.470491 22.32978 11.91612 2.470491 23.58368 11.49854 2.470491 24.79802 10.977 2.470491 18.37963 10.99083 3.167797 19.56971 10.90872 3.167797 20.74867 10.72682 3.167797 21.90816 10.44642 3.167797 23.03996 10.06951 3.167797 24.13606 9.598752 3.167797 25.18868 9.037485 3.167797 26.19037 8.389686 3.167797 27.13404 7.659942 3.167797 27.31139 7.169232 3.298858 18.34039 9.526323 3.990999 19.40745 9.4527 3.990999 20.46454 9.289603 3.990999 21.50417 9.038188 3.990999 22.51898 8.700235 3.990999 23.50177 8.278141 3.990999 24.44558 7.77489 3.990999 25.34373 7.194055 3.990999 19.83748 7.003817 5.682974 21.07033 6.702186 5.682974 18.52972 6.30625 5.986349 26.88466 -0.5510899 6 27.10837 -0.484977 5.986349 26.71019 0.610142 5.986349 26.49626 0.5171318 6 26.18091 1.64826 5.986349 25.97998 1.529752 6 25.52848 2.61375 5.986349 25.34358 2.47153 6 24.76274 3.492081 5.986349 24.59664 3.328288 6 23.8952 4.270031 5.986349 23.75041 4.087131 6 22.93893 4.93589 5.986349 22.81762 4.736635 6 21.90831 5.479637 5.986349 21.81232 5.267027 6 20.81886 5.893085 5.986349 20.74963 5.67032 6 19.68699 6.170012 5.986349 19.64556 5.940446 6 18.51671 6.073338 6 18.54627 6.602488 5.928503 18.56214 6.886638 5.826603 18.57698 7.152209 5.682974 23.37952 5.659603 5.682974 22.25696 6.251855 5.682974 25.36603 4.086994 5.682974 24.4211 4.934343 5.682974 26.91071 2.078689 5.682974 26.20008 3.130309 5.682974 27.49381 0.9204286 5.686319 27.48721 0.9479633 5.682974 27.45593 0.7874161 5.73863 27.24328 0.8419115 5.826603 27.41287 0.6350564 5.790624 27.37578 0.5025447 5.829841 27.24642 0.02822881 5.930793 27.25984 0.0785284 5.922644 26.98229 0.7284403 5.928503 27.28759 0.1816683 5.9042 27.33475 0.3544227 5.867579 27 -0.9787442 6 27.0655 -0.6901047 5.995543 27.10737 -0.5154666 5.987703 27.11721 -0.4753022 5.985262 27.12121 -0.4591056 5.984206 27.18853 -0.1926121 5.960475 19.79024 6.742063 5.826603 20.99139 6.448186 5.826603 22.14751 6.009433 5.826603 23.2412 5.432409 5.826603 24.25601 4.725797 5.826603 25.17664 3.900233 5.826603 25.98925 2.968147 5.826603 26.6816 1.943565 5.826603 19.73969 6.461994 5.928503 20.90692 6.176416 5.928503 22.0304 5.750052 5.928503 23.09321 5.18932 5.928503 24.07936 4.50266 5.928503 24.974 3.700408 5.928503 25.76366 2.794639 5.928503 26.43647 1.798988 5.928503 18.29363 5.447241 6 16.89277 5.850821 6 27 -6.823241 6 26.91826 -5.367704 6 26.67406 -3.930469 6 23.19239 2.369146 6 24.16381 1.282126 6 20.91642 4.184173 6 19.64049 4.889354 6 25.00741 0.09317517 6 22.10537 3.340567 6 25.7126 -1.182753 6 26.27048 -2.529614 6 14.4567 5.937233 5.991104 14.75175 5.962118 5.993813 14.75253 6.147024 5.99712 14 5.922864 5.989237 13.24173 7.211322 5.65421 13.24276 7.051376 5.751868 13.24377 6.881443 5.834792 13.24476 6.703627 5.901559 13.24572 6.520277 5.951158 13.24662 6.333898 5.983035 13.24747 6.147024 5.99712 13.37034 5.950317 5.992587 14 7.208953 5.655538 14.75724 7.051376 5.751868 14 7.044286 5.755216 14.75623 6.881443 5.834792 14 6.869117 5.839314 14.75524 6.703627 5.901559 14 6.685727 5.906292 14.75428 6.520277 5.951158 14 6.496681 5.955069 14.75337 6.333898 5.983035 14 6.304702 5.985083 14 6.112544 5.996308 0.1563684 -8.909834 5 0.3273122 -9.832829 5 0.3421493 -9.829563 5.173648 1.386436 -12.89761 5 2.003999 -14.041 5 2.017017 -14.03316 5.173648 2.432657 -14.70972 5 2.854697 -15.29568 5 2.866791 -15.28649 5.173648 5.271143 -17.76888 5 6.143381 -18.41089 5 6.151906 -18.39831 5.173648 8.885226 -19.85548 5 10.2546 -20.31294 5 10.25867 -20.2983 5.173648 10.88471 -20.47223 5 11.73505 -20.63881 5 11.73751 -20.62382 5.173648 15.04622 -20.78409 5 16.26495 -20.63881 5 16.26249 -20.62382 5.173648 17.11529 -20.47223 5 17.7454 -20.31294 5 17.74133 -20.2983 5.173648 19.11477 -19.85548 5 19.18193 -19.82892 5 19.17631 -19.8148 5.173648 21 -18.9476 5 21.85662 -18.41089 5 21.84809 -18.39831 5.173648 24.26273 -16.34566 5 25.1453 -15.29568 5 25.13321 -15.28649 5.173648 25.56734 -14.70972 5 25.996 -14.041 5 25.98298 -14.03316 5.173648 27.37802 -10.94981 5 27.67269 -9.832829 5 27.65785 -9.829563 5.173648 27.84363 -8.909834 5 27.91793 -8.336909 5 27.90283 -8.335266 5.173648 12.54446 -19.7415 6 11.89683 -19.65199 6 11.86874 -19.82335 5.984808 14 -19.82324 6 13.29619 -19.80418 6 13.28679 -19.97757 5.984808 15.45554 -19.7415 6 14.7038 -19.80418 6 14.71321 -19.97757 5.984808 25.79848 -12.2818 6 25.13914 -13.52544 6 25.95608 -12.35471 5.984808 25.28794 -13.61497 5.984808 26.10889 -12.42541 5.939692 25.43221 -13.70177 5.939692 26.25227 -12.49174 5.866025 25.56757 -13.78322 5.866025 26.38186 -12.5517 5.766044 25.68992 -13.85683 5.766044 26.49372 -12.60345 5.642787 25.79553 -13.92038 5.642787 26.58446 -12.64543 5.5 25.8812 -13.97192 5.5 26.65132 -12.67637 5.34202 25.94433 -14.0099 5.34202 26.69227 -12.69531 5.173648 22.41602 -16.73135 6 21.29543 -17.5832 6 22.52844 -16.8637 5.984808 21.39288 -17.72693 5.984808 22.63744 -16.99202 5.939692 21.48737 -17.86629 5.939692 22.73971 -17.11243 5.866025 21.57603 -17.99704 5.866025 22.83215 -17.22126 5.766044 21.65616 -18.11523 5.766044 22.91195 -17.3152 5.642787 21.72533 -18.21725 5.642787 22.97668 -17.3914 5.5 21.78143 -18.3 5.5 23.02437 -17.44755 5.34202 21.82278 -18.36097 5.34202 23.05357 -17.48193 5.173648 13.27768 -20.1457 5.939692 11.8415 -19.9895 5.939692 13.26912 -20.30344 5.866025 11.81594 -20.1454 5.866025 13.26139 -20.44602 5.766044 11.79284 -20.28631 5.766044 13.25472 -20.5691 5.642787 11.7729 -20.40794 5.642787 13.24931 -20.66893 5.5 11.75673 -20.5066 5.5 13.24532 -20.74249 5.34202 11.74481 -20.5793 5.34202 13.24288 -20.78754 5.173648 7.91069 -18.3089 6 6.704568 -17.5832 6 7.829352 -18.46232 5.984808 6.607119 -17.72693 5.984808 7.750485 -18.61108 5.939692 6.51263 -17.86629 5.939692 7.676486 -18.75065 5.866025 6.423974 -17.99704 5.866025 7.609603 -18.87681 5.766044 6.343844 -18.11523 5.766044 7.551868 -18.98571 5.642787 6.274674 -18.21725 5.642787 7.505037 -19.07404 5.5 6.218565 -18.3 5.5 7.47053 -19.13913 5.34202 6.177225 -18.36097 5.34202 7.449398 -19.17899 5.173648 4.562058 -15.76333 6 3.65079 -14.69051 6 4.435991 -15.88275 5.984808 3.51255 -14.79559 5.984808 4.313754 -15.99854 5.939692 3.37851 -14.89749 5.939692 4.199061 -16.10719 5.866025 3.252743 -14.99309 5.866025 4.095398 -16.20538 5.766044 3.139071 -15.0795 5.766044 4.005914 -16.29014 5.642787 3.040947 -15.1541 5.642787 3.933328 -16.3589 5.5 2.961353 -15.2146 5.5 3.879846 -16.40956 5.34202 2.902707 -15.25918 5.34202 3.847093 -16.44059 5.173648 1.680509 -10.97416 6 1.303933 -9.617858 6 1.51595 -11.02961 5.984808 1.134344 -9.655187 5.984808 1.356392 -11.08337 5.939692 0.9699089 -9.691382 5.939692 1.206682 -11.13381 5.866025 0.8156225 -9.725343 5.866025 1.071369 -11.1794 5.766044 0.6761732 -9.756038 5.766044 0.9545643 -11.21876 5.642787 0.555798 -9.782534 5.642787 0.8598171 -11.25068 5.5 0.4581546 -9.804027 5.5 0.7900061 -11.27421 5.34202 0.3862096 -9.819864 5.34202 0.7472526 -11.28861 5.173648 26.92379 -8.22879 6 27.17365 -6.823241 5.984808 27.09642 -8.247564 5.984808 27.34202 -6.823241 5.939692 27.26381 -8.265769 5.939692 27.5 -6.823241 5.866025 27.42086 -8.282849 5.866025 27.64279 -6.823241 5.766044 27.56282 -8.298287 5.766044 27.76605 -6.823241 5.642787 27.68535 -8.311613 5.642787 27.86602 -6.823241 5.5 27.78474 -8.322422 5.5 27.93969 -6.823241 5.34202 27.85798 -8.330389 5.34202 27.98481 -6.823241 5.173648 28 -6.823241 5 26.69607 -9.617858 6 26.86566 -9.655187 5.984808 27.03009 -9.691382 5.939692 27.18438 -9.725343 5.866025 27.32383 -9.756038 5.766044 27.4442 -9.782534 5.642787 27.54185 -9.804027 5.5 27.61379 -9.819864 5.34202 27.26715 -11.29346 5 27.25275 -11.28861 5.173648 27.20999 -11.27421 5.34202 27.14018 -11.25068 5.5 27.04544 -11.21876 5.642787 26.92863 -11.1794 5.766044 26.79332 -11.13381 5.866025 26.64361 -11.08337 5.939692 26.48405 -11.02961 5.984808 26.31949 -10.97416 6 26.70606 -12.70169 5 26.61356 -12.89761 5 25.09729 -15.25918 5.34202 25.03865 -15.2146 5.5 24.95905 -15.1541 5.642787 24.86093 -15.0795 5.766044 24.74726 -14.99309 5.866025 24.62149 -14.89749 5.939692 24.48745 -14.79559 5.984808 24.34921 -14.69051 6 24.16394 -16.45104 5 24.15291 -16.44059 5.173648 24.12015 -16.40956 5.34202 24.06667 -16.3589 5.5 23.99409 -16.29014 5.642787 23.9046 -16.20538 5.766044 23.80094 -16.10719 5.866025 23.68625 -15.99854 5.939692 23.56401 -15.88275 5.984808 23.43794 -15.76333 6 23.06341 -17.49351 5 22.72886 -17.76888 5 20.55772 -19.19241 5 20.5506 -19.17899 5.173648 20.52947 -19.13913 5.34202 20.49497 -19.07404 5.5 20.44813 -18.98571 5.642787 20.3904 -18.87681 5.766044 20.32351 -18.75065 5.866025 20.24952 -18.61108 5.939692 20.17065 -18.46232 5.984808 20.08931 -18.3089 6 18.8118 -18.89994 6 18.87607 -19.06126 5.984808 18.93839 -19.21767 5.939692 18.99686 -19.36443 5.866025 19.04972 -19.49707 5.766044 19.09534 -19.61158 5.642787 19.13235 -19.70446 5.5 19.15961 -19.77289 5.34202 17.72926 -20.25483 5.34202 17.70956 -20.18385 5.5 17.68281 -20.08752 5.642787 17.64983 -19.96875 5.766044 17.61163 -19.83117 5.866025 17.56937 -19.67895 5.939692 17.52433 -19.51671 5.984808 17.47787 -19.34939 6 16.10317 -19.65199 6 16.13126 -19.82335 5.984808 16.1585 -19.9895 5.939692 16.18406 -20.1454 5.866025 16.20716 -20.28631 5.766044 16.2271 -20.40794 5.642787 16.24327 -20.5066 5.5 16.25519 -20.5793 5.34202 14.75794 -20.80271 5 14.75712 -20.78754 5.173648 14.75468 -20.74249 5.34202 14.75069 -20.66893 5.5 14.74528 -20.5691 5.642787 14.7386 -20.44602 5.766044 14.73087 -20.30344 5.866025 14.72232 -20.1457 5.939692 13.24206 -20.80271 5 12.95378 -20.78409 5 10.27074 -20.25483 5.34202 10.29044 -20.18385 5.5 10.31719 -20.08752 5.642787 10.35017 -19.96875 5.766044 10.38837 -19.83117 5.866025 10.43063 -19.67895 5.939692 10.47567 -19.51671 5.984808 10.52213 -19.34939 6 8.818066 -19.82892 5 8.82369 -19.8148 5.173648 8.840388 -19.77289 5.34202 8.867655 -19.70446 5.5 8.904663 -19.61158 5.642787 8.950284 -19.49707 5.766044 9.003135 -19.36443 5.866025 9.06161 -19.21767 5.939692 9.12393 -19.06126 5.984808 9.188204 -18.89994 6 7.442282 -19.19241 5 7 -18.9476 5 4.936592 -17.49351 5 4.946427 -17.48193 5.173648 4.975634 -17.44755 5.34202 5.023325 -17.3914 5.5 5.088052 -17.3152 5.642787 5.167847 -17.22126 5.766044 5.260285 -17.11243 5.866025 5.362559 -16.99202 5.939692 5.47156 -16.8637 5.984808 5.583978 -16.73135 6 3.836063 -16.45104 5 3.737274 -16.34566 5 2.860857 -13.52544 6 2.712065 -13.61497 5.984808 2.567794 -13.70177 5.939692 2.432428 -13.78322 5.866025 2.31008 -13.85683 5.766044 2.204466 -13.92038 5.642787 2.118797 -13.97192 5.5 2.055674 -14.0099 5.34202 1.293944 -12.70169 5 1.307732 -12.69531 5.173648 1.348678 -12.67637 5.34202 1.415536 -12.64543 5.5 1.506276 -12.60345 5.642787 1.618141 -12.5517 5.766044 1.747732 -12.49174 5.866025 1.89111 -12.42541 5.939692 2.043921 -12.35471 5.984808 2.201519 -12.2818 6 0.7328556 -11.29346 5 0.6219807 -10.94981 5 0.08206856 -8.336909 5 0.09717178 -8.335266 5.173648 0.1420224 -8.330389 5.34202 0.2152578 -8.322422 5.5 0.3146527 -8.311613 5.642787 0.437187 -8.298287 5.766044 0.5791376 -8.282849 5.866025 0.7361913 -8.265769 5.939692 0.9035763 -8.247564 5.984808 1.076207 -8.22879 6 1 -6.823241 6 0.8263518 -6.823241 5.984808 0.6579799 -6.823241 5.939692 0.5 -6.823241 5.866025 0.3572124 -6.823241 5.766044 0.2339555 -6.823241 5.642787 0.1339746 -6.823241 5.5 0.06030738 -6.823241 5.34202 0.01519221 -6.823241 5.173648 0 -6.823241 5 1 -0.9787442 6 1.081741 -5.367704 6 8.359512 4.889354 6 9.706373 5.447241 6 9.483289 6.073338 6 11.10723 5.850821 6 5.894632 3.340567 6 4.249592 4.087131 6 4.807612 2.369146 6 3.403361 3.328288 6 3.83619 1.282126 6 8.354446 5.940446 6 7.25037 5.67032 6 7.083583 4.184173 6 6.187683 5.267027 6 5.18238 4.736635 6 1.325937 -3.930469 6 1.729516 -2.529614 6 1.115343 -0.5510899 6 2.287404 -1.182753 6 1.503739 0.5171318 6 2.992585 0.09317517 6 2.020024 1.529752 6 2.656424 2.47153 6 4.656939 5.901607 5.545454 4.620483 5.659603 5.682974 5.743038 6.251855 5.682974 0.93081 2.181861 5.545454 1.089291 2.078689 5.682974 1.799917 3.130309 5.682974 0.5854599 0.6409909 5.78874 0.6247582 0.5006348 5.830365 0.7567188 0.8419115 5.826603 0.9412395 -0.7188745 5.996416 9.470279 6.30625 5.986349 8.313011 6.170012 5.986349 7.181136 5.893085 5.986349 6.091691 5.479637 5.986349 5.061075 4.93589 5.986349 4.1048 4.270031 5.986349 3.237261 3.492081 5.986349 2.471517 2.61375 5.986349 1.819092 1.64826 5.986349 1.289808 0.610142 5.986349 0.8916321 -0.484977 5.986349 0.8983435 -0.5389394 5.988989 0.7514635 0.03618031 5.929541 0.8100073 -0.1869487 5.959822 0.8777645 -0.4549435 5.983902 0.8810078 -0.4680913 5.984771 0.6633885 0.3611782 5.865983 1.017712 0.7284403 5.928503 0.7012895 0.2226582 5.89618 0.7383997 0.08511191 5.921537 0.5455498 0.7822247 5.740513 0.5123015 1.400204 5.545454 0.4229218 1.210106 5.545454 0.4546945 1.099944 5.603762 0.4641957 1.06692 5.62006 0.5127906 0.9479633 5.682974 0.5051001 0.9242469 5.684683 2.557731 4.278283 5.545454 1.95716 3.626016 5.545454 1.41357 2.925554 5.545454 2.633972 4.086994 5.682974 3.578902 4.934343 5.682974 3.211026 4.877734 5.545454 3.912419 5.420122 5.545454 7.095219 6.948816 5.545454 6.253996 6.66867 5.545454 5.439312 6.318774 5.545454 6.92967 6.702186 5.682974 8.162519 7.003817 5.682974 7.957021 7.157227 5.545454 8.833295 7.292425 5.545454 9.423024 7.152209 5.682974 9.717838 7.353454 5.545454 9.437859 6.886638 5.826603 9.453731 6.602488 5.928503 1.318396 1.943565 5.826603 2.010751 2.968147 5.826603 2.823361 3.900233 5.826603 3.743996 4.725797 5.826603 4.758798 5.432409 5.826603 5.85249 6.009433 5.826603 7.008613 6.448186 5.826603 8.209763 6.742063 5.826603 1.56353 1.798988 5.928503 2.236335 2.794639 5.928503 3.026001 3.700408 5.928503 3.920641 4.50266 5.928503 4.906788 5.18932 5.928503 5.9696 5.750052 5.928503 7.093078 6.176416 5.928503 8.260312 6.461994 5.928503 9.659614 9.526323 3.990999 9.537038 14.10081 1.904003 2.063561 17.16137 1.048751 2.687767 16.04161 1.178527 4.329842 16.58845 1.178527 1.136543 12.22269 1.759919 1.233312 11.71867 1.904003 2.517 12.40314 1.904003 0.6886087 7.169232 3.298858 1.022048 5.816601 3.990999 1.810149 6.539746 3.990999 0.5242007 3.498153 4.735224 0.4962244 2.893222 4.96482 0.7754246 3.37908 4.934284 1.359415 4.131599 4.934284 2.00462 4.832343 4.934284 2.706469 5.476346 4.934284 3.459989 6.059044 4.934284 4.259842 6.576312 4.934284 5.100361 7.024484 4.934284 5.975593 7.400383 4.934284 6.879335 7.70135 4.934284 7.805185 7.925251 4.934284 8.746586 8.070497 4.934284 9.696866 8.136062 4.934284 0.4895581 2.74737 5.018886 0.4782026 2.496676 5.110416 0.455559 1.985589 5.290781 0.4329148 1.453684 5.468177 0.5980409 5.094644 4.107199 0.5297501 3.617329 4.689154 0.5271057 3.560556 4.711129 0.703605 7.506926 3.173207 0.7219002 7.867056 3.042469 0.8659573 7.659942 3.167797 0.7627358 8.543363 2.806389 1.809627 8.389686 3.167797 0.8407543 9.566497 2.473865 0.8563204 9.744277 2.419237 0.9260349 9.637495 2.470491 0.8660838 9.852445 2.386468 2.035794 10.35518 2.470491 1.020267 11.3166 1.978445 1.428513 14.09454 1.393338 1.813853 13.86713 1.472332 1.543117 14.72618 1.29597 3.276159 14.49517 1.472332 1.691175 15.48204 1.197276 3.594598 19.15139 1 2.479512 18.8009 1 3.868392 18.19699 1.024661 2.339645 18.25746 1.005448 5.494977 19.61096 1 5.687541 18.63692 1.024661 7.427273 19.90909 1 7.537241 18.9223 1.024661 9.377795 20.04366 1 9.404391 19.05113 1.024661 6.012086 16.99527 1.178527 7.722583 17.25918 1.178527 9.449214 17.37831 1.178527 4.786101 14.99801 1.472332 6.332981 15.37209 1.472332 7.905839 15.61477 1.472332 9.493535 15.72431 1.472332 3.853702 12.97724 1.904003 5.233948 13.43689 1.904003 6.647958 13.77884 1.904003 8.085717 14.00067 1.904003 3.201977 10.977 2.470491 4.416319 11.49854 2.470491 5.67022 11.91612 2.470491 6.954796 12.22677 2.470491 8.260946 12.42829 2.470491 9.579416 12.51926 2.470491 2.811322 9.037485 3.167797 3.863945 9.598752 3.167797 4.96004 10.06951 3.167797 6.09184 10.44642 3.167797 7.251328 10.72682 3.167797 8.43029 10.90872 3.167797 9.62037 10.99083 3.167797 2.656271 7.194055 3.990999 3.554419 7.77489 3.990999 4.498233 8.278141 3.990999 5.481023 8.700235 3.990999 6.495829 9.038188 3.990999 7.535459 9.289603 3.990999 8.592551 9.4527 3.990999 1.516429 19.01998 0.1564344 1.504424 19.02271 0 1.375 18.46839 0.005720615 2.326975 18.8356 0.9876883 2.178193 18.86944 0.9510565 2.074233 18.32019 0.9639222 2.252877 18.27814 1.000319 2.164034 18.29914 0.9866833 1.90637 18.93128 0.809017 1.812451 18.38035 0.8380279 2.036831 18.9016 0.8910065 1.897007 18.36114 0.8896136 1.984757 18.34097 0.9316202 1.690649 18.98035 0.5877853 1.592018 18.429 0.6316599 1.79002 18.95775 0.7071068 1.658664 18.41457 0.7081682 1.732546 18.39827 0.7772985 1.552148 19.01186 0.309017 1.443946 18.45922 0.3711413 1.610702 18.99854 0.4539905 1.484097 18.45142 0.4616868 1.533592 18.44133 0.5490271 1.379288 18.46915 0.09495985 1.391834 18.46799 0.1864002 1.413249 18.46472 0.2788987 11.60262 62.10332 -1 3.871673 54.65165 -1 12.75 62.17676 -1 3.773503 53.82675 -1 15.25 62.17676 -1 24.2265 53.82675 -1 24.12833 54.65165 -1 10.47397 61.88421 -1 9.382461 61.52299 -1 8.345907 61.02557 -1 23.86785 55.77148 -1 17.52603 61.88421 -1 16.39738 62.10332 -1 5.06846 57.86653 -1 4.533257 56.84896 -1 5.729021 58.80755 -1 6.504159 59.65668 -1 7.381226 60.40007 -1 4.132146 55.77148 -1 23.46674 56.84896 -1 22.93154 57.86653 -1 18.61754 61.52299 -1 19.65409 61.02557 -1 20.61878 60.40007 -1 22.27098 58.80755 -1 21.49584 59.65668 -1 26.26745 18.39827 0.7772985 26.13509 18.94071 0.7763532 26.18755 18.38035 0.8380279 26.00803 18.91181 0.8660254 26.10299 18.36114 0.8896136 25.96834 18.90278 0.888284 26.01524 18.34097 0.9316202 25.85399 18.87677 0.9396926 25.92577 18.32019 0.9639222 25.78879 18.86193 0.961399 25.83597 18.29914 0.9866833 25.68981 18.83942 0.9848077 25.74712 18.27814 1.000319 25.6081 18.82083 0.995955 26.625 18.46839 0.005720615 26.49557 19.02271 0 26.62071 18.46915 0.09495985 26.48076 19.01935 0.1736481 26.60817 18.46799 0.1864002 26.4793 19.01901 0.181963 26.58675 18.46472 0.2788987 26.43677 19.00934 0.3420202 26.55606 18.45922 0.3711413 26.42712 19.00714 0.3680947 26.5159 18.45142 0.4616868 26.36494 18.993 0.5 26.46641 18.44133 0.5490271 26.33663 18.98656 0.5472097 26.40798 18.429 0.6316599 26.26745 18.97082 0.6427876 26.34133 18.41457 0.7081682 26.20998 18.95775 0.7071068 26.14726 18.94348 0.7660444 10.10289 30.77676 1 10.5528 31.4193 1 3.75 34.32675 1 11.10746 31.97396 1 11.75 32.42387 1 12.46091 32.75537 1 3.670283 27.26313 1 9.5 28.52676 1 3.75 30.11353 1 9.568366 29.30818 1 9.771384 30.06585 1 15.53909 32.75537 1 16.25 32.42387 1 24.25 34.32675 1 16.89255 31.97396 1 17.4472 31.4193 1 17.89711 30.77676 1 18.22862 30.06585 1 24.25 30.11353 1 18.43164 29.30818 1 24.32972 27.26313 1 14.78141 24.09512 1 14 24.02676 1 13.21858 32.95839 1 3.75 34.32675 1 14 33.02676 1 14.78141 32.95839 1 17.4472 25.63421 1 16.89255 25.07956 1 16.25 24.62964 1 15.53909 24.29814 1 18.5 28.52676 1 18.43164 27.74534 1 24.56862 24.42165 1 18.22862 26.98767 1 24.96596 21.59797 1 17.89711 26.27676 1 13.21858 24.09512 1 12.46091 24.29814 1 11.75 24.62964 1 11.10746 25.07956 1 10.5528 25.63421 1 3.034045 21.59797 1 10.10289 26.27676 1 3.431383 24.42165 1 9.771384 26.98767 1 9.568366 27.74534 1 27.93049 9.461495 1.501392 27.9189 9.672322 1.437219 27.90356 9.718305 1.589172 27.14121 16.0503 0.1508442 26.95679 16.98323 0.07203227 26.95178 16.98837 0.1595221 26.88109 12.67648 1.646426 26.66071 14.06803 1.386511 26.39897 15.46713 1.190412 26.74474 14.0768 1.365994 26.96295 12.68108 1.623895 26.82891 14.08426 1.337524 27.04463 12.68403 1.593858 26.9121 14.0902 1.3009 27.12511 12.6852 1.556173 26.99316 14.09445 1.256122 27.2033 12.68445 1.510885 27.07089 14.09688 1.203409 27.27809 12.68173 1.458229 27.14411 14.09739 1.143208 27.34842 12.677 1.39865 27.21174 14.09594 1.076186 27.41329 12.67027 1.332781 27.27281 14.09253 1.003209 27.47182 12.66163 1.26143 27.32656 14.08723 0.9253027 27.52331 12.6512 1.185548 27.3724 14.08013 0.8436069 27.56725 12.63915 1.106181 27.40999 14.0714 0.7593209 27.6033 12.62566 1.024429 27.43923 14.06121 0.6736486 27.63138 12.61099 0.9413956 27.46021 14.04979 0.5877485 27.65158 12.59535 0.8581463 27.47323 14.03734 0.5026895 27.66417 12.579 0.7756669 27.53266 13.64355 0.4845743 27.6556 12.68168 0.6697821 26.09407 16.87404 1.060769 26.18156 16.89106 1.044702 26.48487 15.48006 1.172047 26.26975 16.9076 1.01987 26.57119 15.49205 1.14531 26.35742 16.92339 0.9859356 26.65677 15.50288 1.109933 26.44323 16.93815 0.942794 26.74036 15.51231 1.065868 26.52582 16.9516 0.8906087 26.82068 15.52014 1.013308 26.60382 16.9635 0.829824 26.89645 15.52621 0.9527016 26.67595 16.97361 0.7611615 26.9665 15.53038 0.8847457 26.74109 16.98179 0.6855937 27.02977 15.53259 0.81036 26.7983 16.98792 0.6043 27.08543 15.53282 0.7306474 26.84693 16.99197 0.5186042 27.13284 15.5311 0.6468395 26.88659 16.99393 0.4299074 27.17163 15.52753 0.5602359 26.91715 16.99389 0.3396158 27.2017 15.52224 0.4721416 26.93876 16.99198 0.2490763 27.22316 15.51541 0.3838088 27.23634 15.50723 0.2963888 27.47877 14.02411 0.4194191 27.96169 8.783181 1.716808 27.89778 8.369418 2.264523 27.95125 6.935536 2.701055 27.92737 8.344674 2.191609 27.95366 6.932797 2.694049 27.95025 8.319398 2.117738 27.98774 6.880086 2.559211 27.96648 8.293867 2.043694 28 6.823241 2.413801 27.97991 8.243074 1.89796 27.31075 8.535294 2.785711 27.38098 7.159876 3.274925 27.38365 8.527651 2.757874 27.45594 7.147288 3.242725 27.45546 8.517866 2.72403 27.51744 7.134803 3.210788 27.52539 8.505918 2.684188 27.5893 7.117397 3.166263 27.5926 8.491831 2.638482 27.64555 7.101305 3.1251 27.65629 8.475676 2.587178 27.70821 7.080292 3.071345 27.71568 8.457568 2.530675 27.75961 7.060039 3.019539 27.77006 8.437669 2.469491 27.80975 7.036881 2.960301 27.81885 8.416184 2.404253 27.85458 7.012322 2.897478 27.86154 8.393346 2.335673 27.89143 6.988233 2.835854 27.92677 6.960009 2.763657 27.06199 11.29165 1.968134 27.20481 9.91192 2.348999 27.14129 11.29211 1.943704 27.28116 9.908293 2.322793 27.22013 11.29067 1.912242 27.35671 9.902606 2.290058 27.29751 11.28725 1.873663 27.4306 9.894794 2.250756 27.37246 11.28176 1.828047 27.50191 9.88484 2.204998 27.44396 11.27419 1.775646 27.56971 9.872772 2.153046 27.51103 11.26456 1.716892 27.63314 9.858666 2.095318 27.57278 11.25296 1.652384 27.6914 9.842648 2.032374 27.62842 11.23951 1.582873 27.74378 9.824892 1.964904 27.67732 11.2244 1.509228 27.78974 9.805607 1.893699 27.719 11.20782 1.432406 27.82886 9.785037 1.819622 27.7532 11.19002 1.353407 27.8609 9.763448 1.743577 27.77982 11.17126 1.273235 27.88577 9.741112 1.666468 27.79895 11.15179 1.192861 27.81082 11.13187 1.113189 27.80536 11.23159 1.004418 27.83443 2.633073 4.732102 27.86903 2.612237 4.679728 27.84889 4.09817 4.105055 27.75481 2.671842 4.829491 27.79626 2.652982 4.782124 27.76509 4.14273 4.211454 27.809 4.121056 4.159701 27.96298 3.998126 3.866165 27.91543 4.049461 3.988745 27.94165 4.024021 3.927998 27.96782 2.522416 4.453774 27.99213 2.475754 4.336286 27.99097 3.945785 3.741185 28 3.893993 3.617514 28 2.429527 4.219835 28 1.347545 4.631555 27.50004 4.228516 4.416297 27.55757 4.21466 4.383211 27.58588 3.471767 4.671317 27.61332 4.199093 4.34604 27.68868 3.439231 4.592454 27.66681 4.181862 4.304896 27.71755 4.163041 4.259953 27.7104 2.689548 4.873939 27.61413 2.721168 4.953254 27.64171 1.96033 5.223537 27.73154 1.930412 5.143829 27.62335 1.198861 5.512581 27.79 1.144215 5.352835 27.81132 1.896276 5.052827 27.66807 1.186612 5.476773 27.6993 1.177136 5.449075 27.75168 1.15924 5.396757 27.43876 5.698883 3.837128 27.88446 4.074244 4.047921 27.82892 5.569069 3.523733 27.7838 5.592654 3.580699 27.73425 5.614792 3.634162 27.68076 5.63531 3.683704 27.62388 5.654067 3.728986 27.56418 5.670955 3.76975 27.50227 5.685906 3.805825 27.99323 0.9833806 4.882672 28 0.9457705 4.772727 27.98734 0.997105 4.922792 27.97241 1.021277 4.993454 27.94969 1.04714 5.069058 27.92665 2.568323 4.569293 27.93723 1.058636 5.102665 27.888 1.094609 5.207823 27.85838 1.111818 5.25813 27.82564 1.128382 5.306551 27.80383 1.13831 5.335573 27.9783 0.5058923 5.098964 27.97223 0.009319067 5.194287 27.98789 0.001860499 5.115792 27.99049 0.493112 5.030527 27.78883 0.8579407 5.439112 27.7984 0.5783943 5.487204 27.8405 0.5673233 5.42792 27.86424 0.8306049 5.330976 27.26712 -0.1937491 5.942112 27.57823 -0.7239161 5.814095 27.54721 -0.9787442 5.836995 27.6303 -0.9787442 5.776353 27.74873 -0.4710066 5.654668 27.6827 -0.4685403 5.722456 27.64279 -0.9787442 5.766044 27.5 -0.9787442 5.866025 27.49582 -0.7230918 5.866645 27.45929 -0.9787442 5.888284 27.40994 -0.72241 5.910325 27.34202 -0.9787442 5.939692 27.32198 -0.7218732 5.944955 27.27516 -0.9787442 5.961399 27.23324 -0.7214801 5.970621 27.17365 -0.9787442 5.984808 27.14497 -0.7212252 5.987634 27.08986 -0.9787442 5.995955 27.71061 -0.2099286 5.682536 27.64488 -0.2061462 5.743122 27.61089 -0.4663251 5.783442 27.57457 -0.2027726 5.79719 27.53436 -0.4643853 5.836952 27.50065 -0.1998354 5.844297 27.45426 -0.4627372 5.882537 27.4241 -0.1973508 5.884181 27.37176 -0.4613887 5.919967 27.34594 -0.1953238 5.916758 27.28804 -0.4603397 5.949234 27.20419 -0.4595832 5.970527 27.82837 0.8445999 5.386337 27.75212 0.58884 5.543139 27.70207 0.598584 5.595317 27.65872 0.3289029 5.67938 27.59822 0.3354805 5.727885 27.54875 0.06626302 5.793563 27.4786 0.07024008 5.835418 27.74592 0.870544 5.488969 27.64873 0.6075629 5.643398 27.53489 0.3413375 5.771078 27.40653 0.07360816 5.870863 27.53423 0.6230419 5.726287 27.47414 0.6294869 5.760799 27.40249 0.3508108 5.84094 27.59261 0.6157272 5.687118 27.46942 0.3464505 5.808784 27.33335 0.07636702 5.899898 27.69999 0.8823375 5.535625 27.65142 0.8932619 5.578842 27.60058 0.903271 5.61844 27.54791 0.9123328 5.654289 27.99704 -0.005540966 5.037899 28 0.4845305 4.892167 27.88477 0.03126639 5.42526 27.89767 0.2870129 5.370482 27.84231 0.03816777 5.49789 27.86006 0.2963562 5.439378 27.79368 0.04472869 5.566937 27.81693 0.3052981 5.505316 27.73934 0.05087661 5.631637 27.76867 0.3137528 5.56766 27.67992 0.05654793 5.691322 27.71574 0.3216429 5.625844 27.61613 0.06169009 5.745439 27.96097 0.5186469 5.167263 27.96666 0.7700495 5.091434 27.93844 0.5312725 5.234872 27.92398 0.8010334 5.213997 27.89617 0.8160492 5.273396 27.87804 0.5557144 5.365756 27.91076 0.5436635 5.301224 27.92069 0.0241031 5.349874 27.94986 0.01675993 5.272594 27.98481 -0.9787442 5.173648 28 -0.9787442 5 28 -0.4136463 4.988801 27.70711 -0.9787442 5.707107 27.76605 -0.9787442 5.642787 27.80806 -0.4736924 5.580942 27.837 -0.9787442 5.54721 27.85992 -0.4765607 5.502302 27.86602 -0.9787442 5.5 27.90379 -0.4795697 5.419884 27.88828 -0.9787442 5.459295 27.92979 -0.9787442 5.368095 27.93969 -0.9787442 5.34202 27.9614 -0.9787442 5.275158 14 5.894433 5.986686 15.42393 5.814467 5.986686 4.049648 -7.944377 3.282325 4.237741 -9.051415 3.282325 4.151923 -8.559723 3 4.250721 -9.048451 3 4.5486 -10.13043 3.282325 4.561167 -10.12603 3 6.339555 -13.25112 3 6.181685 -13.05814 3 6.171276 -13.06644 3.282325 5.532758 -12.14356 3 5.521485 -12.15065 3.282325 5.339746 -11.82324 3 4.978316 -11.16786 3.282325 4.990311 -11.16208 3 4.603074 -10.24344 3 6.928932 -13.89431 3 6.919517 -13.90372 3.282325 7.572124 -14.48369 3 7.756801 -14.65196 3.282325 7.765102 -14.64156 3 8.672596 -15.30176 3.282325 8.67968 -15.29048 3 11.77183 -16.5855 3.282325 10.69721 -16.26208 3 10.69281 -16.27464 3.282325 10.5798 -16.22017 3 9.655386 -15.84493 3.282325 9.661163 -15.83293 3 9 -15.4835 3 12.88035 -16.76037 3 12.26352 -16.67132 3 11.77479 -16.57252 3 12.87886 -16.77359 3.282325 14 -16.83656 3.282325 14 -16.82324 3 15.12113 -16.77359 3.282325 15.11964 -16.76037 3 15.73648 -16.67132 3 16.22817 -16.5855 3.282325 16.22521 -16.57252 3 17.30719 -16.27464 3.282325 17.30279 -16.26208 3 20.42788 -14.48369 3 20.2349 -14.64156 3 20.2432 -14.65196 3.282325 19.32032 -15.29048 3 19.3274 -15.30176 3.282325 19 -15.4835 3 18.34461 -15.84493 3.282325 18.33884 -15.83293 3 17.4202 -16.22017 3 21.07107 -13.89431 3 21.08048 -13.90372 3.282325 21.66045 -13.25112 3 21.82872 -13.06644 3.282325 21.81831 -13.05814 3 22.47852 -12.15065 3.282325 22.46724 -12.14356 3 23.76226 -9.051415 3.282325 23.43883 -10.12603 3 23.4514 -10.13043 3.282325 23.39693 -10.24344 3 23.02168 -11.16786 3.282325 23.00969 -11.16208 3 22.66025 -11.82324 3 23.93712 -7.942886 3 23.84808 -8.559723 3 23.74928 -9.048451 3 23.95035 -7.944377 3.282325 24.01332 -6.823241 3.282325 24 -6.823241 3 23.95035 -5.702106 3.282325 23.93712 -5.703597 3 23.84808 -5.08676 3 23.76226 -4.59507 3.282325 23.74928 -4.598032 3 23.4514 -3.516054 3.282325 23.43883 -3.520451 3 21.66045 -0.3953657 3 21.81831 -0.5883438 3 21.82872 -0.5800426 3.282325 22.46724 -1.502921 3 22.47852 -1.495837 3.282325 22.66025 -1.823242 3 23.02168 -2.478628 3.282325 23.00969 -2.484405 3 23.39693 -3.40304 3 21.07107 0.247826 3 21.08048 0.2572405 3.282325 20.42788 0.8372027 3 20.2432 1.005482 3.282325 20.2349 0.995073 3 19.3274 1.655273 3.282325 19.32032 1.644 3 16.22817 2.939018 3.282325 17.30279 2.615592 3 17.30719 2.628159 3.282325 17.4202 2.573684 3 18.34461 2.198443 3.282325 18.33884 2.186447 3 19 1.837012 3 15.11964 3.11388 3 15.73648 3.024836 3 16.22521 2.926037 3 15.12113 3.127111 3.282325 14 3.190072 3.282325 14 3.176758 3 12.87886 3.127111 3.282325 12.88035 3.11388 3 12.26352 3.024836 3 11.77183 2.939018 3.282325 11.77479 2.926037 3 10.69281 2.628159 3.282325 10.69721 2.615592 3 7.572124 0.8372027 3 7.765102 0.995073 3 7.756801 1.005482 3.282325 8.67968 1.644 3 8.672596 1.655273 3.282325 9 1.837012 3 9.655386 2.198443 3.282325 9.661163 2.186447 3 10.5798 2.573684 3 6.928932 0.247826 3 6.919517 0.2572405 3.282325 6.339555 -0.3953657 3 6.171276 -0.5800426 3.282325 6.181685 -0.5883438 3 5.521485 -1.495837 3.282325 5.532758 -1.502921 3 4.237741 -4.59507 3.282325 4.561167 -3.520451 3 4.5486 -3.516054 3.282325 4.603074 -3.40304 3 4.978316 -2.478628 3.282325 4.990311 -2.484405 3 5.339746 -1.823242 3 4.062878 -5.703597 3 4.151923 -5.08676 3 4.250721 -4.598032 3 4.049648 -5.702106 3.282325 3.986686 -6.823241 3.282325 4 -6.823241 3 4.062878 -7.942886 3 15.42393 -19.46095 5.986686 16.82995 -19.22206 5.986686 14 -19.54092 5.986686 12.57607 -19.46095 5.986686 12.57607 5.814467 5.986686 11.17005 5.575574 5.986686 9.799619 5.18076 5.986686 8.482007 4.634987 5.986686 7.233788 3.945121 5.986686 6.07066 3.119837 5.986686 5.007246 2.169512 5.986686 4.056921 1.106099 5.986686 3.231637 -0.05703067 5.986686 2.541771 -1.305249 5.986686 1.995998 -2.62286 5.986686 1.601184 -3.993293 5.986686 1.362291 -5.399313 5.986686 1.282325 -6.823241 5.986686 1.362291 -8.24717 5.986686 1.601184 -9.653191 5.986686 1.995998 -11.02362 5.986686 2.541771 -12.34123 5.986686 3.231637 -13.58945 5.986686 4.056921 -14.75258 5.986686 5.007246 -15.81599 5.986686 6.07066 -16.76632 5.986686 7.233788 -17.5916 5.986686 8.482007 -18.28147 5.986686 9.799619 -18.82724 5.986686 11.17005 -19.22206 5.986686 18.20038 -18.82724 5.986686 19.51799 -18.28147 5.986686 20.76621 -17.5916 5.986686 21.92934 -16.76632 5.986686 22.99275 -15.81599 5.986686 23.94308 -14.75258 5.986686 24.76836 -13.58945 5.986686 25.45823 -12.34123 5.986686 26.004 -11.02362 5.986686 26.39882 -9.653191 5.986686 26.63771 -8.24717 5.986686 26.71768 -6.823241 5.986686 26.63771 -5.399313 5.986686 26.39882 -3.993293 5.986686 26.004 -2.62286 5.986686 25.45823 -1.305249 5.986686 24.76836 -0.05703067 5.986686 23.94308 1.106099 5.986686 22.99275 2.169512 5.986686 21.92934 3.119837 5.986686 20.76621 3.945121 5.986686 19.51799 4.634987 5.986686 18.20038 5.18076 5.986686 16.82995 5.575574 5.986686 15.13155 -16.86602 3.791619 16.24887 -16.67618 3.791619 17.33791 -16.36244 3.791619 18.38497 -15.92873 3.791619 19.37689 -15.38051 3.791619 20.30119 -14.72469 3.791619 21.14625 -13.96949 3.791619 21.90145 -13.12443 3.791619 22.55727 -12.20013 3.791619 23.10549 -11.20821 3.791619 23.53919 -10.16115 3.791619 23.85294 -9.072112 3.791619 24.04278 -7.954791 3.791619 24.10633 -6.823241 3.791619 24.04278 -5.691692 3.791619 23.85294 -4.574372 3.791619 23.53919 -3.485333 3.791619 23.10549 -2.438271 3.791619 22.55727 -1.446351 3.791619 21.90145 -0.5220495 3.791619 21.14625 0.3230111 3.791619 20.30119 1.078203 3.791619 19.37689 1.73403 3.791619 18.38497 2.282245 3.791619 17.33791 2.715952 3.791619 16.24887 3.029699 3.791619 15.13155 3.21954 3.791619 14 3.283086 3.791619 12.86845 3.21954 3.791619 11.75113 3.029699 3.791619 10.66209 2.715952 3.791619 9.615029 2.282245 3.791619 8.623109 1.73403 3.791619 7.698807 1.078203 3.791619 6.853747 0.3230111 3.791619 6.098555 -0.5220495 3.791619 5.442728 -1.446351 3.791619 4.894513 -2.438271 3.791619 4.460805 -3.485333 3.791619 4.147059 -4.574372 3.791619 3.957218 -5.691692 3.791619 3.893672 -6.823241 3.791619 3.957218 -7.954791 3.791619 4.147059 -9.072112 3.791619 4.460805 -10.16115 3.791619 4.894513 -11.20821 3.791619 5.442728 -12.20013 3.791619 6.098555 -13.12443 3.791619 6.853747 -13.96949 3.791619 7.698807 -14.72469 3.791619 8.623109 -15.38051 3.791619 9.615029 -15.92873 3.791619 10.66209 -16.36244 3.791619 11.75113 -16.67618 3.791619 12.86845 -16.86602 3.791619 14 -16.92957 3.791619 15.15161 -17.04409 4.277338 16.28874 -16.85088 4.277338 17.39709 -16.53157 4.277338 18.46272 -16.09017 4.277338 19.47223 -15.53224 4.277338 20.41292 -14.86478 4.277338 21.27296 -14.0962 4.277338 22.04154 -13.23616 4.277338 22.709 -12.29547 4.277338 23.26693 -11.28596 4.277338 23.70833 -10.22033 4.277338 24.02764 -9.111985 4.277338 24.22084 -7.974854 4.277338 24.28552 -6.823241 4.277338 24.22084 -5.671629 4.277338 24.02764 -4.534498 4.277338 23.70833 -3.42615 4.277338 23.26693 -2.360522 4.277338 22.709 -1.351016 4.277338 22.04154 -0.4103257 4.277338 21.27296 0.4497184 4.277338 20.41292 1.218301 4.277338 19.47223 1.885756 4.277338 18.46272 2.443691 4.277338 17.39709 2.885088 4.277338 16.28874 3.204397 4.277338 15.15161 3.397604 4.277338 14 3.462277 4.277338 12.84839 3.397604 4.277338 11.71126 3.204397 4.277338 10.60291 2.885088 4.277338 9.537281 2.443691 4.277338 8.527775 1.885756 4.277338 7.587084 1.218301 4.277338 6.727039 0.4497184 4.277338 5.958457 -0.4103257 4.277338 5.291002 -1.351016 4.277338 4.733068 -2.360522 4.277338 4.29167 -3.42615 4.277338 3.97236 -4.534498 4.277338 3.779154 -5.671629 4.277338 3.714481 -6.823241 4.277338 3.779154 -7.974854 4.277338 3.97236 -9.111985 4.277338 4.29167 -10.22033 4.277338 4.733068 -11.28596 4.277338 5.291002 -12.29547 4.277338 5.958457 -13.23616 4.277338 6.727039 -14.0962 4.277338 7.587084 -14.86478 4.277338 8.527775 -15.53224 4.277338 9.537281 -16.09017 4.277338 10.60291 -16.53157 4.277338 11.71126 -16.85088 4.277338 12.84839 -17.04409 4.277338 14 -17.10876 4.277338 15.18073 -17.30248 4.725016 16.34661 -17.10439 4.725016 17.48298 -16.77701 4.725016 18.57555 -16.32446 4.725016 19.61057 -15.75241 4.725016 20.57504 -15.06809 4.725016 21.45683 -14.28007 4.725016 22.24484 -13.39828 4.725016 22.92917 -12.43381 4.725016 23.50121 -11.39878 4.725016 23.95377 -10.30622 4.725016 24.28115 -9.169848 4.725016 24.47924 -8.00397 4.725016 24.54555 -6.823241 4.725016 24.47924 -5.642515 4.725016 24.28115 -4.476636 4.725016 23.95377 -3.340267 4.725016 23.50121 -2.247699 4.725016 22.92917 -1.21267 4.725016 22.24484 -0.2481983 4.725016 21.45683 0.6335887 4.725016 20.57504 1.421602 4.725016 19.61057 2.105931 4.725016 18.57555 2.677971 4.725016 17.48298 3.130528 4.725016 16.34661 3.45791 4.725016 15.18073 3.656001 4.725016 14 3.722309 4.725016 12.81927 3.656001 4.725016 11.65339 3.45791 4.725016 10.51702 3.130528 4.725016 9.424458 2.677971 4.725016 8.389429 2.105931 4.725016 7.424957 1.421602 4.725016 6.543169 0.6335887 4.725016 5.755156 -0.2481983 4.725016 5.070827 -1.21267 4.725016 4.498787 -2.247699 4.725016 4.046231 -3.340267 4.725016 3.718848 -4.476636 4.725016 3.520757 -5.642515 4.725016 3.454449 -6.823241 4.725016 3.520757 -8.00397 4.725016 3.718848 -9.169848 4.725016 4.046231 -10.30622 4.725016 4.498787 -11.39878 4.725016 5.070827 -12.43381 4.725016 5.755156 -13.39828 4.725016 6.543169 -14.28007 4.725016 7.424957 -15.06809 4.725016 8.389429 -15.75241 4.725016 9.424458 -16.32446 4.725016 10.51702 -16.77701 4.725016 11.65339 -17.10439 4.725016 12.81927 -17.30248 4.725016 14 -17.36879 4.725016 15.21802 -17.63352 5.121321 16.42073 -17.42917 5.121321 17.593 -17.09145 5.121321 18.72008 -16.62459 5.121321 19.78781 -16.03449 5.121321 20.78275 -15.32853 5.121321 21.69239 -14.51563 5.121321 22.5053 -13.60599 5.121321 23.21124 -12.61105 5.121321 23.80135 -11.54332 5.121321 24.2682 -10.41624 5.121321 24.60593 -9.243976 5.121321 24.81028 -8.041268 5.121321 24.87868 -6.823241 5.121321 24.81028 -5.605216 5.121321 24.60593 -4.402508 5.121321 24.2682 -3.230242 5.121321 23.80135 -2.10316 5.121321 23.21124 -1.035435 5.121321 22.5053 -0.04049593 5.121321 21.69239 0.8691464 5.121321 20.78275 1.682052 5.121321 19.78781 2.388 5.121321 18.72008 2.97811 5.121321 17.593 3.444963 5.121321 16.42073 3.782687 5.121321 15.21802 3.987035 5.121321 14 4.055438 5.121321 12.78197 3.987035 5.121321 11.57927 3.782687 5.121321 10.407 3.444963 5.121321 9.279918 2.97811 5.121321 8.212194 2.388 5.121321 7.217254 1.682052 5.121321 6.307611 0.8691464 5.121321 5.494706 -0.04049593 5.121321 4.788759 -1.035435 5.121321 4.198648 -2.10316 5.121321 3.731796 -3.230242 5.121321 3.394072 -4.402508 5.121321 3.189723 -5.605216 5.121321 3.12132 -6.823241 5.121321 3.189723 -8.041268 5.121321 3.394072 -9.243976 5.121321 3.731796 -10.41624 5.121321 4.198648 -11.54332 5.121321 4.788759 -12.61105 5.121321 5.494706 -13.60599 5.121321 6.307611 -14.51563 5.121321 7.217254 -15.32853 5.121321 8.212194 -16.03449 5.121321 9.279918 -16.62459 5.121321 10.407 -17.09145 5.121321 11.57927 -17.42917 5.121321 12.78197 -17.63352 5.121321 14 -17.70192 5.121321 15.2624 -18.02733 5.454449 16.50892 -17.81554 5.454449 17.72389 -17.46551 5.454449 18.89203 -16.98165 5.454449 19.99865 -16.37004 5.454449 21.02984 -15.63838 5.454449 21.97262 -14.79586 5.454449 22.81514 -13.85308 5.454449 23.5468 -12.82189 5.454449 24.15841 -11.71527 5.454449 24.64227 -10.54713 5.454449 24.9923 -9.332161 5.454449 25.20409 -8.085639 5.454449 25.27499 -6.823241 5.454449 25.20409 -5.560844 5.454449 24.9923 -4.314321 5.454449 24.64227 -3.09935 5.454449 24.15841 -1.931209 5.454449 23.5468 -0.8245885 5.454449 22.81514 0.2065959 5.454449 21.97262 1.149376 5.454449 21.02984 1.991896 5.454449 19.99865 2.72356 5.454449 18.89203 3.335168 5.454449 17.72389 3.819028 5.454449 16.50892 4.169055 5.454449 15.2624 4.380847 5.454449 14 4.451742 5.454449 12.7376 4.380847 5.454449 11.49108 4.169055 5.454449 10.27611 3.819028 5.454449 9.107968 3.335168 5.454449 8.001348 2.72356 5.454449 6.970162 1.991896 5.454449 6.027382 1.149376 5.454449 5.184862 0.2065959 5.454449 4.453198 -0.8245885 5.454449 3.84159 -1.931209 5.454449 3.35773 -3.09935 5.454449 3.007703 -4.314321 5.454449 2.79591 -5.560844 5.454449 2.725016 -6.823241 5.454449 2.79591 -8.085639 5.454449 3.007703 -9.332161 5.454449 3.35773 -10.54713 5.454449 3.84159 -11.71527 5.454449 4.453198 -12.82189 5.454449 5.184862 -13.85308 5.454449 6.027382 -14.79586 5.454449 6.970162 -15.63838 5.454449 8.001348 -16.37004 5.454449 9.107968 -16.98165 5.454449 10.27611 -17.46551 5.454449 11.49108 -17.81554 5.454449 12.7376 -18.02733 5.454449 14 -18.09823 5.454449 15.31252 -18.4722 5.714481 16.60854 -18.25199 5.714481 17.87175 -17.88807 5.714481 19.08627 -17.385 5.714481 20.23683 -16.7491 5.714481 21.30896 -15.98839 5.714481 22.28917 -15.11242 5.714481 23.16515 -14.1322 5.714481 23.92586 -13.06007 5.714481 24.56175 -11.90951 5.714481 25.06483 -10.69499 5.714481 25.42875 -9.43178 5.714481 25.64895 -8.135765 5.714481 25.72266 -6.823241 5.714481 25.64895 -5.51072 5.714481 25.42875 -4.214704 5.714481 25.06483 -2.951492 5.714481 24.56175 -1.736969 5.714481 23.92586 -0.5864095 5.714481 23.16515 0.4857185 5.714481 22.28917 1.465932 5.714481 21.30896 2.341904 5.714481 20.23683 3.10262 5.714481 19.08627 3.738512 5.714481 17.87175 4.241583 5.714481 16.60854 4.605509 5.714481 15.31252 4.825711 5.714481 14 4.89942 5.714481 12.68748 4.825711 5.714481 11.39146 4.605509 5.714481 10.12825 4.241583 5.714481 8.913728 3.738512 5.714481 7.763168 3.10262 5.714481 6.69104 2.341904 5.714481 5.710826 1.465932 5.714481 4.834853 0.4857185 5.714481 4.074138 -0.5864095 5.714481 3.438246 -1.736969 5.714481 2.935174 -2.951492 5.714481 2.571249 -4.214704 5.714481 2.351047 -5.51072 5.714481 2.277338 -6.823241 5.714481 2.351047 -8.135765 5.714481 2.571249 -9.43178 5.714481 2.935174 -10.69499 5.714481 3.438246 -11.90951 5.714481 4.074138 -13.06007 5.714481 4.834853 -14.1322 5.714481 5.710826 -15.11242 5.714481 6.69104 -15.98839 5.714481 7.763168 -16.7491 5.714481 8.913728 -17.385 5.714481 10.12825 -17.88807 5.714481 11.39146 -18.25199 5.714481 12.68748 -18.4722 5.714481 14 -18.5459 5.714481 15.3669 -18.95486 5.893672 16.71662 -18.72553 5.893672 18.03217 -18.34653 5.893672 19.29702 -17.82261 5.893672 20.49525 -17.16037 5.893672 21.6118 -16.36814 5.893672 22.63263 -15.45587 5.893672 23.5449 -14.43504 5.893672 24.33713 -13.31849 5.893672 24.99937 -12.12026 5.893672 25.52329 -10.85541 5.893672 25.90229 -9.539863 5.893672 26.13162 -8.190147 5.893672 26.20838 -6.823241 5.893672 26.13162 -5.456337 5.893672 25.90229 -4.106621 5.893672 25.52329 -2.791069 5.893672 24.99937 -1.526224 5.893672 24.33713 -0.3279916 5.893672 23.5449 0.7885592 5.893672 22.63263 1.809387 5.893672 21.6118 2.721655 5.893672 20.49525 3.51389 5.893672 19.29702 4.176129 5.893672 18.03217 4.700046 5.893672 16.71662 5.07905 5.893672 15.3669 5.308375 5.893672 14 5.385139 5.893672 12.6331 5.308375 5.893672 11.28338 5.07905 5.893672 9.967826 4.700046 5.893672 8.702982 4.176129 5.893672 7.50475 3.51389 5.893672 6.388199 2.721655 5.893672 5.367371 1.809387 5.893672 4.455103 0.7885592 5.893672 3.662868 -0.3279916 5.893672 3.000629 -1.526224 5.893672 2.476713 -2.791069 5.893672 2.097709 -4.106621 5.893672 1.868383 -5.456337 5.893672 1.791619 -6.823241 5.893672 1.868383 -8.190147 5.893672 2.097709 -9.539863 5.893672 2.476713 -10.85541 5.893672 3.000629 -12.12026 5.893672 3.662868 -13.31849 5.893672 4.455103 -14.43504 5.893672 5.367371 -15.45587 5.893672 6.388199 -16.36814 5.893672 7.50475 -17.16037 5.893672 8.702982 -17.82261 5.893672 9.967826 -18.34653 5.893672 11.28338 -18.72553 5.893672 12.6331 -18.95486 5.893672 14 -19.03162 5.893672 0 -6.823241 -6 0.08206856 -8.336909 -6 0.1563684 -8.909834 -6 0.3273122 -9.832829 -6 0.6219807 -10.94981 -6 0.7328556 -11.29346 -6 1.293944 -12.70169 -6 1.386436 -12.89761 -6 2.003999 -14.041 -6 2.432657 -14.70972 -6 2.854697 -15.29568 -6 3.737274 -16.34566 -6 3.836063 -16.45104 -6 4.936592 -17.49351 -6 5.271143 -17.76888 -6 6.143381 -18.41089 -6 7 -18.9476 -6 7.442282 -19.19241 -6 8.818066 -19.82892 -6 8.885226 -19.85548 -6 10.2546 -20.31294 -6 10.88471 -20.47223 -6 11.73505 -20.63881 -6 12.95378 -20.78409 -6 13.24206 -20.80271 -6 14.75794 -20.80271 -6 15.04622 -20.78409 -6 16.26495 -20.63881 -6 17.11529 -20.47223 -6 17.7454 -20.31294 -6 19.11477 -19.85548 -6 19.18193 -19.82892 -6 20.55772 -19.19241 -6 21 -18.9476 -6 21.85662 -18.41089 -6 22.72886 -17.76888 -6 23.06341 -17.49351 -6 24.16394 -16.45104 -6 24.26273 -16.34566 -6 25.1453 -15.29568 -6 25.56734 -14.70972 -6 25.996 -14.041 -6 26.61356 -12.89761 -6 26.70606 -12.70169 -6 27.26715 -11.29346 -6 27.37802 -10.94981 -6 27.67269 -9.832829 -6 27.84363 -8.909834 -6 27.91793 -8.336909 -6 28 -6.823241 -6 0 -0.9787442 5 0.03860104 -0.9787442 5.275158 0.01519221 -0.9787442 5.173648 0.1339746 -0.9787442 5.5 0.111716 -0.9787442 5.459295 0.07021164 -0.9787442 5.368095 0.06030738 -0.9787442 5.34202 0.1630045 -0.9787442 5.54721 0.2339555 -0.9787442 5.642787 0.2928932 -0.9787442 5.707107 0.3572124 -0.9787442 5.766044 0.4527902 -0.9787442 5.836995 0.5 -0.9787442 5.866025 0.5407054 -0.9787442 5.888284 0.6579799 -0.9787442 5.939692 0.7248418 -0.9787442 5.961399 0.8263518 -0.9787442 5.984808 0.9101456 -0.9787442 5.995955 0.1924882 0.995047 5.375916 0.1743578 1.128382 5.306551 0.1120027 1.094609 5.207823 0.7948455 -0.4554265 5.970149 0.4061729 0.6215142 5.685117 0.4643956 0.62888 5.724307 0.4315862 0.7676919 5.674052 0.5607427 0.2162531 5.840565 0.5290268 0.3531204 5.807035 0.4637259 0.3479595 5.769282 0.02163046 0.5111007 5.097675 0.009477436 0.4982597 5.029356 0.01208126 0.007771551 5.115034 0.1398897 -0.472572 5.50182 0.191683 -0.4696758 5.580419 0.2509227 -0.4669637 5.654114 0.02769577 0.01528847 5.19342 0.05000883 0.02278745 5.27162 0.09607833 -0.4756105 5.419452 0.08896088 0.5490527 5.299594 0.1215752 0.5611632 5.364027 0.1035851 0.8195124 5.271993 0.07910341 0.03018832 5.348795 0.06136655 0.5366018 5.233351 0.0389114 0.5239158 5.165857 0 0.6384611 4.859802 0 -0.007021844 4.960769 0.002955615 3.12006e-4 5.037246 0.5957986 0.3575252 5.839258 0.6307197 0.2197951 5.871318 0.1020162 0.2932327 5.36898 0.1149222 0.03740841 5.424087 0.139508 0.3026387 5.437778 0.1572614 0.04436534 5.496633 0.1825004 0.3116421 5.503633 0.2057707 0.05098015 5.565612 0.2306152 0.3201566 5.565912 0.2599627 0.05717992 5.630263 0.2833784 0.3281048 5.624049 0.3192285 0.06290072 5.689919 0.3402355 0.3354207 5.677563 0.3828606 0.0680896 5.744029 0.4005703 0.3420518 5.726068 0.4500797 0.07270628 5.792171 0.520065 0.07672381 5.834067 0.5919838 0.08012884 5.869575 0.5243346 0.6353744 5.758859 0.487905 0.7754222 5.709403 0.3652846 1.046701 5.551374 0.451096 0.9161138 5.652632 0.2106816 0.8615254 5.43753 0.2993229 0.8860022 5.533977 0.3248042 0.7495108 5.590909 0.3770624 0.759046 5.634513 0.3502028 0.6132968 5.641397 0.1354485 0.8341088 5.329504 0.1237 0.9645197 5.272223 0.1712326 0.8481442 5.384806 0.2738121 1.022625 5.46959 0.2483233 1.15924 5.396757 0.1961757 1.13831 5.335573 0.3985257 0.9070139 5.616773 0.1590065 0.5728311 5.426104 0.2009714 0.5839602 5.485315 0.2289025 0.7279502 5.492312 0.2471137 0.5944631 5.541195 0.2970142 0.6042631 5.593335 0.3006974 1.177136 5.449075 0.331932 1.186612 5.476773 0.3754714 0.4774646 5.686291 0.4350759 0.4844735 5.729871 0.4968925 0.4906789 5.768457 0.5603172 0.4960662 5.801957 0.8545409 -0.7189998 5.987513 0.6650202 0.08292108 5.898691 0.731521 -0.1881019 5.941363 0.7110692 -0.4561911 5.94879 0.7663003 -0.7192565 5.970463 0.6776067 -0.7196528 5.944766 0.5896862 -0.7201941 5.91011 0.5038605 -0.7208819 5.866415 0.4214933 -0.7217138 5.813856 0.3439269 -0.7226827 5.752881 0.3168637 -0.4644734 5.721883 0.3885825 -0.4622365 5.782865 0.4650192 -0.4602776 5.836387 0.5450283 -0.4586129 5.881998 0.6274315 -0.4572508 5.919469 0 0.9457705 4.772727 0.006774067 0.9833806 4.882672 0.01265746 0.997105 4.922792 0.02759146 1.021277 4.993454 0.03325808 0.7733902 5.090272 0.05030941 1.04714 5.069058 0.07584536 0.804456 5.21267 0.06276881 1.058636 5.102665 0.6528128 -0.1896962 5.915928 0.574773 -0.1917464 5.883286 0.4983592 -0.1942577 5.843355 0.4245668 -0.197225 5.796221 0.3543917 -0.2006319 5.742147 0.2887907 -0.2044504 5.681576 0.007874965 2.475754 4.336286 0.358292 1.96033 5.223537 0.3858752 2.721168 4.953254 0.2896026 2.689548 4.873939 0.3113243 3.439231 4.592454 0.3331876 4.181862 4.304896 0.2824444 4.163041 4.259953 0.5612386 5.698883 3.837128 0.6190235 7.159876 3.274925 0.4977266 5.685906 3.805825 0.5440634 7.147288 3.242725 0.4358191 5.670955 3.76975 0.4825618 7.134803 3.210788 0.3761222 5.654067 3.728986 0.4107003 7.117397 3.166263 0.3192388 5.63531 3.683704 0.3544508 7.101305 3.1251 0.2657507 5.614792 3.634162 0.2917903 7.080292 3.071345 0.2162005 5.592654 3.580699 0.2403898 7.060039 3.019539 0.1710748 5.569069 3.523733 0.1902496 7.036881 2.960301 0.145421 7.012322 2.897478 0.1309676 2.612237 4.679728 0.1655745 2.633073 4.732102 0.1910035 4.121056 4.159701 0.2451938 2.671842 4.829491 0.2037443 2.652982 4.782124 0.1886781 1.896276 5.052827 0.2349079 4.14273 4.211454 0.4141141 3.471767 4.671317 0.3866775 4.199093 4.34604 0.4424316 4.21466 4.383211 0.4999583 4.228516 4.416297 0.2684604 1.930412 5.143829 0.0370208 3.998126 3.866165 0.03217804 2.522416 4.453774 0.05835622 4.024021 3.927998 0.07334792 2.568323 4.569293 0.151109 4.09817 4.105055 0.1155453 4.074244 4.047921 0.08456683 4.049461 3.988745 0 2.429527 4.219835 0 3.354144 3.842864 0.009029209 3.945785 3.741185 0 6.279557 2.629335 0.01226282 6.880086 2.559211 0 6.823241 2.413801 0.04634439 6.932797 2.694049 0.1085686 6.988233 2.835854 0.0732336 6.960009 2.763657 0.04875069 6.935536 2.701055 0.6895135 8.537771 2.784474 0.06947183 9.458099 1.501751 0.0202223 8.245633 1.896704 0.03367018 8.296354 2.042474 0.7964979 9.923969 2.344697 0.2785833 12.09399 0.7973326 0.1867197 11.14031 1.027368 0.1917387 11.16032 1.105598 0.08196485 9.685019 1.432712 0.09733837 9.730809 1.584771 0.6166083 8.530098 2.756657 0.7201271 9.920317 2.318535 0.5447857 8.52029 2.72283 0.644537 9.914614 2.285834 0.4748525 8.508322 2.683002 0.5706153 9.906797 2.246559 0.4076319 8.494221 2.637307 0.4992779 9.896848 2.200819 0.3439368 8.478055 2.586011 0.4314382 9.884795 2.148876 0.2845389 8.459943 2.529512 0.3679712 9.870714 2.091147 0.2301407 8.440045 2.468329 0.3096784 9.854734 2.028192 0.181348 8.418565 2.403088 0.2572554 9.837024 1.960702 0.1386479 8.395739 2.334503 0.2112643 9.817798 1.889469 0.1023928 8.371827 2.263345 0.1721142 9.797295 1.815358 0.07279151 8.347104 2.19042 0.1400499 9.77578 1.739271 0.04990851 8.321856 2.116535 0.1151509 9.753526 1.662117 0.9413251 11.31885 1.960876 0.8619641 11.31936 1.936496 0.7830737 11.31798 1.905074 0.7056168 11.31462 1.866522 0.6305989 11.30921 1.820919 0.5590313 11.30172 1.768517 0.4918904 11.29218 1.709749 0.4300765 11.28067 1.645215 0.3743748 11.26733 1.575664 0.3254225 11.25231 1.50197 0.2836848 11.23584 1.42509 0.2494419 11.21815 1.346026 0.2227866 11.19949 1.265786 0.203634 11.18013 1.185342 1.124115 12.71248 1.638901 1.042201 12.71718 1.61642 0.9604508 12.72025 1.586421 0.879896 12.72154 1.548762 0.801627 12.72092 1.503484 0.7267504 12.71833 1.450825 0.6563418 12.71372 1.391226 0.5913986 12.70713 1.325325 0.5327944 12.69862 1.25393 0.4812399 12.68832 1.177992 0.437255 12.67639 1.098562 0.4011532 12.66303 1.016741 0.3730388 12.64846 0.9336372 0.352818 12.63292 0.8503162 0.3402193 12.61667 0.7677673 0.5267859 14.06249 0.4130047 1.908752 16.88677 1.059666 1.821252 16.90387 1.043617 1.733052 16.92049 1.018801 1.645373 16.93636 0.9848777 1.559542 16.95119 0.9417433 1.476937 16.96471 0.8895605 1.398921 16.97667 0.8287738 1.326774 16.98685 0.7601048 1.261624 16.99508 0.6845269 1.204393 17.00126 0.6032196 1.155747 17.00533 0.517508 1.116083 17.00733 0.4287937 1.085515 17.00731 0.3384842 1.063901 17.00542 0.247927 1.050869 17.00181 0.1583558 1.068601 17.10543 0.06357568 1.345562 14.10456 1.380463 1.606714 15.4958 1.186881 1.261481 14.11347 1.359997 1.52079 15.50887 1.168557 1.177261 14.12107 1.331568 1.434438 15.52101 1.141852 1.094002 14.12716 1.294972 1.34882 15.53198 1.106498 1.012875 14.13156 1.250207 1.265186 15.54156 1.062445 0.9350792 14.13414 1.197494 1.184825 15.54953 1.009888 0.8617867 14.13481 1.137278 1.109005 15.55572 0.9492741 0.7940906 14.1335 1.070228 1.038914 15.56002 0.8813002 0.7329511 14.13023 0.9972111 0.9755961 15.56234 0.8068877 0.6791509 14.12505 0.9192553 0.9199042 15.56267 0.7271408 0.6332624 14.11807 0.8375025 0.8724603 15.56103 0.6432934 0.5956296 14.10945 0.7531544 0.8336355 15.55753 0.5566469 0.5663653 14.09936 0.667418 0.8035472 15.5523 0.4685083 0.5453636 14.08802 0.5814538 0.7820734 15.54551 0.3801317 0.5323242 14.07566 0.4963331 0.768881 15.53736 0.2926699 0.6118614 14.62196 0.3262536 0.763464 15.52805 0.2071381 2.879806 21.62409 0.9876883 2.729366 21.64956 0.9510565 2.586428 21.67377 0.8910065 2.454511 21.69611 0.809017 2.336865 21.71603 0.7071068 2.236385 21.73305 0.5877853 2.155547 21.74674 0.4539905 2.09634 21.75677 0.309017 2.060222 21.76288 0.1564344 2.048083 21.76494 0 3.275926 24.43911 0.9876883 3.124296 24.45614 0.9510565 2.980228 24.47232 0.8910065 2.84727 24.48725 0.809017 2.728694 24.50057 0.7071068 2.62742 24.51194 0.5877853 2.545943 24.5211 0.4539905 2.486268 24.5278 0.309017 2.449865 24.53189 0.1564344 2.43763 24.53326 0 3.514093 27.27188 0.9876883 3.361749 27.28041 0.9510565 3.217003 27.28851 0.8910065 3.083417 27.29599 0.809017 2.964282 27.30266 0.7071068 2.862531 27.30835 0.5877853 2.78067 27.31294 0.4539905 2.720713 27.31629 0.309017 2.684139 27.31834 0.1564344 2.671846 27.31903 0 3.593565 30.11353 0.9876883 3.440983 30.11353 0.9510565 3.29601 30.11353 0.8910065 3.162214 30.11353 0.809017 3.042893 30.11353 0.7071068 2.940983 30.11353 0.5877853 2.858993 30.11353 0.4539905 2.798943 30.11353 0.309017 2.762312 30.11353 0.1564344 2.75 30.11353 0 3.15 34.52676 0.8 3.440983 34.3757 0.9510565 3.367317 34.40288 0.9238796 3.29601 34.43575 0.8910065 3.227501 34.47412 0.8526402 3.671541 34.32984 0.9969174 3.593565 34.33907 0.9876883 3.516554 34.35439 0.9723699 3.042893 34.52676 0.7071068 2.940983 34.52676 0.5877853 2.858993 34.52676 0.4539905 2.798943 34.52676 0.309017 2.762312 34.52676 0.1564344 2.75 34.52676 0 2.75 51.82675 0 2.762312 51.82675 0.1564344 2.798943 51.82675 0.309017 2.858993 51.82675 0.4539905 3.671541 52.02367 0.9969174 3.593565 52.01445 0.9876883 3.516554 51.99913 0.9723699 3.440983 51.97781 0.9510565 3.367317 51.95064 0.9238796 3.29601 51.91777 0.8910065 3.227501 51.8794 0.8526402 3.15 51.82675 0.8 3.042893 51.82675 0.7071068 2.940983 51.82675 0.5877853 2.767326 53.64241 -1.886417 2.760548 53.63594 -2 2.889735 53.75933 -1.520349 2.837601 53.70953 -1.624214 2.824085 53.69662 -1.657503 2.795437 53.66926 -1.744234 2.960337 53.82675 -1.415256 2.902163 53.7712 -1.499544 2.787274 53.66146 -1.775657 2.776519 53.65119 -1.826074 11.01352 63.02483 -2 10.22108 62.8517 -2 10.22492 62.837 -1.826352 7.75 61.83701 -2 6.784695 61.20267 -2 6.793757 61.19047 -1.826352 6.322124 60.8372 -2 5.810176 60.37667 -2 5.82072 60.36574 -1.826352 4.089746 58.17676 -2 3.620285 57.25699 -2 3.634156 57.25079 -1.826352 3.353074 56.59696 -2 3.174607 56.05978 -2 3.189154 56.0554 -1.826352 2.901922 54.91324 -2 2.885192 54.81553 -2 2.900179 54.81304 -1.826352 3.660521 53.82675 -1.00637 3.700372 54.68011 -1.015192 3.599414 53.82675 -1.015191 3.504688 53.82675 -1.036618 3.534276 54.7077 -1.060307 3.484975 53.82675 -1.042309 3.378433 54.73359 -1.133975 3.338236 53.82675 -1.099175 3.430627 53.82675 -1.060305 3.129151 53.82675 -1.23395 3.182992 53.82675 -1.191913 3.237576 54.75699 -1.233956 3.200299 53.82675 -1.179605 3.27227 53.82675 -1.13397 3.063631 53.82675 -1.293942 3.115985 54.77719 -1.357212 3.005616 53.82675 -1.357206 2.960337 53.82675 -1.415256 3.017356 54.79357 -1.5 2.902163 53.7712 -1.499544 2.889735 53.75933 -1.520349 2.944684 54.80565 -1.65798 2.837601 53.70953 -1.624214 2.776519 53.65119 -1.826074 2.787274 53.66146 -1.775657 2.795437 53.66926 -1.744234 2.824085 53.69662 -1.657503 2.767326 53.64241 -1.886417 2.760548 53.63594 -2 5.593556 58.91619 -1.015192 6.38365 59.78171 -1.015192 5.462208 59.02153 -1.060307 6.266803 59.90293 -1.060307 5.338966 59.12038 -1.133975 6.157168 60.01668 -1.133975 5.227576 59.2097 -1.233956 6.058076 60.11949 -1.233956 5.131422 59.28683 -1.357212 5.972537 60.20823 -1.357212 5.053427 59.34937 -1.5 5.903152 60.28022 -1.5 4.995958 59.39546 -1.65798 5.852029 60.33325 -1.65798 4.960763 59.42369 -1.826352 9.317487 61.68403 -1.015192 10.43006 62.05221 -1.015192 9.254487 61.84017 -1.060307 10.38748 62.21511 -1.060307 9.195376 61.98667 -1.133975 10.34752 62.36796 -1.133975 9.141948 62.11908 -1.233956 10.31141 62.5061 -1.233956 9.095829 62.23339 -1.357212 10.28024 62.62535 -1.357212 9.058419 62.32611 -1.5 10.25496 62.72208 -1.5 9.030855 62.39442 -1.65798 10.23633 62.79335 -1.65798 9.013975 62.43627 -1.826352 3.232354 56.0424 -1.65798 3.302893 56.02116 -1.5 3.398628 55.99234 -1.357212 3.516652 55.9568 -1.233956 3.653377 55.91563 -1.133975 3.804649 55.87009 -1.060307 3.965871 55.82154 -1.015192 4.374721 56.91982 -1.015192 4.221003 56.98852 -1.060307 4.076771 57.05298 -1.133975 3.94641 57.11124 -1.233956 3.83388 57.16153 -1.357212 3.7426 57.20233 -1.5 3.675345 57.23238 -1.65798 4.214955 58.38761 -2 4.227922 58.37969 -1.826352 4.266428 58.35619 -1.65798 4.329303 58.3178 -1.5 4.414638 58.2657 -1.357212 4.519837 58.20148 -1.233956 4.641708 58.12707 -1.133975 4.776545 58.04475 -1.060307 4.92025 57.95701 -1.015192 4.948912 59.43319 -2 5.089555 59.60463 -2 6.82067 61.15426 -1.65798 6.864614 61.09514 -1.5 6.924257 61.01489 -1.357212 6.997783 60.91596 -1.233956 7.08296 60.80137 -1.133975 7.1772 60.67457 -1.060307 7.277639 60.53944 -1.015192 7.856564 61.89767 -2 7.863997 61.88442 -1.826352 7.886075 61.84507 -1.65798 7.922123 61.78083 -1.5 7.971048 61.69363 -1.357212 8.031363 61.58615 -1.233956 8.101236 61.46162 -1.133975 8.178542 61.32385 -1.060307 8.260934 61.17702 -1.015192 9.00829 62.45035 -2 9.329799 62.57368 -2 11.47514 63.09516 -2 11.47707 63.08009 -1.826352 11.48282 63.03535 -1.65798 11.49222 62.96228 -1.5 11.50496 62.86311 -1.357212 11.52068 62.74086 -1.233956 11.53888 62.59924 -1.133975 11.55902 62.44255 -1.060307 11.58049 62.27555 -1.015192 12.75 62.35041 -1.015192 12.75 62.51877 -1.060307 12.75 62.67676 -1.133975 12.75 62.81954 -1.233956 12.75 62.9428 -1.357212 12.75 63.04278 -1.5 12.75 63.11645 -1.65798 12.75 63.16157 -1.826352 12.75 63.17676 -2 15.25 62.35041 -1.015192 15.25 62.51877 -1.060307 15.25 62.67676 -1.133975 15.25 62.81954 -1.233956 15.25 62.9428 -1.357212 15.25 63.04278 -1.5 15.25 63.11645 -1.65798 15.25 63.16157 -1.826352 15.25 63.17676 -2 25.09808 54.91324 -2 24.82539 56.05978 -2 24.81085 56.0554 -1.826352 24.64693 56.59696 -2 24.37971 57.25699 -2 24.36585 57.25079 -1.826352 22.91044 59.60463 -2 22.18982 60.37667 -2 22.17928 60.36574 -1.826352 21.67788 60.8372 -2 21.2153 61.20267 -2 21.20624 61.19047 -1.826352 18.6702 62.57368 -2 17.77892 62.8517 -2 17.77508 62.837 -1.826352 25.23945 53.63594 -2 25.11481 54.81553 -2 25.23267 53.64241 -1.886417 25.09982 54.81304 -1.826352 25.22348 53.65119 -1.826074 25.05532 54.80565 -1.65798 25.20456 53.66926 -1.744234 25.21273 53.66146 -1.775657 24.98265 54.79357 -1.5 25.09784 53.7712 -1.499544 25.11027 53.75933 -1.520349 25.1624 53.70953 -1.624214 25.17592 53.69662 -1.657503 24.85385 53.82675 -1.220034 24.87085 53.82675 -1.233953 24.76243 54.75699 -1.233956 24.96908 53.82675 -1.328269 24.88401 54.77719 -1.357212 24.99439 53.82675 -1.35721 25.03966 53.82675 -1.415256 24.83675 53.82675 -1.206648 24.62157 54.73359 -1.133975 24.72773 53.82675 -1.133972 24.70487 53.82675 -1.121197 24.46572 54.7077 -1.060307 24.55891 53.82675 -1.056571 24.53894 53.82675 -1.049803 24.29963 54.68011 -1.015192 24.40059 53.82675 -1.015192 24.3859 53.82675 -1.01272 16.41952 62.27555 -1.015192 17.56995 62.05221 -1.015192 16.44098 62.44255 -1.060307 17.61252 62.21511 -1.060307 16.46112 62.59924 -1.133975 17.65248 62.36796 -1.133975 16.47933 62.74086 -1.233956 17.68858 62.5061 -1.233956 16.49504 62.86311 -1.357212 17.71976 62.62535 -1.357212 16.50778 62.96228 -1.5 17.74504 62.72208 -1.5 16.51718 63.03535 -1.65798 17.76367 62.79335 -1.65798 16.52293 63.08009 -1.826352 19.73907 61.17702 -1.015192 20.72236 60.53944 -1.015192 19.82146 61.32385 -1.060307 20.8228 60.67457 -1.060307 19.89877 61.46162 -1.133975 20.91704 60.80137 -1.133975 19.96863 61.58615 -1.233956 21.00222 60.91596 -1.233956 20.02895 61.69363 -1.357212 21.07575 61.01489 -1.357212 20.07788 61.78083 -1.5 21.13538 61.09514 -1.5 20.11393 61.84507 -1.65798 21.17933 61.15426 -1.65798 20.136 61.88442 -1.826352 23.07975 57.95701 -1.015192 23.62528 56.91982 -1.015192 23.22346 58.04475 -1.060307 23.779 56.98852 -1.060307 23.35829 58.12707 -1.133975 23.92323 57.05298 -1.133975 23.48016 58.20148 -1.233956 24.05359 57.11124 -1.233956 23.58536 58.2657 -1.357212 24.16612 57.16153 -1.357212 23.6707 58.3178 -1.5 24.2574 57.20233 -1.5 23.73357 58.35619 -1.65798 24.32466 57.23238 -1.65798 23.77208 58.37969 -1.826352 16.52486 63.09516 -2 16.98648 63.02483 -2 18.99171 62.45035 -2 18.98603 62.43627 -1.826352 18.96915 62.39442 -1.65798 18.94158 62.32611 -1.5 18.90417 62.23339 -1.357212 18.85805 62.11908 -1.233956 18.80463 61.98667 -1.133975 18.74551 61.84017 -1.060307 18.68251 61.68403 -1.015192 20.14344 61.89767 -2 20.25 61.83701 -2 21.61635 59.78171 -1.015192 21.7332 59.90293 -1.060307 21.84283 60.01668 -1.133975 21.94192 60.11949 -1.233956 22.02746 60.20823 -1.357212 22.09685 60.28022 -1.5 22.14797 60.33325 -1.65798 23.05109 59.43319 -2 23.03924 59.42369 -1.826352 23.00404 59.39546 -1.65798 22.94657 59.34937 -1.5 22.86858 59.28683 -1.357212 22.77243 59.2097 -1.233956 22.66103 59.12038 -1.133975 22.53779 59.02153 -1.060307 22.40645 58.91619 -1.015192 23.78505 58.38761 -2 23.91025 58.17676 -2 24.76765 56.0424 -1.65798 24.69711 56.02116 -1.5 24.60137 55.99234 -1.357212 24.48335 55.9568 -1.233956 24.34663 55.91563 -1.133975 24.19535 55.87009 -1.060307 24.03413 55.82154 -1.015192 25.23945 53.63594 -2 25.23267 53.64241 -1.886417 25.21273 53.66146 -1.775657 25.20456 53.66926 -1.744234 25.17592 53.69662 -1.657503 25.1624 53.70953 -1.624214 25.11027 53.75933 -1.520349 25.09784 53.7712 -1.499544 25.03966 53.82675 -1.415256 25.22348 53.65119 -1.826074 24.33716 34.33056 0.9961947 24.42365 30.11353 0.9848077 24.42365 34.34194 0.9848077 24.50882 34.36083 0.9659258 24.59202 30.11353 0.9396926 24.59202 34.38706 0.9396926 24.67262 34.42045 0.9063078 24.75 30.11353 0.8660254 24.75 34.46073 0.8660254 24.85 34.52676 0.8 24.89279 30.11353 0.7660444 24.89279 34.52676 0.7660444 25.01605 30.11353 0.6427876 25.01605 34.52676 0.6427876 25.11602 30.11353 0.5 25.11602 34.52676 0.5 25.18969 30.11353 0.3420202 25.18969 34.52676 0.3420202 25.23481 30.11353 0.1736481 25.23481 34.52676 0.1736481 25.25 30.11353 0 25.25 34.52676 0 24.95711 51.82675 0.7071068 24.83778 51.83577 0.809017 24.85 51.82675 0.8 24.32846 52.02367 0.9969174 24.40644 52.01445 0.9876883 24.48345 51.99913 0.9723699 24.55902 51.97781 0.9510565 24.63268 51.95064 0.9238796 24.70399 51.91777 0.8910065 24.7725 51.8794 0.8526402 24.95711 51.82675 0.7071068 25.05902 51.82675 0.5877853 25.14101 51.82675 0.4539905 25.20106 51.82675 0.309017 25.23769 51.82675 0.1564344 25.25 51.82675 0 25.31298 27.31818 0.1736481 25.93694 21.7624 0.1736481 25.26794 27.31566 0.3420202 25.89245 21.75487 0.3420202 25.19439 27.31154 0.5 25.13717 21.62696 0.9848077 25.30317 21.65507 0.9396926 25.45894 21.68145 0.8660254 25.59972 21.70529 0.7660444 24.50309 27.27284 0.9848077 24.6712 27.28225 0.9396926 24.82894 27.29108 0.8660254 24.9715 27.29906 0.7660444 25.09456 27.30595 0.6427876 24.74118 24.44104 0.9848077 24.9085 24.45983 0.9396926 25.06549 24.47746 0.8660254 25.20739 24.49339 0.7660444 25.32988 24.50715 0.6427876 25.72125 21.72587 0.6427876 25.42923 24.51831 0.5 25.81982 21.74257 0.5 25.50244 24.52653 0.3420202 25.54727 24.53156 0.1736481 25.32815 27.31903 0 25.56237 24.53326 0 25.95192 21.76494 0 28 6.823241 -6 27.65506 12.68626 -6 27.77915 11.51755 -6 27.94476 9.172992 -6 27.11854 16.17039 -6 26.625 18.46839 -6 27.50354 13.85173 -6 4.004078 -7.108802 -4 4 -6.823241 -4 4.489435 -3.733072 -4 4.603074 -3.40304 -4 4.036683 -5.967492 -4 4.151923 -5.08676 -4 4.199174 -4.837337 -4 4.90368 -2.669091 -4 5.339746 -1.823242 -4 5.43651 -1.659267 -4 6.080977 -0.716763 -4 6.339555 -0.3953657 -4 6.828682 0.1461339 -4 7.572124 0.8372027 -4 7.669875 0.9181743 -4 8.593592 1.589294 -4 9 1.837012 -4 9.587789 2.150743 -4 10.5798 2.573684 -4 10.63951 2.595202 -4 11.73503 2.916877 -4 12.26352 3.024836 -4 12.86009 3.111576 -4 14 3.176758 -4 15.13991 3.111576 -4 15.73648 3.024836 -4 16.26497 2.916877 -4 17.36049 2.595202 -4 17.4202 2.573684 -4 18.41221 2.150743 -4 19 1.837012 -4 19.40641 1.589294 -4 20.33013 0.9181743 -4 20.42788 0.8372027 -4 21.17132 0.1461339 -4 21.66045 -0.3953657 -4 21.91902 -0.716763 -4 22.56349 -1.659267 -4 22.66025 -1.823242 -4 23.09632 -2.669091 -4 23.39693 -3.40304 -4 23.51057 -3.733072 -4 23.80083 -4.837337 -4 23.84808 -5.08676 -4 23.96332 -5.967492 -4 24 -6.823241 -4 23.99592 -7.108802 -4 23.89822 -8.246391 -4 23.84808 -8.559723 -4 23.67147 -9.365426 -4 23.39693 -10.24344 -4 23.31864 -10.45132 -4 22.84433 -11.48991 -4 22.66025 -11.82324 -4 22.25472 -12.46767 -4 21.66045 -13.25112 -4 21.55749 -13.37185 -4 20.76175 -14.19065 -4 20.42788 -14.48369 -4 19.87785 -14.91341 -4 19 -15.4835 -4 18.91733 -15.5307 -4 17.8927 -16.03448 -4 17.4202 -16.22017 -4 16.81733 -16.41817 -4 15.73648 -16.67132 -4 15.70522 -16.67678 -4 14.57089 -16.80693 -4 14 -16.82324 -4 13.42911 -16.80693 -4 12.29478 -16.67678 -4 12.26352 -16.67132 -4 11.18267 -16.41817 -4 10.5798 -16.22017 -4 10.1073 -16.03448 -4 9.082671 -15.5307 -4 9 -15.4835 -4 8.122147 -14.91341 -4 7.572124 -14.48369 -4 7.238251 -14.19065 -4 6.442504 -13.37185 -4 6.339555 -13.25112 -4 5.745281 -12.46767 -4 5.339746 -11.82324 -4 5.155671 -11.48991 -4 4.681359 -10.45132 -4 4.603074 -10.24344 -4 4.328532 -9.365426 -4 4.101785 -8.246391 -4 4.151923 -8.559723 -4 27.65785 -9.829563 -6.173648 25.98298 -14.03316 -6.173648 25.13321 -15.28649 -6.173648 21.84809 -18.39831 -6.173648 17.74133 -20.2983 -6.173648 16.26249 -20.62382 -6.173648 11.73751 -20.62382 -6.173648 10.25867 -20.2983 -6.173648 8.82369 -19.8148 -6.173648 6.151906 -18.39831 -6.173648 2.866791 -15.28649 -6.173648 2.017017 -14.03316 -6.173648 0.3421493 -9.829563 -6.173648 0.09717178 -8.335266 -6.173648 25.49763 -12.88992 -7 25.79848 -12.2818 -7 25.95608 -12.35471 -6.984807 24.73114 -14.161 -7 25.13914 -13.52544 -7 25.28794 -13.61497 -6.984807 3.268865 -14.161 -7 3.65079 -14.69051 -7 3.51255 -14.79559 -6.984807 2.502372 -12.88992 -7 2.860857 -13.52544 -7 2.712065 -13.61497 -6.984807 2.201519 -12.2818 -7 2.043921 -12.35471 -6.984807 1.89111 -12.42541 -6.939692 2.567794 -13.70177 -6.939692 1.747732 -12.49174 -6.866025 2.432428 -13.78322 -6.866025 1.618141 -12.5517 -6.766045 2.31008 -13.85683 -6.766045 1.506276 -12.60345 -6.642787 2.204466 -13.92038 -6.642787 1.415536 -12.64543 -6.5 2.118797 -13.97192 -6.5 1.348678 -12.67637 -6.34202 2.055674 -14.0099 -6.34202 1.307732 -12.69531 -6.173648 5.583978 -16.73135 -7 6.704568 -17.5832 -7 5.47156 -16.8637 -6.984807 6.607119 -17.72693 -6.984807 5.362559 -16.99202 -6.939692 6.51263 -17.86629 -6.939692 5.260285 -17.11243 -6.866025 6.423974 -17.99704 -6.866025 5.167847 -17.22126 -6.766045 6.343844 -18.11523 -6.766045 5.088052 -17.3152 -6.642787 6.274674 -18.21725 -6.642787 5.023325 -17.3914 -6.5 6.218565 -18.3 -6.5 4.975634 -17.44755 -6.34202 6.177225 -18.36097 -6.34202 4.946427 -17.48193 -6.173648 14.7038 -19.80418 -7 16.10317 -19.65199 -7 14.71321 -19.97757 -6.984807 16.13126 -19.82335 -6.984807 14.72232 -20.1457 -6.939692 16.1585 -19.9895 -6.939692 14.73087 -20.30344 -6.866025 16.18406 -20.1454 -6.866025 14.7386 -20.44602 -6.766045 16.20716 -20.28631 -6.766045 14.74528 -20.5691 -6.642787 16.2271 -20.40794 -6.642787 14.75069 -20.66893 -6.5 16.24327 -20.5066 -6.5 14.75468 -20.74249 -6.34202 16.25519 -20.5793 -6.34202 14.75712 -20.78754 -6.173648 20.08931 -18.3089 -7 21.29543 -17.5832 -7 20.17065 -18.46232 -6.984807 21.39288 -17.72693 -6.984807 20.24952 -18.61108 -6.939692 21.48737 -17.86629 -6.939692 20.32351 -18.75065 -6.866025 21.57603 -17.99704 -6.866025 20.3904 -18.87681 -6.766045 21.65616 -18.11523 -6.766045 20.44813 -18.98571 -6.642787 21.72533 -18.21725 -6.642787 20.49497 -19.07404 -6.5 21.78143 -18.3 -6.5 20.52947 -19.13913 -6.34202 21.82278 -18.36097 -6.34202 20.5506 -19.17899 -6.173648 23.43794 -15.76333 -7 24.34921 -14.69051 -7 23.56401 -15.88275 -6.984807 24.48745 -14.79559 -6.984807 23.68625 -15.99854 -6.939692 24.62149 -14.89749 -6.939692 23.80094 -16.10719 -6.866025 24.74726 -14.99309 -6.866025 23.9046 -16.20538 -6.766045 24.86093 -15.0795 -6.766045 23.99409 -16.29014 -6.642787 24.95905 -15.1541 -6.642787 24.06667 -16.3589 -6.5 25.03865 -15.2146 -6.5 24.12015 -16.40956 -6.34202 25.09729 -15.25918 -6.34202 24.15291 -16.44059 -6.173648 26.31949 -10.97416 -7 26.69607 -9.617858 -7 26.48405 -11.02961 -6.984807 26.86566 -9.655187 -6.984807 26.64361 -11.08337 -6.939692 27.03009 -9.691382 -6.939692 26.79332 -11.13381 -6.866025 27.18438 -9.725343 -6.866025 26.92863 -11.1794 -6.766045 27.32383 -9.756038 -6.766045 27.04544 -11.21876 -6.642787 27.4442 -9.782534 -6.642787 27.14018 -11.25068 -6.5 27.54185 -9.804027 -6.5 27.20999 -11.27421 -6.34202 27.61379 -9.819864 -6.34202 27.25275 -11.28861 -6.173648 1 -6.823241 -7 1.076207 -8.22879 -7 0.8263518 -6.823241 -6.984807 0.9035763 -8.247564 -6.984807 0.6579799 -6.823241 -6.939692 0.7361913 -8.265769 -6.939692 0.5 -6.823241 -6.866025 0.5791376 -8.282849 -6.866025 0.3572124 -6.823241 -6.766045 0.437187 -8.298287 -6.766045 0.2339555 -6.823241 -6.642787 0.3146527 -8.311613 -6.642787 0.1339746 -6.823241 -6.5 0.2152578 -8.322422 -6.5 0.06030738 -6.823241 -6.34202 0.1420224 -8.330389 -6.34202 0.01519221 -6.823241 -6.173648 1.303933 -9.617858 -7 1.134344 -9.655187 -6.984807 0.9699089 -9.691382 -6.939692 0.8156225 -9.725343 -6.866025 0.6761732 -9.756038 -6.766045 0.555798 -9.782534 -6.642787 0.4581546 -9.804027 -6.5 0.3862096 -9.819864 -6.34202 0.7472526 -11.28861 -6.173648 0.7900061 -11.27421 -6.34202 0.8598171 -11.25068 -6.5 0.9545643 -11.21876 -6.642787 1.071369 -11.1794 -6.766045 1.206682 -11.13381 -6.866025 1.356392 -11.08337 -6.939692 1.51595 -11.02961 -6.984807 1.680509 -10.97416 -7 2.902707 -15.25918 -6.34202 2.961353 -15.2146 -6.5 3.040947 -15.1541 -6.642787 3.139071 -15.0795 -6.766045 3.252743 -14.99309 -6.866025 3.37851 -14.89749 -6.939692 3.847093 -16.44059 -6.173648 3.879846 -16.40956 -6.34202 3.933328 -16.3589 -6.5 4.005914 -16.29014 -6.642787 4.095398 -16.20538 -6.766045 4.199061 -16.10719 -6.866025 4.313754 -15.99854 -6.939692 4.435991 -15.88275 -6.984807 4.562058 -15.76333 -7 7.449398 -19.17899 -6.173648 7.47053 -19.13913 -6.34202 7.505037 -19.07404 -6.5 7.551868 -18.98571 -6.642787 7.609603 -18.87681 -6.766045 7.676486 -18.75065 -6.866025 7.750485 -18.61108 -6.939692 7.829352 -18.46232 -6.984807 7.91069 -18.3089 -7 9.188204 -18.89994 -7 9.12393 -19.06126 -6.984807 9.06161 -19.21767 -6.939692 9.003135 -19.36443 -6.866025 8.950284 -19.49707 -6.766045 8.904663 -19.61158 -6.642787 8.867655 -19.70446 -6.5 8.840388 -19.77289 -6.34202 10.27074 -20.25483 -6.34202 10.29044 -20.18385 -6.5 10.31719 -20.08752 -6.642787 10.35017 -19.96875 -6.766045 10.38837 -19.83117 -6.866025 10.43063 -19.67895 -6.939692 10.47567 -19.51671 -6.984807 10.52213 -19.34939 -7 11.89683 -19.65199 -7 11.86874 -19.82335 -6.984807 11.8415 -19.9895 -6.939692 11.81594 -20.1454 -6.866025 11.79284 -20.28631 -6.766045 11.7729 -20.40794 -6.642787 11.75673 -20.5066 -6.5 11.74481 -20.5793 -6.34202 13.24288 -20.78754 -6.173648 13.24532 -20.74249 -6.34202 13.24931 -20.66893 -6.5 13.25472 -20.5691 -6.642787 13.26139 -20.44602 -6.766045 13.26912 -20.30344 -6.866025 13.27768 -20.1457 -6.939692 13.28679 -19.97757 -6.984807 13.29619 -19.80418 -7 17.72926 -20.25483 -6.34202 17.70956 -20.18385 -6.5 17.68281 -20.08752 -6.642787 17.64983 -19.96875 -6.766045 17.61163 -19.83117 -6.866025 17.56937 -19.67895 -6.939692 17.52433 -19.51671 -6.984807 17.47787 -19.34939 -7 19.17631 -19.8148 -6.173648 19.15961 -19.77289 -6.34202 19.13235 -19.70446 -6.5 19.09534 -19.61158 -6.642787 19.04972 -19.49707 -6.766045 18.99686 -19.36443 -6.866025 18.93839 -19.21767 -6.939692 18.87607 -19.06126 -6.984807 18.8118 -18.89994 -7 23.05357 -17.48193 -6.173648 23.02437 -17.44755 -6.34202 22.97668 -17.3914 -6.5 22.91195 -17.3152 -6.642787 22.83215 -17.22126 -6.766045 22.73971 -17.11243 -6.866025 22.63744 -16.99202 -6.939692 22.52844 -16.8637 -6.984807 22.41602 -16.73135 -7 25.43221 -13.70177 -6.939692 25.56757 -13.78322 -6.866025 25.68992 -13.85683 -6.766045 25.79553 -13.92038 -6.642787 25.8812 -13.97192 -6.5 25.94433 -14.0099 -6.34202 26.69227 -12.69531 -6.173648 26.65132 -12.67637 -6.34202 26.58446 -12.64543 -6.5 26.49372 -12.60345 -6.642787 26.38186 -12.5517 -6.766045 26.25227 -12.49174 -6.866025 26.10889 -12.42541 -6.939692 27.90283 -8.335266 -6.173648 27.85798 -8.330389 -6.34202 27.78474 -8.322422 -6.5 27.68535 -8.311613 -6.642787 27.56282 -8.298287 -6.766045 27.42086 -8.282849 -6.866025 27.26381 -8.265769 -6.939692 27.09642 -8.247564 -6.984807 26.92379 -8.22879 -7 27 -6.823241 -7 27.17365 -6.823241 -6.984807 27.34202 -6.823241 -6.939692 27.5 -6.823241 -6.866025 27.64279 -6.823241 -6.766045 27.76605 -6.823241 -6.642787 27.86602 -6.823241 -6.5 27.93969 -6.823241 -6.34202 27.98481 -6.823241 -6.173648 0 6.823241 -6 1.375 18.46839 -6 0.881461 16.17039 -6 0.05524373 9.172992 -6 0.220853 11.51755 -6 0.3449398 12.68626 -6 0.4964618 13.85173 -6 2.671846 27.31903 0 2.75 30.11353 -6 2.694756 27.76378 -6 2.529147 25.41922 -6 2.43763 24.53326 0 2.40506 24.25051 -6 2.253538 23.08504 -6 2.048083 21.76494 0 1.868539 20.76638 -6 2.75 53.17676 -6 2.75 34.52676 6.5 2.75 39.57675 6.5 2.75 39.57675 1.5 2.75 46.77676 1.5 2.75 46.77676 6.5 2.75 51.82675 6.5 12.75 63.17676 -6 11.44474 63.0912 -6 11.01352 63.02483 -6 10.16181 62.83601 -6 9.329799 62.57368 -6 8.923166 62.41555 -6 7.75 61.83701 -6 4.089746 58.17676 -6 4.816466 59.26437 -6 5.089555 59.60463 -6 5.678932 60.24782 -6 6.322124 60.8372 -6 6.662385 61.11029 -6 2.760548 53.63594 -2 2.835551 54.48202 -6 2.901922 54.91324 -6 3.090742 55.76494 -6 3.353074 56.59696 -6 3.511205 57.00359 -6 15.25 63.17676 -6 25.25 53.17676 -6 25.16445 54.48202 -6 25.09808 54.91324 -6 24.90926 55.76494 -6 24.64693 56.59696 -6 24.4888 57.00359 -6 23.91025 58.17676 -6 23.18353 59.26437 -6 19.07683 62.41555 -6 20.25 61.83701 -6 21.33761 61.11029 -6 21.67788 60.8372 -6 22.32107 60.24782 -6 22.91044 59.60463 -6 16.55526 63.0912 -6 16.98648 63.02483 -6 17.83819 62.83601 -6 18.6702 62.57368 -6 25.25 30.11353 -6 25.25 39.57675 1.5 25.25 39.57675 6.5 25.25 34.52676 6.5 25.25 46.77676 1.5 25.25 51.82675 0 25.25 46.77676 6.5 25.25 51.82675 6.5 25.95192 21.76494 0 26.13146 20.76638 -6 25.74646 23.08504 -6 25.56237 24.53326 0 25.59494 24.25051 -6 25.47085 25.41922 -6 25.32815 27.31903 0 25.30524 27.76378 -6 11.2 49.17676 -7 11.2 49.17676 0 11.18177 49.38514 -7 11.18177 49.38514 0 11.12763 49.58718 -7 11.12763 49.58718 0 11.03923 49.77676 -7 11.03923 49.77676 0 10.91925 49.9481 -7 10.91925 49.9481 0 10.77134 50.09601 -7 10.77134 50.09601 0 10.6 50.21599 -7 10.6 50.21599 0 10.41042 50.30438 -7 10.41042 50.30438 0 10.20838 50.35853 -7 10.20838 50.35853 0 10 50.37676 -7 10 50.37676 0 9.791623 50.35853 -7 9.791623 50.35853 0 9.589576 50.30438 -7 9.589576 50.30438 0 9.4 50.21599 -7 9.4 50.21599 0 9.228655 50.09601 -7 9.228655 50.09601 0 9.080747 49.9481 -7 9.080747 49.9481 0 8.96077 49.77676 -7 8.96077 49.77676 0 8.87237 49.58718 -7 8.87237 49.58718 0 8.818231 49.38514 -7 8.818231 49.38514 0 8.800001 49.17676 -7 8.800001 49.17676 0 8.818231 48.96838 -7 8.818231 48.96838 0 8.87237 48.76633 -7 8.87237 48.76633 0 8.96077 48.57675 -7 8.96077 48.57675 0 9.080747 48.40541 -7 9.080747 48.40541 0 9.228655 48.2575 -7 9.228655 48.2575 0 9.4 48.13753 -7 9.4 48.13753 0 9.589576 48.04912 -7 9.589576 48.04912 0 9.791623 47.99499 -7 9.791623 47.99499 0 10 47.97676 -7 10 47.97676 0 10.20838 47.99499 -7 10.20838 47.99499 0 10.41042 48.04912 -7 10.41042 48.04912 0 10.6 48.13753 -7 10.6 48.13753 0 10.77134 48.2575 -7 10.77134 48.2575 0 10.91925 48.40541 -7 10.91925 48.40541 0 11.03923 48.57675 -7 11.03923 48.57675 0 11.12763 48.76633 -7 11.12763 48.76633 0 11.18177 48.96838 -7 11.18177 48.96838 0 19.2 37.17676 -7 19.2 37.17676 0 19.18177 37.38513 -7 19.18177 37.38513 0 19.12763 37.58718 -7 19.12763 37.58718 0 19.03923 37.77676 -7 19.03923 37.77676 0 18.91926 37.9481 -7 18.91926 37.9481 0 18.77135 38.09601 -7 18.77135 38.09601 0 18.6 38.21599 -7 18.6 38.21599 0 18.41042 38.30439 -7 18.41042 38.30439 0 18.20838 38.35853 -7 18.20838 38.35853 0 18 38.37676 -7 18 38.37676 0 17.79162 38.35853 -7 17.79162 38.35853 0 17.58958 38.30439 -7 17.58958 38.30439 0 17.4 38.21599 -7 17.4 38.21599 0 17.22866 38.09601 -7 17.22866 38.09601 0 17.08075 37.9481 -7 17.08075 37.9481 0 16.96077 37.77676 -7 16.96077 37.77676 0 16.87237 37.58718 -7 16.87237 37.58718 0 16.81823 37.38513 -7 16.81823 37.38513 0 16.8 37.17676 -7 16.8 37.17676 0 16.81823 36.96838 -7 16.81823 36.96838 0 16.87237 36.76633 -7 16.87237 36.76633 0 16.96077 36.57676 -7 16.96077 36.57676 0 17.08075 36.40541 -7 17.08075 36.40541 0 17.22866 36.25751 -7 17.22866 36.25751 0 17.4 36.13752 -7 17.4 36.13752 0 17.58958 36.04912 -7 17.58958 36.04912 0 17.79162 35.99499 -7 17.79162 35.99499 0 18 35.97676 -7 18 35.97676 0 18.20838 35.99499 -7 18.20838 35.99499 0 18.41042 36.04912 -7 18.41042 36.04912 0 18.6 36.13752 -7 18.6 36.13752 0 18.77135 36.25751 -7 18.77135 36.25751 0 18.91926 36.40541 -7 18.91926 36.40541 0 19.03923 36.57676 -7 19.03923 36.57676 0 19.12763 36.76633 -7 19.12763 36.76633 0 19.18177 36.96838 -7 19.18177 36.96838 0 11.2 37.17676 -7 11.2 37.17676 0 11.18177 37.38513 -7 11.18177 37.38513 0 11.12763 37.58718 -7 11.12763 37.58718 0 11.03923 37.77676 -7 11.03923 37.77676 0 10.91925 37.9481 -7 10.91925 37.9481 0 10.77134 38.09601 -7 10.77134 38.09601 0 10.6 38.21599 -7 10.6 38.21599 0 10.41042 38.30439 -7 10.41042 38.30439 0 10.20838 38.35853 -7 10.20838 38.35853 0 10 38.37676 -7 10 38.37676 0 9.791623 38.35853 -7 9.791623 38.35853 0 9.589576 38.30439 -7 9.589576 38.30439 0 9.4 38.21599 -7 9.4 38.21599 0 9.228655 38.09601 -7 9.228655 38.09601 0 9.080747 37.9481 -7 9.080747 37.9481 0 8.96077 37.77676 -7 8.96077 37.77676 0 8.87237 37.58718 -7 8.87237 37.58718 0 8.818231 37.38513 -7 8.818231 37.38513 0 8.800001 37.17676 -7 8.800001 37.17676 0 8.818231 36.96838 -7 8.818231 36.96838 0 8.87237 36.76633 -7 8.87237 36.76633 0 8.96077 36.57676 -7 8.96077 36.57676 0 9.080747 36.40541 -7 9.080747 36.40541 0 9.228655 36.25751 -7 9.228655 36.25751 0 9.4 36.13752 -7 9.4 36.13752 0 9.589576 36.04912 -7 9.589576 36.04912 0 9.791623 35.99499 -7 9.791623 35.99499 0 10 35.97676 -7 10 35.97676 0 10.20838 35.99499 -7 10.20838 35.99499 0 10.41042 36.04912 -7 10.41042 36.04912 0 10.6 36.13752 -7 10.6 36.13752 0 10.77134 36.25751 -7 10.77134 36.25751 0 10.91925 36.40541 -7 10.91925 36.40541 0 11.03923 36.57676 -7 11.03923 36.57676 0 11.12763 36.76633 -7 11.12763 36.76633 0 11.18177 36.96838 -7 11.18177 36.96838 0 19.2 49.17676 -7 19.2 49.17676 0 19.18177 49.38514 -7 19.18177 49.38514 0 19.12763 49.58718 -7 19.12763 49.58718 0 19.03923 49.77676 -7 19.03923 49.77676 0 18.91926 49.9481 -7 18.91926 49.9481 0 18.77135 50.09601 -7 18.77135 50.09601 0 18.6 50.21599 -7 18.6 50.21599 0 18.41042 50.30438 -7 18.41042 50.30438 0 18.20838 50.35853 -7 18.20838 50.35853 0 18 50.37676 -7 18 50.37676 0 17.79162 50.35853 -7 17.79162 50.35853 0 17.58958 50.30438 -7 17.58958 50.30438 0 17.4 50.21599 -7 17.4 50.21599 0 17.22866 50.09601 -7 17.22866 50.09601 0 17.08075 49.9481 -7 17.08075 49.9481 0 16.96077 49.77676 -7 16.96077 49.77676 0 16.87237 49.58718 -7 16.87237 49.58718 0 16.81823 49.38514 -7 16.81823 49.38514 0 16.8 49.17676 -7 16.8 49.17676 0 16.81823 48.96838 -7 16.81823 48.96838 0 16.87237 48.76633 -7 16.87237 48.76633 0 16.96077 48.57675 -7 16.96077 48.57675 0 17.08075 48.40541 -7 17.08075 48.40541 0 17.22866 48.2575 -7 17.22866 48.2575 0 17.4 48.13753 -7 17.4 48.13753 0 17.58958 48.04912 -7 17.58958 48.04912 0 17.79162 47.99499 -7 17.79162 47.99499 0 18 47.97676 -7 18 47.97676 0 18.20838 47.99499 -7 18.20838 47.99499 0 18.41042 48.04912 -7 18.41042 48.04912 0 18.6 48.13753 -7 18.6 48.13753 0 18.77135 48.2575 -7 18.77135 48.2575 0 18.91926 48.40541 -7 18.91926 48.40541 0 19.03923 48.57675 -7 19.03923 48.57675 0 19.12763 48.76633 -7 19.12763 48.76633 0 19.18177 48.96838 -7 19.18177 48.96838 0 26.28984 16.01269 -6.987688 26.13617 15.98344 -7 25.6525 18.23548 -7 27 6.823241 -7 26.94586 9.125997 -7 27.15644 6.823241 -6.987688 27.10212 9.133349 -6.987688 27.17365 6.823241 -6.984807 27.25454 9.14052 -6.951056 25.80463 18.27192 -6.987688 25.82137 18.27593 -6.984807 26.43974 16.04121 -6.951056 27.39935 9.147333 -6.891006 27.34202 6.823241 -6.939692 27.30902 6.823241 -6.951056 25.95302 18.30745 -6.951056 25.98512 18.31514 -6.939692 26.58216 16.06832 -6.891006 27.533 9.15362 -6.809017 27.5 6.823241 -6.866025 27.45399 6.823241 -6.891006 26.094 18.34122 -6.891006 26.13875 18.35194 -6.866025 26.71359 16.09333 -6.809017 27.65219 9.159228 -6.707107 27.64279 6.823241 -6.766045 27.58778 6.823241 -6.809017 26.22412 18.37238 -6.809017 26.27761 18.38519 -6.766045 26.83081 16.11563 -6.707107 27.75399 9.164017 -6.587785 27.76605 6.823241 -6.642787 27.70711 6.823241 -6.707107 26.34016 18.40017 -6.707107 26.39748 18.4139 -6.642787 26.93092 16.13469 -6.587785 27.83588 9.16787 -6.45399 27.86602 6.823241 -6.5 27.80902 6.823241 -6.587785 26.43927 18.42391 -6.587785 26.49471 18.43718 -6.5 27.01147 16.15001 -6.45399 27.89587 9.170692 -6.309017 27.93969 6.823241 -6.34202 27.89101 6.823241 -6.45399 26.78356 11.42366 -7 26.51347 13.71116 -7 26.93931 11.43835 -6.987688 26.66835 13.73315 -6.987688 27.09122 11.45268 -6.951056 26.81942 13.7546 -6.951056 27.23555 11.46629 -6.891006 26.96295 13.77498 -6.891006 27.36875 11.47885 -6.809017 27.09542 13.79379 -6.809017 27.48755 11.49005 -6.707107 27.21355 13.81056 -6.707107 27.58901 11.49962 -6.587785 27.31445 13.82489 -6.587785 27.67064 11.50732 -6.45399 27.39563 13.83641 -6.45399 27.73042 11.51295 -6.309017 27.45508 13.84485 -6.309017 27.76689 11.51639 -6.156434 27.07046 16.16124 -6.309017 27.93246 9.172414 -6.156434 27.98481 6.823241 -6.173648 27.95105 6.823241 -6.309017 26.51901 18.443 -6.45399 26.56635 18.45434 -6.34202 26.5774 18.45699 -6.309017 26.61022 18.46485 -6.173648 27.49135 13.85 -6.156434 27.10645 16.16809 -6.156434 26.61303 18.46552 -6.156434 27.98769 6.823241 -6.156434 1.566721 -5.755347 -6.954423 1.526033 -7.179594 -6.954423 23.94333 -8.252878 -4.520944 22.88464 -11.51118 -4.520944 11.16983 -16.4619 -4.520944 8.095359 -14.95028 -4.520944 11.72471 2.96127 -4.520944 10.62419 2.638128 -4.520944 9.56768 2.191643 -4.520944 8.56895 1.627635 -4.520944 7.641025 0.9534572 -4.520944 6.795997 0.177898 -4.520944 6.044885 -0.6889317 -4.520944 5.39748 -1.635731 -4.520944 4.862222 -2.650158 -4.520944 4.446089 -3.718988 -4.520944 4.154505 -4.828286 -4.520944 3.991273 -5.963592 -4.520944 3.95852 -7.110104 -4.520944 4.056673 -8.252878 -4.520944 4.284452 -9.377013 -4.520944 4.638888 -10.46785 -4.520944 5.115361 -11.51118 -4.520944 5.707659 -12.4934 -4.520944 6.40806 -13.4017 -4.520944 7.207433 -14.22423 -4.520944 9.060259 -15.57039 -4.520944 10.08956 -16.07646 -4.520944 12.28701 -16.72169 -4.520944 13.42651 -16.85243 -4.520944 14.57349 -16.85243 -4.520944 15.71299 -16.72169 -4.520944 16.83017 -16.4619 -4.520944 17.91044 -16.07646 -4.520944 18.93974 -15.57039 -4.520944 19.90464 -14.95028 -4.520944 20.79257 -14.22423 -4.520944 21.59194 -13.4017 -4.520944 22.29234 -12.4934 -4.520944 23.84549 -4.828286 -4.520944 24.00873 -5.963592 -4.520944 23.55391 -3.718988 -4.520944 23.13778 -2.650158 -4.520944 22.60252 -1.635731 -4.520944 21.95512 -0.6889317 -4.520944 21.204 0.177898 -4.520944 20.35898 0.9534572 -4.520944 19.43105 1.627635 -4.520944 18.43232 2.191643 -4.520944 17.37581 2.638128 -4.520944 16.27529 2.96127 -4.520944 15.14511 3.156855 -4.520944 12.85489 3.156855 -4.520944 14 3.222335 -4.520944 11.1317 -16.59177 -5.026061 12.26393 -16.85505 -5.026061 13.41878 -16.98756 -5.026061 14.58122 -16.98756 -5.026061 15.73607 -16.85505 -5.026061 16.8683 -16.59177 -5.026061 17.96313 -16.20113 -5.026061 19.00629 -15.68824 -5.026061 19.9842 -15.05978 -5.026061 20.88408 -14.32395 -5.026061 21.69423 -13.49033 -5.026061 22.40407 -12.56979 -5.026061 6.305772 -13.49033 -5.026061 5.595934 -12.56979 -5.026061 4.995657 -11.57435 -5.026061 4.512765 -10.51696 -5.026061 4.153553 -9.411419 -5.026061 3.922705 -8.272139 -5.026061 3.82323 -7.113968 -5.026061 3.856424 -5.95201 -5.026061 4.021855 -4.801408 -5.026061 4.317368 -3.677164 -5.026061 4.739108 -2.593934 -5.026061 5.281578 -1.565839 -5.026061 5.937705 -0.6062833 -5.026061 6.698937 0.2722253 -5.026061 7.555349 1.058234 -5.026061 8.495779 1.741495 -5.026061 9.507963 2.313102 -5.026061 10.57871 2.765602 -5.026061 11.69405 3.093098 -5.026061 12.83946 3.291318 -5.026061 14 3.35768 -5.026061 15.16054 3.291318 -5.026061 16.30595 3.093098 -5.026061 17.42129 2.765602 -5.026061 18.49204 2.313102 -5.026061 19.50422 1.741495 -5.026061 20.44465 1.058234 -5.026061 21.30106 0.2722253 -5.026061 22.06229 -0.6062833 -5.026061 22.71842 -1.565839 -5.026061 23.26089 -2.593934 -5.026061 23.68263 -3.677164 -5.026061 23.97814 -4.801408 -5.026061 24.14358 -5.95201 -5.026061 9.950842 -16.4047 -5.5 11.06944 -16.80381 -5.5 12.22624 -17.07282 -5.5 13.40617 -17.2082 -5.5 14.59383 -17.2082 -5.5 15.77376 -17.07282 -5.5 16.93056 -16.80381 -5.5 18.04916 -16.4047 -5.5 19.11497 -15.88068 -5.5 20.1141 -15.23857 -5.5 21.03352 -14.48677 -5.5 21.86125 -13.63505 -5.5 22.5865 -12.69454 -5.5 5.413504 -12.69454 -5.5 4.800196 -11.67748 -5.5 4.306822 -10.59714 -5.5 3.939812 -9.467602 -5.5 3.703953 -8.30359 -5.5 3.602318 -7.12028 -5.5 3.636233 -5.933096 -5.5 3.805256 -4.757519 -5.5 4.107182 -3.60887 -5.5 4.538077 -2.502126 -5.5 5.092323 -1.451715 -5.5 5.762693 -0.4713291 -5.5 6.540449 0.4262496 -5.5 7.415452 1.22932 -5.5 8.376296 1.927413 -5.5 9.410452 2.511428 -5.5 10.50444 2.973751 -5.5 11.644 3.308356 -5.5 12.81427 3.510879 -5.5 14 3.578682 -5.5 15.18573 3.510879 -5.5 16.356 3.308356 -5.5 17.49556 2.973751 -5.5 18.58955 2.511428 -5.5 19.62371 1.927413 -5.5 20.58455 1.22932 -5.5 21.45955 0.4262496 -5.5 22.23731 -0.4713291 -5.5 22.90768 -1.451715 -5.5 23.46192 -2.502126 -5.5 23.89282 -3.60887 -5.5 24.19474 -4.757519 -5.5 24.36377 -5.933096 -5.5 8.737541 -16.14185 -5.928363 9.834083 -16.68099 -5.928363 10.98494 -17.09161 -5.928363 12.17509 -17.36837 -5.928363 13.38904 -17.50766 -5.928363 14.61096 -17.50766 -5.928363 15.82491 -17.36837 -5.928363 17.01506 -17.09161 -5.928363 18.16592 -16.68099 -5.928363 19.26246 -16.14185 -5.928363 20.2904 -15.48123 -5.928363 21.23633 -14.70775 -5.928363 22.08793 -13.83147 -5.928363 22.83409 -12.86384 -5.928363 4.534916 -11.81745 -5.928363 4.027316 -10.70596 -5.928363 3.649723 -9.543853 -5.928363 3.407063 -8.346277 -5.928363 3.302498 -7.128844 -5.928363 3.33739 -5.907429 -5.928363 3.511287 -4.697953 -5.928363 3.82192 -3.516183 -5.928363 4.265239 -2.377526 -5.928363 4.835467 -1.296825 -5.928363 5.525167 -0.2881696 -5.928363 6.325351 0.6352912 -5.928363 7.225585 1.461518 -5.928363 8.214135 2.179741 -5.928363 9.278111 2.780596 -5.928363 10.40364 3.256251 -5.928363 11.57606 3.600504 -5.928363 12.78008 3.808867 -5.928363 14 3.878625 -5.928363 15.21992 3.808867 -5.928363 16.42394 3.600504 -5.928363 17.59636 3.256251 -5.928363 18.72189 2.780596 -5.928363 19.78587 2.179741 -5.928363 20.77441 1.461518 -5.928363 21.67465 0.6352912 -5.928363 22.47483 -0.2881696 -5.928363 23.16453 -1.296825 -5.928363 23.73476 -2.377526 -5.928363 24.17808 -3.516183 -5.928363 24.48871 -4.697953 -5.928363 24.66261 -5.907429 -5.928363 7.492255 -15.78038 -6.298133 8.555711 -16.46383 -6.298133 9.690143 -17.02159 -6.298133 10.88076 -17.4464 -6.298133 12.11204 -17.73272 -6.298133 13.36793 -17.87682 -6.298133 14.63207 -17.87682 -6.298133 15.88796 -17.73272 -6.298133 17.11924 -17.4464 -6.298133 18.30986 -17.02159 -6.298133 19.44429 -16.46383 -6.298133 20.50775 -15.78038 -6.298133 21.48636 -14.98017 -6.298133 22.36738 -14.07362 -6.298133 23.13933 -13.07255 -6.298133 3.682739 -10.84012 -6.298133 3.292101 -9.637854 -6.298133 3.041056 -8.3989 -6.298133 2.932878 -7.139404 -6.298133 2.968976 -5.875786 -6.298133 3.148881 -4.62452 -6.298133 3.470247 -3.401918 -6.298133 3.928884 -2.223917 -6.298133 4.518815 -1.105876 -6.298133 5.232346 -0.06237 -6.298133 6.060176 0.8929981 -6.298133 6.991516 1.747773 -6.298133 8.014222 2.490812 -6.298133 9.114961 3.112428 -6.298133 10.27938 3.604517 -6.298133 11.49231 3.960665 -6.298133 12.73793 4.176228 -6.298133 14 4.248395 -6.298133 15.26207 4.176228 -6.298133 16.50769 3.960665 -6.298133 17.72062 3.604517 -6.298133 18.88504 3.112428 -6.298133 19.98578 2.490812 -6.298133 21.00848 1.747773 -6.298133 21.93982 0.8929981 -6.298133 22.76766 -0.06237 -6.298133 23.48118 -1.105876 -6.298133 24.07112 -2.223917 -6.298133 24.52975 -3.401918 -6.298133 24.85112 -4.62452 -6.298133 25.03102 -5.875786 -6.298133 6.223989 -15.29576 -6.598076 7.240469 -16.12694 -6.598076 8.345071 -16.83682 -6.598076 9.523394 -17.41617 -6.598076 10.76008 -17.85741 -6.598076 12.03899 -18.15481 -6.598076 13.34348 -18.30448 -6.598076 14.65652 -18.30448 -6.598076 15.961 -18.15481 -6.598076 17.23993 -17.85741 -6.598076 18.4766 -17.41617 -6.598076 19.65493 -16.83682 -6.598076 20.75953 -16.12694 -6.598076 21.77601 -15.29576 -6.598076 22.69112 -14.35414 -6.598076 23.49293 -13.31434 -6.598076 2.877811 -9.746753 -6.598076 2.617053 -8.459863 -6.598076 2.50469 -7.151636 -6.598076 2.542185 -5.839128 -6.598076 2.729051 -4.539452 -6.598076 3.06285 -3.269546 -6.598076 3.539232 -2.045969 -6.598076 4.151986 -0.884671 -6.598076 4.893124 0.1992088 -6.598076 5.752985 1.19154 -6.598076 6.720356 2.079387 -6.598076 7.78263 2.851174 -6.598076 8.925958 3.49684 -6.598076 10.13543 4.007968 -6.598076 11.39529 4.377895 -6.598076 12.6891 4.601798 -6.598076 14 4.676758 -6.598076 15.3109 4.601798 -6.598076 16.60471 4.377895 -6.598076 17.86457 4.007968 -6.598076 19.07404 3.49684 -6.598076 20.21737 2.851174 -6.598076 21.27964 2.079387 -6.598076 22.24702 1.19154 -6.598076 23.10687 0.1992088 -6.598076 23.84802 -0.884671 -6.598076 24.46077 -2.045969 -6.598076 24.93715 -3.269546 -6.598076 25.27095 -4.539452 -6.598076 25.45782 -5.839128 -6.598076 4.9507 -14.6645 -6.819078 5.903522 -15.64493 -6.819078 6.961894 -16.51036 -6.819078 8.11202 -17.2495 -6.819078 9.338904 -17.85272 -6.819078 10.62655 -18.31215 -6.819078 11.95818 -18.62181 -6.819078 13.31642 -18.77765 -6.819078 14.68358 -18.77765 -6.819078 16.04182 -18.62181 -6.819078 17.37345 -18.31215 -6.819078 18.6611 -17.85272 -6.819078 19.88798 -17.2495 -6.819078 21.03811 -16.51036 -6.819078 22.09648 -15.64493 -6.819078 23.0493 -14.6645 -6.819078 23.88415 -13.58185 -6.819078 2.147938 -8.527312 -6.819078 2.030944 -7.16517 -6.819078 2.069984 -5.798572 -6.819078 2.264551 -4.445332 -6.819078 2.612107 -3.123091 -6.819078 3.108121 -1.849088 -6.819078 3.746128 -0.6399298 -6.819078 4.51781 0.488619 -6.819078 5.413107 1.521846 -6.819078 6.420347 2.446283 -6.819078 7.526399 3.249877 -6.819078 8.716845 3.922153 -6.819078 9.976165 4.454346 -6.819078 11.28794 4.839518 -6.819078 12.63507 5.072649 -6.819078 14 5.150698 -6.819078 15.36493 5.072649 -6.819078 16.71206 4.839518 -6.819078 18.02384 4.454346 -6.819078 19.28316 3.922153 -6.819078 20.4736 3.249877 -6.819078 21.57965 2.446283 -6.819078 22.58689 1.521846 -6.819078 23.48219 0.488619 -6.819078 24.25387 -0.6399298 -6.819078 24.89188 -1.849088 -6.819078 25.38789 -3.123091 -6.819078 25.73545 -4.445332 -6.819078 25.93002 -5.798572 -6.819078 3.69889 -13.86696 -6.954423 4.568959 -14.99528 -6.954423 5.561976 -16.01708 -6.954423 6.664995 -16.91901 -6.954423 7.863638 -17.68933 -6.954423 9.142277 -18.318 -6.954423 10.48424 -18.79681 -6.954423 11.87204 -19.11953 -6.954423 13.28759 -19.28194 -6.954423 14.71242 -19.28194 -6.954423 16.12796 -19.11953 -6.954423 17.51576 -18.79681 -6.954423 18.85772 -18.318 -6.954423 20.13636 -17.68933 -6.954423 21.33501 -16.91901 -6.954423 22.43802 -16.01708 -6.954423 23.43104 -14.99528 -6.954423 24.30111 -13.86696 -6.954423 1.769495 -4.34502 -6.954423 2.131713 -2.967002 -6.954423 2.648652 -1.639255 -6.954423 3.313573 -0.3790892 -6.954423 4.117808 0.7970669 -6.954423 5.050872 1.873881 -6.954423 6.100602 2.837314 -6.954423 7.253313 3.674808 -6.954423 8.493978 4.375443 -6.954423 9.806421 4.930087 -6.954423 11.17353 5.331507 -6.954423 12.57749 5.574472 -6.954423 14 5.655814 -6.954423 15.42251 5.574472 -6.954423 16.82647 5.331507 -6.954423 18.19358 4.930087 -6.954423 19.50602 4.375443 -6.954423 20.74669 3.674808 -6.954423 21.8994 2.837314 -6.954423 22.94913 1.873881 -6.954423 23.88219 0.7970669 -6.954423 24.68643 -0.3790892 -6.954423 25.35135 -1.639255 -6.954423 25.86829 -2.967002 -6.954423 26.2305 -4.34502 -6.954423 26.43328 -5.755347 -6.954423 7.115916 -14.32395 -5.026061 6.138751 -13.63505 -5.5 5.16591 -12.86384 -5.928363 4.207879 -11.99001 -6.298133 3.283564 -10.99553 -6.598076 2.419442 -9.867238 -6.819078 1.647963 -8.599197 -6.954423 8.015805 -15.05978 -5.026061 6.96648 -14.48677 -5.5 5.912069 -13.83147 -5.928363 4.860674 -13.07255 -6.298133 3.829021 -12.18992 -6.598076 2.841916 -11.16748 -6.819078 1.930921 -9.995647 -6.954423 8.993706 -15.68824 -5.026061 7.885902 -15.23857 -5.5 6.763667 -14.70775 -5.928363 5.632615 -14.07362 -6.298133 4.507073 -13.31434 -6.598076 3.409853 -12.41109 -6.819078 2.371217 -11.35074 -6.954423 2.963112 -12.64681 -6.954423 10.03687 -16.20113 -5.026061 8.885032 -15.88068 -5.5 7.7096 -15.48123 -5.928363 6.513637 -14.98017 -6.298133 5.30888 -14.35414 -6.598076 4.115849 -13.58185 -6.819078 23.00434 -11.57435 -5.026061 23.19981 -11.67748 -5.5 23.46508 -11.81745 -5.928363 23.79212 -11.99001 -6.298133 24.17098 -12.18992 -6.598076 24.59015 -12.41109 -6.819078 25.03689 -12.64681 -6.954423 23.36111 -10.46785 -4.520944 23.48723 -10.51696 -5.026061 23.69318 -10.59714 -5.5 23.97269 -10.70596 -5.928363 24.31726 -10.84012 -6.298133 24.71644 -10.99553 -6.598076 25.15808 -11.16748 -6.819078 25.62878 -11.35074 -6.954423 23.71555 -9.377013 -4.520944 23.84645 -9.411419 -5.026061 24.06019 -9.467602 -5.5 24.35028 -9.543853 -5.928363 24.7079 -9.637854 -6.298133 25.12219 -9.746753 -6.598076 25.58056 -9.867238 -6.819078 26.06908 -9.995647 -6.954423 24.07729 -8.272139 -5.026061 24.29605 -8.30359 -5.5 24.59294 -8.346277 -5.928363 24.95895 -8.3989 -6.298133 25.38295 -8.459863 -6.598076 25.85206 -8.527312 -6.819078 26.35204 -8.599197 -6.954423 24.04148 -7.110104 -4.520944 24.17677 -7.113968 -5.026061 24.39768 -7.12028 -5.5 24.6975 -7.128844 -5.928363 25.06712 -7.139404 -6.298133 25.49531 -7.151636 -6.598076 25.96906 -7.16517 -6.819078 26.47397 -7.179594 -6.954423 26.95231 -5.710767 -7 1.047688 -5.710767 -7 1.258927 -4.241566 -7 1.636265 -2.806021 -7 2.174784 -1.422846 -7 2.867463 -0.1100748 -7 3.705271 1.115181 -7 4.677286 2.236947 -7 5.770837 3.240599 -7 6.971669 4.113054 -7 8.264125 4.842938 -7 9.631359 5.420735 -7 11.05554 5.838912 -7 12.51811 6.092021 -7 14 6.176758 -7 15.48189 6.092021 -7 16.94446 5.838912 -7 18.36864 5.420735 -7 19.73587 4.842938 -7 21.02833 4.113054 -7 22.22916 3.240599 -7 23.32271 2.236947 -7 24.29473 1.115181 -7 25.13254 -0.1100748 -7 25.82522 -1.422846 -7 26.36373 -2.806021 -7 26.74107 -4.241566 -7 0.01519221 6.823241 -6.173648 0.06030738 6.823241 -6.34202 0.1339746 6.823241 -6.5 0.2339555 6.823241 -6.642787 0.3572124 6.823241 -6.766045 0.5 6.823241 -6.866025 0.6579799 6.823241 -6.939692 0.8263518 6.823241 -6.984807 1 6.823241 -7 0.5115032 13.8496 -6.173648 2.3475 18.23548 -7 1.863832 15.98344 -7 2.178627 18.27593 -6.984807 1.693245 16.01591 -6.984807 2.014885 18.31514 -6.939692 1.527841 16.04738 -6.939692 1.86125 18.35194 -6.866025 1.372646 16.07692 -6.866025 1.722389 18.38519 -6.766045 1.232376 16.10361 -6.766045 1.602522 18.4139 -6.642787 1.111292 16.12665 -6.642787 1.50529 18.43718 -6.5 1.013074 16.14534 -6.5 1.433649 18.45434 -6.34202 0.9407052 16.15911 -6.34202 1.389774 18.46485 -6.173648 0.8963855 16.16755 -6.173648 1.486532 13.71116 -7 1.314608 13.73557 -6.984807 1.147908 13.75924 -6.939692 0.9914972 13.78145 -6.866025 0.8501274 13.80152 -6.766045 0.7280943 13.81885 -6.642787 0.6291061 13.8329 -6.5 0.5561704 13.84326 -6.34202 0.2359781 11.51612 -6.173648 0.280894 11.51189 -6.34202 0.3542358 11.50497 -6.5 0.4537752 11.49558 -6.642787 0.5764876 11.48401 -6.766045 0.7186446 11.47061 -6.866025 0.8759265 11.45577 -6.939692 1.043555 11.43997 -6.984807 1.216436 11.42366 -7 1.054139 9.125997 -7 0.8806826 9.134158 -6.984807 0.7124966 9.14207 -6.939692 0.5546914 9.149495 -6.866025 0.4120615 9.156206 -6.766045 0.2889409 9.161997 -6.642787 0.1890703 9.166697 -6.5 0.1154845 9.170158 -6.34202 0.07041919 9.172277 -6.173648 2.680323 20.6119 -6.984807 3.29601 30.11353 -6.891006 3.40798 30.11353 -6.939692 3.352009 27.73286 -6.939692 2.359724 20.67291 -6.866025 3.162214 30.11353 -6.809017 3.25 30.11353 -6.866025 3.194204 27.74028 -6.866025 2.219454 20.69961 -6.766045 3.042893 30.11353 -6.707107 3.107213 30.11353 -6.766045 3.051574 27.74699 -6.766045 2.09837 20.72265 -6.642787 2.940983 30.11353 -6.587785 2.983956 30.11353 -6.642787 2.928453 27.75279 -6.642787 2.000152 20.74134 -6.5 2.858993 30.11353 -6.45399 2.883975 30.11353 -6.5 2.828583 27.75748 -6.5 1.927783 20.75511 -6.34202 2.798943 30.11353 -6.309017 2.810307 30.11353 -6.34202 2.754997 27.76095 -6.34202 1.883463 20.76354 -6.173648 2.762312 30.11353 -6.156434 2.765192 30.11353 -6.173648 2.709932 27.76306 -6.173648 2.268579 23.0829 -6.173648 2.544272 25.4178 -6.173648 2.313247 23.07656 -6.34202 2.589188 25.41356 -6.34202 2.386183 23.0662 -6.5 2.66253 25.40664 -6.5 2.485171 23.05215 -6.642787 2.762069 25.39726 -6.642787 2.607204 23.03483 -6.766045 2.884781 25.38569 -6.766045 2.748574 23.01475 -6.866025 3.026938 25.37228 -6.866025 2.514919 20.64338 -6.939692 2.904985 22.99255 -6.939692 3.184221 25.35745 -6.939692 3.520195 27.72494 -6.984807 3.351849 25.34164 -6.984807 3.071685 22.96888 -6.984807 3.440983 30.11353 -6.951056 3.576352 30.11353 -6.984807 3.593565 30.11353 -6.987688 2.85091 20.57944 -7 3.243609 22.94447 -7 3.52473 25.32534 -7 3.693651 27.71678 -7 3.75 30.11353 -7 3.75 53.17676 -7 3.593565 53.17676 -6.987688 3.576352 53.17676 -6.984807 3.440983 53.17676 -6.951056 3.40798 53.17676 -6.939692 3.29601 53.17676 -6.891006 3.25 53.17676 -6.866025 3.162214 53.17676 -6.809017 3.107213 53.17676 -6.766045 3.042893 53.17676 -6.707107 2.983956 53.17676 -6.642787 2.940983 53.17676 -6.587785 2.883975 53.17676 -6.5 2.858993 53.17676 -6.45399 2.810307 53.17676 -6.34202 2.798943 53.17676 -6.309017 2.765192 53.17676 -6.173648 2.762312 53.17676 -6.156434 3.525241 56.99778 -6.173648 5.689674 60.23708 -6.173648 10.16574 62.82135 -6.173648 3.826996 54.35149 -7 3.654834 54.37416 -6.984807 3.487902 54.39614 -6.939692 3.331274 54.41675 -6.866025 3.189708 54.43539 -6.766045 3.067505 54.45148 -6.642787 2.96838 54.46453 -6.5 2.895343 54.47415 -6.34202 11.57526 62.09976 -7 10.42063 61.87009 -7 11.5526 62.27192 -6.984807 10.37568 62.03782 -6.984807 11.53062 62.43886 -6.939692 10.33211 62.20046 -6.939692 11.51 62.59548 -6.866025 10.29122 62.35305 -6.866025 11.49136 62.73705 -6.766045 10.25426 62.49097 -6.766045 11.47527 62.85925 -6.642787 10.22236 62.61003 -6.642787 11.46223 62.95838 -6.5 10.19648 62.7066 -6.5 11.45261 63.03141 -6.34202 10.17742 62.77776 -6.34202 11.44672 63.07614 -6.173648 7.271147 60.31694 -7 6.386039 59.54071 -7 7.165437 60.4547 -6.984807 6.263251 59.66351 -6.984807 7.062939 60.58827 -6.939692 6.144194 59.78257 -6.939692 6.966766 60.71361 -6.866025 6.032485 59.89427 -6.866025 6.879843 60.8269 -6.766045 5.931519 59.99523 -6.766045 6.804809 60.92468 -6.642787 5.844364 60.08239 -6.642787 6.743944 61.004 -6.5 5.773666 60.15309 -6.5 6.699099 61.06245 -6.34202 5.721576 60.20518 -6.34202 6.671634 61.09823 -6.173648 4.435084 56.62091 -7 4.056667 55.50613 -7 4.274654 56.68736 -6.984807 3.888936 55.55107 -6.984807 4.119099 56.7518 -6.939692 3.726301 55.59465 -6.939692 3.973145 56.81225 -6.866025 3.573705 55.63554 -6.866025 3.841226 56.86689 -6.766045 3.435782 55.6725 -6.766045 3.727351 56.91406 -6.642787 3.316725 55.70439 -6.642787 3.634981 56.95232 -6.5 3.220151 55.73027 -6.5 3.566921 56.98051 -6.34202 3.148994 55.74934 -6.34202 3.105416 55.76102 -6.173648 2.850614 54.48004 -6.173648 12.75 62.17676 -7 12.75 62.35041 -6.984807 12.75 62.51877 -6.939692 12.75 62.67676 -6.866025 12.75 62.81954 -6.766045 12.75 62.9428 -6.642787 12.75 63.04278 -6.5 12.75 63.11645 -6.34202 12.75 63.16157 -6.173648 8.92898 62.40152 -6.173648 8.946245 62.35984 -6.34202 8.974436 62.29177 -6.5 9.012697 62.1994 -6.642787 9.059865 62.08553 -6.766045 9.114508 61.95361 -6.866025 9.174963 61.80766 -6.939692 9.239398 61.6521 -6.984807 9.30585 61.49168 -7 8.25 60.97098 -7 8.163176 61.12137 -6.984807 8.07899 61.26718 -6.939692 8 61.404 -6.866025 7.928606 61.52765 -6.766045 7.866977 61.63439 -6.642787 7.816987 61.72099 -6.5 7.780154 61.78479 -6.34202 7.757596 61.82385 -6.173648 4.828519 59.25512 -6.173648 4.864312 59.22766 -6.34202 4.922756 59.18281 -6.5 5.002076 59.12195 -6.642787 5.099863 59.04691 -6.766045 5.213143 58.95999 -6.866025 5.338477 58.86382 -6.939692 5.472055 58.76132 -6.984807 5.60982 58.65561 -7 4.955771 57.67676 -7 4.805387 57.76358 -6.984807 4.659573 57.84777 -6.939692 4.522758 57.92676 -6.866025 4.399101 57.99815 -6.766045 4.292357 58.05978 -6.642787 4.205771 58.10977 -6.5 4.141974 58.1466 -6.34202 4.102903 58.16916 -6.173648 15.25 63.16157 -6.173648 15.25 63.11645 -6.34202 15.25 63.04278 -6.5 15.25 62.9428 -6.642787 15.25 62.81954 -6.766045 15.25 62.67676 -6.866025 15.25 62.51877 -6.939692 15.25 62.35041 -6.984807 15.25 62.17676 -7 17.83426 62.82135 -6.173648 22.31032 60.23708 -6.173648 24.89459 55.76102 -6.173648 24.173 54.35149 -7 23.94333 55.50613 -7 24.34517 54.37416 -6.984807 24.11107 55.55107 -6.984807 24.5121 54.39614 -6.939692 24.2737 55.59465 -6.939692 24.66873 54.41675 -6.866025 24.4263 55.63554 -6.866025 24.81029 54.43539 -6.766045 24.56422 55.6725 -6.766045 24.9325 54.45148 -6.642787 24.68328 55.70439 -6.642787 25.03162 54.46453 -6.5 24.77985 55.73027 -6.5 25.10466 54.47415 -6.34202 24.85101 55.74934 -6.34202 25.14939 54.48004 -6.173648 22.39018 58.65561 -7 21.61396 59.54071 -7 22.52794 58.76132 -6.984807 21.73675 59.66351 -6.984807 22.66152 58.86382 -6.939692 21.85581 59.78257 -6.939692 22.78686 58.95999 -6.866025 21.96752 59.89427 -6.866025 22.90014 59.04691 -6.766045 22.06848 59.99523 -6.766045 22.99792 59.12195 -6.642787 22.15564 60.08239 -6.642787 23.07724 59.18281 -6.5 22.22633 60.15309 -6.5 23.13569 59.22766 -6.34202 22.27843 60.20518 -6.34202 23.17148 59.25512 -6.173648 18.69415 61.49168 -7 17.57937 61.87009 -7 18.7606 61.6521 -6.984807 17.62432 62.03782 -6.984807 18.82504 61.80766 -6.939692 17.66789 62.20046 -6.939692 18.88549 61.95361 -6.866025 17.70878 62.35305 -6.866025 18.94014 62.08553 -6.766045 17.74574 62.49097 -6.766045 18.9873 62.1994 -6.642787 17.77764 62.61003 -6.642787 19.02556 62.29177 -6.5 17.80352 62.7066 -6.5 19.05376 62.35984 -6.34202 17.82258 62.77776 -6.34202 19.07102 62.40152 -6.173648 24.25 53.17676 -7 24.42365 53.17676 -6.984807 24.59202 53.17676 -6.939692 24.75 53.17676 -6.866025 24.89279 53.17676 -6.766045 25.01605 53.17676 -6.642787 25.11602 53.17676 -6.5 25.18969 53.17676 -6.34202 25.23481 53.17676 -6.173648 24.47476 56.99778 -6.173648 24.43308 56.98051 -6.34202 24.36502 56.95232 -6.5 24.27265 56.91406 -6.642787 24.15877 56.86689 -6.766045 24.02686 56.81225 -6.866025 23.8809 56.7518 -6.939692 23.72535 56.68736 -6.984807 23.56492 56.62091 -7 23.04423 57.67676 -7 23.19461 57.76358 -6.984807 23.34043 57.84777 -6.939692 23.47724 57.92676 -6.866025 23.6009 57.99815 -6.766045 23.70764 58.05978 -6.642787 23.79423 58.10977 -6.5 23.85803 58.1466 -6.34202 23.8971 58.16916 -6.173648 21.32836 61.09823 -6.173648 21.3009 61.06245 -6.34202 21.25606 61.004 -6.5 21.19519 60.92468 -6.642787 21.12016 60.8269 -6.766045 21.03323 60.71361 -6.866025 20.93706 60.58827 -6.939692 20.83456 60.4547 -6.984807 20.72885 60.31694 -7 19.75 60.97098 -7 19.83683 61.12137 -6.984807 19.92101 61.26718 -6.939692 20 61.404 -6.866025 20.07139 61.52765 -6.766045 20.13302 61.63439 -6.642787 20.18301 61.72099 -6.5 20.21985 61.78479 -6.34202 20.24241 61.82385 -6.173648 16.55328 63.07614 -6.173648 16.54739 63.03141 -6.34202 16.53778 62.95838 -6.5 16.52473 62.85925 -6.642787 16.50864 62.73705 -6.766045 16.49 62.59548 -6.866025 16.46938 62.43886 -6.939692 16.4474 62.27192 -6.984807 16.42474 62.09976 -7 24.25 30.11353 -7 24.42365 30.11353 -6.984807 24.59202 30.11353 -6.939692 24.75 30.11353 -6.866025 24.89279 30.11353 -6.766045 25.01605 30.11353 -6.642787 25.11602 30.11353 -6.5 25.18969 30.11353 -6.34202 25.23481 30.11353 -6.173648 24.47981 27.72494 -6.984807 25.48508 20.64338 -6.939692 24.80579 27.74028 -6.866025 25.64027 20.67291 -6.866025 24.94843 27.74699 -6.766045 25.78055 20.69961 -6.766045 25.07155 27.75279 -6.642787 25.90163 20.72265 -6.642787 25.17142 27.75748 -6.5 25.99985 20.74134 -6.5 25.245 27.76095 -6.34202 26.07222 20.75511 -6.34202 25.29007 27.76306 -6.173648 26.11654 20.76354 -6.173648 25.45573 25.4178 -6.173648 25.73142 23.0829 -6.173648 25.41081 25.41356 -6.34202 25.68675 23.07656 -6.34202 25.33747 25.40664 -6.5 25.61382 23.0662 -6.5 25.23793 25.39726 -6.642787 25.51483 23.05215 -6.642787 25.11522 25.38569 -6.766045 25.3928 23.03483 -6.766045 24.97306 25.37228 -6.866025 25.25143 23.01475 -6.866025 24.64799 27.73286 -6.939692 24.81578 25.35745 -6.939692 25.09502 22.99255 -6.939692 25.31968 20.6119 -6.984807 24.92831 22.96888 -6.984807 24.64815 25.34164 -6.984807 24.30635 27.71678 -7 24.47527 25.32534 -7 24.75639 22.94447 -7 25.14909 20.57944 -7 10.41042 38.30439 -7 10.20838 38.35853 -7 16.87237 37.58718 -7 16.87237 36.76633 -7 10.20838 35.99499 -7 16.81823 36.96838 -7 16.8 37.17676 -7 9.080747 37.9481 -7 9.228655 38.09601 -7 9.4 38.21599 -7 8.800001 37.17676 -7 8.818231 37.38513 -7 8.818231 36.96838 -7 8.87237 36.76633 -7 8.96077 36.57676 -7 18 35.97676 -7 8.96077 37.77676 -7 8.87237 37.58718 -7 9.080747 36.40541 -7 9.228655 36.25751 -7 9.228655 36.25751 -7 9.4 36.13752 -7 9.589576 36.04912 -7 9.4 36.13752 -7 18 35.97676 -7 17.79162 35.99499 -7 18.20838 35.99499 -7 18.20838 35.99499 -7 16.96077 37.77676 -7 8.96077 48.57675 -7 9.080747 48.40541 -7 9.791623 38.35853 -7 9.228655 48.2575 -7 9.4 48.13753 -7 9.589576 38.30439 -7 8.818231 48.96838 -7 8.818231 48.96838 -7 8.87237 48.76633 -7 10 35.97676 -7 16.96077 36.57676 -7 17.08075 36.40541 -7 17.08075 36.40541 -7 17.22866 36.25751 -7 17.4 36.13752 -7 17.58958 36.04912 -7 18.77135 36.25751 -7 18.91926 36.40541 -7 19.18177 37.38513 -7 19.2 37.17676 -7 19.18177 36.96838 -7 19.12763 37.58718 -7 19.03923 37.77676 -7 18.91926 37.9481 -7 16.87237 48.76633 -7 16.96077 48.57675 -7 17.79162 38.35853 -7 9.791623 35.99499 -7 9.589576 36.04912 -7 17.58958 36.04912 -7 18.6 36.13752 -7 19.03923 36.57676 -7 19.12763 36.76633 -7 17.08075 48.40541 -7 17.22866 48.2575 -7 17.4 48.13753 -7 18.20838 38.35853 -7 18.41042 48.04912 -7 18.6 48.13753 -7 8.96077 49.77676 -7 8.87237 49.58718 -7 16.81823 48.96838 -7 17.58958 38.30439 -7 16.8 49.17676 -7 17.4 38.21599 -7 17.22866 38.09601 -7 17.08075 37.9481 -7 18.6 36.13752 -7 18.41042 36.04912 -7 17.58958 48.04912 -7 17.79162 38.35853 -7 17.79162 47.99499 -7 18 38.37676 -7 18 47.97676 -7 18.20838 47.99499 -7 10.6 48.13753 -7 10.77134 48.2575 -7 10 50.37676 -7 9.791623 50.35853 -7 9.589576 50.30438 -7 9.791623 50.35853 -7 9.080747 49.9481 -7 8.818231 49.38514 -7 8.800001 49.17676 -7 10.41042 36.04912 -7 10.6 36.13752 -7 10.77134 36.25751 -7 10.91925 36.40541 -7 11.03923 36.57676 -7 11.12763 36.76633 -7 11.03923 37.77676 -7 10.91925 37.9481 -7 16.87237 37.58718 -7 19.18177 49.38514 -7 19.12763 49.58718 -7 11.18177 36.96838 -7 16.8 37.17676 -7 11.2 37.17676 -7 16.81823 37.38513 -7 11.18177 37.38513 -7 11.12763 37.58718 -7 10.77134 38.09601 -7 10.6 38.21599 -7 18.77135 38.09601 -7 18.6 38.21599 -7 18.6 38.21599 -7 18.41042 38.30439 -7 18.41042 38.30439 -7 18.20838 38.35853 -7 18.77135 48.2575 -7 18.91926 48.40541 -7 19.03923 48.57675 -7 19.12763 48.76633 -7 19.18177 48.96838 -7 19.2 49.17676 -7 18.77135 50.09601 -7 18.6 50.21599 -7 18.41042 50.30438 -7 18.41042 50.30438 -7 18.20838 50.35853 -7 9.589576 48.04912 -7 9.791623 47.99499 -7 10 38.37676 -7 9.791623 47.99499 -7 10 47.97676 -7 10 47.97676 -7 10.20838 47.99499 -7 10.41042 48.04912 -7 10.91925 48.40541 -7 11.03923 48.57675 -7 11.12763 48.76633 -7 11.03923 49.77676 -7 17.79162 50.35853 -7 11.12763 49.58718 -7 17.58958 50.30438 -7 10.91925 49.9481 -7 10.91925 49.9481 -7 18 50.37676 -7 18.20838 50.35853 -7 10.77134 50.09601 -7 10.6 50.21599 -7 10.6 50.21599 -7 10.41042 50.30438 -7 10.20838 50.35853 -7 10.41042 50.30438 -7 18.41042 36.04912 -7 19.03923 49.77676 -7 18.91926 49.9481 -7 17.4 50.21599 -7 17.22866 50.09601 -7 17.08075 49.9481 -7 16.96077 49.77676 -7 11.12763 49.58718 -7 16.87237 49.58718 -7 16.81823 49.38514 -7 11.18177 48.96838 -7 16.8 49.17676 -7 11.2 49.17676 -7 11.18177 49.38514 -7 9.4 50.21599 -7 9.080747 49.9481 -7 9.228655 50.09601 -7 9.4 50.21599 -7 2.75 34.52676 6.5 2.75 34.52676 0 2.762312 34.52676 0.1564344 2.798943 34.52676 0.309017 2.858993 34.52676 0.4539905 2.940983 34.52676 0.5877853 24.85 34.52676 0.8 25.25 34.52676 6.5 3.15 34.52676 0.8 2.75 34.52676 6.5 3.042893 34.52676 0.7071068 24.89279 34.52676 0.7660444 25.01605 34.52676 0.6427876 25.11602 34.52676 0.5 25.18969 34.52676 0.3420202 25.23481 34.52676 0.1736481 25.25 34.52676 0 2.762312 51.82675 0.1564344 2.75 51.82675 0 2.75 51.82675 6.5 25.25 51.82675 6.5 25.25 51.82675 0 25.23769 51.82675 0.1564344 25.20106 51.82675 0.309017 25.14101 51.82675 0.4539905 25.05902 51.82675 0.5877853 3.042893 51.82675 0.7071068 2.940983 51.82675 0.5877853 24.95711 51.82675 0.7071068 24.85 51.82675 0.8 2.75 51.82675 6.5 3.15 51.82675 0.8 2.858993 51.82675 0.4539905 2.798943 51.82675 0.309017 25.25 51.82675 6.5 2.75 51.82675 6.5 25.25 46.77676 6.5 2.75 46.77676 6.5 18.22862 26.98767 5 18.43164 27.74534 5 14 28.52676 5 18.5 28.52676 5 18.43164 29.30818 5 16.89255 25.07956 5 17.4472 25.63421 5 17.89711 26.27676 5 14.78141 24.09512 5 15.53909 24.29814 5 16.25 24.62964 5 12.46091 24.29814 5 13.21858 24.09512 5 14 24.02676 5 10.5528 25.63421 5 11.10746 25.07956 5 11.75 24.62964 5 9.568366 27.74534 5 9.771384 26.98767 5 10.10289 26.27676 5 9.771384 30.06585 5 9.568366 29.30818 5 9.5 28.52676 5 11.10746 31.97396 5 10.5528 31.4193 5 10.10289 30.77676 5 13.21858 32.95839 5 12.46091 32.75537 5 11.75 32.42387 5 15.53909 32.75537 5 14.78141 32.95839 5 14 33.02676 5 17.4472 31.4193 5 16.89255 31.97396 5 16.25 32.42387 5 18.22862 30.06585 5 17.89711 30.77676 5 9.5 28.52676 1 9.568366 29.30818 5 9.568366 29.30818 1 9.771384 30.06585 5 9.771384 30.06585 1 10.10289 30.77676 5 10.10289 30.77676 1 10.5528 31.4193 5 10.5528 31.4193 1 11.10746 31.97396 5 11.10746 31.97396 1 11.75 32.42387 5 11.75 32.42387 1 12.46091 32.75537 5 12.46091 32.75537 1 13.21858 32.95839 5 13.21858 32.95839 1 14 33.02676 5 14 33.02676 1 14.78141 32.95839 5 14.78141 32.95839 1 15.53909 32.75537 5 15.53909 32.75537 1 16.25 32.42387 5 16.25 32.42387 1 16.89255 31.97396 5 16.89255 31.97396 1 17.4472 31.4193 5 17.4472 31.4193 1 17.89711 30.77676 5 17.89711 30.77676 1 18.22862 30.06585 5 18.22862 30.06585 1 18.43164 29.30818 5 18.43164 29.30818 1 18.5 28.52676 5 18.5 28.52676 1 18.43164 27.74534 5 18.43164 27.74534 1 18.22862 26.98767 5 18.22862 26.98767 1 17.89711 26.27676 5 17.89711 26.27676 1 17.4472 25.63421 5 17.4472 25.63421 1 16.89255 25.07956 5 16.89255 25.07956 1 16.25 24.62964 5 16.25 24.62964 1 15.53909 24.29814 5 15.53909 24.29814 1 14.78141 24.09512 5 14.78141 24.09512 1 14 24.02676 5 14 24.02676 1 13.21858 24.09512 5 13.21858 24.09512 1 12.46091 24.29814 5 12.46091 24.29814 1 11.75 24.62964 5 11.75 24.62964 1 11.10746 25.07956 5 11.10746 25.07956 1 10.5528 25.63421 5 10.5528 25.63421 1 10.10289 26.27676 5 10.10289 26.27676 1 9.771384 26.98767 5 9.771384 26.98767 1 9.568366 27.74534 5 9.568366 27.74534 1 9.5 28.52676 5 2.75 39.57675 1.5 25.25 39.57675 1.5 2.75 46.77676 1.5 25.25 46.77676 1.5 2.75 39.57675 6.5 25.25 39.57675 6.5 2.75 39.57675 1.5 25.25 39.57675 1.5 2.75 46.77676 1.5 25.25 46.77676 1.5 2.75 46.77676 6.5 25.25 46.77676 6.5</float_array>
          <technique_common>
            <accessor source="#solid_ʾ___link7_011-mesh-positions-array" count="4815" stride="3">
              <param name="X" type="float"/>
              <param name="Y" type="float"/>
              <param name="Z" type="float"/>
            </accessor>
          </technique_common>
        </source>
        <source id="solid_ʾ___link7_011-mesh-normals">
          <float_array id="solid_ʾ___link7_011-mesh-normals-array" count="13671">0 0 1 0.2189044 0.00357145 0.9757398 0.1317582 5.93375e-4 0.9912818 0.1087015 0.00179553 0.9940729 0.04259032 -0.002329647 0.9990899 0.03140193 3.92608e-4 0.9995068 0.4680911 0.008641719 0.883638 0.3985156 0.007464706 0.9171313 0.3739909 0.005129575 0.9274183 0.3412649 0.008616447 0.9399276 0.3012714 0.003713846 0.9535313 0.2804337 0.007692575 0.9598426 0.195677 0.002598881 0.980665 0.6432496 0.008092224 0.7656138 0.5796353 0.01189076 0.8147894 0.5521551 0.005898892 0.8337206 0.4556 0.004620313 0.8901727 0.8245419 0.01737576 0.5655341 0.782258 0.01551997 0.6227614 0.7634019 0.01001036 0.6458463 0.7389649 0.01744061 0.6735182 0.7112615 0.01006537 0.7028555 0.6951979 0.01720303 0.7186126 0.6343486 0.0134586 0.7729299 0.8250262 0.007783174 0.5650411 0.8800597 0.01123791 0.4747302 0.8930526 0.01933687 0.4495366 0.9270505 0.01227271 0.3747355 0.9235714 0.02033394 0.3828871 0.9500094 0.02263873 0.3113996 0.955223 0.01321226 0.2955921 0.9674295 0.0216372 0.2522139 0.9724854 0.01049804 0.2327274 0.9820059 0.0227856 0.1874709 0.99147 0.01042801 0.1299175 0.995563 0.02161574 0.09158116 0.9993073 0.01426982 0.03436988 0.9994331 0.02295839 0.02462917 -0.9819711 0.02156108 0.1877979 -0.9949425 0.01916533 0.09860181 -0.9896408 0.01445525 0.142836 -0.9988982 0.0196256 0.0426312 -0.9991638 0.01147079 0.03924632 -0.9712651 0.02082997 0.2370872 -0.9684653 0.01068437 0.2489192 -0.9538872 0.02228766 0.2993369 -0.9473702 0.01331156 0.3198636 -0.9233652 0.02220636 0.3832802 -0.9238496 0.008059144 0.3826711 -0.8958027 0.01263129 0.4442726 -0.8802669 0.02154368 0.4739895 -0.8578589 0.009442806 0.5137985 -0.8362346 0.01971536 0.5480175 -0.7880427 0.009802758 0.6155427 -0.7066428 0.01156395 0.707476 -0.7617056 0.01173442 0.6478171 -0.7976015 0.01830071 0.6029072 -0.5614028 0.01231801 0.827451 -0.633426 0.01134961 0.7737202 -0.5941026 0.007509052 0.8043543 -0.6969794 0.006818413 0.7170588 -0.519224 0.01085847 0.8545693 -0.5031735 0.005951106 0.864165 -0.4632191 0.01143562 0.88617 -0.4397194 0.005472838 0.8981186 -0.3823685 0.01004159 0.9239555 -0.3754022 0.003702044 0.9268547 -0.3115386 0.003934621 0.9502254 -0.2877561 0.008176088 0.9576689 -0.2370876 0.002836883 0.9714843 -0.2043625 0.005214631 0.9788815 -0.1383602 9.62211e-4 0.9903815 -0.1384667 0.003128826 0.9903622 -0.08068364 -6.50119e-4 0.9967396 -0.0350936 -8.17604e-5 0.9993841 -0.01638656 4.09216e-4 0.9998657 0.690545 0.7231984 0.01147967 0.6906749 0.7231384 0.006255745 0.6884191 0.7230713 0.05698293 0.6862927 0.7229788 0.07939857 0.6807652 0.7228434 0.1185593 0.6759127 0.7235119 0.1402589 0.6700288 0.7230847 0.167958 0.659681 0.7229697 0.2052701 0.4872512 0.7191412 0.4954012 0.5139921 0.7198725 0.4664715 0.5324043 0.7203056 0.4446409 0.5462578 0.7199299 0.4281395 0.5695776 0.7203188 0.3958817 0.5550352 0.7201417 0.4163317 0.5695782 0.7203195 0.3958795 0.5937817 0.7206152 0.3579626 0.6049659 0.7211208 0.3376405 0.5927358 0.720939 0.3590421 0.6049821 0.7211233 0.3376061 0.6254595 0.7212851 0.2975707 0.6345618 0.7217871 0.2763237 0.6385926 0.7220462 0.2661746 0.6596796 0.7229715 0.205268 0.6506542 0.722058 0.2351199 0.6586458 0.7225029 0.2101795 0.1983963 0.7124174 0.6731274 0.2366142 0.7133696 0.6596345 0.2629274 0.7140664 0.6488285 0.2821012 0.713932 0.6408745 0.3178691 0.7145228 0.6232306 0.2937922 0.7145142 0.6349454 0.3179066 0.7145261 0.6232078 0.3569204 0.7152449 0.6008599 0.3767939 0.7159042 0.5877991 0.354229 0.715849 0.6017326 0.376811 0.715905 0.5877871 0.4135147 0.7165576 0.5617392 0.4318622 0.7171795 0.546945 0.4478146 0.7179309 0.5329517 0.4836599 0.7187315 0.499498 0.01160907 0.7070608 0.7070575 0.02086746 0.7074161 0.7064893 0.05551666 0.7081895 0.7038364 0.07619518 0.7092609 0.7008162 0.1241311 0.7098822 0.6932955 0.14447 0.7109214 0.6882727 0.1928473 0.7120688 0.6751059 -0.02077591 0.707533 0.7063748 -0.00924915 0.7070751 0.707078 -0.04541164 0.7081744 0.7045757 -0.07044726 0.709641 0.7010327 -0.09482216 0.7100256 0.6977625 -0.1363378 0.711077 0.6897692 -0.3867549 0.7169529 0.5799994 -0.3459426 0.7160828 0.6062583 -0.3302298 0.7158356 0.6152461 -0.3342137 0.715085 0.6139664 -0.3302196 0.7158349 0.6152523 -0.2961565 0.7139877 0.6344391 -0.2761233 0.7140662 0.6433238 -0.2937721 0.7133183 0.6362979 -0.2761064 0.7140656 0.6433317 -0.2329235 0.7124995 0.6618846 -0.2120915 0.7125639 0.6687825 -0.2002955 0.7120825 0.6729192 -0.136359 0.711081 0.6897608 -0.1641794 0.7102219 0.6845656 -0.136114 0.7104868 0.6904212 -0.5761045 0.7211778 0.3847159 -0.5525415 0.7206472 0.4187667 -0.5369484 0.7205091 0.4388087 -0.5223811 0.7194057 0.4577919 -0.4977547 0.7190686 0.4849544 -0.481005 0.7183951 0.5025362 -0.4484462 0.7179836 0.5323492 -0.4298977 0.7172302 0.5484241 -0.3867453 0.7169536 0.5800048 -0.3871374 0.7163879 0.5804423 -0.363384 0.7160896 0.5959597 -0.6775148 0.7233558 0.1331545 -0.6664937 0.723369 0.1803427 -0.6615532 0.723205 0.1982976 -0.6641743 0.722499 0.1920101 -0.6615393 0.7232036 0.1983491 -0.6508347 0.7218915 0.2351315 -0.6426771 0.7221608 0.2558317 -0.6507318 0.7216932 0.2360236 -0.6426818 0.7221617 0.2558175 -0.6251264 0.7213353 0.2981483 -0.6150071 0.7215871 0.3179284 -0.6096564 0.7214182 0.3284431 -0.576114 0.7211791 0.384699 -0.5928407 0.7203119 0.360126 -0.5771577 0.720659 0.384109 -0.6905747 0.7230666 0.01677542 -0.6906499 0.7231665 0.005755603 -0.688427 0.7230696 0.05690968 -0.6862396 0.7229845 0.07980459 -0.6775237 0.7233548 0.1331143 -0.6784471 0.7228788 0.1309807 -0.6726986 0.7226834 0.1587621 0.02948713 0.001334667 0.9995643 -0.01987576 0 0.9998025 0.004867851 0.6046712 0.7964604 2.5697e-4 0.6044939 0.7966098 0.006487667 0.5658925 0.8244535 -4.0631e-4 0.5577279 0.8300237 0.008069157 0.490437 0.8714394 -3.23657e-4 0.4851129 0.8744516 0.004608869 0.4208053 0.9071394 -3.35657e-4 0.4133137 0.9105887 0.006351172 0.3437634 0.9390348 -4.94166e-4 0.3335865 0.9427194 0.002913534 0.2672144 0.9636327 -5.79524e-4 0.2497054 0.9683217 0.004287183 0.1881278 0.9821352 -8.58191e-4 0.1658406 0.9861523 0.001284182 0.09864759 0.9951216 -8.53415e-4 0.0791583 0.9968617 4.56201e-4 0.02656692 0.999647 -0.003076195 -0.01058399 0.9999393 -4.15229e-4 0.02948182 0.9995653 0.003703236 0.008139371 0.9999601 -0.001154482 0.08949822 0.9959864 0.002928376 0.07610237 0.9970957 -0.004033327 0.1739957 0.9847382 0.002712607 0.1627913 0.9866568 -0.002912104 0.2506335 0.9680776 0.002333819 0.2482612 0.9686903 -0.006354153 0.3302184 0.9438832 0.00189954 0.3305697 0.9437797 -0.004606902 0.405152 0.9142378 0.001368522 0.4119521 0.9112046 -0.008316755 0.4779117 0.8783686 0.001072585 0.4884844 0.872572 -0.006492435 0.5539937 0.8324956 4.63569e-4 0.5627796 0.826607 -0.003418624 0.6018813 0.7985783 2.81993e-4 0.6064063 0.7951549 0 1 0 0 1 6.68682e-6 0 1 4.85306e-6 0 1 -7.64234e-5 0 1 5.10564e-6 0 1 -1.95571e-5 0 1 -4.45389e-6 0 1 -1.2969e-5 0 1 5.24137e-6 0 1 6.52316e-5 0 1 -8.29109e-6 0 1 7.51428e-5 0 1 -1.60088e-5 0 1 4.22779e-6 0 1 -1.04801e-5 0 1 6.78187e-6 0 1 -3.79477e-6 0 1 -2.78341e-5 0 1 1.49248e-5 0 1 1.24554e-5 0 1 1.68419e-6 0 1 6.62355e-6 0 1 -3.33841e-6 0 1 6.75824e-6 0 1 9.48699e-6 0 1 -6.86537e-6 0 1 8.95472e-6 0 1 -6.39471e-6 0 1 -7.04949e-5 0 1 -1.59291e-5 0 1 1.15225e-5 0 1 9.2553e-5 0 1 -4.08272e-5 0 1 7.68243e-6 0 1 -1.02431e-5 -0.001816987 0.5978641 0.8015955 0.001719951 0.598069 0.8014429 -0.002602398 0.5686852 0.8225512 0.005440711 0.6008262 0.7993614 0.008249044 0.5973682 0.8019248 0.01487582 0.5688032 0.8223391 -0.002768456 0.5224902 0.8526408 0.00340265 0.5080609 0.8613145 -0.003115296 0.4652675 0.8851647 0.002949237 0.4402568 0.8978672 0.007968127 0.3874584 0.9218528 0.002070963 0.380259 0.9248777 0.01343977 0.3410173 0.939961 -0.004406869 0.3339576 0.9425778 -0.001539528 0.2932135 0.9560458 0.00185585 0.2771072 0.9608373 -0.001538991 0.2297019 0.9732599 0.001354813 0.2023262 0.9793173 0.007402718 0.1452139 0.9893726 7.70293e-4 0.1374709 0.9905056 0.01136398 0.09573721 0.9953418 -0.004551291 0.08823448 0.9960894 -2.56349e-4 0.05230271 0.9986313 2.6982e-4 0.04012614 0.9991946 -8.24679e-5 0.01236301 0.9999236 4.85245e-5 0.007115423 0.9999748 0 -0.7071479 0.7070657 2.06247e-5 -0.7070803 0.7071333 1.75907e-5 -0.7072101 0.7070034 -1.48257e-5 -0.7071872 0.7070263 -1.2446e-5 -0.7070485 0.7071651 0 -0.7071195 0.7070941 0 -0.7070722 0.7071413 7.99851e-6 -0.7070684 0.7071452 1.58846e-5 -0.7071915 0.7070221 -2.13607e-5 -0.7070538 0.7071598 -1.75882e-5 -0.707098 0.7071156 2.47751e-6 -0.7070708 0.7071429 -7.76831e-6 -0.7072062 0.7070074 -1.17068e-5 -0.7071383 0.7070752 -1.15102e-5 -0.7071112 0.7071023 -7.27222e-6 -0.7067722 0.7074413 -3.71323e-5 -0.7072464 0.7069672 -1.53831e-5 -0.7072218 0.7069919 -4.22135e-5 -0.7073907 0.7068228 -5.28079e-5 -0.7074584 0.706755 5.28977e-5 -0.7073581 0.7068555 4.06083e-5 -0.7072904 0.7069233 7.45342e-6 -0.7071214 0.7070921 7.27229e-6 -0.7067649 0.7074486 3.66702e-5 -0.7072391 0.7069745 2.37299e-5 -0.707428 0.7067855 -1.32844e-6 -0.7070896 0.7071241 -2.73121e-5 0.707004 0.7072096 -5.2949e-6 0.7071872 0.7070263 -6.99651e-6 0.7069617 0.7072519 -1.06142e-5 0.7071989 0.7070146 1.75889e-5 0.7071398 0.7070739 4.31236e-6 0.7071241 0.7070896 -7.25168e-6 0.7071197 0.7070939 0 0.7070984 0.7071152 0 0.7071096 0.7071039 4.65109e-5 0.70708 0.7071337 2.3726e-5 0.7073112 0.7069023 -2.24081e-5 0.7069738 0.7072398 -2.00437e-5 0.7069736 0.7072399 -1.51811e-5 0.7069938 0.7072198 -1.69678e-5 0.7069938 0.7072197 -5.08354e-5 0.7068258 0.7073877 -9.08975e-6 0.7070481 0.7071655 -4.75193e-5 0.7069118 0.7073018 -1.28201e-4 0.7069031 0.7073104 2.91589e-5 0.7069517 0.7072619 2.49114e-5 0.7069854 0.7072281 6.03108e-6 0.7071207 0.7070929 3.97984e-5 0.706799 0.7074145 2.161e-5 0.707036 0.7071776 -7.99376e-6 0.7071814 0.7070322 0.375069 0.361 0.8538163 0.383239 0.3964318 0.834248 0.4025148 0.3596336 0.841811 0.2046862 0.2956739 0.9331027 0.2176686 0.3263297 0.9198529 0.2556387 0.3225266 0.9113866 0.1391153 0.2315545 0.9628237 0.149327 0.2708793 0.9509606 0.177452 0.2635375 0.9481871 0.1109292 0.2056294 0.9723227 0.1016195 0.1901168 0.9764882 0.09795826 0.2049021 0.9738683 0.08713936 0.1612511 0.9830589 0.07992047 0.1338732 0.9877706 0.05350619 0.1352862 0.9893608 1.89965e-4 0.1303943 0.9914623 0.007961034 0.3735244 0.9275863 0.01382285 0.5870797 0.8094112 0.5350451 0.3173097 0.7829696 0.5268011 0.3212837 0.7869292 0.4845867 0.3505301 0.8014391 0.570832 0.2430291 0.7842754 0.5810317 0.2768322 0.7653536 0.5341277 0.2691296 0.8014218 0.5281831 0.3036357 0.7929868 0.4550316 0.3780832 0.8062255 0.4604008 0.3854453 0.7996643 0.4905045 0.3436097 0.8008357 0.5688976 0.2914288 0.7690417 0.02646583 0.6030195 0.7972874 0.06487762 0.5849741 0.808453 0.07020205 0.5899521 0.8043808 0.1138409 0.5774456 0.8084534 0.1147688 0.5763976 0.8090698 0.1619989 0.5658262 0.8084536 0.1715556 0.5780584 0.7977576 0.2090084 0.5501989 0.8084533 0.2176531 0.5600994 0.7993223 0.2545371 0.5306733 0.8084534 0.265859 0.5358619 0.8013559 0.2982696 0.5072257 0.8085526 0.3109686 0.5176995 0.7970482 0.3398748 0.4805089 0.8084531 0.3501332 0.4881724 0.7994337 0.3790792 0.4502251 0.808453 0.3914352 0.4535218 0.8006851 0.4170534 0.40906 0.8116258 0.4308175 0.424042 0.7966082 3.58581e-4 0.01249086 0.999922 -0.003037452 0.05482178 0.9984916 0.001216948 0.01232039 0.9999234 0.006021797 0.05782175 0.9983088 0.00268346 0.01465243 0.9998891 0.0108633 0.05711072 0.9983088 0.004459559 0.01359039 0.9998977 0.01807141 0.05955499 0.9980615 0.0148136 0.006712138 0.9998678 0.02776741 0.02999478 0.9991643 0.04593962 0.07897526 0.9958175 0.1299856 0.262264 0.9562016 0.1940445 0.3207159 0.9270858 0.3465233 0.4017018 0.8476775 0.4359437 0.3538394 0.8274967 0.5197799 0.3252959 0.7899439 0.4748763 0.3418598 0.8109406 0.4629271 0.3428174 0.8174197 0.01421207 0.1324889 0.9910826 0.02528929 0.1308693 0.991077 0.03852045 0.1307671 0.9906646 0.05172979 0.1065168 0.9929645 0.008551597 0.2158042 0.9763992 0.0233584 0.2147704 0.9763852 0.04133754 0.2120454 0.9763852 0.05901318 0.2078632 0.9763761 0.07942032 0.2049124 0.9755529 0.1126645 0.1811929 0.9769729 0.005157351 0.293861 0.9558343 0.03237229 0.295457 0.9548075 0.05711811 0.2916446 0.9548199 0.08143097 0.2858525 0.9548076 0.1051817 0.2779922 0.9548075 0.04117184 0.3740248 0.9265044 0.07245123 0.3693219 0.926473 0.1032844 0.3617904 0.9265205 0.1333236 0.351956 0.9264727 0.1624515 0.3394526 0.9264888 0.01827538 0.4524806 0.891587 0.04964333 0.4500409 0.8916271 0.08734226 0.4441896 0.8916653 0.1243654 0.4353553 0.8916273 0.1605436 0.423312 0.8916461 0.195569 0.408355 0.8916272 0.229217 0.3904621 0.8916272 0.2645823 0.3694994 0.8907674 0.2922318 0.360935 0.8856221 0.326303 0.3431633 0.8807754 0.01215356 0.5229191 0.8522958 0.05779641 0.5228067 0.8504897 0.1015273 0.5161734 0.8504453 0.1445989 0.5057259 0.8504897 0.1865999 0.4918575 0.8504451 0.2273019 0.4744231 0.850445 0.2663944 0.4535426 0.8504899 0.3035977 0.4296172 0.8504456 0.09816068 0.5139115 0.8522086 0.1582736 0.5073176 0.8471 0.009517669 0.1168841 0.9931 0.02989637 0.01548987 0.999433 0.06694936 0.03415113 0.9971718 0.1129701 0.0486623 0.9924061 0.03185409 0.01462948 0.9993855 0.1071683 0.06476503 0.9921293 0.02484858 0.01536023 0.9995732 0.09843134 0.07740134 0.9921292 0.02273339 0.01827871 0.9995745 0.08821129 0.08887171 0.9921294 0.02445173 0.02511632 0.9993855 0.07662057 0.09898495 0.9921348 0.01765191 0.02327579 0.9995733 0.06392198 0.1076229 0.9921348 0.0146687 0.02526199 0.9995733 0.05030059 0.1146706 0.9921293 0.01376962 0.0322352 0.9993855 0.03587901 0.1199672 0.9921293 0.008054494 0.02803647 0.9995745 0.02088868 0.1234195 0.9921348 0.004650771 0.02892684 0.9995708 0.002022087 0.03500264 0.9993852 0.01915091 0.2524462 0.9674214 0.02861309 0.3977555 0.9170452 0.04469186 0.5315332 0.8458577 0.2777766 0.4529888 0.8471372 0.2188875 0.4771246 0.8511407 0.3803145 0.3710277 0.8471715 0.328618 0.4089754 0.8513221 0.4596737 0.2664243 0.8471825 0.4184504 0.3162122 0.851416 0.5293034 0.2116692 0.8216046 0.4790012 0.2306531 0.8469694 0.4517311 0.1950485 0.8705719 0.378633 0.1796054 0.9079532 0.4253184 0.1606541 0.8906709 0.3834373 0.1441228 0.9122524 0.2521178 0.0788266 0.9644807 0.2728449 0.09008723 0.957831 0.2501893 0.1112632 0.9617827 0.2960696 0.1051726 0.9493586 0.3358879 0.1242438 0.9336717 0.01515275 0.00170058 0.9998838 0.06707334 0.01513135 0.9976333 0.100691 0.03088468 0.9944383 0.1193756 0.03128343 0.9923563 0.1602247 0.04225534 0.9861757 0.1949536 0.06097912 0.978915 0.07093769 0.4010439 0.9133081 0.1195135 0.3893384 0.9133084 0.166328 0.3717998 0.9132907 0.2106059 0.3486328 0.9132909 0.2517138 0.3202205 0.9132902 0.2890318 0.2869866 0.9132905 0.3220002 0.2494315 0.9132906 0.3501218 0.2081239 0.9132904 0.04560393 0.2610486 0.964248 0.0772618 0.2535325 0.9642364 0.1076894 0.2421354 0.9642477 0.1365294 0.2271248 0.964248 0.1632706 0.2086779 0.9642595 0.1876876 0.1871399 0.9642365 0.209191 0.162747 0.9642367 0.2275003 0.135905 0.9642477 -0.007034897 -0.01897758 0.9997952 -0.006821036 -0.0274176 0.9996009 0.01125347 -4.10093e-4 0.9999366 -0.02810561 -0.002639472 0.9996015 -0.02768421 -0.005775272 0.9996001 -0.01457142 -0.01404535 0.9997952 -0.01861536 -0.01432967 0.999724 -0.01108044 -0.01693582 0.9997952 -0.0105552 -0.02098691 0.9997241 -0.0173316 -0.01045078 0.9997953 -0.01495987 -0.01811236 0.9997241 -0.02133786 -0.009827613 0.999724 -0.02687162 -0.008840501 0.9995998 -0.003915011 -0.05210667 0.9986339 -0.004147529 -0.03732371 0.9992947 -0.003147661 0.0193066 0.9998087 2.06139e-4 -0.04964566 0.9987669 3.17273e-4 0.5601037 0.8284226 6.56286e-4 0.4810821 0.8766754 8.50677e-4 0.3970294 0.9178055 9.60943e-4 0.3092334 0.9509857 0.001077353 0.2186716 0.975798 0.001127362 0.1266713 0.9919442 7.31044e-4 0.03197664 0.9994884 0.002563655 -0.03493124 0.9993864 -1.59663e-4 0.5590024 0.8291661 -0.001051783 0.4844114 0.8748398 -2.61391e-4 0.4773797 0.8786972 -0.001415312 0.39875 0.9170587 -3.74367e-4 0.3907412 0.9205005 -0.001754879 0.3109533 0.9504237 -4.8316e-4 0.3000828 0.953913 -0.002059102 0.2205549 0.9753724 -5.89623e-4 0.2066287 0.9784193 -0.002291202 0.1284404 0.9917147 -6.96708e-4 0.1116576 0.9937465 6.20231e-5 0.0234673 0.9997247 -0.9864981 -0.1516918 0.06173473 -0.973465 -0.2203018 0.0619117 -0.9614846 -0.1970942 0.191576 -0.8917478 -0.4494075 0.05309295 -0.8647285 -0.5010257 0.03489756 -0.8471452 -0.4978845 0.1856232 -0.8279876 -0.5572224 0.06276893 -0.7874941 -0.614212 0.05095893 -0.7889327 -0.5835177 0.1925939 -0.6153514 -0.7860161 0.05934059 -0.5585746 -0.8265818 0.06897193 -0.5634558 -0.8041964 0.1891714 -0.3424729 -0.9383446 0.0471369 -0.2881737 -0.9569421 0.03489732 -0.2743617 -0.9445706 0.1803116 -0.2221168 -0.9730199 0.06242108 -0.1535479 -0.9864217 0.05826908 -0.1723355 -0.9660944 0.1922551 0.08954477 -0.9944331 0.05553901 0.1479167 -0.9883842 0.03489267 0.1496409 -0.9708156 0.1874157 0.2132843 -0.9749955 0.06239956 0.2738009 -0.9611535 0.0348888 0.2599569 -0.9486351 0.1803162 0.3339878 -0.9413981 0.04713547 0.388525 -0.9207773 0.03489506 0.365002 -0.9163887 0.1643329 0.5042367 -0.8614284 0.0607168 0.5630555 -0.8238222 0.0654639 0.538737 -0.820645 0.1905372 0.7462681 -0.6637395 0.05033749 0.7839137 -0.6198884 0.03489661 0.7759663 -0.6035631 0.1832701 0.8228996 -0.5647121 0.06274282 0.8608039 -0.5059933 0.05465912 0.8338719 -0.5172724 0.1925802 0.957446 -0.2828049 0.05760741 0.9735224 -0.2259128 0.03489297 0.9571927 -0.2195513 0.1886252 0.9850813 -0.1606271 0.06175619 0.9944916 -0.09884309 0.0348798 0.9782022 -0.1089985 0.176748 -0.002878248 -0.02265501 0.9997393 -0.003920793 -0.02152347 0.9997608 -0.02463972 -0.1609809 0.9866499 1.4776e-7 -0.03567373 0.9993636 -0.001227438 -0.02142834 0.9997697 -0.006912589 -0.1642116 0.9864009 0.003889739 -0.03547835 0.999363 3.90884e-4 -0.007236123 0.9999738 0.01092922 -0.1639938 0.9864009 0.01912796 -0.007333457 0.9997902 0.01831459 -0.009385824 0.9997883 0.1582532 -0.07150357 0.9848062 0.1495943 -0.08819288 0.9848064 0.3110466 -0.1422873 0.9396832 0.2938396 -0.1750844 0.9396828 0.454365 -0.2087153 0.8660199 0.4291377 -0.2566202 0.8660179 0.5839092 -0.2688514 0.7660084 0.5514024 -0.3303716 0.7660353 0.6956619 -0.3207269 0.6427977 0.6569185 -0.3940941 0.6427659 0.7862991 -0.3628848 0.5000486 0.7424826 -0.4458982 0.4998946 0.8530747 -0.3941373 0.341935 0.8054608 -0.4840626 0.3419305 0.8922601 -0.4221057 0.1603083 0.01457089 -0.01477724 0.9997847 0.0129525 -0.01626694 0.9997838 0.1136029 -0.1313401 0.9848067 0.0987364 -0.1428548 0.9848064 0.2225549 -0.2597445 0.9396819 0.1931616 -0.2822341 0.9396982 0.3247277 -0.3801698 0.8660387 0.2817228 -0.4130889 0.8660196 0.4170548 -0.48918 0.766008 0.3617199 -0.5313588 0.7660396 0.4966944 -0.5832144 0.6427719 0.4307293 -0.6334686 0.6427984 0.5612512 -0.6595367 0.5000085 0.4866519 -0.7163569 0.5000028 0.6087503 -0.7158557 0.3420142 0.5277842 -0.7774774 0.342013 0.6302795 -0.7578884 0.1683833 -0.01702553 -0.3415797 0.9396986 -0.05385881 -0.3377403 0.9396972 -0.02571469 -0.4993489 0.8660193 -0.07955235 -0.4936431 0.8660185 -0.03360396 -0.6419188 0.7660359 -0.1028076 -0.6345193 0.7660392 -0.04048442 -0.7649964 0.6427609 -0.1229526 -0.7561293 0.6427685 -0.04614973 -0.8648381 0.4999253 -0.1393242 -0.8547375 0.5000126 -0.05036848 -0.9383619 0.3419649 -0.1515493 -0.9274233 0.3419339 -0.06246215 -0.9846439 0.163018 -0.008365809 -0.01772546 0.999808 -0.01023066 -0.01676344 0.9998072 -0.07992321 -0.1541208 0.9848142 -0.09616285 -0.1446004 0.9848063 -0.1589173 -0.3028869 0.9396834 -0.1906946 -0.2839102 0.9396971 -0.2330039 -0.4423961 0.8660224 -0.2794816 -0.4146165 0.8660158 -0.3000262 -0.5684765 0.766041 -0.3597415 -0.5327101 0.7660328 -0.3579207 -0.6772776 0.6427969 -0.4290125 -0.6345986 0.642832 -0.4049893 -0.7655197 0.4999632 -0.4853781 -0.7172424 0.4999714 -0.4396361 -0.8304758 0.342097 -0.5269305 -0.7780737 0.3419731 -0.4710807 -0.8653524 0.1710216 -0.01362872 -0.01428204 0.9998051 -0.01508563 -0.01276701 0.9998047 -0.1249975 -0.120547 0.9848066 -0.137299 -0.1063258 0.9848065 -0.2472665 -0.2362769 0.9396982 -0.2713614 -0.2081577 0.9396986 -0.3620724 -0.3448427 0.8660179 -0.3972323 -0.3036732 0.8660192 -0.4658023 -0.4429137 0.7660651 -0.5109952 -0.3899572 0.76604 -0.5554723 -0.5275416 0.6427679 -0.6092519 -0.4643932 0.6427683 -0.6282454 -0.5961319 0.4999347 -0.689022 -0.5247104 0.4999278 -0.6818182 -0.6466208 0.3420607 -0.7478149 -0.5690836 0.3419309 -0.7222909 -0.6734029 0.1575579 -0.0185641 -0.007430911 0.9998001 -0.0192731 -0.005432248 0.9997996 -0.1640601 -0.05691939 0.9848069 -0.1692545 -0.03884786 0.9848065 -0.3236225 -0.1106152 0.9396982 -0.3337309 -0.07496303 0.939683 -0.4734035 -0.1609404 0.8660181 -0.4880703 -0.1087986 0.8659968 -0.6087237 -0.2063929 0.7660662 -0.6275092 -0.1393524 0.7660374 -0.7256434 -0.2455466 0.6427663 -0.7479053 -0.1656678 0.6428001 -0.8204944 -0.277238 0.499928 -0.8456323 -0.1869198 0.499967 -0.890334 -0.3005512 0.3420153 -0.9176297 -0.2025075 0.3419742 -0.9375936 -0.3057084 0.1657121 0.02025133 -9.41159e-4 0.9997945 0.16273 -0.003548681 0.9866643 0.172798 -0.01722824 0.9848067 0.3341771 -0.007474064 0.9424807 0.3401967 -0.03552192 0.9396831 0.518194 -0.008986651 0.8552159 0.4972596 -0.05273795 0.8659976 0.6371254 -0.01691484 0.7705746 0.6391864 -0.06833326 0.7660101 0.7593404 -0.01752215 0.6504576 0.7616547 -0.08181118 0.642798 0.8749614 -0.01575183 0.4839364 0.86107 -0.0929026 0.4999276 0.9363913 -0.02527123 0.3500469 0.9342431 -0.1010688 0.3420162 0.9801462 -0.02683454 0.196452 0.9982803 -0.03090745 0.04981166 0.02013885 -0.003134846 0.9997923 0.1698859 -0.03577929 0.984814 0.3343636 -0.07209497 0.9396826 0.4886116 -0.106163 0.8660185 0.628053 -0.1370407 0.7660087 0.7483648 -0.1637076 0.6427675 0.8459764 -0.1854541 0.4999309 0.9178382 -0.2014844 0.3420195 0.9361191 -0.3489699 0.04360073 0.9286835 -0.3199797 0.1875106 0.8906733 -0.2995389 0.3420197 0.820928 -0.2757479 0.5000404 0.7262601 -0.2436337 0.6427977 0.6095517 -0.2041391 0.7660117 0.4742698 -0.1583685 0.8660182 0.3246391 -0.1078577 0.9396681 0.1650548 -0.05397188 0.9848066 0.0197224 -0.005228638 0.9997918 0.9140308 -0.4041416 0.03488975 0.8889271 -0.4555101 0.04815793 0.7484047 -0.5682778 0.3419808 0.6899172 -0.5235282 0.4999325 0.6104652 -0.4628407 0.6427369 0.5124621 -0.3880838 0.7660114 0.3988608 -0.3014725 0.8660396 0.2731875 -0.2058271 0.9396829 0.1391814 -0.1038495 0.9848065 0.01726746 -0.01131486 0.999787 0.7012768 -0.711555 0.04359281 0.7086173 -0.6821802 0.1802546 0.6825703 -0.6458961 0.3419299 0.6292702 -0.594991 0.5000048 0.5568369 -0.5260629 0.6427991 0.4674901 -0.4411791 0.766038 0.3639388 -0.3428677 0.8660199 0.2493184 -0.2341119 0.9396979 0.1271375 -0.1182876 0.9848067 0.01600921 -0.01308852 0.9997863 0.6563674 -0.7536341 0.03489297 0.6090043 -0.7908087 0.06111788 0.4411845 -0.8963567 0.04360067 0.4546269 -0.8700569 0.1905661 0.4406307 -0.8299848 0.3420088 0.4063367 -0.7648045 0.4999647 0.3597087 -0.6763607 0.6427643 0.3021483 -0.5673566 0.7660373 0.2354077 -0.4411293 0.8660186 0.1615119 -0.3015596 0.9396679 0.08271312 -0.1526919 0.9848065 0.01117724 -0.01758503 0.999783 0.009264051 -0.01871228 0.999782 0.06571823 -0.1607409 0.9848063 0.1279729 -0.3171643 0.9396967 0.1863335 -0.4639953 0.8660187 0.239037 -0.5966971 0.7660379 0.2844839 -0.711248 0.6428025 0.3212544 -0.8042817 0.4999265 0.3482956 -0.8727808 0.3419706 0.251891 -0.9053182 0.3419796 0.2324616 -0.8342207 0.5000375 0.2059142 -0.7378433 0.642796 0.1731349 -0.6190018 0.7660686 0.1350749 -0.4814196 0.8660197 0.09292161 -0.3291847 0.9396824 0.04795408 -0.166902 0.9848067 0.01014769 -0.03263044 0.9994161 0.004141151 -0.01959311 0.9997995 0.03021818 -0.1728032 0.9844927 0.05678433 -0.3373038 0.9396818 0.08223074 -0.493207 0.8660167 0.1051585 -0.6341689 0.7660101 0.124917 -0.7558112 0.6427638 0.1408616 -0.8545163 0.4999601 0.1525059 -0.9272704 0.3419232 0.02146881 -0.9988184 0.04359889 0.04609501 -0.9815747 0.1854359 0.05138415 -0.938304 0.3419728 0.04765367 -0.864728 0.4999745 0.04246747 -0.7648843 0.6427662 0.03599673 -0.6417894 0.7660358 0.02842557 -0.4992027 0.866019 0.02000528 -0.3414177 0.9396988 -0.03866076 -0.998643 0.03489482 -0.09665799 -0.9939311 0.05251842 -0.2508544 -0.9055761 0.3420585 -0.2309013 -0.834653 0.5000391 -0.2039586 -0.738387 0.6427951 -0.170782 -0.619661 0.7660638 -0.1324605 -0.4821493 0.8660175 -0.09005784 -0.3299359 0.9396979 -0.04495579 -0.1677328 0.984807 -0.002729773 -0.009780585 0.9999485 -0.4022738 -0.9144811 0.04359203 -0.3719972 -0.9111794 0.1771165 -0.3473787 -0.8731633 0.3419269 -0.3198448 -0.8048178 0.4999679 -0.2826207 -0.7120198 0.6427701 -0.2368078 -0.5975842 0.7660387 -0.1838476 -0.465027 0.8659965 -0.1252046 -0.318266 0.9396971 -0.06283062 -0.1618916 0.9848064 -0.006432473 -0.01851338 0.9998079 -0.4585285 -0.8879938 0.03490984 -0.5112785 -0.8569295 0.06531739 -0.6700169 -0.7410644 0.04359853 -0.6404688 -0.7443078 0.1892238 -0.6079404 -0.7165448 0.342012 -0.5601192 -0.6605625 0.4999237 -0.4951463 -0.584499 0.6427994 -0.415258 -0.4907011 0.7660112 -0.3226216 -0.3819532 0.8660411 -0.2202718 -0.2616275 0.9396975 -0.1112311 -0.133355 0.9848067 -0.01197791 -0.01560199 0.9998065 -0.71267 -0.7006312 0.03489327 -0.7506451 -0.6592543 0.04377228 -0.01646512 -0.01113188 0.9998025 -0.1479893 -0.09085696 0.9848067 -0.2923238 -0.1776003 0.9396835 -0.4276937 -0.2589449 0.8660403 -0.5501261 -0.3324251 0.7660645 -0.6558928 -0.3957984 0.6427662 -0.7417123 -0.4471389 0.4999296 -0.8049088 -0.4849197 0.3420159 -0.9202613 -0.3888687 0.04359561 -0.8953819 -0.4059662 0.1829835 -0.8526194 -0.395051 0.3420159 -0.7856497 -0.3643473 0.5000058 -0.6948425 -0.3225629 0.6427652 -0.5828801 -0.2709913 0.7660383 -0.4532273 -0.2111806 0.8660184 -0.3098168 -0.1449533 0.9396819 -0.1569484 -0.07432341 0.9848062 -0.01758033 -0.009335517 0.9998019 -0.9425418 -0.3322614 0.03489261 -0.9595971 -0.2755759 0.05684602 -0.9959239 -0.07896 0.04360073 -0.9762968 -0.1006932 0.1915872 -0.934163 -0.1020863 0.3419325 -0.8608602 -0.09441566 0.5000056 -0.7614938 -0.08379471 0.642733 -0.6388962 -0.07069003 0.7660382 -0.4969335 -0.05540925 0.8660179 -0.3398826 -0.03844022 0.939682 -0.1724637 -0.02031975 0.9848063 -0.01980686 -0.003361344 0.9997982 -0.02078688 -0.001582264 0.9997827 -0.187307 -0.004882514 0.9822894 -0.3575837 -0.008737325 0.9338403 -0.5112703 -0.0123443 0.8593314 -0.6504673 -0.01561754 0.7593737 -0.7753046 -0.01838564 0.6313198 -0.8768874 -0.01805448 0.4803569 -0.9446483 -0.02216339 0.3273355 -0.9874373 -0.02305018 0.1563209 -0.9986845 -0.02703338 0.04357069 -0.02745407 0.002656698 0.9996196 0.02803426 -0.003691256 0.9996002 0.008446097 -0.01839464 0.9997951 0.007376968 -0.02230322 0.9997241 -0.002513885 0.02921968 0.9995699 0.005775749 -0.0275408 0.9996041 0.01232552 -0.0160523 0.9997952 -0.01859468 0.02247482 0.9995745 0.01632386 -0.01689392 0.9997241 -0.02120667 0.02002841 0.9995745 0.01558858 -0.01290655 0.9997952 -0.006928801 0.03436177 0.9993855 -0.00922954 0.02780526 0.9995708 0.01215463 -0.02010232 0.9997241 -0.01257097 0.02636891 0.9995733 -0.01883536 0.02956312 0.9993855 0.02740406 -0.006793677 0.9996014 0.02197098 -0.008068144 0.9997261 -0.02571797 0.01422137 0.9995681 0.0210157 -0.01059383 0.999723 -0.02699595 0.01105093 0.9995745 0.01967346 -0.01283836 0.9997241 -0.02551585 0.01439642 0.9995707 -0.02821576 0.02079981 0.9993855 -0.2970966 0.5069864 0.8091345 -0.2673183 0.4494153 0.8523889 -0.2146027 0.493128 0.8430721 -0.5105034 0.2989244 0.8062447 -0.4597355 0.2661787 0.8472262 -0.4232376 0.3312319 0.8433004 -0.4206798 0.1663301 0.8918312 -0.368022 0.1442416 0.9185609 -0.3668336 0.1750254 0.9136735 -0.0925762 0.01350474 0.995614 -0.01063013 0.1274086 0.9917934 -0.02356034 0.1229813 0.9921293 -0.03845226 0.119122 0.9921348 -0.05275028 0.1135173 0.9921347 -0.06625688 0.1062518 0.9921294 -0.07875984 0.09729063 0.9921348 -0.09008193 0.08691358 0.9921348 -0.1000466 0.07522863 0.9921348 -0.1085058 0.06241124 0.9921348 -0.1177316 0.05027115 0.9917722 -0.06926351 0.03411298 0.9970151 -0.1063717 0.02521979 0.9940066 -0.2447162 0.0739116 0.9667736 -0.2118929 0.06271821 0.9752783 -0.1279575 0.04176896 0.9908998 -0.1219498 0.03236961 0.9920083 -0.3387554 0.1281334 0.9321088 -0.2510901 0.111613 0.9615074 -0.3060055 0.1082095 0.9458602 -0.2758475 0.09236383 0.9567534 -0.4510974 0.1946593 0.8709873 -0.5420697 0.2716295 0.7952219 -0.5935128 0.2518119 0.7644171 -0.5531489 0.2496252 0.7948042 -0.5337337 0.2324337 0.8130823 -0.4544276 0.2231457 0.8623813 -0.5000608 0.2112216 0.8398362 -0.4132018 0.4172266 0.8094357 -0.4529525 0.389055 0.8021661 -0.493108 0.3458495 0.7982686 -0.3677204 0.3704751 0.8529537 -0.3290073 0.4251144 0.843227 -0.3832302 0.4634112 0.7989898 -0.3400385 0.4879059 0.8039414 -0.1623552 0.5654009 0.8086796 -0.2064582 0.5549001 0.8058915 -0.2559466 0.545654 0.7979681 -0.1507302 0.5022836 0.8514644 -0.09296864 0.5231764 0.8471384 -0.1117621 0.5932797 0.7972005 -0.06277966 0.5975279 0.7993868 -0.03590792 0.5337627 0.8448716 -0.02080208 0.6031804 0.7973335 -0.03092241 0.4173825 0.9082047 -0.02158707 0.2732158 0.9617106 -0.3515439 0.205711 0.9132908 -0.3236903 0.2471692 0.9133083 -0.2909994 0.284991 0.9132905 -0.2539031 0.3184356 0.9133084 -0.212998 0.347131 0.9133083 -0.1688819 0.3706468 0.9132907 -0.1222328 0.3884937 0.9133083 -0.07373958 0.4005382 0.9133081 -0.2290359 0.133382 0.9642364 -0.2109591 0.1603811 0.964248 -0.1897464 0.1850529 0.9642363 -0.165649 0.2068488 0.964248 -0.139072 0.2255769 0.964248 -0.1103949 0.2410049 0.9642249 -0.08007085 0.2526159 0.9642479 -0.04853343 0.2605199 0.9642478 -0.005445241 0.5347139 0.8450157 -0.001059472 0.3070951 0.9516783 -0.04430592 0.07642525 0.9960905 -0.04852753 0.1298177 0.9903498 -0.03755939 0.1233464 0.9916527 -0.1493589 0.2345772 0.9605547 -0.1548541 0.2681472 0.9508509 -0.1309838 0.2644 0.9554768 -0.3651676 0.3479984 0.8634522 -0.3733226 0.3769904 0.8476489 -0.3384177 0.3907012 0.8560525 -0.5081037 0.3283626 0.7962466 -0.5284295 0.3222349 0.785447 -0.4849809 0.3466942 0.8028679 -0.4600224 0.376329 0.8042113 -0.4163843 0.4110456 0.810966 -0.3795538 0.4498242 0.8084536 -0.3403817 0.4801493 0.8084535 -0.298798 0.5070728 0.8084535 -0.2550964 0.5304045 0.8084535 -0.2095556 0.5499539 0.8084784 -0.1625651 0.5656285 0.8084782 -0.1145641 0.5774419 0.8083539 -0.06549495 0.5849046 0.8084535 -0.02784723 0.5934718 0.8043729 -0.538862 0.3158327 0.7809464 -0.5561497 0.3027741 0.7739674 -0.5699908 0.2889484 0.769168 -0.5969214 0.270128 0.7554574 -0.4269299 0.3555877 0.8314375 -0.4924798 0.3372297 0.802334 -0.5072985 0.3313214 0.7955341 -0.3252624 0.3458882 0.8800942 -0.2938153 0.3348223 0.8953026 -0.295221 0.3536632 0.8875625 -0.2841532 0.3264538 0.9014903 -0.2615736 0.3598241 0.8956037 -0.2437478 0.3145686 0.9174059 -0.2292139 0.3026662 0.9251239 -0.221226 0.3196248 0.9213572 -0.2228801 0.2954977 0.928981 -0.1933826 0.3160448 0.9288268 -0.1971255 0.2711303 0.9421411 -0.1408886 0.1949852 0.9706345 -0.09771436 0.20195 0.9745092 -0.08508026 0.1593394 0.983551 -0.07797902 0.1914877 0.9783925 -0.08800131 0.12989 0.9876155 -0.003253579 0.01170688 0.9999263 -0.03184694 0.01545077 0.9993733 -0.01417613 0.04312103 0.9989693 -0.0307728 0.03263074 0.9989937 -0.002553343 0.01211416 0.9999234 -0.01168578 0.05694788 0.9983088 -0.001525163 0.01228612 0.9999234 -0.006854891 0.05772918 0.9983088 -6.68173e-4 0.01247566 0.999922 0.005071461 0.0665313 0.9977715 -0.02635174 0.1305747 0.9910883 -0.01533055 0.1324061 0.9910771 -0.006799936 0.141525 0.9899113 -0.06012254 0.2075025 0.9763852 -0.04245889 0.2118238 0.9763852 -0.02449601 0.2146438 0.9763852 -0.009280502 0.2158929 0.976373 -0.1061763 0.2775707 0.95482 -0.08248984 0.2855489 0.9548075 -0.05815523 0.2914394 0.95482 -0.03344035 0.295298 0.9548198 -0.1634417 0.3390207 0.9264729 -0.1343532 0.3515641 0.9264729 -0.1042804 0.3615858 0.9264887 -0.07347434 0.3690407 0.9265044 -0.04228419 0.374057 0.9264413 -0.01811307 0.3837842 0.9232452 -0.2301292 0.3899688 0.8916081 -0.1965197 0.40794 0.8916081 -0.1614494 0.4229671 0.8916463 -0.1253403 0.4350756 0.8916272 -0.0882793 0.4440428 0.8916462 -0.05059903 0.4498587 0.8916653 -0.01890701 0.4523406 0.8916448 -0.3044254 0.429032 0.8504452 -0.2671932 0.4530737 0.8504894 -0.2281451 0.4739382 0.8504895 -0.1874815 0.4914451 0.8504896 -0.1454274 0.505414 0.8505337 -0.1025235 0.5159769 0.8504452 -0.05871772 0.5227044 0.8504895 -0.9656427 0.2131959 0.1485996 -0.977338 0.208056 0.03902959 -0.9734439 0.2264492 0.03358495 -0.150832 0.04045414 0.9877313 -0.3092542 0.07492047 0.9480236 -0.276089 0.09013551 0.9568963 -0.08914035 0.04997742 0.9947645 -0.196758 0.07540291 0.9775483 -0.5777761 0.1325524 0.80536 -0.5397692 0.1465076 0.8289661 -0.4407594 0.1004946 0.8919821 -0.44728 0.1280186 0.8851847 -0.375012 0.1156125 0.9197825 -0.7916774 0.1778693 0.5844737 -0.7597302 0.1909828 0.621559 -0.6878395 0.1529616 0.709563 -0.6871681 0.1775043 0.7044801 -0.6250856 0.1670566 0.7624698 -0.9282588 0.2059704 0.3096962 -0.9072422 0.2175562 0.3599733 -0.8679646 0.1906036 0.4585934 -0.8631787 0.210803 0.458786 -0.8210787 0.2042508 0.5330212 -0.9706853 0.2252411 0.08388495 -0.9573525 0.2244691 0.1819064 -0.9387242 0.2221386 0.2635362 -0.007773578 0.05175137 0.9986298 -0.02070039 0.003715038 0.9997789 -0.001594364 0.04982525 0.9987568 -0.01408684 0.001676261 0.9998994 9.31527e-4 0.02906888 0.9995771 0.02654159 0.003159224 0.9996428 0.0420835 0.007596731 0.9990853 -0.01432746 0.05037993 0.9986274 -0.02060639 0.04809772 0.9986301 -0.02659672 0.04511356 0.9986278 0.04977196 0.01614654 0.9986302 0.007601737 0.0318337 0.9994643 0.005566418 0.05203521 0.9986298 -0.05653333 0.0328803 0.9978592 -0.04024612 0.01700264 0.9990452 -0.04153525 0.03187996 0.9986284 -0.02653646 0.02638721 0.9992995 -0.0320959 0.04131913 0.9986304 -0.05045205 0.01402223 0.998628 0.04734611 0.02238655 0.9986277 0.02754855 0.01763772 0.9994649 0.0185424 0.04892289 0.9986305 0.02462512 0.04615622 0.9986307 0.02529352 0.03557282 0.9990471 0.04013741 0.03362274 0.9986284 0.04440528 0.04807877 0.9978561 0.6180856 0.1611337 0.7694194 0.585797 0.1344015 0.799236 0.5334348 0.1457173 0.833195 0.5173595 0.1164699 0.8478055 0.4490224 0.1269652 0.8844539 0.4240908 0.09668546 0.9004437 0.3630827 0.1088119 0.9253816 0.3413817 0.08081525 0.9364442 0.2738061 0.08903622 0.9576549 0.2541092 0.0600875 0.9653072 0.1854724 0.06975692 0.9801704 0.1670042 0.04271608 0.9850305 0.09661376 0.04969465 0.9940806 0.08009535 0.02259153 0.9965313 0.9751577 0.2204596 0.02156496 0.9754741 0.2155733 0.04447948 0.9694818 0.2253594 0.09653002 0.9694193 0.2109117 0.125469 0.9564141 0.2237659 0.1876198 0.9518855 0.2113612 0.2219018 0.9343863 0.2221371 0.2785274 0.9311404 0.203272 0.3027513 0.9033101 0.2165682 0.3703094 0.895068 0.1997387 0.3986951 0.8633946 0.2105469 0.4584972 0.8600572 0.1884722 0.4741097 0.8137351 0.2009096 0.5454089 0.8045967 0.1769661 0.5668396 0.7564868 0.1905288 0.6256408 0.7476811 0.1679866 0.642459 0.6898021 0.1770433 0.7020177 0.6852503 0.1514854 0.7123793 0.6407972 0.1419059 0.7544811 -0.01307785 -1.61432e-4 0.9999145 -0.03359717 0.002194225 0.9994332 -0.03891181 5.39252e-4 0.9992425 0.004362344 1.91154e-7 0.9999906 0.004362344 6.02682e-7 0.9999906 0.004362344 0 0.9999906 0.004362344 0 0.9999906 0.004362344 3.27243e-7 0.9999906 0.004363536 6.45407e-7 0.9999905 0.03634124 2.55537e-4 0.9993395 0.03737121 0.001745045 0.9993 0.004362344 0 0.9999906 0.004362344 5.12926e-7 0.9999906 0.004362344 -1.88069e-7 0.9999905 0.04330003 0.004499733 0.999052 0.04313886 0.007342278 0.9990422 -0.03848338 0.006790697 0.9992362 -0.03880327 0.004629492 0.9992362 0.9979777 0.05489069 0.03205305 0.9966198 0.07473611 0.0341106 0.9873738 0.09405589 0.1274619 0.9837995 0.1788294 0.01259654 0.9780493 0.2073121 0.02100527 0.9741828 0.2076848 0.08851569 0.1898136 0.226073 0.955438 0.1322482 0.1819101 0.9743815 0.1127629 0.1345263 0.9844731 0.2566524 0.1966338 0.94629 0.2878188 0.2336735 0.9287395 0.3407726 0.2040905 0.9177261 0.3694497 0.2366223 0.8986194 0.4239069 0.210029 0.881017 0.4498601 0.2377893 0.8608613 0.5048819 0.21428 0.8361689 0.5279704 0.2370519 0.8155083 0.5825055 0.216717 0.7834035 0.6026719 0.2343318 0.7628076 0.6556107 0.2172373 0.7231754 0.6728912 0.229601 0.7032076 0.7231077 0.2157978 0.6561606 0.7376505 0.2228894 0.637332 0.7840694 0.2124068 0.5831968 0.7960725 0.2142667 0.5660023 0.837695 0.2071206 0.5053396 0.8474479 0.2038515 0.4901803 0.8834338 0.2000443 0.4237063 0.8912841 0.1918184 0.4108752 0.9209359 0.1913393 0.3395091 0.9271817 0.1786935 0.3292456 0.9500954 0.18119 0.2539469 0.9552766 0.1637165 0.2462591 0.9710295 0.1698025 0.1681331 0.9754287 0.1481108 0.1631018 0.9836899 0.1559104 0.08970189 0.9874056 0.1324751 0.08648979 0.9896389 0.1391288 0.03546935 0.9930613 0.1155498 0.02185815 0.1023674 0.08985698 0.99068 0.2050889 0.1111706 0.9724092 0.2291162 0.1556157 0.9608796 0.2932464 0.1277168 0.9474677 0.3153824 0.1679504 0.9339842 0.3808482 0.1435083 0.9134331 0.4009084 0.1784501 0.89857 0.4665776 0.1582626 0.870206 0.484407 0.1878833 0.8544296 0.5490511 0.171706 0.8179609 0.5646212 0.1957229 0.8018077 0.6269226 0.1835888 0.7571417 0.6399966 0.2021728 0.7413033 0.6989213 0.1936942 0.6884705 0.710186 0.2059829 0.6732065 0.7639205 0.2018605 0.6129255 0.7733263 0.2082099 0.5988448 0.8207702 0.2083404 0.5319123 0.8288481 0.2084509 0.5191909 0.8693706 0.2122766 0.4462437 0.8760086 0.2070217 0.4356043 0.9090766 0.2139859 0.3574772 0.9148514 0.2032027 0.3489351 0.9395632 0.2139529 0.2672926 0.944841 0.1979432 0.2609483 0.9611192 0.2120482 0.1768767 0.9661596 0.1914355 0.1728817 0.9810877 0.1780934 0.07582753 0.9886525 0.1501939 0.002826035 0.9971486 0.05669587 0.04980403 0.920906 0.1510426 0.3593307 0.9437035 0.1262497 0.3057527 0.9491176 0.1276963 0.2878704 0.961254 0.106126 0.2544173 0.9714301 0.1022827 0.2141538 0.9853447 0.06796991 0.1564481 0.9912924 0.06643098 0.1136937 0.9989643 0.02171021 0.03998863 0.9986613 0.03672128 0.03643089 0.330812 0.3193284 0.8880276 0.3842027 0.3356935 0.8600571 0.4052674 0.3119475 0.8593296 0.4535342 0.3246081 0.8300219 0.4770524 0.3021471 0.8253049 0.5213376 0.3113343 0.7945302 0.5468244 0.2901608 0.7853597 0.5866323 0.2960719 0.7537932 0.6137858 0.2761313 0.739607 0.6483747 0.2789226 0.7083873 0.6772328 0.2600108 0.6882951 0.7068403 0.2597944 0.657939 0.7363443 0.2420022 0.6318482 0.760708 0.2390877 0.6034571 0.7901293 0.2222869 0.571213 0.8101792 0.2167407 0.5446405 0.8390733 0.2008751 0.5055744 0.848788 0.1971003 0.4906225 0.881446 0.1780883 0.4374215 0.8951462 0.167701 0.413025 0.9262275 0.1430292 0.348777 0.2447913 0.2659952 0.9323754 0.2796192 0.2958496 0.9133927 0.322748 0.2659752 0.9083452 0.361539 0.2923945 0.885322 0.4015343 0.2645186 0.8768125 0.4373509 0.2866405 0.8523857 0.4788617 0.2610653 0.8381745 0.5111411 0.2788063 0.8130202 0.5537181 0.2555568 0.7925194 0.5820661 0.2688537 0.7674092 0.6251206 0.2479833 0.7400869 0.6497902 0.2567812 0.7154272 0.6920939 0.2383586 0.6813158 0.7133481 0.2427378 0.657429 0.7537377 0.2267695 0.6168104 0.7712987 0.2266978 0.5947322 0.8092747 0.2133554 0.5473151 0.8235899 0.2089931 0.5272775 0.8580744 0.1982769 0.4737033 0.8695999 0.190039 0.4557207 0.8996415 0.1822084 0.3967939 0.9085106 0.1692748 0.3820402 0.933805 0.1639964 0.3179833 0.9404897 0.1477736 0.3060101 0.9603739 0.1452743 0.2378599 0.9653087 0.1255422 0.2289506 0.9794574 0.1258574 0.1575541 0.992256 0.1037458 0.0683009 0.9960064 0.08796787 0.0152688 0.8436931 0.1957139 0.4998781 0.8748973 0.1767407 0.4509075 0.8495776 0.2019696 0.4872643 0.7537381 0.2439658 0.6102128 0.7945775 0.2259767 0.5635434 0.7660121 0.2462186 0.5938029 0.8097804 0.2247363 0.5419865 0.9686651 0.0944693 0.229703 0.9143128 0.1538848 0.3746355 0.9440308 0.1252009 0.3051729 0.9668138 0.09375953 0.2376561 0.9926308 0.04386866 0.1129593 0.9908534 0.0514521 0.1247493 0.9992216 0.01506805 0.03645837 0.9994994 0.01164364 0.029419 0.9983955 0.02243286 0.05199408 0.4885122 0.3361836 0.8051935 0.5494613 0.3212703 0.7712832 0.5996444 0.3034428 0.7405059 0.6145836 0.3032538 0.7282336 0.6819947 0.2781192 0.6764119 0.6641404 0.2877268 0.6900224 0.720009 0.2664612 0.6407695 0.6873377 0.2687968 0.6747705 0.6050773 0.2948569 0.7395547 0.6325391 0.2700679 0.7259185 0.7282035 0.2399117 0.6419986 0.6061961 0.2422508 0.757523 0.7725223 0.1959194 0.6040073 0.807905 0.2052933 0.5523988 0.6474477 0.2290922 0.726862 0.6895954 0.222314 0.6892277 0.73484 0.2043597 0.6467204 0.4314703 0.3433649 0.8342266 0.8761659 0.183372 0.4457669 0.8269408 0.2140901 0.519937 0.784717 0.2356168 0.5733273 0.7355583 0.2574732 0.6266272 0.6821835 0.277922 0.6763025 0.6256915 0.2964684 0.7215377 0.5661665 0.3132991 0.7624299 0.5043329 0.3281663 0.7987211 0.9951936 0.03301626 0.09219396 0.9993051 0.009711384 0.03598761 0.9881721 0.04824984 0.145561 0.9756211 0.06837821 0.208538 0.9516363 0.09584301 0.2918948 0.9246357 0.1390172 0.3545747 0.9260165 0.1177306 0.3586547 0.8871999 0.143487 0.4385064 0.8495197 0.1647149 0.5011839 0.8424332 0.1689569 0.5116249 0.798523 0.1818947 0.5738255 0.9771653 0.04004263 0.2086737 0.9715842 0.01983535 0.2358617 0.9882664 0.01367729 0.152127 0.9921621 0.02310943 0.1228029 0.7924239 0.1518635 0.590764 0.7981206 0.1110208 0.5921809 0.8401602 0.09992599 0.5330532 0.8558382 0.1240577 0.5021461 0.2717775 0.0599358 0.960492 0.5655362 0.01248049 0.8246291 0.5570725 0.003219962 0.8304576 0.621519 0.006800293 0.7833697 0.7426817 0.02485632 0.6691832 0.6745474 0.02290236 0.7378762 0.6534692 0.006352841 0.7569265 0.5091372 0.005048513 0.8606706 0.4932197 0.01396679 0.8697926 0.4401211 0.002381205 0.8979353 0.4095677 0.01384168 0.9121747 0.3577381 0.002539455 0.9338186 0.3216396 0.01530915 0.9467384 0.2674551 0.00267893 0.9635667 0.2343689 0.01537817 0.9720262 0.1806154 0.003143429 0.9835488 0.1466044 0.01545697 0.9890745 0.09064739 0.003072082 0.9958784 0.7098355 0.0450797 0.7029235 0.6460478 0.04870349 0.7617417 0.6137995 0.02740693 0.7889862 0.5759454 0.05218464 0.8158209 0.5357593 0.03133535 0.8437892 0.5020583 0.05524522 0.8630675 0.455781 0.03306007 0.8894778 0.4256989 0.05782127 0.9030156 0.3733937 0.03448784 0.9270316 0.3272114 0.05819195 0.9431577 0.2863861 0.03676056 0.9574089 0.2047883 0.0353592 0.9781674 0.8280773 0.1382893 0.54329 0.7518102 0.1217533 0.6480414 0.7018705 0.1314959 0.7000619 0.6585645 0.1017699 0.745611 0.5981475 0.1084913 0.7940084 0.5608696 0.08222764 0.8238107 0.4912473 0.0865814 0.8667063 0.743757 0.164299 0.647944 0.6486576 0.1405393 0.747992 0.5349187 0.114508 0.8371082 0.4037825 0.08779549 0.9106327 0.5342568 0.1564936 0.8307102 0.5030661 0.1637408 0.8485951 0.4280132 0.1260302 0.894942 0.5925943 0.1489156 0.7916163 0.4696139 0.1196987 0.87472 0.3466281 0.08950084 0.933723 0.6998803 0.1765128 0.692106 0.6504559 0.1874892 0.7360401 0.5995844 0.1976034 0.7755331 0.5681875 0.209466 0.7957934 0.9963777 0.008286952 0.08463484 0.9988561 0.009222984 0.04692035 0.8843421 0.04001426 0.4651214 0.8921242 0.05806821 0.4480431 0.8476179 0.04812312 0.5284205 0.8597321 0.0687626 0.5060953 0.7992735 0.05453735 0.5984877 0.816538 0.07803052 0.5719939 0.7525027 0.06253248 0.6556138 0.7683212 0.08654344 0.6341867 0.6905885 0.07169443 0.7196857 0.7155054 0.09440606 0.6921992 0.6275904 0.07725566 0.7747012 0.9563872 0.04763686 0.2881916 0.9611324 0.06773126 0.2676512 0.9402912 0.06266903 0.3345524 0.9269222 0.09034645 0.3642156 0.8936823 0.1107826 0.4348094 0.8776935 0.08824753 0.4710271 0.9088889 0.07174569 0.4108205 0.9269073 0.04102414 0.3730417 0.9497716 0.02537423 0.3119136 0.9916008 0.001970171 0.1293213 0.9990508 4.30709e-4 0.04355883 0.9992365 6.74677e-4 0.03906363 0.7070831 0.00590986 0.7071059 0.772772 0.005492031 0.63466 0.8089842 0.02322345 0.5873714 0.8278772 0.004076004 0.5608946 0.8594545 0.0203973 0.5108053 0.8685691 0.005429148 0.4955382 0.9062451 0.01600897 0.4224497 0.8943446 0.003623425 0.4473642 0.9266083 0.006107747 0.3759787 0.9412031 0.006200611 0.3377848 0.9672549 0.004943311 0.2537587 -0.001424133 -0.1211068 0.9926385 -0.01224517 -0.1085656 0.994014 0.9885954 0.1157534 0.09633487 0.968447 0.2262281 0.1045534 0.9840434 0.1773218 0.01468467 0.9690025 0.2454293 0.02826297 0.9368742 0.3368128 0.09393596 0.9521833 0.304959 0.01863008 0.7504814 0.6608455 0.00780797 0.795404 0.6057914 0.01868891 0.7722925 0.628737 0.09085184 0.8321694 0.5538001 0.0282796 0.8387472 0.5342132 0.1054485 0.8674125 0.4973433 0.01565742 0.8891196 0.4453691 0.1054177 0.9026222 0.4299815 0.01972228 0.9290807 0.3696891 0.01179265 0.7059675 0.7080743 0.01551663 0.6912474 0.7146166 0.1072395 0.6501498 0.7596046 0.0174967 0.6143071 0.7817444 0.1072501 0.6005775 0.7990666 0.02827489 0.5201157 0.8495729 0.08778154 0.5470496 0.8368897 0.01877272 0.208863 0.9742693 0.08470898 0.3005879 0.9533349 0.02827417 0.320569 0.9408194 0.1099748 0.3574411 0.9337158 0.02026766 0.4153737 0.9029782 0.1099777 0.4293537 0.903088 0.009343206 0.4926798 0.870202 0.003894448 0.095595 0.995361 0.01087498 0.1709012 0.9852877 -9.82175e-4 0.235724 0.971637 0.01886039 0.1000435 0.9868564 0.1269089 -2.12563e-7 0.9934917 0.1139052 -0.02843236 0.999391 0.02023136 -0.1157541 0.9885957 0.09633082 -0.1141394 0.9932682 0.01976543 -0.1699397 0.9853036 0.01724362 -0.2262275 0.9684514 0.1045136 -0.2425454 0.9698545 0.02354067 -0.3368152 0.9368735 0.09393453 -0.3076825 0.9513102 0.01845228 -0.6556559 0.7550105 0.008635282 -0.6080679 0.793668 0.01856422 -0.62874 0.7722904 0.09085041 -0.5523176 0.8333029 0.02348959 -0.5342127 0.8387471 0.1054525 -0.491135 0.8709504 0.01522845 -0.4453697 0.889119 0.1054199 -0.4228569 0.9059877 0.01945185 -0.3630718 0.9316629 0.01353001 -0.7020912 0.7119223 0.01531773 -0.7146166 0.6912472 0.1072399 -0.7549564 0.6555553 0.01697248 -0.7817439 0.6143079 0.107249 -0.7987056 0.601266 0.02342194 -0.8495721 0.5201172 0.08778059 -0.8384409 0.5446726 0.01867324 -0.974269 0.2088627 0.08471405 -0.9535661 0.3002769 0.02335333 -0.9408189 0.3205708 0.1099732 -0.9311574 0.3640902 0.01960331 -0.9029784 0.4153736 0.1099771 -0.9001303 0.4354791 0.01110649 -0.8716068 0.4901913 0.003789782 -0.9947946 0.1011072 0.01269292 -0.985774 0.1680725 -0.001094341 -0.9723122 0.2329356 0.01870644 -0.9868562 0.1000455 0.1269091 -0.9935396 2.22399e-4 0.1134866 -0.9997325 -0.01210498 0.01971036 -0.9885954 -0.1157531 0.09633564 -0.9942331 -0.1055859 0.01876664 -0.9848811 -0.1726416 0.0142883 -0.9684465 -0.2262284 0.1045567 -0.9687529 -0.2469122 0.02349656 -0.9368743 -0.3368124 0.09393596 -0.9504303 -0.3103811 0.01860153 -0.7531521 -0.6577882 0.008769989 -0.791927 -0.6103303 0.01867306 -0.7722932 -0.6287366 0.09084928 -0.8311174 -0.5555992 0.02352571 -0.8387474 -0.5342125 0.1054508 -0.8697884 -0.4931902 0.01521891 -0.8891184 -0.4453709 0.1054196 -0.9046328 -0.4257456 0.0194987 -0.9306194 -0.3657326 0.01368278 -0.7093275 -0.7047126 0.01532673 -0.6912477 -0.7146157 0.1072431 -0.6537498 -0.7565172 0.01711487 -0.6143363 -0.7817175 0.1072798 -0.5984842 -0.8007884 0.0235539 -0.5201148 -0.8495737 0.0877797 -0.5422653 -0.839998 0.01875662 -0.2088631 -0.9742693 0.0847094 -0.2974758 -0.9544385 0.02356648 -0.3205691 -0.9408195 0.1099734 -0.3618836 -0.9320116 0.01986807 -0.4153745 -0.9029777 0.1099795 -0.4316554 -0.9019691 0.01121091 -0.4876862 -0.8730105 0.003880858 -0.09704643 -0.9951979 0.01277905 -0.1652383 -0.9862532 -0.00101453 -0.23018 -0.972966 0.0188263 -0.1000457 -0.9868564 0.126908 0 -0.9934915 0.1139062 0.01885497 -0.999544 0.02358716 0.1157534 -0.9885954 0.09633511 0.1084245 -0.9939256 0.01886945 0.1749859 -0.9844657 0.01439756 0.2262282 -0.9684469 0.1045531 0.2515507 -0.967554 0.02370154 0.336812 -0.9368745 0.09393608 0.3130854 -0.9495361 0.01894581 0.6599305 -0.7512711 0.009146153 0.6125635 -0.7901923 0.01903414 0.6287368 -0.772293 0.09084999 0.5595637 -0.8284503 0.02363836 0.5342127 -0.8387473 0.1054509 0.4952756 -0.8686002 0.01535844 0.4453701 -0.8891188 0.1054197 0.4278607 -0.9036356 0.01944524 0.3683972 -0.929563 0.01401174 0.706401 -0.7076467 0.01529961 0.7146169 -0.6912472 0.1072388 0.7580537 -0.6519657 0.01718765 0.7817707 -0.6142784 0.1072229 0.8036062 -0.594691 0.02366179 0.8495733 -0.5201156 0.08777886 0.8415406 -0.5398564 0.01909333 0.9742692 -0.2088632 0.08470976 0.9521257 -0.3048149 0.02333688 0.9408348 -0.3205237 0.1099758 0.9301508 -0.3664015 0.02386474 0.9029782 -0.4153741 0.1099771 0.9029958 -0.4295052 0.01114034 0.8743965 -0.4851936 0.004244506 0.9953963 -0.09500092 0.01269459 0.9867203 -0.162428 -6.34395e-4 0.9726207 -0.2318753 0.01558411 0.9868562 -0.1000459 0.1269086 0.9934915 0 0.1139064 0.9995469 0.02230024 0.02022182 0.9936039 0.1112781 0.01919984 -0.01010143 0.1027655 0.9946544 -0.02244168 0.1020072 0.9945305 0.001716315 0.09591645 0.9953879 0.0139712 0.1035461 0.9945266 0.01010668 -0.1062198 0.9942914 0.02408528 -0.1110202 0.9935263 0.03636425 -0.1076255 0.9935263 0.04818558 -0.1028771 0.9935263 0.05940502 -0.09688341 0.9935213 0.06987869 -0.08962309 0.9935215 0.07947427 -0.0812354 0.9935214 0.08806973 -0.07182645 0.9935215 0.09553414 -0.06147241 0.9935262 0.1018158 -0.05038988 0.9935263 0.1068179 -0.03867232 0.9935263 0.1105131 -0.02650135 0.9935213 0.1127451 -0.01393479 0.9935263 0.1135687 -0.001267671 0.9935294 0.1129623 0.01140713 0.9935339 0.1108502 0.02396923 0.9935482 0.1074258 0.03618866 0.9935544 0.1027289 0.04792863 0.9935541 0.09662544 0.05909919 0.9935648 0.08937042 0.06950825 0.9935701 0.08100253 0.07904213 0.9935749 0.07172083 0.08757823 0.9935725 0.06154316 0.09502834 0.9935704 0.05049794 0.1012883 0.9935747 0.03881883 0.1062744 0.9935789 0.03035908 0.1245671 0.9917467 -0.03701388 0.1089288 0.9933602 -0.04889374 0.1039197 0.9933832 -0.06012225 0.09766596 0.9934017 -0.07058185 0.09024429 0.9934155 -0.08007544 0.08162277 0.9934414 -0.08855712 0.07203698 0.9934629 -0.0959289 0.06160295 0.9934802 -0.1021461 0.05048048 0.9934877 -0.1069977 0.03867411 0.9935069 -0.1105718 0.02646374 0.9935159 -0.1127973 0.01395976 0.99352 -0.1135953 0.001221895 0.9935265 -0.1130633 -0.01148664 0.9935215 -0.1110664 -0.02407312 0.9935215 -0.1076267 -0.03636431 0.9935262 -0.1028761 -0.04818564 0.9935264 -0.09688347 -0.05940496 0.9935213 -0.08957546 -0.06986951 0.9935263 -0.08118951 -0.0794599 0.9935263 -0.07178187 -0.08805048 0.9935263 -0.06147176 -0.09553372 0.9935264 -0.05038988 -0.1018157 0.9935263 -0.03867262 -0.1068179 0.9935262 -0.0264855 -0.110394 0.993535 -0.1076774 0.9584701 0.2640851 -0.2143543 0.9403548 0.2641689 -0.3182573 0.9104791 0.2640837 -0.4181362 0.8691999 0.26392 -0.5128787 0.8168324 0.2640841 -0.6011103 0.7542716 0.2640851 -0.6817668 0.6822733 0.2640023 -0.75387 0.6016497 0.2640036 -0.8164835 0.5135613 0.2638366 -0.8688493 0.4188634 0.2639212 -0.9102777 0.3189002 0.2640025 -0.9402719 0.2150248 0.2639194 -0.9584175 0.1083486 0.2640009 -0.9645561 4.25446e-4 0.2638778 -0.9585254 -0.1075931 0.2639182 -0.9404512 -0.214238 0.2639201 -0.9104786 -0.3182579 0.2640845 -0.8692193 -0.4181215 0.2638794 -0.816918 -0.5128268 0.2639198 -0.7542712 -0.6011105 0.2640857 -0.6822264 -0.6817817 0.2640853 -0.6015521 -0.7538906 0.2641667 -0.5134597 -0.8164936 0.264003 -0.418814 -0.8688486 0.2640022 -0.3189001 -0.9102777 0.2640026 -0.214976 -0.9402596 0.2640025 -0.1082547 -0.9583824 0.2641671 -4.48625e-4 -0.9645667 0.2638393 0.1075724 -0.9585384 0.2638798 0.2142761 -0.9404194 0.2640022 0.318153 -0.9105865 0.263839 0.4181063 -0.8692391 0.2638384 0.5128268 -0.816918 0.2639204 0.6010677 -0.7543631 0.2639205 0.681766 -0.6822738 0.264003 0.75387 -0.6016499 0.2640031 0.8164883 -0.5135104 0.2639208 0.8688497 -0.418889 0.2638792 0.9102713 -0.3188504 0.2640848 0.9402711 -0.2150247 0.2639216 0.9583996 -0.1083016 0.2640852 0.9645556 -4.26359e-4 0.2638799 0.9584974 0.1076355 0.2640028 0.940419 0.2142766 0.2640033 0.9105687 0.3181703 0.2638796 0.8692194 0.418121 0.2638796 0.8169395 0.5128138 0.2638788 0.7543846 0.6010577 0.2638816 0.682321 0.6817505 0.2639212 0.6016005 0.7538805 0.2640855 0.5135616 0.8164834 0.2638362 0.4188125 0.8688487 0.2640041 0.3189499 0.9102841 0.2639205 0.2150252 0.9402717 0.2639193 0.1082548 0.9583825 0.2641666 4.03733e-4 0.9645441 0.2639216 -0.1006368 0.8991975 0.4258122 -0.2006827 0.8822754 0.4258132 -0.2982347 0.8542097 0.4258897 -0.3919758 0.8154993 0.4258122 -0.4808181 0.7664847 0.4258114 -0.563614 0.7078292 0.4258135 -0.639322 0.640275 0.4258115 -0.7069901 0.5646386 0.4258502 -0.765767 0.4819591 0.4258126 -0.8149143 0.3931902 0.4258126 -0.8538041 0.2994487 0.4258509 -0.8819889 0.2020224 0.4257732 -0.8990316 0.1019523 0.4258497 -0.904829 6.95521e-4 0.4257747 -0.8991776 -0.1006569 0.4258496 -0.8822763 -0.2006819 0.4258113 -0.8542345 -0.2982188 0.425851 -0.815499 -0.3919764 0.4258123 -0.766484 -0.4808182 0.4258123 -0.7078033 -0.5636193 0.4258496 -0.6402745 -0.6393219 0.4258124 -0.56461 -0.7069894 0.4258893 -0.4819304 -0.7657634 0.4258518 -0.3930769 -0.8148875 0.4259679 -0.2994486 -0.8538041 0.4258514 -0.2019958 -0.881976 0.4258124 -0.1019757 -0.8990464 0.4258129 -6.73702e-4 -0.9048109 0.4258133 0.100678 -0.8991562 0.4258899 0.2007007 -0.8822528 0.4258512 0.298204 -0.8542585 0.4258133 0.391976 -0.8154988 0.425813 0.4808183 -0.7664837 0.4258127 0.5636139 -0.70783 0.4258122 0.6393221 -0.6402742 0.4258124 0.7069897 -0.5646671 0.425813 0.7657667 -0.4819589 0.4258132 0.8149147 -0.3931895 0.4258126 0.8538041 -0.299449 0.4258509 0.8819758 -0.2019957 0.4258126 0.8990465 -0.1019759 0.4258124 0.9048111 -6.73786e-4 0.4258129 0.8991768 0.1006577 0.425851 0.8822754 0.2006832 0.425813 0.8542341 0.2982195 0.4258514 0.8154988 0.3919764 0.4258127 0.7664564 0.4808275 0.4258512 0.7078295 0.563614 0.4258131 0.6402741 0.6393221 0.4258126 0.564638 0.7069897 0.4258516 0.481959 0.765767 0.4258128 0.3931336 0.8149009 0.42589 0.2994498 0.8538044 0.4258497 0.2019965 0.8819758 0.4258124 0.1019771 0.8990464 0.4258126 6.96427e-4 0.9048289 0.4257751 -0.09066635 0.8131205 0.5749912 -0.1811686 0.7977996 0.57506 -0.2693288 0.7725588 0.5749912 -0.3541533 0.7374817 0.5750619 -0.434492 0.693225 0.5750269 -0.5093794 0.6401856 0.5750609 -0.5778551 0.5791267 0.5750616 -0.639063 0.5107864 0.5750615 -0.6922349 0.4360218 0.5750616 -0.7367261 0.3558366 0.5749914 -0.771903 0.2710543 0.5750612 -0.797398 0.1829233 0.5750613 -0.812865 0.09249377 0.5750612 -0.8181107 9.00242e-4 0.57506 -0.8130662 -0.09070521 0.5750617 -0.7977986 -0.1811692 0.575061 -0.7724674 -0.2693683 0.5750955 -0.7374823 -0.3541539 0.5750609 -0.6931914 -0.4344993 0.5750619 -0.6402515 -0.5093747 0.5749917 -0.5790948 -0.5778529 0.575096 -0.5107862 -0.6390631 0.5750615 -0.4360226 -0.6922349 0.575061 -0.3557743 -0.736701 0.575062 -0.2710242 -0.7718876 0.575096 -0.1829239 -0.7973982 0.5750609 -0.09249293 -0.8128652 0.5750612 -8.99743e-4 -0.8181102 0.5750609 0.09068578 -0.8130937 0.5750259 0.1811696 -0.7977983 0.5750615 0.2693548 -0.7724976 0.5750615 0.3541541 -0.7374821 0.575061 0.4345051 -0.6931592 0.5750963 0.5093793 -0.6401851 0.5750615 0.5778537 -0.5790942 0.5750957 0.639063 -0.5107868 0.5750612 0.6922349 -0.4360225 0.5750611 0.7367014 -0.3557752 0.575061 0.7719029 -0.2710543 0.5750613 0.7974172 -0.1829516 0.5750257 0.8128653 -0.09249317 0.575061 0.8181102 -8.99686e-4 0.5750608 0.8131207 0.09066635 0.5749909 0.7977986 0.1811692 0.575061 0.7724974 0.269355 0.5750615 0.737514 0.3541443 0.575026 0.6931592 0.4345051 0.5750963 0.6401851 0.5093799 0.575061 0.579194 0.5778576 0.5749912 0.5107872 0.6390633 0.5750606 0.4360213 0.6922336 0.5750637 0.3558371 0.7367261 0.5749911 0.2711136 0.7719351 0.5749902 0.182978 0.7974358 0.5749915 0.09249347 0.8128652 0.5750611 9.45044e-4 0.8181593 0.5749909 -0.07804739 0.7027556 0.7071373 -0.1562544 0.689564 0.7071676 -0.2324681 0.6677665 0.7071397 -0.3057725 0.6375434 0.7071362 -0.3752326 0.5992974 0.7071373 -0.4399731 0.5535186 0.7071358 -0.4991865 0.5008125 0.7071065 -0.5521104 0.4417346 0.7071384 -0.5980977 0.3771408 0.707138 -0.6365637 0.3078042 0.7071374 -0.6670246 0.2345963 0.7071371 -0.6890963 0.1584381 0.7071376 -0.7025023 0.08028721 0.7071384 -0.7070756 0.001128196 0.7071371 -0.7027555 -0.07804739 0.7071375 -0.6895643 -0.1562547 0.7071674 -0.6677679 -0.2324678 0.7071384 -0.6375423 -0.3057729 0.7071371 -0.5992974 -0.3752321 0.7071376 -0.5534778 -0.4399708 0.7071692 -0.5007753 -0.4991809 0.7071369 -0.4417361 -0.5521108 0.7071371 -0.3771412 -0.5980975 0.7071379 -0.307771 -0.6365459 0.7071679 -0.234596 -0.6670238 0.7071379 -0.1584381 -0.6890965 0.7071375 -0.08026188 -0.7024756 0.7071676 -0.001127779 -0.7070749 0.7071378 0.07804614 -0.7027555 0.7071376 0.1562395 -0.6895981 0.7071377 0.2324678 -0.6677687 0.7071378 0.3057724 -0.6375417 0.7071378 0.3752325 -0.5992977 0.7071371 0.4399717 -0.5534787 0.7071678 0.4991799 -0.5007751 0.7071377 0.5521109 -0.4417355 0.7071374 0.5980976 -0.3771413 0.7071378 0.6365458 -0.307771 0.707168 0.6670239 -0.234596 0.7071378 0.6890964 -0.1584383 0.7071375 0.7024754 -0.08026152 0.7071679 0.7070749 -0.001127541 0.7071378 0.7027228 0.07806551 0.707168 0.6896325 0.156225 0.7071074 0.6677325 0.232479 0.7071682 0.6375053 0.3057796 0.7071676 0.5992969 0.3752323 0.707138 0.5535168 0.4399721 0.7071378 0.5007375 0.4991747 0.7071681 0.4417353 0.5521107 0.7071377 0.3771766 0.5981115 0.7071071 0.3078039 0.6365638 0.7071374 0.2345963 0.6670241 0.7071376 0.158466 0.6891193 0.7071091 0.08028763 0.7025027 0.7071378 0.00112766 0.7070745 0.7071381 -0.0630542 0.5715441 0.8181452 -0.1266652 0.5608507 0.8181702 -0.1886641 0.5431409 0.8181712 -0.2482902 0.5186045 0.8181695 -0.3047954 0.4875422 0.8181701 -0.3574664 0.4503518 0.8181694 -0.4056418 0.4074973 0.8181692 -0.4487028 0.3594763 0.8181946 -0.4861649 0.307053 0.8181456 -0.5174869 0.2506893 0.8181456 -0.5422756 0.1911389 0.8181706 -0.5602674 0.1292231 0.8181698 -0.5712444 0.06570631 0.8181458 -0.5749737 0.001311182 0.8181709 -0.5715056 -0.06307411 0.8181705 -0.5608121 -0.1266796 0.8181945 -0.5431415 -0.1886639 0.8181707 -0.5186039 -0.2482904 0.8181699 -0.4875428 -0.3047943 0.8181703 -0.4503512 -0.3574655 0.8181701 -0.4074965 -0.4056421 0.8181695 -0.3595169 -0.4487166 0.8181694 -0.3070154 -0.4861478 0.8181698 -0.2506536 -0.5174655 0.81817 -0.1911399 -0.5422758 0.8181703 -0.1292221 -0.5602669 0.8181703 -0.0656799 -0.5712127 0.8181702 -0.001310884 -0.5749747 0.8181701 0.06307303 -0.5715065 0.81817 0.1266655 -0.5608507 0.8181701 0.1886736 -0.543102 0.8181948 0.2482903 -0.5186033 0.8181703 0.3047947 -0.4875428 0.8181701 0.3574659 -0.450351 0.81817 0.4056498 -0.4075369 0.8181456 0.4487153 -0.3595162 0.8181704 0.4861651 -0.3070532 0.8181454 0.5174651 -0.2506538 0.8181703 0.5422757 -0.1911401 0.8181703 0.5602379 -0.1291921 0.8181949 0.5712451 -0.06570619 0.8181453 0.5749747 -0.001310944 0.8181701 0.5715062 0.06307303 0.8181702 0.5608507 0.1266658 0.8181701 0.5431419 0.1886643 0.8181704 0.518604 0.2482903 0.8181699 0.4875426 0.3047947 0.8181702 0.4503509 0.3574654 0.8181703 0.4074959 0.4056408 0.8181702 0.3594764 0.4487026 0.8181949 0.3070168 0.4861479 0.8181692 0.2506541 0.5174657 0.8181698 0.1911404 0.5422757 0.8181701 0.1292223 0.5602661 0.8181709 0.06573253 0.571277 0.818121 0.001310706 0.5749732 0.8181713 -0.04622572 0.4232309 0.9048419 -0.09332275 0.4153945 0.9048416 -0.1392359 0.402378 0.9048234 -0.1834166 0.3842138 0.9048415 -0.2252828 0.3613059 0.9048236 -0.2643131 0.3337655 0.9048421 -0.3000209 0.3020749 0.9048416 -0.3319565 0.266583 0.9048417 -0.3596964 0.2276988 0.9048601 -0.3829541 0.1860319 0.9048416 -0.4014036 0.1420191 0.9048236 -0.4147805 0.09618234 0.9048239 -0.4228702 0.04908341 0.90486 -0.425746 0.001451551 0.9048416 -0.4232307 -0.04622626 0.904842 -0.4154362 -0.09330958 0.9048238 -0.4023779 -0.1392362 0.9048234 -0.3842132 -0.1834164 0.9048418 -0.361306 -0.2252827 0.9048236 -0.3337664 -0.2643131 0.9048418 -0.302074 -0.3000218 0.9048416 -0.2665822 -0.3319566 0.9048419 -0.2277396 -0.3597172 0.9048415 -0.1860316 -0.3829535 0.9048419 -0.1419848 -0.4013754 0.9048416 -0.09615212 -0.4147487 0.9048416 -0.04908329 -0.4228699 0.9048601 -0.001428365 -0.4257068 0.9048601 0.0462259 -0.4232313 0.9048417 0.09332287 -0.4153943 0.9048417 0.1392361 -0.4023777 0.9048235 0.1834162 -0.3842132 0.9048418 0.2252826 -0.3613063 0.9048235 0.2643128 -0.3337665 0.9048418 0.3000215 -0.3020738 0.9048417 0.3319563 -0.2665827 0.9048418 0.3597167 -0.2277393 0.9048418 0.382954 -0.1860316 0.9048417 0.4013754 -0.1419846 0.9048416 0.4147484 -0.09615206 0.9048417 0.4228706 -0.04908394 0.9048599 0.4257071 -0.001428425 0.90486 0.4232313 0.04622584 0.9048417 0.4154374 0.09330916 0.9048234 0.4023782 0.1392361 0.9048233 0.3842134 0.1834163 0.9048417 0.361306 0.2252827 0.9048236 0.3337669 0.2643137 0.9048414 0.3020735 0.3000214 0.9048419 0.2665833 0.3319567 0.9048416 0.227739 0.3597167 0.9048419 0.1860688 0.3829787 0.9048237 0.1419858 0.401376 0.9048412 0.09615248 0.414749 0.9048415 0.04911059 0.4229062 0.9048417 0.001451253 0.4257463 0.9048414 -0.02800226 0.2623518 0.9645659 -0.05718821 0.2576128 0.9645544 -0.08567166 0.2495893 0.9645546 -0.1130785 0.2384281 0.9645546 -0.139063 0.2242685 0.9645544 -0.1633065 0.2073335 0.9645434 -0.1854801 0.187701 0.9645546 -0.2053115 0.1657099 0.9645659 -0.2225969 0.1417214 0.9645547 -0.2370375 0.115869 0.964566 -0.2485528 0.08863657 0.9645544 -0.256878 0.06021749 0.9645661 -0.2620053 0.0310781 0.9645659 -0.2638794 0.001569509 0.9645545 -0.2623516 -0.02800279 0.9645661 -0.2576115 -0.05718827 0.9645547 -0.2495905 -0.08567148 0.9645544 -0.2384272 -0.1130782 0.9645548 -0.2242684 -0.1390628 0.9645545 -0.2072871 -0.1632983 0.9645547 -0.1877008 -0.1854801 0.9645546 -0.1657534 -0.2053295 0.9645547 -0.1416804 -0.2225741 0.9645659 -0.1159075 -0.2370651 0.9645547 -0.08860033 -0.2485206 0.9645661 -0.06021767 -0.2568783 0.9645659 -0.03110462 -0.2620445 0.9645545 -0.001569747 -0.2638792 0.9645544 0.02798503 -0.2623957 0.9645546 0.05718821 -0.2576127 0.9645545 0.08567208 -0.2495893 0.9645546 0.1130784 -0.2384276 0.9645546 0.1390632 -0.224268 0.9645545 0.1632986 -0.2072879 0.9645544 0.185467 -0.1876553 0.9645661 0.205311 -0.1657099 0.9645661 0.2225741 -0.1416803 0.9645659 0.2370378 -0.1158687 0.9645661 0.2485208 -0.08859986 0.9645661 0.256878 -0.06021767 0.9645661 0.2620448 -0.0311051 0.9645543 0.2638794 -0.001569271 0.9645545 0.2623515 0.02800291 0.9645661 0.2576122 0.05718868 0.9645545 0.2495902 0.08567196 0.9645543 0.2384277 0.1130784 0.9645546 0.2242677 0.1390628 0.9645546 0.2072882 0.1632986 0.9645545 0.1877007 0.1854798 0.9645547 0.1657093 0.2053108 0.9645662 0.1417214 0.2225973 0.9645546 0.1158688 0.2370374 0.9645661 0.08860093 0.2485216 0.9645656 0.06021797 0.2568781 0.9645661 0.03110444 0.2620443 0.9645545 0.001570343 0.2638791 0.9645545 -0.9995006 -0.01665908 -0.02685183 -0.9944914 -0.09884327 -0.03488415 -0.9850815 -0.1606258 -0.06175726 -0.973522 -0.225914 -0.03489822 -0.957446 -0.282805 -0.05760693 -0.9361191 -0.3489703 -0.04359704 -0.9140319 -0.4041393 -0.03488963 -0.8889279 -0.4555085 -0.04816138 -0.8608042 -0.5059927 -0.05466091 -0.8229004 -0.564711 -0.06274259 -0.7839142 -0.6198877 -0.03489762 -0.7462504 -0.6637626 -0.05029553 -0.7012752 -0.7115567 -0.04359304 -0.656368 -0.7536335 -0.03489863 -0.6090065 -0.790807 -0.06111901 -0.5630539 -0.823823 -0.06546652 -0.5042379 -0.861428 -0.0607137 -0.4411837 -0.8963572 -0.04360038 -0.3885037 -0.9207876 -0.03485888 -0.333991 -0.9413968 -0.04713875 -0.2737985 -0.9611543 -0.03488606 -0.2132819 -0.974996 -0.06239968 -0.14792 -0.9883835 -0.03489649 -0.08954483 -0.994433 -0.05554091 -0.02146863 -0.9988185 -0.04359948 0.0386644 -0.9986429 -0.03489285 0.09665834 -0.9939308 -0.05252379 0.1535512 -0.986419 -0.05830568 0.2221117 -0.9730212 -0.06242024 0.2881723 -0.9569425 -0.03490006 0.3424742 -0.9383442 -0.04713517 0.4022729 -0.9144815 -0.04359006 0.4585554 -0.8879813 -0.03487497 0.511282 -0.8569281 -0.06530809 0.5585736 -0.8265821 -0.06897491 0.6153517 -0.786016 -0.05933946 0.6700186 -0.7410631 -0.04359698 0.7126715 -0.7006297 -0.03489196 0.7506465 -0.6592525 -0.04377084 0.787495 -0.6142069 -0.05100667 0.8279884 -0.5572212 -0.06276893 0.8647294 -0.5010246 -0.03489667 0.8917462 -0.4494109 -0.05309176 0.9202579 -0.3888761 -0.0435971 0.9425421 -0.3322598 -0.03489816 0.9595983 -0.275571 -0.05684924 0.973465 -0.2203035 -0.06190645 0.9864984 -0.1516907 -0.06173366 0.9959242 -0.0789569 -0.04359865 0.9995233 -0.007796108 -0.02987295 -0.9987472 2.07911e-4 0.0500409 -0.9641435 0.00441873 0.2653452 -0.9877435 0.003278553 0.1560521 -0.8685876 0.00548321 0.4955053 -0.8942831 0.00368601 0.4474866 -0.9234758 0.005343914 0.3836197 -0.9472398 0.007931947 0.3204278 -0.826405 0.004898965 0.5630549 -0.784615 0.007295966 0.6199405 -0.7181122 0.005677342 0.6959042 -0.6366849 0.003303229 0.771117 -0.5724472 0.003038763 0.819936 -0.5092296 0.005110323 0.8606156 -0.4374065 0.005175352 0.899249 -0.375532 0.005956888 0.9267903 -0.2824481 0.006865024 0.9592581 -0.1986321 0.006924331 0.9800497 -0.1052051 0.00630778 0.9944306 -0.8083664 0.1667662 0.5645642 -0.8489338 0.1698793 0.5004521 -0.8833515 0.1483126 0.4446274 -0.1876398 0.02929335 0.9818011 -0.5944742 0.1487163 0.790243 -0.5363051 0.1561133 0.829461 -0.5692075 0.1756103 0.8032211 -0.4485858 0.1020678 0.8878924 -0.471379 0.1189061 0.8738783 -0.5271517 0.1081854 0.8428565 -0.9795916 0.03928035 0.1971233 -0.9938909 0.02216869 0.1081179 -0.9873207 0.01539307 0.1579905 -0.8581125 0.01874822 0.5131193 -0.8073579 0.02288806 0.589618 -0.7564119 0.02496343 0.6536191 -0.9696351 0.01945948 0.2437813 -0.9466638 0.02609795 0.3211646 -0.9068517 0.01520848 0.4211754 -0.910966 0.07803779 0.4050325 -0.8790808 0.08890312 0.4683091 -0.8969873 0.1087356 0.4284745 -0.9160892 0.03659921 0.3993008 -0.9380449 0.06027966 0.3412305 -0.9612191 0.04688137 0.2717719 -0.9992591 0.008178591 0.03761184 -0.9995966 0.005047678 0.02795308 -0.9968627 0.006726622 0.07886487 -0.4050997 0.1241082 0.9058099 -0.3701652 0.1063453 0.9228589 -0.9028341 0.05945271 0.4258592 -0.8764009 0.0409401 0.4798389 -0.861128 0.06960463 0.503601 -0.8322862 0.04709702 0.552342 -0.8182427 0.07870727 0.5694594 -0.789483 0.05265837 0.6115095 -0.7703288 0.08731323 0.6316407 -0.7308743 0.06354433 0.6795477 -0.7178125 0.09533983 0.6896778 -0.6709486 0.06904882 0.7382819 -0.6600949 0.1009621 0.7443665 -0.6067961 0.07402998 0.7914026 -0.596307 0.1043968 0.7959392 -0.5391655 0.07846665 0.8385367 -0.4671962 0.08064097 0.8804685 -0.4076299 0.08186507 0.9094702 -0.4763317 0.1626576 0.8640896 -0.5128164 0.1833937 0.8386812 -0.6289748 0.217586 0.7463559 -0.553988 0.2086364 0.8059579 -0.7686163 0.1554832 0.6205272 -0.7044605 0.177914 0.6870822 -0.6963218 0.1569178 0.7003662 -0.6279214 0.1698374 0.7595196 -0.6498466 0.1402547 0.7470128 -0.8637281 0.1190446 0.4896963 -0.8643633 0.144692 0.481602 -0.8268147 0.1346247 0.5461262 -0.7240952 0.1910149 0.6627213 -0.75278 0.208875 0.6242545 -0.7884073 0.1949354 0.5834503 -0.6231476 0.1961875 0.7570981 -0.8418017 0.1006811 0.5303144 -0.7998835 0.1098201 0.590022 -0.7631146 0.1409701 0.6307008 -0.7510951 0.1169781 0.649748 -0.699746 0.128399 0.7027584 -0.6985571 0.2269437 0.6786122 -0.6409604 0.2431236 0.7280527 -0.6322544 0.1235736 0.7648426 -0.56567 0.1313673 0.8141009 -0.5039258 0.1376192 0.8527132 -0.4404281 0.1430658 0.8863157 -0.1463182 0.01604545 0.9891075 -0.3160521 0.08226031 0.9451689 -0.2645986 0.06325221 0.9622821 -0.2921123 0.03501123 0.9557431 -0.2337589 0.01549226 0.9721713 -0.3222004 0.01488697 0.9465545 -0.4085444 0.01392406 0.9126322 -0.4922302 0.01309901 0.8703666 -0.5816332 0.01436305 0.8133244 -0.6567842 0.01034003 0.7540078 -0.6705691 0.02511101 0.741422 -0.6112605 0.02949607 0.7908797 -0.5349178 0.03157305 0.844314 -0.4551017 0.03325027 0.8898186 -0.3725013 0.03509354 0.9273679 -0.999577 0.009049713 0.02764254 -0.9961776 0.02605122 0.083377 -0.9852046 0.0518344 0.1633561 -0.9742012 0.06872564 0.2149626 -0.9611833 0.06791138 0.2674222 -0.9516596 0.0958805 0.2918064 -0.9294643 0.09395653 0.3567469 -0.9241288 0.1242255 0.3613227 -0.3679853 0.06193304 0.9277668 -0.4254648 0.05803185 0.9031125 -0.5016475 0.05552953 0.8632881 -0.5752659 0.0525403 0.8162775 -0.6452093 0.04927766 0.7624151 -0.7107558 0.04283022 0.7021337 -0.9914861 0.04804456 0.1210252 -0.6493985 0.2651435 0.7127276 -0.6043485 0.2941645 0.7404258 -0.6968301 0.2632713 0.6671702 -0.6793845 0.2790594 0.6786477 -0.6528909 0.2920148 0.6988998 -0.7208656 0.2661342 0.6399419 -0.4508683 0.3400554 0.8252758 -0.3699907 0.3375756 0.8655344 -0.5032283 0.3283609 0.7993376 -0.4529559 0.3245636 0.830355 -0.5646706 0.3135801 0.763423 -0.520269 0.3115239 0.795156 -0.6245627 0.2967443 0.7224018 -0.5855256 0.2961447 0.7546245 -0.6812728 0.2781147 0.6771408 -0.6474099 0.279115 0.7091934 -0.7343078 0.2579714 0.6278877 -0.7058769 0.2599539 0.6589096 -0.7838817 0.2359765 0.5743212 -0.759988 0.2392559 0.6042972 -0.8198367 0.2168133 0.5299621 -0.8007982 0.2206734 0.5567994 -0.8505365 0.1964492 0.4878479 -0.875179 0.1777774 0.4499523 -0.8405454 0.197705 0.5043773 -0.8089466 0.2252089 0.5430344 -0.7555823 0.2425497 0.6084941 -0.7858456 0.2306889 0.5737853 -0.8096942 0.2055702 0.5496693 -0.7650647 0.2466793 0.5948322 -0.5696871 0.313804 0.7595944 -0.6048443 0.3065775 0.734965 -0.5388857 0.3242766 0.7774619 -0.4865202 0.3366927 0.8061861 -0.7380725 0.2346772 0.6325943 -0.9644368 0.1005775 0.2444292 -0.96705 0.09273725 0.2370954 -0.9381482 0.1316121 0.3202444 -0.9260711 0.1384084 0.3510491 -0.8408666 0.2076895 0.4998086 -0.8765975 0.1832937 0.4449499 -0.9076842 0.1596928 0.3880821 -0.9993246 0.01325124 0.03427588 -0.9994572 0.01258188 0.03044635 -0.9900569 0.0536282 0.1300439 -0.9990381 0.01662427 0.040578 -0.9888226 0.0595889 0.1366721 -0.998729 0.02508586 0.04371845 -0.9658974 0.09979838 0.2389199 -0.8941898 0.1680864 0.4149358 -0.9266186 0.1421725 0.3480878 -0.9437118 0.1261452 0.3057702 -0.3159433 0.3220241 0.8924575 -0.9969227 0.06211847 0.04781901 -0.998897 0.03679728 0.02916753 -0.9895909 0.07274675 0.124168 -0.2701879 0.2974249 0.9157167 -0.9937239 0.1112548 0.01163107 -0.9962403 0.08523476 0.01550549 -0.9902877 0.1090203 0.0862838 -0.9963995 0.07565915 0.03826016 -0.9856868 0.1005715 0.1353032 -0.4042659 0.3118428 0.859839 -0.3609802 0.291843 0.8857319 -0.4761701 0.3018043 0.8259397 -0.4364324 0.286064 0.85305 -0.5459434 0.2899032 0.7860675 -0.5100885 0.2780225 0.8139493 -0.6128248 0.2764384 0.7402889 -0.581418 0.2682794 0.768101 -0.6763589 0.2597902 0.6892371 -0.6490738 0.2561815 0.7162921 -0.7353689 0.2419202 0.6330145 -0.71248 0.2422108 0.6585638 -0.7896968 0.2221263 0.5718731 -0.7706549 0.2262686 0.5957294 -0.8381802 0.2008722 0.5070548 -0.8230567 0.2086921 0.5282284 -0.8809044 0.1781576 0.438483 -0.8690513 0.1896103 0.4569442 -0.9170657 0.154464 0.3676022 -0.9081163 0.1691417 0.3830351 -0.9445539 0.1320609 0.3006291 -0.9401645 0.1477175 0.307035 -0.9680433 0.1066773 0.2269629 -0.9651118 0.1256175 0.2297379 -0.2322973 0.2644801 0.9359959 -0.321816 0.2647383 0.9090369 -0.4005395 0.263244 0.8776507 -0.4779453 0.260001 0.8390279 -0.552727 0.2544333 0.7935721 -0.6242004 0.2470007 0.7411913 -0.6912737 0.2375527 0.6824291 -0.7530069 0.2261078 0.6179448 -0.8086377 0.2128258 0.5484617 -0.857584 0.1979399 0.474731 -0.8992295 0.1814735 0.3980624 -0.9334146 0.1637995 0.319229 -0.960112 0.1452786 0.2389124 -0.9770501 0.1306634 0.1682266 -0.2112073 0.2295823 0.9500966 -0.2866545 0.2321248 0.9294877 -0.3683228 0.2352281 0.8994477 -0.4487907 0.2365466 0.8617613 -0.5269201 0.2358976 0.8165216 -0.601656 0.2332798 0.7639311 -0.6719971 0.2287472 0.7043399 -0.7367893 0.2221186 0.6385959 -0.7953431 0.2136857 0.5672459 -0.8468412 0.2034354 0.4914001 -0.8907721 0.1915344 0.4121161 -0.9268692 0.1782481 0.3303654 -0.954985 0.1637362 0.2473742 -0.9752535 0.1483411 0.1639379 -0.9880266 0.1349331 0.07481044 -0.9907526 0.1356021 0.004638969 -0.1270452 0.1018022 0.9866589 -0.204456 0.1100262 0.9726726 -0.2925509 0.1265707 0.9478365 -0.3801653 0.1424394 0.9138848 -0.465863 0.1572079 0.8707798 -0.5483828 0.1707403 0.8186112 -0.6262801 0.1826789 0.7578929 -0.6982924 0.1928212 0.6893531 -0.7633639 0.2010876 0.6138724 -0.8205661 0.2073607 0.5326097 -0.869122 0.2114127 0.447137 -0.9088106 0.2135685 0.3584018 -0.939379 0.2136442 0.2681849 -0.9610161 0.2118822 0.1776344 -0.974106 0.2083158 0.08787667 -0.9776993 0.2088986 0.02157431 -0.1595683 0.1863001 0.9694485 -0.1352511 0.1458939 0.9800114 -0.2556041 0.1952955 0.9468507 -0.2281829 0.1542609 0.9613201 -0.3396161 0.2026581 0.9184719 -0.3145402 0.1664487 0.934537 -0.4227238 0.2086424 0.8819144 -0.399908 0.1771465 0.8992734 -0.5037449 0.2130248 0.8371748 -0.4834936 0.1867449 0.8551961 -0.5814574 0.2156246 0.784483 -0.563744 0.1946833 0.8026776 -0.6546651 0.2163107 0.7243089 -0.6394515 0.2008619 0.7421296 -0.7223452 0.2151157 0.6572235 -0.7094565 0.2051831 0.6742192 -0.783284 0.2117268 0.5844981 -0.7726948 0.2075399 0.5998916 -0.8370836 0.2066742 0.5065342 -0.8282678 0.2078397 0.5203607 -0.8829429 0.1997771 0.4248542 -0.875713 0.2063466 0.4365179 -0.9205492 0.1912157 0.3406257 -0.9145182 0.2029456 0.3499566 -0.9498329 0.1812591 0.2548775 -0.9445951 0.1977986 0.2619467 -0.9708366 0.1699742 0.1690714 -0.9660994 0.1912036 0.1734738 -0.9823566 0.1620017 0.09344017 -0.9781323 0.1850085 0.09502238 -0.9862003 0.1630052 0.02895051 -0.9830459 0.1820157 0.02216058 -0.1540421 0.02677607 0.9877014 -0.3045308 0.05226093 0.9510678 -0.4474743 0.07642126 0.8910256 -0.5794538 0.09874719 0.8090009 -0.697012 0.1184945 0.7072011 -0.7974779 0.1353718 0.5879657 -0.8784303 0.1490816 0.454021 -0.9376388 0.1589482 0.3091424 -0.9737892 0.1649104 0.1566501 -0.9844297 0.1573091 0.07843607 -0.1552174 0.01807087 0.9877151 -0.3069748 0.03515809 0.9510681 -0.4510105 0.05126553 0.8910452 -0.5840043 0.06615644 0.8090503 -0.7025467 0.07935416 0.7071995 -0.8038645 0.09066456 0.5878621 -0.8853545 0.09970295 0.4541001 -0.9449819 0.1061279 0.3094286 -0.9815129 0.1103882 0.1563555 -0.9916828 0.1020432 0.07843732 -0.1560671 0.009417355 0.9877015 -0.3084995 0.01797223 0.9510548 -0.4532082 0.0260027 0.8910254 -0.5868548 0.03346085 0.8090006 -0.7059697 0.04003691 0.7071095 -0.807675 0.04559403 0.5878627 -0.8895789 0.05011147 0.4540244 -0.94952 0.0533092 0.3091438 -0.9861103 0.05520004 0.1566511 -0.9958359 0.04645866 0.07843846 -0.1453272 0.00197649 0.9893817 -0.2983536 0.003795802 0.9544479 -0.4440043 0.005517959 0.8960077 -0.5796123 0.007084429 0.8148616 -0.7157461 0.008658826 0.698307 -0.8240787 0.01152044 0.5663583 -0.9025328 0.01261591 0.4304366 -0.9587455 0.01340591 0.2839498 -0.9913557 0.01386249 0.1304681 -0.999131 0.01397347 0.03926974 -0.6230258 -3.54511e-5 0.7822013 -0.3339673 -4.76044e-4 0.9425846 -0.3829327 -7.13736e-4 0.923776 -0.4773494 -4.669e-4 0.8787135 -0.5259924 -6.32948e-4 0.8504891 -0.07852518 -7.30355e-4 0.9969119 -0.1823276 -4.8178e-4 0.9832378 -0.2335931 -7.2407e-4 0.9723343 -0.7097861 0 0.7044174 -0.7933407 0 0.608778 -0.8788067 0 0.4771779 -0.9426347 -1.00414e-5 0.3338263 -0.9832512 0 0.1822559 -0.9996577 0 0.02616548 -0.9998075 0 0.0196262 -0.9886925 -5.08598e-4 0.1499564 -0.9500479 -0.001088976 0.3121023 -0.8924958 -0.001075148 0.4510548 -0.07847714 8.8457e-4 0.9969155 -0.1737117 3.85392e-4 0.9847965 -0.2504327 9.5928e-5 0.9681341 -0.3214502 0 0.9469265 -0.394728 -1.31666e-7 0.9187982 -0.4616567 -1.75751e-4 0.8870587 -0.5319034 -6.00436e-5 0.846805 -0.6229869 1.16515e-4 0.7822324 -0.727149 0 0.6864797 -0.8191514 -6.79184e-4 0.5735771 -0.6904934 0.7233388 -1.57988e-7 -0.6904782 0.7233532 0 -0.6907055 0.7231363 4.42182e-6 -0.6906222 0.7232158 -4.3317e-6 -0.6906782 0.7231623 2.06824e-6 -0.6906806 0.7231599 -9.19249e-6 -0.6906584 0.7231812 0 -0.6906408 0.723198 2.88584e-5 -0.6906043 0.7232328 2.45046e-6 -0.6906999 0.7231416 -1.81142e-6 -0.178163 0.9820862 0.06135779 -0.2584397 0.9638987 0.06409454 -0.2318091 0.9537919 0.1911693 -0.5256112 0.8485841 0.06031483 -0.5789061 0.8146592 0.03461384 -0.5759572 0.7967036 0.1831302 -0.6406184 0.7652953 0.06269967 -0.7017698 0.7101215 0.05697989 -0.669478 0.7174794 0.1924125 -0.8756384 0.4783453 0.06665837 -0.9066302 0.4205152 0.03448039 -0.8921481 0.4110076 0.1874692 -0.93533 0.3481767 0.06269681 -0.9596855 0.2788734 0.03511953 -0.940278 0.2876409 0.1820442 -0.9770728 0.207031 0.04966902 -0.9901427 0.1346663 0.03850394 -0.9718405 0.151632 0.1803718 -0.09510439 0.01264685 0.995387 -0.1617056 0.02725005 0.9864628 -0.1818072 0.02151024 0.983099 -0.2515602 0.03179705 0.9673193 -0.322479 0.0525403 0.9451174 -0.2957983 0.03605645 0.9545697 -0.4834647 0.0806964 0.8716365 -0.4245189 0.05119675 0.9039705 -0.3510531 0.04130661 0.9354441 -0.644002 0.07506668 0.761332 -0.5963529 0.07112878 0.7995648 -0.6202002 0.1000341 0.7780391 -0.5608454 0.06798374 0.8251247 -0.5005731 0.0586059 0.8637083 -0.7037459 0.08319979 0.7055633 -0.7474306 0.1243097 0.6526061 -0.760378 0.08830267 0.64345 -0.8162706 0.09514427 0.5697806 -0.8490455 0.1395074 0.5095681 -0.8633087 0.09749191 0.4951702 -0.8959004 0.1011108 0.4325958 -0.9244877 0.1438678 0.353022 -0.9219197 0.1015816 0.3738253 -0.9813941 0.1044929 0.1610808 -0.9728699 0.1044719 0.2064216 -0.9610712 0.1050998 0.2555314 -0.9447324 0.1028673 0.311286 -0.9901547 0.1057738 0.09168332 -0.9956197 0.09187072 0.01735723 -0.1366146 0.1072148 0.9848053 -0.1218314 0.1237581 0.9848052 -0.2678876 0.2125735 0.9397068 -0.238613 0.2450384 0.9396915 -0.3910548 0.3115552 0.866031 -0.3481497 0.3588784 0.8660243 -0.5023221 0.4010185 0.7660659 -0.4471025 0.4617994 0.7660554 -0.5983437 0.4783543 0.6427768 -0.5324763 0.5507243 0.6427844 -0.6761725 0.5411003 0.5000013 -0.6016698 0.6229196 0.4999647 -0.7334568 0.5874279 0.3420085 -0.6525831 0.676145 0.3419991 -0.7632446 0.6254644 0.1620245 -0.0666747 0.1603559 0.9848049 -0.04568803 0.1675459 0.9848051 -0.1296 0.3164864 0.9397023 -0.0881747 0.3304997 0.9396783 -0.1885715 0.4631198 0.8660029 -0.1280097 0.483314 0.8660376 -0.2418249 0.5955796 0.7660324 -0.1639253 0.6215543 0.766028 -0.2877306 0.7099661 0.6427747 -0.1948696 0.7408649 0.6427636 -0.3248974 0.8027707 0.5000011 -0.2199064 0.8376299 0.5000174 -0.3522045 0.8711738 0.342065 -0.2382256 0.9090127 0.3419713 -0.3578442 0.9186559 0.1673886 -0.8999685 0.2702916 0.3420514 -0.8295307 0.2488163 0.4999693 -0.7338662 0.219725 0.6427763 -0.6159107 0.1839674 0.7660353 -0.4792522 0.1426339 0.8660098 -0.3280026 0.0969333 0.9396906 -0.1668098 0.04831248 0.9848048 -0.1592879 0.06918269 0.9848051 -0.3129668 0.1379555 0.9396916 -0.4571348 0.2025334 0.8660301 -0.5874347 0.260991 0.7660314 -0.6998633 0.3114828 0.6427829 -0.79104 0.3525357 0.4999743 -0.8581752 0.3828724 0.3419709 -0.8341366 0.5498387 0.04351705 -0.8343053 0.5191838 0.1854259 -0.8023603 0.489121 0.3420216 -0.7396365 0.4504769 0.5000085 -0.6544466 0.3981737 0.6427732 -0.5493689 0.3337528 0.7660307 -0.4275826 0.2591567 0.8660317 -0.2928239 0.1767272 0.9396924 -0.1491683 0.08892482 0.9848052 -0.7926093 0.608705 0.03533792 -0.748498 0.6611504 0.05129313 -0.5610522 0.7538372 0.3419796 -0.5173451 0.6945456 0.4999605 -0.4579192 0.6141158 0.6427844 -0.3845823 0.5150606 0.7660346 -0.2995567 0.4003308 0.866026 -0.2054271 0.2734575 0.9396919 -0.1050598 0.1382793 0.9848052 -0.4547575 0.8895519 0.04351073 -0.4732058 0.8623178 0.1802341 -0.4603571 0.8192367 0.3419396 -0.4245855 0.7548142 0.4999828 -0.3758857 0.6675127 0.6427571 -0.3157836 0.5598514 0.7660596 -0.2460766 0.4352521 0.8660266 -0.1688899 0.2974238 0.939689 -0.08657199 0.1504945 0.9848131 -0.3888519 0.9206324 0.03507596 -0.3221713 0.9448019 0.05962377 -0.09304904 0.9947093 0.0435357 -0.1185884 0.9743643 0.191183 -0.1204438 0.931926 0.3420633 -0.1113114 0.8588503 0.4999861 -0.09885585 0.7596177 0.642813 -0.08336436 0.6373475 0.7660539 -0.06533783 0.4957137 0.8660249 -0.04534888 0.3389711 0.9397032 -0.02395427 0.1720069 0.9848045 -0.006471872 0.2022683 0.9793089 -0.01181572 0.3692078 0.9292718 -0.01679623 0.5249536 0.8509652 -0.02126258 0.6646908 0.746816 -0.0250793 0.7842172 0.6199795 -0.02813369 0.879866 0.4743886 -0.03033715 0.9488219 0.3143513 -0.03161829 0.9889551 0.1448037 -0.02553415 0.9990658 0.03486579 0.004637122 0.1448858 0.9894375 0.0100615 0.3144698 0.9492142 0.01518088 0.474485 0.8801327 0.01983737 0.6200771 0.7842901 0.02388632 0.7467929 0.6646276 0.02720612 0.8507785 0.5248198 0.02970224 0.928916 0.3690974 0.03129935 0.9788547 0.2021485 0.03669852 0.9980877 0.04974257 0.9793186 0.1963435 0.04883068 0.9644202 0.2620313 0.03511846 0.9453029 0.2706795 0.1820309 0.9391337 0.3379266 0.061917 0.9082921 0.4143028 0.05795437 0.902379 0.3856741 0.1922699 0.7537691 0.6548804 0.05444282 0.7076477 0.7056988 0.03498506 0.6900404 0.6992453 0.1868163 0.6489828 0.7582513 0.06225949 0.5846219 0.8097144 0.05079293 0.5974189 0.7785031 0.192415 0.3310493 0.941792 0.05860418 0.2521628 0.9650669 0.07113355 0.2657161 0.9454322 0.1885553 0.9978889 0.06400632 0.01100349 0.9920471 0.1202298 0.03724777 0.9901218 0.105997 0.09177988 0.9749236 0.1430579 0.1704656 0.9814021 0.1044931 0.1610315 0.9269499 0.1413138 0.3475547 0.9610865 0.1050967 0.2554751 0.9728584 0.1044715 0.2064763 0.8488962 0.141937 0.5091456 0.8768432 0.1016587 0.4699059 0.8939874 0.1042738 0.4357906 0.921921 0.1015821 0.3738219 0.9447231 0.1028676 0.3113141 0.6237055 0.07294714 0.7782481 0.6615597 0.07711273 0.7459172 0.64551 0.1042338 0.7566058 0.7147399 0.08404397 0.6943224 0.7618469 0.1335045 0.6338501 0.7835662 0.09393048 0.6141672 0.8173181 0.09797018 0.5677968 0.5796625 0.06888508 0.8119399 0.5103752 0.08583265 0.8556576 0.520652 0.06095749 0.8515901 0.4374266 0.05170983 0.8977662 0.3552402 0.06009453 0.9328414 0.3629277 0.04233813 0.930855 0.2735844 0.03319197 0.9612752 0.1922413 0.03296536 0.9807938 0.2043528 0.02417796 0.9785988 0.1106873 0.01358062 0.9937625 0.0203244 0.1724741 0.9848043 0.04217845 0.1685113 0.9847969 0.0418713 0.3394529 0.9396907 0.08480483 0.3313459 0.9396905 0.0621708 0.4961504 0.8660079 0.1248825 0.4841454 0.8660298 0.08052045 0.6377072 0.7660587 0.1612181 0.6222881 0.7660068 0.09648483 0.7599503 0.6427801 0.1925546 0.741428 0.6428121 0.1094857 0.8590672 0.5000168 0.2181603 0.8381272 0.4999489 0.1192131 0.9321243 0.3419542 0.2370721 0.9093177 0.3419623 0.1387285 0.9751605 0.1726743 0.08337682 0.1523367 0.9848056 0.1021204 0.1404659 0.984805 0.1658446 0.2991295 0.93969 0.2026267 0.2755459 0.9396898 0.2432608 0.4368318 0.8660267 0.2970085 0.4022715 0.8660044 0.3133215 0.5612711 0.7660316 0.3823465 0.5167564 0.7660117 0.3738239 0.6686411 0.6427867 0.4560155 0.6155279 0.6427872 0.4229626 0.7557011 0.5000187 0.5159083 0.6956197 0.4999521 0.4593108 0.8198083 0.3419767 0.5601372 0.7545595 0.3418865 0.4912729 0.8566323 0.1575823 0.14726 0.09205138 0.9848051 0.1577945 0.07252722 0.9848049 0.2910052 0.1797124 0.9396912 0.3115416 0.1411467 0.9396913 0.4259026 0.261914 0.86603 0.4558187 0.2054808 0.8660295 0.5479371 0.3361553 0.7660056 0.586287 0.2635654 0.7660294 0.6532156 0.4001877 0.6427747 0.6988716 0.313655 0.6428056 0.7386957 0.4520562 0.499974 0.7902771 0.3542027 0.5000028 0.8017801 0.4901616 0.3418921 0.8576526 0.3839926 0.342026 0.8475995 0.50496 0.1630671 0.1162502 0.9926088 0.03483754 0.1884495 0.9797384 0.06781929 0.4025857 0.9138771 0.0524733 0.374484 0.9078547 0.188578 0.3510006 0.8716632 0.3420556 0.3231815 0.8034598 0.5000062 0.2855489 0.7108525 0.642768 0.2392159 0.5966419 0.766025 0.1855932 0.4642819 0.866024 0.1263656 0.3178395 0.939686 0.06327974 0.1617276 0.9848046 0.4593595 0.8875681 0.03481227 0.5284382 0.8478679 0.04328292 0.1191967 0.1263009 0.9848047 0.2360916 0.2474618 0.9396933 0.3458186 0.3611087 0.8660312 0.4450449 0.4637836 0.7660547 0.5307719 0.5523706 0.6427814 0.6003589 0.6241722 0.4999783 0.6516512 0.6770138 0.3420571 0.7997477 0.5980254 0.05262422 0.7720414 0.6081945 0.1845307 0.7326664 0.5884059 0.3420215 0.6750072 0.5425462 0.500009 0.5968662 0.4801978 0.6427758 0.5005717 0.4032635 0.766033 0.3890401 0.3140758 0.8660279 0.2657147 0.2153452 0.9396926 0.1343207 0.1100741 0.9848055 0.8376078 0.5451632 0.03478902 0.8788979 0.4742056 0.05164861 0.8996138 0.2715177 0.3420133 0.829007 0.2505502 0.4999719 0.7331501 0.2220014 0.6428115 0.6151359 0.1866591 0.7660067 0.4782943 0.1456943 0.8660299 0.3269474 0.1002884 0.9397062 0.1657525 0.0518195 0.9848051 0.6901987 0.7236199 0 0.6905794 0.7232567 6.02327e-6 0.6907288 0.723114 7.76847e-6 0.6904808 0.7233508 8.94553e-7 0.6907098 0.723132 9.0698e-6 0.690688 0.7231529 5.5659e-6 0.6906847 0.723156 6.76438e-6 0.6906093 0.723228 -3.85655e-6 0.6906713 0.7231689 0 0.6904727 0.7233585 1.13047e-6 0.08713674 -3.03487e-4 0.9961963 0.1613389 0.001478493 0.986898 0.1736515 0 0.9848072 0.258823 -2.98732e-4 0.9659247 0.3302752 0.003513574 0.9438781 0.3420233 -3.70201e-7 0.9396915 0.422605 -2.95863e-4 0.906314 0.4911722 0.005453705 0.8710455 0.5070558 -7.32485e-7 0.8619134 0.5824715 -2.47156e-4 0.8128511 0.6280026 0.00854361 0.7781644 0.6795797 -7.31742e-6 0.7336017 0.7469413 0.01044285 0.6648079 0.7844469 -1.11651e-5 0.6201962 0.8510374 0.01189911 0.5249703 0.8802247 0 0.4745572 0.9292489 0.0129925 0.369226 0.9492558 0 0.3145053 0.9792365 0.01369106 0.2022585 0.9894478 -1.00539e-5 0.1448895 0.9982121 0.01395553 0.05811929 0.9997623 0 0.02180433 0.6704487 -9.10504e-4 0.7419554 0.5926795 9.42276e-4 0.8054379 0.6256631 4.98758e-4 0.7800933 0.07881104 0.002649664 0.9968861 0.1703574 7.19335e-5 0.9853824 0.2471687 4.47733e-6 0.9689725 0.3164614 -2.23788e-4 0.9486054 0.390132 9.55799e-5 0.9207589 0.4778179 0.001539766 0.8784576 0.5234615 0.002308309 0.8520462 0.7445092 -0.001082301 0.6676113 0.7994327 -7.21782e-4 0.6007553 0.888251 -4.88647e-4 0.4593583 0.9519875 -0.001056492 0.3061354 0.9853794 -7.58134e-4 0.170373 0.9992294 2.95695e-7 0.03925096 0.9832216 0.05503851 0.1739146 0.9701275 0.1681839 0.1748338 0.9382022 0.05229055 0.3421148 0.9245506 0.1602097 0.3457444 0.8646674 0.04801821 0.5000447 0.184561 0.03203397 0.982299 0.3523146 0.06117385 0.9338802 0.5021411 0.08477026 0.860621 0.635618 0.1120291 0.7638321 0.1734052 0.008909881 0.9848104 0.3414511 0.01838642 0.9397197 0.4992855 0.0272237 0.8660097 0.6417622 0.035335 0.7660893 0.7649281 0.04225361 0.6427283 0.1726372 0.01858794 0.9848101 0.3399336 0.03742408 0.9397046 0.4969022 0.05512303 0.8660541 0.6388155 0.07113075 0.7660648 0.7613106 0.08497732 0.6427948 0.7640088 0.132679 0.6314167 0.8606362 0.09626764 0.5000382 0.8587436 0.1453677 0.491353 0.9338126 0.1046469 0.3421158 0.978677 0.1097556 0.1736236 0.9940773 0.06493246 0.08714449 0.9888952 0.1203889 0.0871374 0.9806208 0.175471 0.08713775 0.999331 0.0201376 -0.0305289 0.9914842 0.1217373 -0.04625111 0.9953573 0.09095823 -0.03147321 0.99791 0.05503737 -0.03386169 0.9801024 0.1955316 -0.03415638 0.9770193 0.2102166 -0.03524851 0.9875766 0.1521273 -0.03936702 0.9977741 0.04982149 -0.0443257 0.9993209 -0.02266079 -0.02905654 0.9572173 -0.2872679 -0.03481763 0.9343196 -0.355699 -0.02292084 0.9955396 -0.08612978 -0.03850597 0.9859747 -0.1619912 -0.04016047 0.9725444 -0.2267947 -0.05216932 0.9078485 -0.4176388 -0.03727132 0.8731267 -0.4857825 -0.040807 0.8354195 -0.5478771 -0.04364591 0.7967724 -0.603259 -0.03510576 0.7559937 -0.6540615 -0.02602159 0.7132378 -0.6999943 -0.03605395 0.6575012 -0.7523052 -0.04158395 0.6027217 -0.7967595 -0.04360055 0.5466411 -0.8366344 -0.03502321 0.4897924 -0.8714939 -0.02453339 0.4346328 -0.8999304 -0.03492289 0.3645423 -0.9302163 -0.04250478 0.2998808 -0.9529812 -0.04357051 0.2324283 -0.9719861 -0.03493136 0.1661826 -0.9858251 -0.0230742 0.09801793 -0.9943247 -0.04136425 -0.01885461 -0.998872 -0.04358267 -0.1089864 -0.9934305 -0.03489863 -0.1760471 -0.9836328 -0.03839445 -0.2536432 -0.966317 -0.04355061 -0.3154883 -0.9482914 -0.03479439 -0.370124 -0.9283829 -0.03336971 -0.4305018 -0.9015915 -0.04243749 -0.4981821 -0.8662183 -0.03847837 -0.5636717 -0.8248513 -0.04352724 -0.61682 -0.7863367 -0.03475254 -0.6625303 -0.7483541 -0.03193533 -0.7099902 -0.7029989 -0.04130935 -0.7616913 -0.6467806 -0.03874748 -0.8080822 -0.5874598 -0.04352289 -0.8458893 -0.5322285 -0.03470116 -0.8767596 -0.4799623 -0.03047537 -0.9058904 -0.4215999 -0.04020184 -0.9354832 -0.3511955 -0.0391516 -0.9585246 -0.2816649 -0.04353886 -0.9758303 -0.2157603 -0.0346806 -0.9875018 -0.154895 -0.02911818 -0.9951209 -0.09062486 -0.0390098 -0.9987189 -0.01710897 -0.04762303 -0.9974314 0.05685234 -0.04357248 -0.9914244 0.1259952 -0.03468328 -0.9816855 0.1884835 -0.02770787 -0.9674612 0.2501758 -0.0378285 -0.945094 0.3243324 -0.04007184 -0.9199077 0.3897197 -0.04345655 -0.8908353 0.4530017 -0.0346716 -0.8599944 0.5096241 -0.02632635 -0.8265538 0.5616659 -0.03661251 -0.7797158 0.6248014 -0.04082393 -0.7347366 0.6769653 -0.04336053 -0.6858641 0.7269005 -0.03473037 -0.6367667 0.7706516 -0.02498859 -0.5888929 0.8074349 -0.03541505 -0.5226269 0.8515411 -0.04169875 -0.4635162 0.8850308 -0.04328256 -0.4005108 0.9156322 -0.03476923 -0.3383308 0.9407297 -0.02366173 -0.2822729 0.9587224 -0.03425484 -0.1953573 0.9800359 -0.03694891 -0.1236771 0.9913463 -0.04400497 -0.07129693 0.996423 -0.04536396 0.009348928 0.9991898 -0.03914636 0.07976543 0.9954175 -0.05274003 0.1429905 0.9891247 -0.03444105 0.1996554 0.9792839 -0.03377592 0.2743616 0.9609314 -0.03656166 0.3465946 0.9372015 -0.03905904 0.4107803 0.910219 -0.05254834 0.4681948 0.88295 -0.03453874 0.5193382 0.8539512 -0.03248637 0.5821215 0.8123218 -0.03560781 0.6430181 0.7648515 -0.03911548 0.7012839 0.7115454 -0.0436356 0.7387531 0.6725409 -0.04396194 0.7777464 0.6278052 -0.03116667 0.8218104 0.568703 -0.0347104 0.8637037 0.5024649 -0.0393092 0.9000685 0.4335516 -0.04370087 0.9223592 0.3838021 -0.04415255 0.9443678 0.3275308 -0.02988725 0.9654062 0.2585502 -0.03380233 0.9935296 0.1047898 -0.04379618 0.9827015 0.1809012 -0.03965532 0.961485 -0.1970941 -0.1915742 0.8471551 -0.4978553 -0.1856566 0.7889346 -0.5835153 -0.1925931 0.5634549 -0.8041971 -0.1891712 0.2743623 -0.9445704 -0.1803116 0.1723331 -0.9660954 -0.1922522 -0.1496366 -0.9708153 -0.1874213 -0.2599582 -0.9486347 -0.1803163 -0.3650025 -0.9163889 -0.1643311 -0.5387373 -0.8206443 -0.190539 -0.7759676 -0.6035624 -0.1832672 -0.8338714 -0.517273 -0.1925807 -0.9572062 -0.2195266 -0.1885854 -0.9782016 -0.1090002 -0.1767504 0.01739418 -0.009220361 -0.9998063 0.001842796 -7.3458e-4 -0.999998 0.1470547 -0.06995737 -0.9866514 0.01627558 -0.01103466 -0.9998067 -0.01443046 0.008702933 -0.9998581 0.1397677 -0.08645659 -0.9864028 -0.001929759 -0.002214014 -0.9999958 -0.001441121 -0.001225411 -0.9999982 -0.1306878 -0.09717488 -0.9866498 -0.01739305 -0.009222567 -0.9998063 -0.001358807 -8.51237e-4 -0.9999988 -0.1418423 -0.08300966 -0.9864027 -3.1981e-4 6.15426e-4 -0.9999998 -0.1600006 -0.07201176 -0.9844868 -0.3110184 -0.1422497 -0.9396982 -0.2938623 -0.1751245 -0.9396682 -0.454366 -0.2087172 -0.866019 -0.4291571 -0.2566586 -0.865997 -0.583888 -0.2688151 -0.7660374 -0.5514006 -0.3303673 -0.7660384 -0.6956786 -0.3207619 -0.6427621 -0.6569178 -0.3940941 -0.6427666 -0.7863109 -0.3629182 -0.5000056 -0.7424766 -0.4458684 -0.49993 -0.8530713 -0.3941115 -0.3419731 -0.8054586 -0.4840071 -0.3420142 -0.8922606 -0.4221048 -0.1603085 -7.19875e-5 -0.001157939 -0.9999994 2.43355e-5 -0.001000344 -0.9999995 -0.1136026 -0.131341 -0.9848067 -0.09873634 -0.142853 -0.9848067 -0.2225439 -0.2596966 -0.9396978 -0.1931651 -0.2822809 -0.9396834 -0.3247345 -0.3802101 -0.8660184 -0.281722 -0.4130881 -0.8660203 -0.4170508 -0.4891372 -0.7660375 -0.3617209 -0.5313581 -0.7660397 -0.4966944 -0.5831777 -0.6428052 -0.4307261 -0.6335056 -0.6427641 -0.5612436 -0.6595976 -0.4999366 -0.4866579 -0.7163258 -0.5000414 -0.608744 -0.7158794 -0.3419758 -0.5277736 -0.7775038 -0.3419691 -0.6302834 -0.7578859 -0.1683802 -8.78563e-6 -3.05963e-5 -1 -9.99523e-5 8.17631e-6 -1 0.007847845 -0.1734766 -0.9848068 0.02655798 -0.171612 -0.9848067 0.01702553 -0.3415784 -0.9396991 0.05388885 -0.3377765 -0.9396825 0.02568882 -0.4993101 -0.8660425 0.07955396 -0.493643 -0.8660184 0.03357821 -0.6418837 -0.7660666 0.102809 -0.6345189 -0.7660392 0.04045909 -0.7649694 -0.6427947 0.1229561 -0.7561329 -0.6427634 0.04610037 -0.8647959 -0.5000028 0.1393809 -0.8547765 -0.4999302 0.05036848 -0.9383619 -0.3419649 0.1515225 -0.9274112 -0.3419787 0.06246232 -0.9846443 -0.1630156 -4.43617e-4 8.08998e-5 -1 -5.6057e-4 4.36804e-5 -1 0.07996428 -0.1541478 -0.9848067 0.09616309 -0.1446001 -0.9848064 0.158917 -0.3028861 -0.9396837 0.1907365 -0.2839301 -0.9396826 0.2330028 -0.4423948 -0.8660235 0.2794806 -0.4146162 -0.8660162 0.2999913 -0.5684571 -0.766069 0.3597373 -0.5327069 -0.7660368 0.3579893 -0.6773065 -0.6427283 0.4290457 -0.6346078 -0.6428007 0.4049297 -0.7655035 -0.5000365 0.4853456 -0.7172375 -0.50001 0.4396349 -0.8304756 -0.3420988 0.5269044 -0.7780739 -0.3420131 0.4710772 -0.8653542 -0.1710221 -7.24255e-4 -1.43485e-4 -0.9999997 -3.58019e-4 -5.60096e-4 -0.9999999 0.1249989 -0.1205466 -0.9848065 0.1385204 -0.1076415 -0.9844925 0.2473133 -0.2362889 -0.9396827 0.2714107 -0.2081651 -0.9396827 0.3620702 -0.3448423 -0.866019 0.397233 -0.3036735 -0.8660187 0.4658008 -0.4429127 -0.7660666 0.5109946 -0.3899557 -0.7660413 0.5554375 -0.527539 -0.6428001 0.6092531 -0.464393 -0.6427673 0.6282178 -0.5961341 -0.4999666 0.6890219 -0.5247104 -0.499928 0.6818743 -0.646607 -0.3419749 0.7477868 -0.5690932 -0.3419764 0.7222679 -0.6734172 -0.1576022 0.001271307 4.77605e-4 -0.9999992 0.001123905 4.93555e-4 -0.9999993 0.1640601 -0.05692052 -0.9848068 0.1692551 -0.0388478 -0.9848064 0.3236697 -0.1106066 -0.939683 0.3337286 -0.07496333 -0.9396839 0.4734023 -0.1609404 -0.8660188 0.488025 -0.108814 -0.8660203 0.608762 -0.2063803 -0.7660391 0.6275076 -0.1393524 -0.7660387 0.7256496 -0.2455465 -0.6427595 0.7479704 -0.1656371 -0.6427322 0.8204393 -0.2772673 -0.5000024 0.8456032 -0.1869398 -0.5000089 0.8903114 -0.3005686 -0.3420588 0.9176278 -0.2025085 -0.3419789 0.9375932 -0.3057092 -0.1657134 0.01453262 -0.001006007 -0.9998939 3.21424e-4 5.0607e-4 -0.9999998 -0.1448947 -0.003927111 -0.9894393 -0.1728 -0.01722925 -0.9848063 -0.3144708 -0.008526265 -0.949229 -0.340197 -0.03552144 -0.9396831 -0.4745272 -0.01286178 -0.8801469 -0.4972589 -0.05273783 -0.8659979 -0.6201111 -0.01680779 -0.784334 -0.639155 -0.06830579 -0.7660388 -0.7468194 -0.02023702 -0.6647189 -0.7616533 -0.08181184 -0.6427994 -0.8508729 -0.02305233 -0.5248658 -0.861069 -0.09290111 -0.4999296 -0.9290273 -0.02547812 -0.3691332 -0.9342558 -0.1010934 -0.341974 -0.9789777 -0.02668905 -0.2022138 2.83595e-4 6.25037e-4 -0.9999998 -0.1699228 -0.03581017 -0.9848065 -0.3343276 -0.07206422 -0.9396978 -0.4885792 -0.1061316 -0.8660407 -0.6280239 -0.1370109 -0.766038 -0.7483664 -0.1637109 -0.6427647 -0.8459773 -0.1854543 -0.4999291 -0.9178389 -0.2014858 -0.3420163 -0.9286839 -0.3199807 -0.1875064 -0.8906604 -0.2994865 -0.3420997 -0.8209398 -0.2757761 -0.5000054 -0.7262595 -0.2436324 -0.6427989 -0.6095518 -0.2041398 -0.7660115 -0.4742678 -0.158366 -0.8660198 -0.3245745 -0.1077889 -0.9396984 -0.1650556 -0.05397254 -0.9848065 1.93076e-4 7.25227e-4 -0.9999998 -0.7484066 -0.568253 -0.3420177 -0.6899214 -0.5235618 -0.4998916 -0.6104581 -0.4628075 -0.6427676 -0.5124487 -0.3880464 -0.7660396 -0.398859 -0.3014718 -0.8660406 -0.2731671 -0.2057827 -0.9396985 -0.7086187 -0.6821799 -0.1802504 -0.6825748 -0.6458691 -0.3419719 -0.6292688 -0.5949614 -0.5000418 -0.5568466 -0.5261391 -0.6427283 -0.4674904 -0.4411793 -0.7660376 -0.3639371 -0.3428691 -0.86602 -0.2493308 -0.2341549 -0.9396838 -0.1271371 -0.118288 -0.9848067 -1.88896e-4 -0.001299262 -0.9999992 -0.4546289 -0.8700569 -0.1905614 -0.4406048 -0.8300305 -0.3419313 -0.4063377 -0.7648009 -0.4999694 -0.3597082 -0.6763648 -0.6427602 -0.3021495 -0.5673574 -0.7660362 -0.2354069 -0.4411273 -0.8660199 -0.1615144 -0.3014656 -0.9396976 -0.08271217 -0.152693 -0.9848064 1.29035e-4 -7.99754e-4 -0.9999997 1.32444e-4 -6.69695e-4 -0.9999998 -0.06571298 -0.1607883 -0.984799 -0.1279673 -0.3172077 -0.9396827 -0.1863331 -0.4639957 -0.8660185 -0.2390462 -0.5966578 -0.7660656 -0.284473 -0.711283 -0.6427688 -0.3212808 -0.8042219 -0.5000059 -0.3482956 -0.8727806 -0.341971 -0.2519273 -0.9052777 -0.34206 -0.2324464 -0.8342449 -0.5000043 -0.2059149 -0.7378417 -0.6427977 -0.1731081 -0.6190798 -0.7660116 -0.1350634 -0.4814597 -0.8659991 -0.09292078 -0.3291822 -0.9396834 -0.04795432 -0.1669019 -0.9848067 1.32266e-4 -5.23623e-4 -1 1.1599e-4 -3.6551e-4 -1 -0.02962803 -0.171107 -0.9848069 -0.05680036 -0.337258 -0.9396972 -0.08223134 -0.4932049 -0.8660179 -0.1051753 -0.6341326 -0.766038 -0.1249338 -0.7557817 -0.6427952 -0.1409011 -0.8544635 -0.5000392 -0.1525281 -0.9272496 -0.3419697 -0.04609489 -0.9815748 -0.1854352 -0.05138289 -0.9383049 -0.3419705 -0.04767507 -0.8647058 -0.5000113 -0.04246634 -0.7648872 -0.6427629 -0.03599721 -0.6417872 -0.7660376 -0.02842539 -0.4991992 -0.8660209 -0.0199849 -0.3414593 -0.9396841 -0.01095414 -0.1733093 -0.9848066 7.64578e-5 -1.53222e-4 -1 0.2508559 -0.9055765 -0.3420563 0.2309002 -0.8346537 -0.5000383 0.2039877 -0.7384086 -0.6427611 0.1707796 -0.619658 -0.7660669 0.1324588 -0.4821462 -0.8660195 0.09009093 -0.3299678 -0.9396835 0.04495608 -0.167733 -0.984807 -2.14839e-4 7.71547e-5 -1 0.3720437 -0.9111604 -0.1771164 0.3473783 -0.8731635 -0.3419266 0.319845 -0.8048192 -0.4999653 0.2825902 -0.7120026 -0.6428025 0.2368074 -0.5975825 -0.7660401 0.183811 -0.4649987 -0.8660195 0.1252048 -0.3182665 -0.9396969 0.06283009 -0.1618918 -0.9848063 -3.29369e-4 9.56321e-5 -1 0.6404689 -0.7443076 -0.1892245 0.6079682 -0.7165406 -0.3419713 0.5600533 -0.6605594 -0.5000017 0.4951826 -0.5845066 -0.6427646 0.4152224 -0.4906899 -0.7660377 0.3226206 -0.3819528 -0.8660417 0.2203157 -0.2616425 -0.9396831 0.1112311 -0.1333549 -0.9848067 -6.81457e-4 -1.35287e-5 -0.9999998 0.2923718 -0.1776016 -0.9396682 0.4277376 -0.2589441 -0.8660188 0.5501679 -0.3324227 -0.7660357 0.6558946 -0.3957983 -0.6427643 0.7417097 -0.4471397 -0.4999328 0.8048841 -0.4849309 -0.3420577 0.8953781 -0.4059529 -0.1830312 0.8526185 -0.3950513 -0.3420179 0.7856467 -0.3643491 -0.500009 0.6948069 -0.322573 -0.6427987 0.5829201 -0.270983 -0.7660108 0.4532215 -0.21118 -0.8660216 0.3098574 -0.1449488 -0.9396692 0.9762981 -0.1006925 -0.1915804 0.9341102 -0.1021493 -0.342058 0.8609102 -0.09437346 -0.4999272 0.7614355 -0.08383429 -0.642797 0.6388586 -0.0707097 -0.7660679 0.4969304 -0.05540919 -0.8660197 0.3398375 -0.03845912 -0.9396976 0.1724615 -0.02032083 -0.9848067 9.26534e-4 5.17367e-4 -0.9999995 0.01029062 -1.02686e-4 -0.9999471 0.1944847 -0.004739701 -0.9808941 0.359525 -0.008635878 -0.9330955 0.5139453 -0.01226103 -0.8577353 0.6531416 -0.01551663 -0.7570768 0.7730781 -0.01828724 -0.6340473 0.8686699 -0.02388614 -0.4948153 0.9333362 -0.02217012 -0.3583186 0.9808815 -0.02312672 -0.1932271 -0.999645 0.008744359 -0.02516967 -0.9761892 0.2136642 -0.03744685 -0.9827817 0.1808025 -0.03808832 -0.9983286 0.04730594 -0.03320252 -0.9953013 0.08634132 -0.04382401 -0.9913602 0.1184197 -0.05640751 -0.9884968 0.1470751 -0.03525853 -0.9986758 0.0514397 -8.72766e-4 -0.9992882 0.01087039 -0.03612679 -0.9972881 0.05161046 -0.05246806 -0.9955787 0.08712893 -0.03509587 -0.9934328 0.1144055 -0.001598417 -0.9924395 0.1171846 -0.03649401 -0.9880192 0.1479579 -0.04389524 -0.9861291 0.1659745 -0.001395106 -0.9804676 0.1918196 -0.04345768 -0.999611 0.01920735 -0.02021813 -1 0 0 -0.03713059 0.9980653 -0.0498712 -0.1171618 0.9924976 -0.03495341 -0.1896584 0.9795834 -0.06667971 -0.2543864 0.9645672 -0.06998479 -0.3338598 0.9406152 -0.06148797 -0.4139899 0.9092306 -0.04372775 -0.5140296 0.8569325 -0.03795295 -0.8727666 0.4866291 -0.03835016 -0.811927 0.5821167 -0.04375994 -0.7587734 0.6484416 -0.06153517 -0.7018648 0.7088726 -0.06989651 -0.6530987 0.7543153 -0.06686353 -0.5967407 0.8016637 -0.03515648 -0.9997364 0.02296543 0 -0.9939702 0.1011099 -0.04242843 -0.9811532 0.183185 -0.06149595 -0.9620029 0.2639603 -0.06982457 -0.9423456 0.3278653 -0.06700122 -0.9171301 0.3970225 -0.03529536 0.02613836 0.9990506 -0.03485411 0.9985877 0.03601914 -0.03905564 0.9920967 0.1208146 -0.03388571 0.9789381 0.1933022 -0.06568562 0.9637882 0.2573638 -0.06982892 0.9396088 0.3367651 -0.06102985 0.9075271 0.4176893 -0.04393601 0.8586432 0.5106693 -0.04414725 0.8027579 0.595583 -0.02933859 0.400233 0.9159469 -0.02924066 0.4892007 0.871059 -0.04403436 0.5779193 0.8149169 -0.04381763 0.6461144 0.7607799 -0.06123864 0.7067041 0.7040464 -0.0699135 0.7519256 0.6559293 -0.0660662 0.09404104 0.994616 -0.0435363 0.1801661 0.9817185 -0.06139236 0.2609836 0.9628012 -0.07001066 0.3243846 0.943592 -0.06639999 0.9997729 0.008326888 -0.01962047 1 0 0 0.9842165 0.1769668 -8.7206e-4 0.981855 0.1820681 -0.0530284 0.9888196 0.1448876 -0.03526234 0.9934327 0.1144068 -0.00159806 0.9924395 0.1171845 -0.0364933 0.9954746 0.08434498 -0.04377543 0.9986733 0.05148762 -8.77319e-4 0.9977285 0.04224818 -0.05246794 -0.9995749 0.02915519 0 -0.9995749 -0.02915519 0 -0.9894518 -0.1448631 0 -0.9793252 -0.2022926 -1.14389e-5 -0.9492666 -0.3144728 0 -0.9293197 -0.3692764 0 -0.8802381 -0.4745325 0 -0.8510779 -0.5250396 1.11676e-6 -0.7844612 -0.6201781 2.52829e-7 -0.7469731 -0.6648543 1.11676e-6 -0.6648521 -0.7469751 1.39783e-5 -0.6201713 -0.7844665 0 -0.5250369 -0.8510795 1.11766e-5 -0.4745655 -0.8802202 1.11497e-6 -0.369279 -0.9293186 1.28591e-5 -0.3144778 -0.9492649 0 -0.2022529 -0.9793334 0 -0.1448667 -0.9894512 0 -0.02916032 -0.9995748 0 0.02916032 -0.9995748 0 0.1448667 -0.9894512 0 0.2022529 -0.9793334 0 0.3144757 -0.9492655 0 0.3692789 -0.9293186 0 0.4745663 -0.8802198 0 0.5250369 -0.8510794 0 0.6201736 -0.7844646 -1.11676e-6 0.6648508 -0.7469763 0 0.7469717 -0.6648558 0 0.7844625 -0.6201763 -2.52829e-7 0.851078 -0.5250393 0 0.8802412 -0.4745267 0 0.9293205 -0.3692742 0 0.9492658 -0.3144752 -1.11766e-5 0.9793246 -0.2022953 0 0.9894517 -0.1448631 0 0.999576 -0.02911627 0 0.999576 0.02911627 0 0.9894524 0.1448584 0 0.9793256 0.2022907 -1.00643e-5 0.9492672 0.3144708 2.52829e-7 0.9293223 0.3692697 -1.28591e-5 0.8802412 0.4745267 0 0.851078 0.5250393 0 0.7844625 0.6201763 2.52829e-7 0.7469717 0.6648558 0 0.6648508 0.7469763 0 0.6201736 0.7844646 1.11676e-6 0.5250115 0.8510951 0 0.4745397 0.8802341 -1.00643e-5 0.3692693 0.9293224 1.11765e-5 0.3144667 0.9492686 0 0.2022818 0.9793274 0 0.1448953 0.9894471 0 0.02916014 0.9995748 0 -0.02916014 0.9995748 0 -0.1448953 0.9894471 0 -0.2022818 0.9793274 0 -0.3144688 0.9492679 0 -0.3692694 0.9293224 0 -0.4745389 0.8802345 1.00643e-5 -0.5250115 0.8510951 -1.11588e-5 -0.6201713 0.7844665 0 -0.6648521 0.7469751 -1.39783e-5 -0.7469731 0.6648543 -1.11676e-6 -0.7844612 0.6201781 -2.52829e-7 -0.8510779 0.5250396 -1.11676e-6 -0.8802381 0.4745325 0 -0.9293215 0.3692719 0 -0.949268 0.3144683 -1.00643e-5 -0.9793261 0.202288 1.00643e-5 -0.9894524 0.1448584 0 -0.9995754 0.02913987 0 -0.9995754 -0.02913987 0 -0.9894521 -0.1448607 0 -0.9793267 -0.2022852 1.11676e-6 -0.9492662 -0.3144739 0 -0.9293191 -0.3692778 -1.11766e-5 -0.8802294 -0.4745486 0 -0.8511019 -0.5250005 0 -0.7844591 -0.6201806 1.00643e-5 -0.7469862 -0.6648397 1.11676e-6 -0.6648536 -0.7469737 0 -0.6201844 -0.7844561 0 -0.5250403 -0.8510774 -1.11676e-6 -0.4745317 -0.8802384 0 -0.3692743 -0.9293205 -1.11676e-6 -0.3144799 -0.9492641 1.11676e-6 -0.2022899 -0.9793257 0 -0.1448606 -0.9894521 1.11676e-6 0.1448579 -0.9894525 1.00643e-5 0.2022912 -0.9793254 0 0.3144775 -0.949265 0 0.3692756 -0.92932 0 0.4745344 -0.8802371 -1.11676e-6 0.5250403 -0.8510774 -1.00643e-5 0.6201838 -0.7844566 0 0.6648214 -0.7470024 0 0.7469809 -0.6648455 0 0.784464 -0.6201745 0 0.8510998 -0.5250041 -1.11497e-6 0.8802336 -0.4745407 0 0.9293191 -0.3692777 0 0.9492677 -0.3144694 0 0.9793257 -0.2022903 1.1439e-5 0.989452 -0.1448608 0 0.9995752 -0.02914494 0 0.9995752 0.02914494 0 0.989452 0.1448608 0 0.9793257 0.2022903 -1.1439e-5 0.9492677 0.3144694 0 0.9293191 0.3692777 0 0.8802361 0.4745361 1.39784e-5 0.851078 0.5250393 -1.11766e-5 0.7844591 0.6201806 -1.11676e-6 0.746976 0.6648511 0 0.664858 0.7469698 0 0.6201852 0.7844554 0 0.5250458 0.851074 0 0.4745404 0.8802338 0 0.369268 0.9293231 0 0.3144695 0.9492676 -1.00643e-5 0.2022912 0.9793254 0 0.1448579 0.9894525 -1.00643e-5 0.02916032 0.9995748 0 -0.02916032 0.9995748 0 -0.1448606 0.9894521 -1.11676e-6 -0.2022899 0.9793257 0 -0.314472 0.9492669 1.42287e-5 -0.3692668 0.9293234 0 -0.4745378 0.8802352 0 -0.5250457 0.851074 0 -0.6201858 0.784455 1.1439e-5 -0.6648554 0.7469722 0 -0.7469812 0.6648452 0 -0.7844543 0.6201866 1.11676e-6 -0.8510802 0.5250359 2.52829e-7 -0.8802319 0.4745439 0 -0.9293191 0.3692778 1.11766e-5 -0.9492662 0.3144739 0 -0.9793267 0.2022852 -1.11676e-6 -0.9894521 0.1448607 0 -0.9894521 -0.1448608 0 -0.9793256 -0.2022904 -1.00643e-5 -0.949266 -0.3144742 0 -0.9293192 -0.3692777 -1.11766e-5 -0.8802338 -0.4745405 0 -0.8510975 -0.5250077 0 -0.784466 -0.6201719 0 -0.7469781 -0.6648486 1.11676e-6 -0.6648269 -0.7469976 0 -0.6201815 -0.7844583 0 -0.5250044 -0.8510996 0 -0.4745317 -0.8802385 1.11676e-6 -0.3692783 -0.9293189 1.00642e-5 -0.3144775 -0.949265 -1.00642e-5 -0.2022899 -0.9793257 2.52829e-7 -0.1448579 -0.9894525 -1.00643e-5 0.1448579 -0.9894525 1.00643e-5 0.2022899 -0.9793257 -2.52829e-7 0.3144753 -0.9492657 0 0.3692783 -0.9293189 0 0.4745325 -0.8802381 0 0.5250044 -0.8510996 0 0.6201838 -0.7844566 0 0.6648254 -0.7469988 0 0.7469767 -0.6648502 -1.11676e-6 0.7844384 -0.6202067 0 0.8510977 -0.5250073 0 0.8802369 -0.4745346 -1.11766e-5 0.9293199 -0.3692756 -1.11676e-6 0.9492652 -0.3144767 0 0.9793251 -0.202293 1.2859e-5 0.9894521 -0.1448608 0 0.9894521 0.1448608 0 0.9793251 0.202293 -1.2859e-5 0.9492652 0.3144767 0 0.9293199 0.3692756 1.11676e-6 0.8802394 0.4745301 1.00643e-5 0.851076 0.5250426 0 0.6648272 0.7469972 0 0.6201852 0.7844554 0 0.5250495 0.8510718 0 0.4745385 0.8802348 0 0.3692706 0.9293219 0 0.3145116 0.9492537 0 0.2022899 0.9793257 2.52829e-7 0.1448579 0.9894525 -1.00643e-5 -0.1448579 0.9894525 1.00643e-5 -0.2022899 0.9793257 -2.52829e-7 -0.3145137 0.949253 0 -0.3692707 0.9293219 -1.11766e-5 -0.4745788 0.8802131 0 -0.5250099 0.8510961 0 -0.6201829 0.7844573 -1.11676e-6 -0.6648285 0.746996 0 -0.8511002 0.5250032 1.14207e-5 -0.8802362 0.4745358 1.11676e-6 -0.9293192 0.3692777 1.11766e-5 -0.949266 0.3144742 0 -0.9793256 0.2022904 1.00643e-5 -0.9894521 0.1448608 0 -0.9894517 -0.1448631 1.11766e-5 -0.9793262 -0.2022874 0 -0.9492666 -0.3144724 0 -0.9293368 -0.3692332 0 -0.8802337 -0.4745406 0 -0.8510822 -0.5250325 0 -0.7844543 -0.6201866 -1.11676e-6 -0.7469812 -0.6648452 0 -0.6648441 -0.7469822 0 -0.6201742 -0.7844642 0 -0.5250331 -0.8510819 0 -0.4745655 -0.8802202 0 -0.369275 -0.9293202 1.11767e-5 -0.3144802 -0.9492641 0 -0.2022529 -0.9793334 0 -0.1448694 -0.9894508 0 0.1448667 -0.9894512 0 0.2022541 -0.9793332 0 0.3144778 -0.9492648 1.00643e-5 0.3692762 -0.9293197 -1.28591e-5 0.4745681 -0.8802189 0 0.5250332 -0.8510818 0 0.6201736 -0.7844646 1.28591e-5 0.6648467 -0.7469799 -1.11766e-5 0.746976 -0.6648511 0 0.7844591 -0.6201806 1.11676e-6 0.8510801 -0.525036 0 0.8802379 -0.4745328 0 0.9293369 -0.3692331 -1.11497e-6 0.9492681 -0.314468 0 0.9793252 -0.2022926 -1.11676e-6 0.9894517 -0.1448632 -1.11766e-5 0.9894524 0.1448584 1.1439e-5 0.9793356 0.2022423 -1.14207e-5 0.9492695 0.3144635 0 0.9293214 0.369272 0 0.8802379 0.4745328 0 0.8510801 0.525036 0 0.6648467 0.7469799 1.11766e-5 0.6201736 0.7844646 -1.28591e-5 0.5250078 0.8510974 0 0.4745416 0.8802332 0 0.3692666 0.9293236 0 0.3144688 0.9492679 0 0.202283 0.9793271 0 0.1448953 0.9894471 0 -0.144898 0.9894466 0 -0.2022818 0.9793274 0 -0.3144713 0.949267 0 -0.3692654 0.929324 0 -0.4745389 0.8802345 1.00643e-5 -0.5250077 0.8510975 0 -0.6201742 0.7844642 0 -0.6648441 0.7469822 0 -0.8510822 0.5250325 0 -0.8802337 0.4745406 0 -0.9293214 0.3692721 1.11766e-5 -0.9492681 0.314468 0 -0.9793272 0.2022829 1.11766e-5 -0.9894524 0.1448584 -1.00643e-5 0.1547424 0.02930992 -0.98752 0.0463531 0.008444249 -0.9988895 0.04607868 0.009895861 -0.9988888 0.01743781 2.06381e-4 -0.999848 0.04708755 0.001845359 -0.9988892 0.1088532 0.001244664 -0.9940571 0.1447997 0.0065611 -0.9894393 0.2096024 0.003116071 -0.9777818 0.2908698 0.01276475 -0.9566776 0.1123834 0.02425384 -0.9933689 0.2050158 0.04392421 -0.9777725 0.3070115 0.05885541 -0.9498842 0.4390671 0.01929825 -0.898247 0.366478 0.005387663 -0.9304112 0.2789989 0.002637326 -0.9602878 0.2775607 0.06091791 -0.9587748 0.3410087 0.07395291 -0.9371468 0.4512828 0.08678537 -0.888151 0.5760802 0.02531337 -0.8170011 0.5135148 0.007495999 -0.858048 0.4352312 0.004077017 -0.9003096 0.4284577 0.0931642 -0.898746 0.4876257 0.1052902 -0.8666806 0.5840754 0.1125309 -0.8038613 0.69844 0.03065705 -0.7150118 0.6467373 0.009347379 -0.7626556 0.5792894 0.005424737 -0.8151039 0.5677347 0.122919 -0.813983 0.6208023 0.1337624 -0.7724716 0.7020536 0.1354534 -0.6991231 0.8030813 0.0352174 -0.594828 0.7626205 0.01100498 -0.6467525 0.7070947 0.006626665 -0.7070878 0.6911441 0.1492552 -0.707137 0.7369681 0.1586062 -0.6570557 0.802169 0.1549365 -0.5766453 0.8873059 0.03886353 -0.4595412 0.8666904 0.01014709 -0.4987434 0.8150983 0.00762391 -0.5792727 0.7961311 0.1716506 -0.5802683 0.8328952 0.1791204 -0.5236425 0.8819229 0.1705136 -0.4394738 0.9489924 0.04152804 -0.3125522 0.9371118 0.01093626 -0.3488581 0.8987533 0.01036572 -0.4383322 0.04690366 0.004054963 -0.9988912 0.03906059 0.005319952 -0.9992227 0.1558765 0.01413077 -0.9876756 0.1550384 0.02143901 -0.9876759 0.3077768 0.02847582 -0.9510325 0.3061694 0.04296308 -0.9510072 0.4520775 0.04210591 -0.8909844 0.449631 0.0633313 -0.8909664 0.5852268 0.05468392 -0.8090237 0.582111 0.08221101 -0.8089427 0.7040819 0.06600695 -0.7070444 0.7002301 0.09905004 -0.7070127 0.8054736 0.07559227 -0.5877909 0.8010751 0.1134129 -0.5877212 0.8871337 0.08342689 -0.4539096 0.8822354 0.1250278 -0.453904 0.9468549 0.0890606 -0.3090859 0.9417219 0.1337054 -0.3086791 0.9829942 0.0942133 -0.1576275 0.9392454 0.1817578 -0.2911742 0.9865521 0.04306989 -0.1576707 0.9818337 0.01141238 -0.1894004 0.9587548 0.01104158 -0.28402 0.8788248 0.189244 -0.4380113 0.9059692 0.1947506 -0.3758882 0.9374571 0.2016686 -0.2837324 0.9542022 0.2050647 -0.2178228 0.975264 0.1403921 -0.1707345 0.9720241 0.1848437 -0.1449213 0.9713934 0.2087573 -0.1132047 0.9924623 0.01140844 -0.1220181 0.1605485 -0.0118643 -0.9869567 0.1729871 0.007773637 -0.9848934 -0.9773387 0.151547 -0.1477925 -0.8693066 0.471926 -0.1469426 0.2916139 0.9415661 -0.1685665 0.5914801 0.7884624 -0.1687555 0.2107253 -0.9667659 -0.1447708 0.3227972 -0.9306065 -0.1725504 0.4181802 -0.8918248 -0.1725513 0.5239652 -0.8391956 -0.1456407 0.6173107 -0.7677755 -0.1716051 0.6940433 -0.6991825 -0.1716036 0.7758983 -0.6136119 -0.1464999 0.8398059 -0.5153235 -0.1707857 0.8889821 -0.4249069 -0.1707775 0.9371148 -0.316387 -0.1473606 0.9643597 -0.2026824 -0.1700891 0.9802482 -0.1009221 -0.1700838 0.9887978 0.01772111 -0.1482055 0.97641 0.1337383 -0.1695219 0.9571204 0.2349122 -0.1695195 0.9249345 0.349677 -0.1490716 0.8744696 0.4546473 -0.1691119 0.8222845 0.5433795 -0.1690773 0.7530281 0.6406834 -0.1499116 0.6705023 0.7224509 -0.1687939 0.4931747 0.8567653 -0.150771 0.3882688 0.9059917 -0.1686014 0.1757777 0.9726833 -0.1516232 0.06072419 0.983829 -0.1685028 -0.05254042 0.9862099 -0.1569381 -0.1591409 0.9719673 -0.1730712 -0.259674 0.9500613 -0.1730699 -0.3728495 0.9164573 -0.1452213 -0.4770365 0.8618762 -0.1720626 -0.5643756 0.807388 -0.172061 -0.6596459 0.7372467 -0.1460642 -0.7394151 0.6511245 -0.1711791 -0.8032968 0.5704508 -0.1711735 -0.9711534 -0.1864575 -0.1486431 -0.9831324 -0.06799322 -0.1697874 -0.9392615 -0.298547 -0.1692852 -0.9029814 -0.3949293 -0.1692792 -0.8515042 -0.5025872 -0.1494888 -0.7840296 -0.5972977 -0.168918 -0.7174549 -0.6758197 -0.1688973 -0.6324021 -0.7599126 -0.150335 -0.5372852 -0.8263607 -0.16868 -0.4481695 -0.877897 -0.1686441 -0.3394421 -0.9283905 -0.1512289 -0.2277995 -0.9589942 -0.1686345 -0.1166308 -0.9806969 -0.1569425 0.1008741 -0.976424 -0.1908421 1.56903e-4 -0.9847636 -0.1738984 0.264219 0.9017581 -0.3420828 0.1596857 0.9260166 -0.3420438 0.05308741 0.9381829 -0.3420448 -0.05418306 0.9381066 -0.3420822 -0.1607652 0.9258153 -0.3420829 -0.2652506 0.9014549 -0.3420838 -0.3663348 0.8653521 -0.342001 -0.4625884 0.8179528 -0.3420018 -0.5527874 0.7598912 -0.3420407 -0.6357781 0.6919296 -0.3420815 -0.7104826 0.6149535 -0.3421208 -0.775975 0.529946 -0.3420822 0.7097954 0.6158124 -0.3420026 0.7753678 0.5308092 -0.3421205 0.830824 0.4389897 -0.3420816 0.8754495 0.3414212 -0.3420817 0.9086624 0.2394019 -0.3420812 0.930018 0.1342379 -0.342121 0.9392997 0.02741676 -0.3420011 0.9362859 -0.07985466 -0.3420413 0.92108 -0.1860628 -0.3420414 0.8938459 -0.2898616 -0.3420816 0.8549777 -0.3898634 -0.3420811 0.8049637 -0.4847822 -0.3420815 0.7444809 -0.5733724 -0.3420416 0.6742166 -0.6545113 -0.3421213 0.595266 -0.7270941 -0.3420417 0.5084771 -0.7902101 -0.3420805 0.415112 -0.8430243 -0.3420411 0.3163087 -0.8848482 -0.3420414 0.2133569 -0.9151278 -0.3420819 0.1076737 -0.9334956 -0.3420416 5.38344e-4 -0.9396702 -0.3420813 -0.1065999 -0.9335896 -0.3421214 -0.2122895 -0.9153911 -0.3420417 -0.3152688 -0.8852041 -0.3420808 -0.4141334 -0.8434731 -0.3421211 -0.5075492 -0.7908408 -0.3420014 -0.5943982 -0.7278045 -0.3420403 -0.6735025 -0.6552255 -0.3421608 -0.7438001 -0.5742076 -0.3421217 -0.8044071 -0.4857034 -0.3420843 -0.8545297 -0.3908435 -0.3420825 -0.8935127 -0.2908856 -0.3420826 -0.920867 -0.1871874 -0.3420016 -0.9361767 -0.08094918 -0.3420825 0.3363496 0.7980335 -0.5000116 0.2431721 0.831201 -0.4999724 0.146838 0.8535012 -0.4999746 0.04867386 0.8645862 -0.5001216 -0.05024737 0.8645392 -0.5000473 -0.1484442 0.8531596 -0.5000831 -0.2447556 0.830691 -0.5000473 -0.3378821 0.7973873 -0.5000091 -0.4265439 0.7536666 -0.5000469 -0.5097075 0.7001349 -0.5000097 -0.5861617 0.6374693 -0.5000474 -0.655007 0.566497 -0.500047 -0.715344 0.4881324 -0.5000098 0.7144056 0.4895056 -0.5000089 0.7655481 0.4048788 -0.5000095 0.8067109 0.3149737 -0.5000092 0.8373715 0.2209895 -0.4999727 0.8570862 0.1240708 -0.5000097 0.8656427 0.02556157 -0.5000094 0.8629138 -0.07328146 -0.5000096 0.8489359 -0.1711682 -0.5000094 0.8238906 -0.2668243 -0.5000094 0.7881044 -0.3590013 -0.5000095 0.7420441 -0.4464983 -0.5000099 0.68628 -0.5281792 -0.5000467 0.621599 -0.6029664 -0.5000462 0.5488449 -0.6698952 -0.5000097 0.4689049 -0.7280924 -0.5000097 0.382793 -0.7767793 -0.5000835 0.2918088 -0.8153762 -0.5000094 0.1969609 -0.8433251 -0.5000091 0.09954458 -0.8602797 -0.5000098 8.53886e-4 -0.866041 -0.4999726 -0.0978924 -0.8604694 -0.5000095 -0.1953414 -0.8437017 -0.5000094 -0.290228 -0.8159623 -0.4999731 -0.3813603 -0.7775313 -0.5000097 -0.4675062 -0.7289912 -0.5000099 -0.5475575 -0.6709477 -0.50001 -0.6204711 -0.6041571 -0.5000099 -0.6852952 -0.5294911 -0.5000098 -0.7411848 -0.4479225 -0.5000105 -0.7874139 -0.3605134 -0.5000095 -0.823377 -0.268406 -0.5000086 -0.848621 -0.1728231 -0.4999746 -0.8627523 -0.07491433 -0.5000465 0.3757573 0.6675307 -0.6428136 0.2972241 0.7059786 -0.642847 0.2147825 0.735325 -0.6427797 0.1295811 0.7549824 -0.6428143 0.04265356 0.764862 -0.6427806 -0.0447883 0.7647125 -0.6428133 -0.1316675 0.7546229 -0.6428126 -0.2168586 0.7347142 -0.642781 -0.2991336 0.7051728 -0.6428456 -0.3776 0.66649 -0.6428138 -0.4511135 0.6191026 -0.6428131 -0.5187448 0.5636441 -0.6428136 -0.579578 0.5008375 -0.6428462 -0.6329275 0.4315026 -0.6428129 0.6770013 0.3584142 -0.642813 0.7134441 0.2789053 -0.6428136 0.7405867 0.1957607 -0.6428135 0.7580749 0.1100636 -0.6428131 0.76568 0.02293264 -0.6428128 0.7632737 -0.06451821 -0.6428459 0.7510066 -0.1510707 -0.6427805 0.7288578 -0.2357075 -0.6428129 0.6972036 -0.3172637 -0.6428459 0.6564937 -0.3946705 -0.6428462 0.6072612 -0.4669315 -0.6428133 0.5500414 -0.5331075 -0.6428461 0.4857214 -0.5923393 -0.6428133 0.4150334 -0.6438468 -0.6428131 0.3389347 -0.6869605 -0.642813 0.2584187 -0.7211177 -0.6428134 0.1745046 -0.7458536 -0.6428457 0.08839756 -0.7609329 -0.6427807 0.001058697 -0.7660223 -0.6428133 -0.08628803 -0.7611201 -0.6428458 -0.1724712 -0.7463546 -0.642813 -0.2564122 -0.721863 -0.6427804 -0.3370352 -0.6878938 -0.6428136 -0.4132521 -0.6449915 -0.642813 -0.4840825 -0.5936801 -0.6428127 -0.5486011 -0.5346284 -0.6428136 -0.6059604 -0.4685733 -0.6428461 -0.6554368 -0.3964793 -0.6428117 -0.6963591 -0.3191793 -0.6428131 -0.728204 -0.2377212 -0.6428123 -0.7505549 -0.1531624 -0.6428132 -0.7631222 -0.06660711 -0.6428127 0.3767839 0.5207486 -0.7660647 0.3149659 0.5603035 -0.7660657 0.2490346 0.5925941 -0.766038 0.179873 0.6170821 -0.766065 0.1083592 0.633562 -0.7660663 0.03541088 0.6418214 -0.7660362 -0.03795772 0.6416426 -0.7660641 -0.1108514 0.6331319 -0.7660652 -0.1823308 0.6163936 -0.7660383 -0.2514075 0.5915926 -0.7660369 -0.3171321 0.5590427 -0.7660931 -0.37883 0.5192613 -0.7660651 -0.4355121 0.4726854 -0.7660925 -0.4865956 0.4199638 -0.7660648 -0.5312954 0.3617593 -0.766065 0.5985077 0.2343773 -0.7660652 0.6213231 0.1646244 -0.7660657 0.6360388 0.09272629 -0.7660657 0.6424641 0.01961898 -0.7660647 0.6405119 -0.05374461 -0.7660653 0.6302103 -0.1264067 -0.7660655 0.6116937 -0.1974213 -0.766065 0.585202 -0.2658625 -0.7660651 0.5510813 -0.3308374 -0.7660653 0.5097767 -0.3914999 -0.7660651 0.4618269 -0.4470578 -0.7660649 0.407855 -0.4967877 -0.7660655 0.3485669 -0.5400415 -0.7660655 0.284735 -0.5762555 -0.7660651 0.2171909 -0.6049561 -0.7660655 0.1468446 -0.6257976 -0.766038 0.07452583 -0.6384274 -0.7660655 0.001264691 -0.6427615 -0.7660654 -0.07199424 -0.6387516 -0.7660375 -0.1443365 -0.6263808 -0.766038 -0.214819 -0.605768 -0.7660927 -0.2824651 -0.5773706 -0.7660658 -0.3464409 -0.5413691 -0.7660928 -0.4059007 -0.4984286 -0.7660375 -0.4600635 -0.4488723 -0.766065 -0.5082321 -0.3935039 -0.7660645 -0.5497752 -0.3330034 -0.7660653 -0.5841521 -0.2681628 -0.7660648 -0.6109118 -0.1998266 -0.7660654 -0.6297361 -0.1289142 -0.7660376 -0.6403269 -0.05628937 -0.7660372 0.3370123 0.3693091 -0.8660448 0.2927178 0.4053184 -0.8660447 0.2446043 0.436087 -0.8660236 0.1933062 0.4610851 -0.8660447 0.1394869 0.4801141 -0.8660451 0.08383214 0.4929262 -0.8660231 0.02711778 0.4992308 -0.8660447 -0.02999174 0.4991041 -0.8660229 -0.08668965 0.4924312 -0.8660234 -0.1422251 0.47931 -0.8660451 -0.1959717 0.4599994 -0.866023 -0.2471293 0.4346611 -0.8660236 -0.2950257 0.4036408 -0.8660452 -0.3391146 0.3673795 -0.8660449 -0.3787812 0.3263276 -0.8660457 -0.4135543 0.2810258 -0.8660239 0.4832061 0.1285114 -0.8660235 0.4947054 0.07259142 -0.8660238 0.4997565 0.01572692 -0.8660233 0.4982521 -0.0413627 -0.8660451 0.4903305 -0.09787464 -0.8660235 0.4759773 -0.1531301 -0.8660236 0.4554187 -0.2063894 -0.8660238 0.4289242 -0.2569584 -0.8660234 0.3968371 -0.3041768 -0.8660236 0.3595348 -0.3474205 -0.8660449 0.3176291 -0.3861545 -0.8660234 0.2715009 -0.4198246 -0.8660454 0.2219115 -0.4480611 -0.8660234 0.1693898 -0.4704364 -0.8660236 0.1146602 -0.4866788 -0.8660235 0.05840897 -0.4965424 -0.8660451 0.001449584 -0.5000009 -0.8660238 -0.05557364 -0.4968681 -0.8660448 -0.1118367 -0.4873356 -0.8660235 -0.1666597 -0.4714103 -0.8660237 -0.21931 -0.4493397 -0.8660236 -0.2691016 -0.4214107 -0.8660238 -0.3153849 -0.3879895 -0.8660234 -0.3575562 -0.3495091 -0.8660237 -0.3950666 -0.306473 -0.8660235 -0.4274268 -0.2594397 -0.866024 -0.4542147 -0.2090259 -0.8660238 -0.4750822 -0.1558876 -0.8660231 -0.4897552 -0.1007162 -0.8660233 -0.4980422 -0.04423046 -0.8660242 0.2574344 0.2251127 -0.9397084 0.2301068 0.2530357 -0.9396935 0.199757 0.2775716 -0.9397081 0.1668149 0.2985324 -0.9397081 0.1316915 0.3156484 -0.9396933 0.09485262 0.3286021 -0.9396934 0.05679106 0.3372294 -0.939708 0.01795977 0.3415452 -0.9396938 -0.02109062 0.3413668 -0.9396935 -0.0598368 0.3367022 -0.9397081 -0.09782826 0.327687 -0.9397078 -0.1345805 0.3144276 -0.9396933 -0.1695056 0.2970129 -0.9397081 -0.2022987 0.2757729 -0.9396939 -0.2324165 0.2509161 -0.9396934 -0.259458 0.2227771 -0.9397085 -0.2831624 0.1917493 -0.9397082 0.3383103 0.05022573 -0.9396933 0.3417904 0.01130902 -0.9397082 0.340852 -0.02772474 -0.9397081 0.335514 -0.06638455 -0.9396933 0.3257145 -0.1042066 -0.9397079 0.3117119 -0.1406561 -0.9397082 0.2936936 -0.1752731 -0.9396933 0.2717993 -0.2076087 -0.9396935 0.2463171 -0.2372268 -0.9397081 0.2176703 -0.2637587 -0.9397081 0.1862257 -0.2868737 -0.9396934 0.1522729 -0.306205 -0.9397082 0.1164103 -0.3215973 -0.9396935 0.07899212 -0.3327714 -0.9396933 0.04051744 -0.3395687 -0.9397082 0.001567363 -0.3420149 -0.9396933 -0.03742885 -0.3399642 -0.9396933 -0.07595121 -0.333437 -0.9397081 -0.1134575 -0.3226513 -0.9396934 -0.1494973 -0.3076153 -0.9396932 -0.1835852 -0.2885222 -0.9397082 -0.2152778 -0.2657142 -0.9397082 -0.244177 -0.2394874 -0.9396933 -0.2698841 -0.2100915 -0.9396938 -0.2920517 -0.1779174 -0.9397081 -0.3104563 -0.1435045 -0.9396932 -0.32479 -0.1071792 -0.9396937 -0.3348919 -0.06945806 -0.9396931 -0.3406262 -0.0308296 -0.9396932 0.1311306 0.09414356 -0.9868849 0.1298025 0.1174556 -0.9845586 0.1154022 0.1312517 -0.9846093 0.09957772 0.1433241 -0.9846535 0.08254998 0.1534924 -0.9846957 0.06453353 0.1616456 -0.9847366 0.0456674 0.1678082 -0.9847614 0.02632784 0.1717137 -0.984795 0.00660628 0.1735028 -0.9848112 -0.01311486 0.1730064 -0.9848334 -0.03264784 0.1702994 -0.9848515 -0.05173987 0.1654099 -0.9848668 -0.07013553 0.1583977 -0.9848814 -0.08763927 0.1493681 -0.9848902 -0.1040268 0.1384244 -0.9848945 -0.1190405 0.1257002 -0.9849005 -0.1325367 0.1113618 -0.9849023 -0.1336217 0.08874541 -0.987051 0.1705103 -0.03287565 -0.9848074 0.1656516 -0.05209738 -0.9848074 0.1586337 -0.07064002 -0.9848073 0.1495469 -0.08826309 -0.9848073 0.1385101 -0.1047348 -0.9848074 0.1256691 -0.1198411 -0.9848073 0.1112339 -0.1334037 -0.9847998 0.09525895 -0.1451903 -0.9848074 0.07808834 -0.1551027 -0.9848073 0.05986255 -0.1629605 -0.9848149 0.04096037 -0.168795 -0.9847998 0.02145206 -0.1723639 -0.9847998 0.001664221 -0.1736857 -0.9847998 -0.01816314 -0.1726982 -0.9848074 -0.03773069 -0.1695023 -0.9848073 -0.05680656 -0.1640962 -0.9848074 -0.0751419 -0.1565514 -0.9848073 -0.09250086 -0.1470137 -0.9847999 -0.1086469 -0.1354631 -0.9848074 -0.1233955 -0.122242 -0.9847998 -0.1365059 -0.1073349 -0.9848073 -0.147852 -0.09107404 -0.9848073 -0.1572698 -0.07362765 -0.9848072 -0.1646363 -0.05521941 -0.9848074 -0.1698591 -0.0360924 -0.9848072 -0.1898989 -0.01929378 -0.9816142 0.6349773 0.6926845 -0.3420411 0.6539492 0.5677502 -0.5000103 0.631733 0.4332495 -0.6428129 0.5678895 0.3010743 -0.7660652 0.4653803 0.1827201 -0.8660454 0.3303466 0.08843111 -0.9397081 0.1709581 0.02736532 -0.9848982 0.5518884 0.7605252 -0.342083 0.5849722 0.6385338 -0.5000821 0.5782278 0.5024374 -0.6428137 0.5298678 0.3638466 -0.7660653 0.4415187 0.2345788 -0.8660451 0.3181127 0.1255108 -0.9397082 0.1667137 0.04657226 -0.9849049 0.461585 0.8185033 -0.3420409 0.508361 0.7011128 -0.50001 0.5171851 0.5650762 -0.6428129 0.4849282 0.4218365 -0.7660931 0.4119009 0.2833797 -0.8660449 0.3017325 0.1609545 -0.939708 0.1603195 0.06514519 -0.9849132 0.1321154 0.07284134 -0.9885544 0.3653041 0.8657399 -0.342122 0.4251446 0.7544324 -0.5000838 0.4494 0.6203473 -0.6428134 0.4336872 0.4744048 -0.766065 0.3769133 0.3284848 -0.8660452 0.281418 0.1943005 -0.9397081 -0.8313269 0.4380367 -0.3420811 -0.7663244 0.4034069 -0.5000099 -0.6779555 0.3565486 -0.6428449 -0.5691103 0.2988328 -0.7660369 -0.4428938 0.2320522 -0.8660237 -0.3032207 0.1582197 -0.9396934 -0.1355915 0.06817781 -0.9884164 -0.9155482 0.3643185 -0.1704218 -0.8758617 0.3404023 -0.3420417 -0.8073129 0.3134236 -0.5000118 -0.7141783 0.2769435 -0.6428465 -0.5994638 0.2320111 -0.766038 -0.4664588 0.1800535 -0.8660237 -0.31928 0.1226244 -0.9396934 -0.1645755 0.05999273 -0.9845384 -0.9485598 0.2668177 -0.170419 -0.9089554 0.2383432 -0.342042 -0.837753 0.2193706 -0.5000466 -0.7410941 0.1937279 -0.6428446 -0.621967 0.1621784 -0.766065 -0.4839007 0.1257197 -0.8660454 -0.3311325 0.08544182 -0.939708 -0.17002 0.04083752 -0.9845942 -0.9301646 0.1332163 -0.3421218 -0.8573225 0.1224248 -0.5000105 -0.7583758 0.1079683 -0.6428134 -0.6363982 0.09022271 -0.7660661 -0.4950784 0.06974029 -0.8660449 -0.3387134 0.04713851 -0.9397081 -0.1733009 0.02119433 -0.9846408 -0.9848588 0.03497576 -0.1697935 -0.9392865 0.02631765 -0.3421232 -0.865713 0.0238766 -0.4999711 -0.7657399 0.02081668 -0.6428134 -0.6425351 0.01709097 -0.7660657 -0.4998387 0.01282882 -0.8660235 -0.3419201 0.008199453 -0.9396933 -0.1738685 0.001547574 -0.9847677 -0.05735081 -0.005157053 -0.9983408 0.04340147 -0.004040777 -0.9990496 0.05147039 -0.009415268 -0.9986302 0.05007266 -0.01522308 -0.9986295 0.04801827 -0.02083462 -0.9986292 0.04534059 -0.02617698 -0.9986286 0.0150246 -0.011132 -0.9998252 0.03821873 -0.03575491 -0.9986296 0.02830225 -0.03326106 -0.999046 0.0291354 -0.04349082 -0.9986289 0.02399957 -0.04654711 -0.9986278 0.01853334 -0.0489701 -0.9986283 0.01283025 -0.05076813 -0.9986281 0.005803346 -0.04324769 -0.9990475 0.001000285 -0.05235892 -0.9986279 -0.004141271 -0.04344213 -0.9990474 -0.0108847 -0.05122417 -0.9986279 -0.01665437 -0.04964685 -0.998628 -0.01849997 -0.03951883 -0.9990476 -0.02744734 -0.04455018 -0.9986301 -0.03236222 -0.04115194 -0.9986287 -0.03683692 -0.03719115 -0.998629 -0.02044159 -0.01639312 -0.9996567 -0.04431098 -0.0278843 -0.9986286 -0.04718989 -0.0226463 -0.9986293 -0.04945719 -0.01711761 -0.9986296 -0.05112117 -0.01137822 -0.9986277 -0.9893812 0.01162713 -0.144878 -0.9491987 0.01115453 -0.3144799 -0.8801741 0.01034718 -0.4745382 -0.7844282 0.009220361 -0.6201512 -0.6648032 0.00781399 -0.7469778 -0.5249921 0.006172537 -0.8510848 -0.3692541 0.004341125 -0.9293184 -0.2022807 0.002375423 -0.9793248 -0.0317167 3.7183e-4 -0.9994969 -0.9754667 0.1369373 -0.1723744 -0.05118793 0.01099455 -0.9986286 -0.05131733 0.01018184 -0.9986305 -0.1698178 0.03647249 -0.9848003 -0.1703984 0.03314524 -0.9848178 -0.3344733 0.07183468 -0.9396635 -0.3360556 0.06450837 -0.9396305 -0.4889522 0.1050115 -0.8659667 -0.4911519 0.09402412 -0.8659846 -0.6285562 0.1349944 -0.7659593 -0.6314636 0.1206326 -0.7659645 -0.749051 0.1608727 -0.6426839 -0.7525264 0.1436009 -0.6427152 -0.8467757 0.1818613 -0.4998974 -0.8508204 0.1621429 -0.4998146 -0.9187716 0.1973239 -0.3419387 -0.9232761 0.1756974 -0.3416017 -0.9628596 0.2067926 -0.1736038 -0.9674851 0.1841101 -0.1734246 -0.03696936 0.005545437 -0.9993011 -0.1719041 0.02505069 -0.9847952 -0.3384985 0.04872804 -0.9397045 -0.4950318 0.07083702 -0.8659825 -0.6364364 0.09082293 -0.7659634 -0.7584432 0.1080776 -0.6427155 -0.8574499 0.1220186 -0.4998911 -0.9303871 0.1322577 -0.3418884 -0.9782949 0.09036904 -0.1864748 -0.9355233 0.08845233 -0.3420122 -0.8622376 0.08158779 -0.4998899 -0.7626864 0.07231336 -0.6427134 -0.6399307 0.06085216 -0.7660195 -0.497771 0.0475158 -0.8660059 -0.3404117 0.03276771 -0.9397054 -0.1729779 0.01690769 -0.9847807 -0.05205452 0.005320608 -0.9986301 -0.05224645 0.002867758 -0.9986302 -0.1734063 0.008843541 -0.9848107 -0.34162 0.01671212 -0.9396896 -0.4994159 0.02409058 -0.8660274 -0.6421167 0.03069126 -0.7659923 -0.7653281 0.0363273 -0.6426144 -0.8650729 0.04102098 -0.4999663 -0.9386463 0.04438996 -0.3420127 -0.9837589 0.04628276 -0.1734257 -0.1706324 0.03182411 -0.9848207 -0.4461851 0.003229379 -0.8949349 -0.3515957 0.003008246 -0.9361471 -0.3580779 0.01412081 -0.9335849 -0.4912453 0.09290599 -0.8660523 -0.5877793 0.0046916 -0.8090078 -0.5025198 0.00492227 -0.8645518 -0.5124524 0.02107095 -0.8584571 -0.6315821 0.1196347 -0.7660233 -0.7132548 0.006002724 -0.7008792 -0.6394476 0.006674826 -0.7688059 -0.6517115 0.02736759 -0.7579731 -0.7525441 0.1428158 -0.6428694 -0.8191341 0.007140338 -0.5735577 -0.7584989 0.008220613 -0.6516225 -0.7717017 0.03284293 -0.6351361 -0.8506909 0.1616547 -0.5001927 -0.9025532 0.008065938 -0.4305028 -0.8563839 0.009518921 -0.5162519 -0.8689489 0.03730177 -0.4934943 -0.923107 0.175504 -0.3421576 -0.9612249 0.008758008 -0.2756265 -0.930368 0.01053494 -0.3664758 -0.940513 0.0406512 -0.3373171 -0.9674079 0.1840952 -0.1738705 -0.9924885 0.01150673 -0.1217958 -0.9783872 0.01124387 -0.2064755 -0.984308 0.04278945 -0.1711925 -0.9769536 0.1405547 -0.1606431 -0.9841437 0.09440517 -0.1501626 -0.9303345 0.1319288 -0.3421585 -0.935557 0.0879988 -0.342037 -0.8574443 0.121421 -0.5000463 -0.8621097 0.08107298 -0.5001943 -0.7585144 0.1072366 -0.6427723 -0.7626278 0.07153141 -0.6428703 -0.6363618 0.0898931 -0.766135 -0.6398838 0.059888 -0.7661346 -0.4950682 0.06971728 -0.8660525 -0.497874 0.04633772 -0.8660106 -0.3358706 0.06338459 -0.9397731 -0.3386546 0.04746258 -0.939713 -0.3405079 0.03149569 -0.939714 -0.1896046 0.00630486 -0.9818404 -0.1729573 0.01562523 -0.9848055 -0.1720348 0.02373504 -0.984805 -0.2923696 0.001651763 -0.956304 -0.2113212 0.001915872 -0.9774149 -0.1169409 0.001032233 -0.9931384 -0.05146622 0.0093773 -0.9986308 -0.04308992 0.00584501 -0.9990542 -0.0521298 0.004505872 -0.9986302 -0.04230505 0.001650989 -0.9991034 -0.01572084 1.85853e-4 -0.9998765 -0.01387345 3.05632e-4 -0.9999038 -0.1149264 0.004564106 -0.9933636 -0.195931 0.005336761 -0.9806032 -0.2727872 0.009408354 -0.9620285 -0.3550891 0.009500205 -0.9347843 -0.4290948 0.01446795 -0.9031436 -0.5045121 0.01341646 -0.8633005 -0.5734232 0.01942735 -0.819029 -0.640025 0.01693677 -0.7681674 -0.7017168 0.02365422 -0.7120632 -0.757974 0.01998692 -0.6519786 -0.8104187 0.02718079 -0.5852203 -0.8551515 0.02251595 -0.5178892 -0.8964586 0.02991342 -0.442117 -0.9288507 0.02439486 -0.3696504 -0.9574931 0.03177374 -0.2867011 -0.9770953 0.02563703 -0.2112526 -0.9927489 0.02804017 -0.1168916 -0.9150657 0.3648728 -0.171822 -0.706434 0.6814526 -0.1912421 -0.2710973 0.9433583 -0.1912631 -0.05615085 0.007680118 -0.9983928 -0.192946 0.02445709 -0.9809045 -0.3567681 0.04477423 -0.9331194 -0.5100166 0.06370055 -0.8578026 -0.648241 0.08066785 -0.7571501 -0.7673318 0.09518396 -0.6341466 -0.8637899 0.1067945 -0.4924043 -0.9347437 0.115178 -0.3361372 -0.004753828 0.04337811 -0.9990475 -0.01244032 0.05083596 -0.9986295 -0.0208016 0.1724054 -0.9848064 -0.04312968 0.1682181 -0.9848059 -0.0428611 0.339316 -0.9396955 -0.08679085 0.3308263 -0.9396922 -0.06361055 0.4959116 -0.8660401 -0.1278107 0.48338 -0.8660302 -0.08244764 0.637465 -0.7660554 -0.1649613 0.6212619 -0.7660428 -0.09878665 0.7596524 -0.6427825 -0.197113 0.7402752 -0.642759 -0.112116 0.8587481 -0.4999817 -0.2232508 0.836772 -0.4999718 -0.1220005 0.9317314 -0.3420418 -0.2426014 0.9078436 -0.3420009 -0.141548 0.974907 -0.1718155 -0.02580302 0.03518831 -0.9990476 -0.03619003 0.03780257 -0.9986298 -0.1042248 0.138911 -0.9848051 -0.1214593 0.1241167 -0.984806 -0.2067857 0.2724304 -0.9396921 -0.2405306 0.2430967 -0.9397069 -0.3030432 0.3976655 -0.866041 -0.3523752 0.3547129 -0.8660316 -0.3901767 0.5108502 -0.766025 -0.4534897 0.4555466 -0.7660447 -0.4653464 0.60848 -0.6428101 -0.5407922 0.5425339 -0.6428071 -0.5264397 0.6876369 -0.5000169 -0.6117236 0.6130384 -0.4999784 -0.5715036 0.7459024 -0.3420721 -0.664004 0.6649201 -0.3420234 -0.6100354 0.7735219 -0.1718167 -0.03994184 0.01757222 -0.9990475 -0.04184788 0.01221895 -0.9990494 -0.1597138 0.06818813 -0.9848055 -0.1672459 0.04675817 -0.9848059 -0.3152936 0.1325392 -0.9396932 -0.3299387 0.09024095 -0.9396792 -0.4612876 0.1928662 -0.8660349 -0.4825495 0.1309951 -0.8660175 -0.5932906 0.2473279 -0.7660517 -0.6205037 0.1677696 -0.7660474 -0.7072404 0.2942836 -0.6428127 -0.7396476 0.1994336 -0.6427657 -0.7997583 0.3322798 -0.4999769 -0.836264 0.2250617 -0.5000098 -0.8679308 0.3601904 -0.3419927 -0.9075011 0.2438378 -0.3420305 -0.952516 0.2369316 -0.1912501 -0.9761601 0.1134315 -0.1850538 -0.00114572 0.03492397 -0.9993894 -0.004749596 0.1448842 -0.9894373 -0.010306 0.3144672 -0.9492124 -0.01554787 0.4744758 -0.8801313 -0.02031242 0.6200521 -0.7842978 -0.02445864 0.746758 -0.6646461 -0.02785575 0.8507389 -0.52485 -0.03077948 0.9288758 -0.3691105 -0.03223997 0.9788228 -0.202155 -0.3821736 0.9040797 -0.191268 -0.3590171 0.8684101 -0.3420101 -0.3305227 0.8004572 -0.500023 -0.2920389 0.7082045 -0.642775 -0.244656 0.5944259 -0.7660295 -0.1898279 0.4625731 -0.8660205 -0.1292232 0.3166613 -0.9396952 -0.06471896 0.1611518 -0.9848054 -0.01582032 0.04067069 -0.9990475 -0.02517563 0.04588532 -0.9986295 -0.08524042 0.1513507 -0.984798 -0.1694526 0.2970878 -0.9396939 -0.2485899 0.4338433 -0.8660156 -0.3201074 0.5573843 -0.7660641 -0.3819524 0.664016 -0.6428027 -0.4322077 0.7504752 -0.4999836 -0.4692869 0.814119 -0.3420236 -0.4921666 0.8530229 -0.1735627 -0.7830109 0.5918686 -0.1912738 -0.7451066 0.5725646 -0.3420321 -0.6865042 0.5279486 -0.4999824 -0.607016 0.4673028 -0.6427749 -0.5091006 0.3924583 -0.7660243 -0.3956458 0.3056814 -0.8660389 -0.2702913 0.2096341 -0.9396787 -0.1366219 0.1072014 -0.9848058 -0.03403419 0.02731138 -0.9990475 -0.04474145 0.02714759 -0.9986298 -0.1494476 0.08845192 -0.9848054 -0.2953396 0.1725599 -0.9396796 -0.432211 0.2514252 -0.8660134 -0.5559021 0.3226549 -0.7660722 -0.6628254 0.3840714 -0.6427687 -0.7495542 0.4338238 -0.4999654 -0.8134695 0.4704087 -0.3420278 -0.8526456 0.4927402 -0.1737894 0.03237903 0.9889315 -0.144797 0.03106814 0.948792 -0.3143699 0.0288127 0.8798514 -0.4743748 0.02568465 0.7841976 -0.6199796 0.02177405 0.6646737 -0.7468165 0.01719778 0.524944 -0.8509631 0.01209992 0.369246 -0.9292531 0.006629943 0.2022622 -0.979309 0.001907646 0.05816382 -0.9983053 0.2369269 0.9525176 -0.1912479 0.6814486 0.7064387 -0.1912386 0.943369 0.2710698 -0.1912489 0.04337149 0.004749298 -0.9990478 0.04239052 0.01037847 -0.9990472 0.1724123 0.02080553 -0.9848051 0.1682196 0.04312938 -0.9848057 0.3393183 0.04286223 -0.9396947 0.3307929 0.08675801 -0.9397071 0.4959488 0.06364059 -0.8660166 0.4834 0.127832 -0.8660159 0.6374713 0.08245599 -0.7660492 0.6212536 0.1649568 -0.7660505 0.7596351 0.09876614 -0.6428062 0.7402496 0.1970797 -0.6427987 0.8587542 0.1121197 -0.4999703 0.8367575 0.2232221 -0.5000088 0.9317349 0.1220093 -0.3420292 0.9078351 0.2425734 -0.3420434 0.9749061 0.141544 -0.1718238 0.04219824 0.03094398 -0.9986301 0.01350277 0.01292216 -0.9998254 0.1389083 0.104219 -0.984806 0.1241158 0.1214562 -0.9848065 0.2724289 0.2067841 -0.939693 0.2430946 0.2405288 -0.9397079 0.3976681 0.3030527 -0.8660365 0.3547021 0.3523297 -0.8660545 0.5108519 0.3901811 -0.7660216 0.4555464 0.4534838 -0.7660483 0.6084801 0.4653516 -0.6428063 0.5425397 0.5408586 -0.6427463 0.6876403 0.5264708 -0.4999794 0.613039 0.6117162 -0.4999865 0.745902 0.5715308 -0.3420277 0.6649097 0.6640549 -0.341945 0.7735189 0.6100371 -0.1718235 0.01757222 0.03994137 -0.9990475 0.008137404 0.02791839 -0.9995771 0.06818807 0.159713 -0.9848057 0.04675793 0.1672463 -0.9848058 0.1325383 0.3152898 -0.9396947 0.09024083 0.3299327 -0.9396814 0.1928667 0.4612831 -0.8660372 0.1309968 0.4825433 -0.8660207 0.2473209 0.5933372 -0.7660178 0.167759 0.6205435 -0.7660174 0.2942767 0.7072691 -0.6427844 0.1994446 0.7396253 -0.6427879 0.332282 0.7997496 -0.4999895 0.2250499 0.8362827 -0.4999841 0.3602083 0.8679027 -0.3420451 0.2438562 0.90748 -0.3420736 0.3648738 0.9150647 -0.1718251 0.01744496 5.72455e-4 -0.9998478 0.1448953 0.004750132 -0.9894357 0.3144834 0.01030665 -0.949207 0.4744954 0.01554793 -0.8801207 0.6200658 0.0203123 -0.7842868 0.7467477 0.02445888 -0.6646575 0.8507657 0.02785855 -0.5248063 0.9288817 0.03078037 -0.3690955 0.9788227 0.03224086 -0.2021552 0.9040781 0.3821744 -0.1912738 0.868408 0.3590005 -0.3420327 0.8004717 0.3305572 -0.4999772 0.708186 0.292008 -0.6428094 0.5944077 0.2446331 -0.7660511 0.462552 0.1897981 -0.8660383 0.3166632 0.1292228 -0.9396947 0.1611493 0.06471639 -0.984806 0.04876387 0.01896762 -0.9986302 0.04587614 0.02516984 -0.9986301 0.1513268 0.08520108 -0.9848051 0.2970896 0.1694561 -0.9396927 0.4338472 0.2485961 -0.8660119 0.5573935 0.3201301 -0.7660478 0.6640256 0.3819761 -0.6427786 0.7504772 0.4322128 -0.499976 0.8141202 0.4692806 -0.3420293 0.8530371 0.4920988 -0.1736854 0.5918679 0.7830105 -0.1912775 0.5725625 0.7451068 -0.3420351 0.5279443 0.6865352 -0.4999443 0.4673039 0.6069855 -0.6428031 0.3924534 0.509034 -0.766071 0.3056825 0.395649 -0.8660371 0.2096264 0.270243 -0.9396944 0.1072029 0.1366295 -0.9848046 0.02731174 0.03403604 -0.9990475 0.02714979 0.04474413 -0.9986295 0.08845376 0.1494948 -0.9847981 0.1725592 0.295301 -0.9396919 0.2514253 0.4322203 -0.8660086 0.3226495 0.5559886 -0.7660117 0.3840817 0.6627773 -0.6428123 0.4338257 0.7495393 -0.4999862 0.4703998 0.8134844 -0.3420048 0.4926203 0.8527818 -0.1734606 0.1210647 0.9740502 -0.1912317 0.1233035 0.9315608 -0.3420394 0.1139575 0.8585181 -0.4999607 0.1011893 0.7593418 -0.6427759 0.0853635 0.6370574 -0.7660751 0.06690049 0.4954935 -0.8660315 0.04641532 0.3388627 -0.9396902 0.02452749 0.1719202 -0.9848056 0.00665152 0.0430845 -0.9990494 0.02908033 3.42498e-4 -0.9995771 0.2022643 0.002377331 -0.9793281 0.369252 0.004340708 -0.9293192 0.5249918 0.006171464 -0.851085 0.6648312 0.007813811 -0.7469528 0.7844108 0.009221255 -0.620173 0.8801892 0.01034522 -0.4745101 0.9492033 0.01115405 -0.3144661 0.9893851 0.01162731 -0.1448518 0.1734755 0.008865594 -0.9847984 0.3515203 0.06966525 -0.9335846 0.4994474 0.0241096 -0.8660087 0.5032666 0.0988602 -0.8584576 0.6421044 0.03077316 -0.7659994 0.6401607 0.1251699 -0.7579756 0.7651098 0.03638112 -0.6428713 0.7581556 0.1478118 -0.6350998 0.8649877 0.04096609 -0.5001181 0.8537218 0.1660811 -0.4935344 0.9385023 0.04415363 -0.3424382 0.9241161 0.1795143 -0.3373192 0.9836807 0.04627925 -0.173869 0.9672044 0.1876406 -0.1711918 0.9828225 0.09084612 -0.1606456 0.9790676 0.1374005 -0.1501598 0.935477 0.08837628 -0.3421586 0.9303257 0.1323157 -0.3420334 0.8620681 0.08152264 -0.5001926 0.8573551 0.1220472 -0.5000469 0.7625524 0.07229667 -0.642874 0.758315 0.1080536 -0.6428708 0.6398599 0.06084102 -0.7660794 0.636235 0.09078937 -0.7661347 0.4977276 0.04752928 -0.8660302 0.4949735 0.07089298 -0.8660113 0.3415979 0.0167092 -0.9396978 0.3404717 0.0327689 -0.9396836 0.3384781 0.04867464 -0.9397145 0.1858601 0.03802883 -0.9818401 0.1717612 0.02502936 -0.9848207 0.1726701 0.01687771 -0.9848352 0.05225014 0.0028674 -0.99863 0.04326623 0.004351317 -0.9990542 0.05178862 0.007767438 -0.9986279 0.04960227 0.009930849 -0.9987197 0 0 -1 2.06302e-6 0 -1 7.0085e-7 0 -1 0 0 -1 3.1374e-6 0 -1 0 0 -1 0 0 -1 0 0 -1 0 0 -1 0 0 -1 -1.40817e-5 0 -1 -5.52507e-6 0 -1 4.68463e-6 0 -1 3.83713e-6 0 -1 0 0 -1 1.02301e-5 0 -1 5.91033e-7 0 -1 4.45207e-7 0 -1 5.2969e-7 0 -1 -5.62715e-7 0 -1 -1.62579e-6 0 -1 0 0 -1 0 0 -1 0 0 -1 -1.40818e-5 0 -1 -5.52503e-6 0 -1 -4.19366e-6 0 -1 7.16053e-6 0 -1 -3.9124e-6 0 -1 0 0 -1 0 0 -1 2.88869e-7 0 -1 -7.83707e-6 0 -1 7.5989e-6 0 -1 7.83714e-6 0 -1 -4.39786e-6 0 -1 -2.92977e-6 0 -1 -9.37326e-6 0 -1 2.31943e-6 0 -1 9.28692e-7 0 -1 2.31752e-6 0 -1 0.04334646 0.004748225 -0.9990488 -4.29628e-6 0 -1 0 0 -1 5.52503e-6 0 -1 7.04091e-6 0 -1 -1.31856e-7 0 -1 -2.30293e-5 0 -1 -2.61267e-6 0 -1 -1.63666e-6 0 -1 -3.75049e-6 0 -1 -3.3213e-6 0 -1 -3.10686e-6 0 -1 -7.83703e-6 0 -1 2.40221e-7 0 -1 0 0 -1 0 0 -1 0 0 -1 1.20482e-6 0 -1 2.69192e-6 0 -1 -2.61848e-6 0 -1 -2.33543e-6 0 -1 -2.97776e-6 0 -1 9.57328e-6 0 -1 1.87899e-6 0 -1 0 -1 0 0 -1 9.34444e-7 0 -1 -9.51815e-7 0 -1 1.02952e-6 0 1 1.25862e-6 0 1 -1.47239e-6 0 1 -1.25859e-6 -0.9995754 0.02913886 0 -0.9894496 0.1448782 -1.11691e-5 -0.9793296 0.2022712 1.00575e-5 -0.9492597 0.3144933 0 -0.9293274 0.3692572 1.11691e-5 -0.880228 0.4745512 -1.11691e-5 -0.8510884 0.5250226 -1.11601e-6 -0.7844496 0.6201925 0 -0.7469879 0.6648377 1.14313e-5 -0.6648355 0.7469899 -1.42191e-5 -0.6201909 0.7844509 -1.11601e-6 -0.5250215 0.851089 -1.42191e-5 -0.4745513 0.880228 0 -0.369258 0.929327 -1.00575e-5 -0.3144947 0.9492592 1.00575e-5 -0.2022747 0.9793289 0 -0.1448815 0.9894491 0 -0.0291391 0.9995754 0 0.02913933 0.9995754 0 0.1448811 0.9894492 0 0.2022743 0.979329 1.28504e-5 0.3144941 0.9492595 0 0.3692582 0.9293269 0 0.47455 0.8802285 0 0.5250219 0.8510888 0 0.6201913 0.7844507 1.11601e-6 0.6648362 0.7469892 2.5266e-7 0.7469884 0.6648371 0 0.7844502 0.620192 -1.11601e-6 0.8510873 0.5250242 0 0.8802284 0.4745505 -1.11601e-6 0.929327 0.3692579 0 0.9492601 0.3144923 1.11691e-5 0.9793299 0.2022701 1.11601e-6 0.9894495 0.1448791 1.00575e-5 0.9995754 0.02913677 0 0.9995755 -0.02913743 0 0.9894495 -0.1448791 -1.11691e-5 0.9793298 -0.2022701 -1.11601e-6 0.9492604 -0.3144915 0 0.9293273 -0.3692571 0 0.8802282 -0.4745506 0 0.8510873 -0.5250245 1.28504e-5 0.7844503 -0.6201919 1.11601e-6 0.7469884 -0.6648371 0 0.6648376 -0.7469879 0 0.6201928 -0.7844494 0 0.5250227 -0.8510883 0 0.4745509 -0.8802281 0 0.369256 -0.9293277 1.11601e-6 0.3144919 -0.9492602 -1.11601e-6 0.2022708 -0.9793297 -1.00575e-5 0.1448776 -0.9894496 1.14313e-5 0.02913933 -0.9995754 0 -0.0291391 -0.9995754 0 -0.144878 -0.9894495 -1.00575e-5 -0.2022712 -0.9793296 1.00575e-5 -0.3144925 -0.94926 -1.11691e-5 -0.3692559 -0.9293278 -1.11601e-6 -0.4745521 -0.8802275 0 -0.5250225 -0.8510885 0 -0.6201925 -0.7844497 -1.00575e-5 -0.6648368 -0.7469886 0 -0.746988 -0.6648375 0 -0.7844498 -0.6201924 0 -0.8510883 -0.5250228 0 -0.8802278 -0.4745513 0 -0.9293277 -0.3692563 -2.5266e-7 -0.9492599 -0.3144925 1.28504e-5 -0.9793296 -0.2022713 -1.00575e-5 -0.9894495 -0.1448782 0 -0.9995754 -0.02913951 0</float_array>
          <technique_common>
            <accessor source="#solid_ʾ___link7_011-mesh-normals-array" count="4557" stride="3">
              <param name="X" type="float"/>
              <param name="Y" type="float"/>
              <param name="Z" type="float"/>
            </accessor>
          </technique_common>
        </source>
        <vertices id="solid_ʾ___link7_011-mesh-vertices">
          <input semantic="POSITION" source="#solid_ʾ___link7_011-mesh-positions"/>
        </vertices>
        <triangles material="Material-塑胶_028-material" count="8526">
          <input semantic="VERTEX" source="#solid_ʾ___link7_011-mesh-vertices" offset="0"/>
          <input semantic="NORMAL" source="#solid_ʾ___link7_011-mesh-normals" offset="1"/>
          <p>0 0 1 0 2 0 2 0 1 0 3 0 4 1 5 2 6 3 6 3 5 2 7 4 6 3 7 4 8 5 9 6 10 7 11 8 11 8 10 7 12 9 11 8 12 9 13 10 13 10 12 9 14 11 13 10 14 11 4 1 4 1 14 11 15 12 4 1 15 12 5 2 16 13 17 14 18 15 18 15 17 14 9 6 18 15 9 6 19 16 19 16 9 6 11 8 20 17 21 18 22 19 22 19 21 18 23 20 22 19 23 20 24 21 24 21 23 20 25 22 24 21 25 22 16 13 16 13 25 22 26 23 16 13 26 23 17 14 22 19 27 24 20 17 20 17 27 24 28 25 20 17 28 25 29 26 29 26 28 25 30 27 29 26 30 27 31 28 31 28 30 27 32 29 32 29 30 27 33 30 32 29 33 30 34 31 34 31 33 30 35 32 34 31 35 32 36 33 36 33 35 32 37 34 36 33 37 34 38 35 38 35 37 34 39 36 38 35 39 36 40 37 41 38 42 39 43 40 43 40 42 39 44 41 43 40 44 41 45 42 41 38 43 40 46 43 46 43 43 40 47 44 46 43 47 44 48 45 48 45 47 44 49 46 48 45 49 46 50 47 49 46 51 48 50 47 50 47 51 48 52 49 50 47 52 49 53 50 53 50 52 49 54 51 53 50 54 51 55 52 55 52 54 51 56 53 57 54 58 55 56 53 56 53 58 55 59 56 56 53 59 56 55 52 60 57 61 58 62 59 62 59 61 58 57 54 62 59 57 54 63 60 63 60 57 54 56 53 60 57 62 59 64 61 64 61 62 59 65 62 64 61 65 62 66 63 66 63 65 62 67 64 66 63 67 64 68 65 67 64 69 66 68 65 68 65 69 66 70 67 68 65 70 67 71 68 71 68 70 67 72 69 71 68 72 69 73 70 73 70 72 69 74 71 73 70 74 71 75 72 75 72 74 71 76 73 76 73 74 71 77 74 76 73 77 74 78 75 79 76 80 77 81 78 81 78 80 77 82 79 81 78 82 79 83 80 83 80 82 79 84 81 83 80 84 81 85 82 85 82 84 81 86 83 87 84 88 85 89 86 89 86 88 85 90 87 89 86 90 87 91 88 91 88 90 87 92 89 91 90 93 91 94 92 94 92 93 91 95 93 94 94 96 95 97 96 97 96 96 95 98 97 97 96 98 97 86 98 86 83 99 99 100 100 86 83 100 100 85 82 101 101 102 102 103 103 103 103 102 102 104 104 103 103 104 104 105 105 105 105 104 104 106 106 105 107 107 108 108 109 108 109 107 108 109 110 108 111 110 112 111 113 111 113 110 112 112 114 111 113 112 114 87 84 87 84 112 114 113 115 87 84 113 115 88 85 114 116 115 117 116 118 116 118 115 117 117 119 116 118 117 119 118 120 118 120 117 119 119 121 118 120 119 121 101 101 101 101 119 121 120 122 101 101 120 122 102 102 121 123 122 124 114 116 114 116 122 124 115 117 122 124 121 123 123 125 123 125 121 123 124 126 123 125 124 126 125 127 125 127 124 126 126 128 127 129 128 130 129 131 129 131 128 130 130 132 129 133 131 134 132 135 132 135 131 134 133 136 132 137 134 138 135 139 135 139 134 138 136 140 135 139 136 140 126 141 126 128 137 142 138 143 126 128 138 143 125 127 139 144 140 145 141 146 141 146 140 145 142 147 141 146 142 147 143 148 143 148 142 147 144 149 143 148 144 149 145 150 145 150 144 149 146 151 145 150 146 151 127 152 127 152 146 151 147 153 127 152 147 153 148 154 149 155 150 156 151 157 151 157 150 156 152 158 151 159 153 160 154 161 154 161 153 160 155 162 154 163 156 164 157 165 157 165 156 164 158 166 157 165 158 166 139 167 139 144 159 168 160 169 139 144 160 169 140 145 161 170 162 171 163 172 163 172 162 171 164 173 163 172 164 173 149 174 149 174 164 173 165 175 149 174 165 175 166 176 7 4 78 75 8 5 8 5 78 75 77 74 8 5 77 74 167 177 167 177 77 74 168 178 169 179 170 180 171 181 171 181 170 180 172 182 171 181 172 182 173 183 173 183 172 182 174 184 173 183 174 184 175 185 175 185 174 184 176 186 175 185 176 186 177 187 177 187 176 186 178 188 177 187 178 188 179 189 179 189 178 188 180 190 179 189 180 190 181 191 181 191 180 190 182 192 181 191 182 192 183 193 183 193 182 192 184 194 183 193 184 194 185 195 185 195 184 194 186 196 187 197 188 198 189 199 189 199 188 198 190 200 189 199 190 200 191 201 191 201 190 200 192 202 191 201 192 202 193 203 193 203 192 202 194 204 193 203 194 204 195 205 195 205 194 204 196 206 195 205 196 206 197 207 197 207 196 206 198 208 197 207 198 208 199 209 199 209 198 208 200 210 199 209 200 210 201 211 201 211 200 210 202 212 201 211 202 212 203 213 203 213 202 212 204 214 205 215 206 215 207 215 208 215 209 215 207 215 207 216 209 216 210 216 207 215 210 215 211 215 207 215 206 215 212 215 212 217 206 217 213 217 212 218 213 218 214 218 215 215 216 215 217 215 217 215 216 215 218 215 211 215 219 215 207 215 207 219 219 219 220 219 207 220 220 220 205 220 221 221 222 221 223 221 224 215 225 215 216 215 216 222 225 222 226 222 216 223 226 223 218 223 214 224 213 224 227 224 227 225 213 225 228 225 227 215 228 215 229 215 230 226 231 226 232 226 232 227 231 227 233 227 234 228 233 228 235 228 236 215 237 215 238 215 238 229 237 229 239 229 238 230 239 230 230 230 230 215 239 215 240 215 230 231 240 231 231 231 241 215 242 215 216 215 216 232 242 232 243 232 216 233 243 233 224 233 235 215 244 215 234 215 234 215 244 215 245 215 234 215 245 215 246 215 246 215 245 215 247 215 228 234 247 234 229 234 248 235 249 235 250 235 250 236 249 236 251 236 250 237 251 237 252 237 252 215 251 215 253 215 252 238 253 238 236 238 221 215 254 215 222 215 222 215 254 215 255 215 222 239 255 239 250 239 250 240 255 240 256 240 250 215 256 215 248 215 257 241 258 241 259 241 258 215 257 215 260 215 260 242 257 242 261 242 260 215 261 215 262 215 262 243 261 243 263 243 262 215 263 215 264 215 259 215 265 215 257 215 223 244 265 244 266 244 223 245 266 245 221 245 216 246 267 246 241 246 268 247 267 247 269 247 268 215 269 215 263 215 263 248 269 248 270 248 263 249 270 249 264 249 271 250 272 251 273 252 273 252 272 251 274 253 274 253 272 251 170 180 274 253 170 180 169 179 203 213 204 214 275 254 275 254 204 214 271 250 275 254 271 250 276 255 276 255 271 250 273 252 276 255 273 252 277 256 277 256 273 252 278 257 277 256 278 257 279 258 279 258 278 257 280 259 279 258 280 259 281 260 281 260 280 259 282 261 281 260 282 261 283 262 283 262 282 261 284 263 283 262 284 263 285 264 285 264 284 263 286 265 285 264 286 265 287 266 287 266 286 265 288 267 287 266 288 267 289 268 289 268 288 267 290 269 289 268 290 269 291 270 291 270 290 269 292 271 291 270 292 271 293 272 293 272 292 271 294 273 293 272 294 273 295 274 295 274 294 273 296 275 297 276 298 276 299 276 300 277 301 277 302 277 300 278 302 278 303 278 301 279 304 279 302 279 302 280 304 280 297 280 302 281 297 281 305 281 305 282 297 282 299 282 305 283 299 283 306 283 306 284 307 284 305 284 305 285 307 285 308 285 305 286 308 286 309 286 309 287 310 288 305 289 305 290 310 291 311 292 305 293 311 294 312 295 313 296 314 297 302 298 302 299 314 300 315 299 302 301 315 301 303 302 316 303 317 303 318 303 319 304 320 304 321 304 321 305 320 305 322 306 321 307 322 307 323 307 317 308 324 308 318 308 318 309 324 309 325 309 318 310 325 310 321 310 321 311 325 311 326 311 321 312 326 312 319 312 323 313 327 314 321 315 321 316 327 317 328 318 321 319 328 320 329 321 330 322 331 323 318 324 318 325 331 326 332 325 318 327 332 327 316 327 333 328 334 329 335 330 336 331 337 332 338 333 339 334 340 335 341 336 342 337 343 338 344 339 345 340 346 341 347 342 292 271 290 269 348 343 284 263 282 261 349 344 273 252 274 253 350 345 351 346 352 347 353 348 354 349 355 350 356 351 356 351 355 350 357 352 358 353 359 354 353 348 353 348 359 354 360 355 353 348 360 355 351 346 351 346 360 355 357 352 351 346 357 352 361 356 361 356 357 352 355 350 274 253 169 179 350 345 350 345 169 179 362 357 350 345 362 357 363 358 363 358 362 357 364 359 363 358 364 359 365 360 365 360 364 359 366 361 365 360 366 361 367 362 367 362 366 361 368 363 367 362 368 363 369 364 369 364 368 363 370 365 369 364 370 365 371 366 371 366 370 365 372 367 371 366 372 367 373 368 373 368 372 367 374 369 373 368 374 369 375 370 375 370 374 369 376 371 375 370 376 371 377 372 377 372 376 371 378 373 377 372 378 373 379 374 379 374 378 373 380 375 296 275 294 273 381 376 381 376 294 273 382 377 381 376 382 377 383 378 383 378 382 377 384 379 383 378 384 379 385 380 385 380 384 379 386 381 385 380 386 381 387 382 387 382 386 381 388 383 389 384 387 382 390 385 390 385 387 382 388 383 390 385 388 383 391 386 340 335 339 334 392 387 337 332 336 331 393 388 334 329 333 328 394 389 395 390 379 374 358 353 358 353 379 374 380 375 358 353 380 375 359 354 352 347 396 391 353 348 353 348 396 391 397 392 353 348 397 392 358 353 358 353 397 392 398 393 358 353 398 393 395 390 294 273 292 271 382 377 382 377 292 271 348 343 382 377 348 343 384 379 384 379 348 343 399 394 384 379 399 394 386 381 386 381 399 394 400 395 386 381 400 395 388 383 388 383 400 395 401 396 388 383 401 396 391 386 391 386 401 396 347 342 391 386 347 342 402 397 402 397 347 342 346 341 290 269 288 267 348 343 348 343 288 267 403 398 348 343 403 398 399 394 399 394 403 398 404 399 399 394 404 399 400 395 400 395 404 399 405 400 400 395 405 400 401 396 401 396 405 400 406 401 401 396 406 401 347 342 347 342 406 401 407 402 347 342 407 402 345 340 345 340 407 402 344 339 345 340 344 339 408 403 408 403 344 339 343 338 288 267 286 265 403 398 403 398 286 265 409 404 403 398 409 404 404 399 404 399 409 404 410 405 404 399 410 405 405 400 405 400 410 405 411 406 405 400 411 406 406 401 406 401 411 406 412 407 406 401 412 407 407 402 407 402 412 407 413 408 407 402 413 408 344 339 344 339 413 408 392 387 344 339 392 387 342 337 342 337 392 387 339 334 286 265 284 263 409 404 409 404 284 263 349 344 409 404 349 344 410 405 410 405 349 344 414 409 410 405 414 409 411 406 411 406 414 409 415 410 411 406 415 410 412 407 412 407 415 410 416 411 412 407 416 411 413 408 413 408 416 411 417 412 413 408 417 412 392 387 392 387 417 412 418 413 392 387 418 413 340 335 340 335 418 413 393 388 340 335 393 388 341 336 341 336 393 388 336 331 282 261 280 259 349 344 349 344 280 259 419 414 349 344 419 414 414 409 414 409 419 414 420 415 414 409 420 415 415 410 415 410 420 415 421 416 415 410 421 416 416 411 416 411 421 416 422 417 416 411 422 417 417 412 417 412 422 417 423 418 417 412 423 418 418 413 418 413 423 418 424 419 418 413 424 419 393 388 393 388 424 419 425 420 393 388 425 420 337 332 337 332 425 420 426 421 337 332 426 421 338 333 338 333 426 421 427 422 338 333 427 422 428 423 280 259 278 257 419 414 419 414 278 257 429 424 419 414 429 424 420 415 420 415 429 424 430 425 420 415 430 425 421 416 421 416 430 425 431 426 421 416 431 426 422 417 422 417 431 426 432 427 422 417 432 427 423 418 423 418 432 427 433 428 423 418 433 428 424 419 424 419 433 428 434 429 424 419 434 429 425 420 425 420 434 429 435 430 425 420 435 430 426 421 426 421 435 430 436 431 426 421 436 431 427 422 427 422 436 431 394 389 427 422 394 389 428 423 428 423 394 389 333 328 278 257 273 252 429 424 429 424 273 252 350 345 429 424 350 345 430 425 430 425 350 345 363 358 430 425 363 358 431 426 431 426 363 358 365 360 431 426 365 360 432 427 432 427 365 360 367 362 432 427 367 362 433 428 433 428 367 362 369 364 433 428 369 364 434 429 434 429 369 364 371 366 434 429 371 366 435 430 435 430 371 366 373 368 435 430 373 368 436 431 436 431 373 368 375 370 436 431 375 370 394 389 394 389 375 370 377 372 394 389 377 372 334 329 334 329 377 372 379 374 334 329 379 374 335 330 335 330 379 374 395 390 366 361 437 432 438 433 181 191 183 193 439 434 440 435 441 436 442 437 440 435 442 437 443 438 443 438 442 437 444 439 443 438 444 439 445 440 445 440 444 439 446 441 445 440 446 441 447 442 447 442 446 441 448 443 447 442 448 443 449 444 449 444 448 443 450 445 449 444 450 445 451 446 451 446 450 445 452 447 451 446 452 447 453 448 453 448 452 447 454 449 453 448 454 449 455 450 455 450 454 449 456 451 455 450 456 451 457 452 457 452 456 451 458 453 457 452 458 453 459 454 459 454 458 453 439 434 459 454 439 434 460 455 460 455 439 434 183 193 460 455 183 193 185 195 177 187 179 189 461 456 461 456 179 189 181 191 173 183 175 185 462 457 462 457 175 185 177 187 173 183 463 458 171 181 171 181 463 458 362 357 171 181 362 357 169 179 437 432 366 361 463 458 463 458 366 361 364 359 463 458 364 359 362 357 464 459 372 367 465 460 465 460 372 367 370 365 465 460 370 365 438 433 438 433 370 365 368 363 438 433 368 363 366 361 466 461 378 373 467 462 467 462 378 373 376 371 467 462 376 371 464 459 464 459 376 371 374 369 464 459 374 369 372 367 468 463 360 355 469 464 469 464 360 355 359 354 469 464 359 354 466 461 466 461 359 354 380 375 466 461 380 375 378 373 470 465 354 349 471 466 471 466 354 349 356 351 471 466 356 351 468 463 468 463 356 351 357 352 468 463 357 352 360 355 472 467 473 468 474 469 474 469 473 468 475 470 476 471 477 472 478 473 478 473 477 472 479 474 478 473 479 474 480 475 481 476 482 477 440 435 440 435 482 477 483 478 440 435 483 478 441 436 441 436 483 478 484 479 441 436 484 479 442 437 442 437 484 479 485 480 442 437 485 480 486 481 173 183 462 457 463 458 463 458 462 457 487 482 463 458 487 482 437 432 437 432 487 482 488 483 437 432 488 483 438 433 438 433 488 483 489 484 438 433 489 484 465 460 465 460 489 484 490 485 465 460 490 485 464 459 464 459 490 485 491 486 464 459 491 486 467 462 467 462 491 486 492 487 467 462 492 487 466 461 466 461 492 487 493 488 466 461 493 488 469 464 469 464 493 488 494 489 469 464 494 489 468 463 468 463 494 489 473 468 468 463 473 468 471 466 471 466 473 468 472 467 471 466 472 467 470 465 177 187 461 456 462 457 462 457 461 456 495 490 462 457 495 490 487 482 487 482 495 490 496 491 487 482 496 491 488 483 488 483 496 491 497 492 488 483 497 492 489 484 489 484 497 492 498 493 489 484 498 493 490 485 490 485 498 493 499 494 490 485 499 494 491 486 491 486 499 494 500 495 491 486 500 495 492 487 492 487 500 495 501 496 492 487 501 496 493 488 493 488 501 496 502 497 493 488 502 497 494 489 494 489 502 497 478 473 494 489 478 473 473 468 473 468 478 473 480 475 473 468 480 475 475 470 181 191 439 434 461 456 461 456 439 434 458 453 461 456 458 453 495 490 495 490 458 453 456 451 495 490 456 451 496 491 496 491 456 451 454 449 496 491 454 449 497 492 497 492 454 449 452 447 497 492 452 447 498 493 498 493 452 447 450 445 498 493 450 445 499 494 499 494 450 445 448 443 499 494 448 443 500 495 500 495 448 443 446 441 500 495 446 441 501 496 501 496 446 441 444 439 501 496 444 439 502 497 502 497 444 439 442 437 502 497 442 437 478 473 478 473 442 437 486 481 478 473 486 481 476 471 503 498 185 195 504 499 504 499 185 195 186 196 505 500 481 476 506 501 506 501 481 476 507 502 508 503 509 504 447 442 510 505 457 452 511 506 511 506 457 452 459 454 511 506 459 454 503 498 503 498 459 454 460 455 503 498 460 455 185 195 447 442 509 504 445 440 445 440 509 504 512 507 445 440 512 507 443 438 447 442 449 444 508 503 508 503 449 444 451 446 508 503 451 446 513 508 513 508 451 446 453 448 513 508 453 448 510 505 510 505 453 448 455 450 510 505 455 450 457 452 443 438 512 507 440 435 440 435 512 507 514 509 440 435 514 509 481 476 481 476 514 509 515 510 481 476 515 510 507 502 516 511 517 512 518 513 516 511 518 513 519 514 271 250 204 214 520 515 520 515 204 214 202 212 520 515 202 212 521 516 521 516 202 212 200 210 521 516 200 210 522 517 522 517 200 210 198 208 522 517 198 208 523 518 523 518 198 208 196 206 523 518 196 206 524 519 524 519 196 206 194 204 524 519 194 204 525 520 525 520 194 204 192 202 525 520 192 202 526 521 526 521 192 202 190 200 526 521 190 200 527 522 527 522 190 200 188 198 170 180 272 251 172 182 172 182 272 251 528 523 172 182 528 523 529 524 529 524 528 523 530 525 529 524 530 525 531 526 531 526 530 525 532 527 531 526 532 527 533 528 533 528 532 527 534 529 533 528 534 529 535 530 535 530 534 529 536 531 535 530 536 531 537 532 537 532 536 531 538 533 537 532 538 533 518 513 518 513 538 533 539 534 518 513 539 534 519 514 517 512 186 196 518 513 518 513 186 196 184 194 518 513 184 194 537 532 537 532 184 194 182 192 537 532 182 192 535 530 535 530 182 192 180 190 535 530 180 190 533 528 533 528 180 190 178 188 533 528 178 188 531 526 531 526 178 188 176 186 531 526 176 186 529 524 529 524 176 186 174 184 529 524 174 184 172 182 272 251 271 250 528 523 528 523 271 250 520 515 528 523 520 515 530 525 530 525 520 515 521 516 530 525 521 516 532 527 532 527 521 516 522 517 532 527 522 517 534 529 534 529 522 517 523 518 534 529 523 518 536 531 536 531 523 518 524 519 536 531 524 519 538 533 538 533 524 519 525 520 538 533 525 520 539 534 539 534 525 520 526 521 539 534 526 521 519 514 519 514 526 521 527 522 540 535 541 536 542 537 543 538 544 539 545 540 546 541 547 542 548 543 549 544 550 545 551 546 552 547 553 548 554 549 555 550 556 551 557 552 558 553 559 554 560 555 561 556 562 557 563 558 564 559 565 560 566 561 567 562 568 563 569 564 570 565 571 566 572 567 573 568 574 569 575 570 576 571 577 572 578 573 579 574 580 575 581 576 582 577 583 578 584 579 585 580 586 581 587 582 588 583 589 584 590 585 591 586 592 587 593 588 593 588 592 587 594 589 593 588 594 589 595 590 595 590 594 589 596 591 595 590 596 591 597 592 597 592 596 591 598 593 597 592 598 593 599 594 599 594 598 593 600 595 599 594 600 595 601 596 601 596 600 595 602 597 601 596 602 597 603 598 603 598 602 597 604 599 603 598 604 599 605 600 605 600 604 599 606 601 605 600 606 601 607 602 607 602 606 601 575 570 608 603 609 604 610 605 610 605 609 604 611 606 610 605 611 606 612 607 612 607 611 606 613 608 612 607 613 608 614 609 614 609 613 608 615 610 614 609 615 610 616 611 616 611 615 610 617 612 616 611 617 612 618 613 618 613 617 612 619 614 618 613 619 614 620 615 620 615 619 614 621 616 620 615 621 616 622 617 622 617 621 616 623 618 622 617 623 618 624 619 624 619 623 618 569 564 586 581 582 577 587 582 587 582 582 577 584 579 587 582 584 579 625 620 625 620 584 579 626 621 625 620 626 621 627 622 627 622 626 621 628 623 627 622 628 623 629 624 629 624 628 623 630 625 629 624 630 625 631 626 631 626 630 625 632 627 631 626 632 627 633 628 633 628 632 627 634 629 633 628 634 629 635 630 635 630 634 629 636 631 635 630 636 631 637 632 637 632 636 631 557 552 638 633 639 634 640 635 640 635 639 634 641 636 640 635 641 636 642 637 642 637 641 636 643 638 642 637 643 638 644 639 644 639 643 638 645 640 644 639 645 640 646 641 646 641 645 640 647 642 646 641 647 642 648 643 648 643 647 642 649 644 648 643 649 644 650 645 650 645 649 644 651 646 650 645 651 646 652 647 652 647 651 646 653 648 652 647 653 648 654 649 654 649 653 648 551 546 655 650 656 651 657 652 657 652 656 651 658 653 657 652 658 653 659 654 659 654 658 653 660 655 659 654 660 655 661 656 661 656 660 655 662 657 661 656 662 657 663 658 663 658 662 657 664 659 663 658 664 659 665 660 665 660 664 659 666 661 665 660 666 661 667 662 667 662 666 661 668 663 667 662 668 663 669 664 669 664 668 663 670 665 669 664 670 665 671 666 671 666 670 665 548 543 672 667 673 668 674 669 674 669 673 668 675 670 674 669 675 670 676 671 676 671 675 670 677 672 676 671 677 672 678 673 678 673 677 672 679 674 678 673 679 674 680 675 680 675 679 674 681 676 680 675 681 676 682 677 682 677 681 676 683 678 682 677 683 678 684 679 684 679 683 678 685 680 684 679 685 680 686 681 686 681 685 680 687 682 686 681 687 682 688 683 688 683 687 682 542 537 505 500 689 684 690 685 690 685 689 684 691 686 690 685 691 686 692 687 692 687 691 686 693 688 692 687 693 688 694 689 694 689 693 688 695 690 694 689 695 690 696 691 696 691 695 690 697 692 696 691 697 692 698 693 698 693 697 692 699 694 698 693 699 694 700 695 700 695 699 694 701 696 700 695 701 696 702 697 702 697 701 696 703 698 702 697 703 698 704 699 704 699 703 698 581 576 704 699 581 576 705 700 705 700 581 576 580 575 689 684 706 701 691 686 691 686 706 701 707 702 691 686 707 702 693 688 693 688 707 702 708 703 693 688 708 703 695 690 695 690 708 703 709 704 695 690 709 704 697 692 697 692 709 704 710 705 697 692 710 705 699 694 699 694 710 705 711 706 699 694 711 706 701 696 701 696 711 706 712 707 701 696 712 707 703 698 703 698 712 707 713 708 703 698 713 708 581 576 581 576 713 708 578 573 581 576 578 573 579 574 579 574 578 573 577 572 714 709 576 571 715 710 715 710 576 571 578 573 715 710 578 573 716 711 716 711 578 573 713 708 716 711 713 708 717 712 717 712 713 708 712 707 717 712 712 707 718 713 718 713 712 707 711 706 718 713 711 706 719 714 719 714 711 706 710 705 719 714 710 705 720 715 720 715 710 705 709 704 720 715 709 704 721 716 721 716 709 704 708 703 721 716 708 703 722 717 722 717 708 703 707 702 722 717 707 702 723 718 723 718 707 702 706 701 723 718 591 586 722 717 722 717 591 586 593 588 722 717 593 588 721 716 721 716 593 588 595 590 721 716 595 590 720 715 720 715 595 590 597 592 720 715 597 592 719 714 719 714 597 592 599 594 719 714 599 594 718 713 718 713 599 594 601 596 718 713 601 596 717 712 717 712 601 596 603 598 717 712 603 598 716 711 716 711 603 598 605 600 716 711 605 600 715 710 715 710 605 600 607 602 715 710 607 602 714 709 714 709 607 602 724 719 575 570 574 569 607 602 607 602 574 569 725 720 607 602 725 720 724 719 571 566 573 568 572 567 572 567 573 568 575 570 572 567 575 570 726 721 726 721 575 570 606 601 726 721 606 601 727 722 727 722 606 601 604 599 727 722 604 599 728 723 728 723 604 599 602 597 728 723 602 597 729 724 729 724 602 597 600 595 729 724 600 595 730 725 730 725 600 595 598 593 730 725 598 593 731 726 731 726 598 593 596 591 731 726 596 591 732 727 732 727 596 591 594 589 732 727 594 589 733 728 733 728 594 589 592 587 734 729 570 565 735 730 735 730 570 565 572 567 735 730 572 567 736 731 736 731 572 567 726 721 736 731 726 721 737 732 737 732 726 721 727 722 737 732 727 722 738 733 738 733 727 722 728 723 738 733 728 723 739 734 739 734 728 723 729 724 739 734 729 724 740 735 740 735 729 724 730 725 740 735 730 725 741 736 741 736 730 725 731 726 741 736 731 726 742 737 742 737 731 726 732 727 742 737 732 727 743 738 743 738 732 727 733 728 743 738 608 603 742 737 742 737 608 603 610 605 742 737 610 605 741 736 741 736 610 605 612 607 741 736 612 607 740 735 740 735 612 607 614 609 740 735 614 609 739 734 739 734 614 609 616 611 739 734 616 611 738 733 738 733 616 611 618 613 738 733 618 613 737 732 737 732 618 613 620 615 737 732 620 615 736 731 736 731 620 615 622 617 736 731 622 617 735 730 735 730 622 617 624 619 735 730 624 619 734 729 734 729 624 619 744 739 569 564 568 563 624 619 624 619 568 563 745 740 624 619 745 740 744 739 746 741 567 562 747 742 747 742 567 562 569 564 747 742 569 564 748 743 748 743 569 564 623 618 748 743 623 618 749 744 749 744 623 618 621 616 749 744 621 616 750 745 750 745 621 616 619 614 750 745 619 614 751 746 751 746 619 614 617 612 751 746 617 612 752 747 752 747 617 612 615 610 752 747 615 610 753 748 753 748 615 610 613 608 753 748 613 608 754 749 754 749 613 608 611 606 754 749 611 606 755 750 755 750 611 606 609 604 755 750 756 751 754 749 754 749 756 751 757 752 754 749 757 752 753 748 753 748 757 752 758 753 753 748 758 753 752 747 752 747 758 753 759 754 752 747 759 754 751 746 751 746 759 754 760 755 751 746 760 755 750 745 750 745 760 755 761 756 750 745 761 756 749 744 749 744 761 756 762 757 749 744 762 757 748 743 748 743 762 757 763 758 748 743 763 758 747 742 747 742 763 758 566 561 747 742 566 561 746 741 746 741 566 561 565 560 562 557 564 559 563 558 563 558 564 559 566 561 563 558 566 561 764 759 764 759 566 561 763 758 764 759 763 758 765 760 765 760 763 758 762 757 765 760 762 757 766 761 766 761 762 757 761 756 766 761 761 756 767 762 767 762 761 756 760 755 767 762 760 755 768 763 768 763 760 755 759 754 768 763 759 754 769 764 769 764 759 754 758 753 769 764 758 753 770 765 770 765 758 753 757 752 770 765 757 752 771 766 771 766 757 752 756 751 771 766 772 767 770 765 770 765 772 767 773 768 770 765 773 768 769 764 769 764 773 768 774 769 769 764 774 769 768 763 768 763 774 769 775 770 768 763 775 770 767 762 767 762 775 770 776 771 767 762 776 771 766 761 766 761 776 771 777 772 766 761 777 772 765 760 765 760 777 772 778 773 765 760 778 773 764 759 764 759 778 773 779 774 764 759 779 774 563 558 563 558 779 774 560 555 563 558 560 555 561 556 561 556 560 555 559 554 780 775 558 553 781 776 781 776 558 553 560 555 781 776 560 555 782 777 782 777 560 555 779 774 782 777 779 774 783 778 783 778 779 774 778 773 783 778 778 773 784 779 784 779 778 773 777 772 784 779 777 772 785 780 785 780 777 772 776 771 785 780 776 771 786 781 786 781 776 771 775 770 786 781 775 770 787 782 787 782 775 770 774 769 787 782 774 769 590 585 590 585 774 769 773 768 590 585 773 768 588 583 588 583 773 768 772 767 589 584 585 580 590 585 590 585 585 580 587 582 590 585 587 582 787 782 787 782 587 582 625 620 787 782 625 620 786 781 786 781 625 620 627 622 786 781 627 622 785 780 785 780 627 622 629 624 785 780 629 624 784 779 784 779 629 624 631 626 784 779 631 626 783 778 783 778 631 626 633 628 783 778 633 628 782 777 782 777 633 628 635 630 782 777 635 630 781 776 781 776 635 630 637 632 781 776 637 632 780 775 780 775 637 632 788 783 557 552 556 551 637 632 637 632 556 551 789 784 637 632 789 784 788 783 553 548 555 550 554 549 554 549 555 550 557 552 554 549 557 552 790 785 790 785 557 552 636 631 790 785 636 631 791 786 791 786 636 631 634 629 791 786 634 629 792 787 792 787 634 629 632 627 792 787 632 627 793 788 793 788 632 627 630 625 793 788 630 625 794 789 794 789 630 625 628 623 794 789 628 623 795 790 795 790 628 623 626 621 795 790 626 621 796 791 796 791 626 621 584 579 796 791 584 579 797 792 797 792 584 579 583 578 798 793 552 547 799 794 799 794 552 547 554 549 799 794 554 549 800 795 800 795 554 549 790 785 800 795 790 785 801 796 801 796 790 785 791 786 801 796 791 786 802 797 802 797 791 786 792 787 802 797 792 787 803 798 803 798 792 787 793 788 803 798 793 788 804 799 804 799 793 788 794 789 804 799 794 789 805 800 805 800 794 789 795 790 805 800 795 790 806 801 806 801 795 790 796 791 806 801 796 791 807 802 807 802 796 791 797 792 807 802 638 633 806 801 806 801 638 633 640 635 806 801 640 635 805 800 805 800 640 635 642 637 805 800 642 637 804 799 804 799 642 637 644 639 804 799 644 639 803 798 803 798 644 639 646 641 803 798 646 641 802 797 802 797 646 641 648 643 802 797 648 643 801 796 801 796 648 643 650 645 801 796 650 645 800 795 800 795 650 645 652 647 800 795 652 647 799 794 799 794 652 647 654 649 799 794 654 649 798 793 798 793 654 649 808 803 551 546 550 545 654 649 654 649 550 545 809 804 654 649 809 804 808 803 810 805 549 544 811 806 811 806 549 544 551 546 811 806 551 546 812 807 812 807 551 546 653 648 812 807 653 648 813 808 813 808 653 648 651 646 813 808 651 646 814 809 814 809 651 646 649 644 814 809 649 644 815 810 815 810 649 644 647 642 815 810 647 642 816 811 816 811 647 642 645 640 816 811 645 640 817 812 817 812 645 640 643 638 817 812 643 638 818 813 818 813 643 638 641 636 818 813 641 636 819 814 819 814 641 636 639 634 819 814 655 650 818 813 818 813 655 650 657 652 818 813 657 652 817 812 817 812 657 652 659 654 817 812 659 654 816 811 816 811 659 654 661 656 816 811 661 656 815 810 815 810 661 656 663 658 815 810 663 658 814 809 814 809 663 658 665 660 814 809 665 660 813 808 813 808 665 660 667 662 813 808 667 662 812 807 812 807 667 662 669 664 812 807 669 664 811 806 811 806 669 664 671 666 811 806 671 666 810 805 810 805 671 666 820 815 548 543 547 542 671 666 671 666 547 542 821 816 671 666 821 816 820 815 656 651 822 817 658 653 658 653 822 817 823 818 658 653 823 818 660 655 660 655 823 818 824 819 660 655 824 819 662 657 662 657 824 819 825 820 662 657 825 820 664 659 664 659 825 820 826 821 664 659 826 821 666 661 666 661 826 821 827 822 666 661 827 822 668 663 668 663 827 822 828 823 668 663 828 823 670 665 670 665 828 823 829 824 670 665 829 824 548 543 548 543 829 824 545 540 548 543 545 540 546 541 546 541 545 540 544 539 830 825 543 538 831 826 831 826 543 538 545 540 831 826 545 540 832 827 832 827 545 540 829 824 832 827 829 824 833 828 833 828 829 824 828 823 833 828 828 823 834 829 834 829 828 823 827 822 834 829 827 822 835 830 835 830 827 822 826 821 835 830 826 821 836 831 836 831 826 821 825 820 836 831 825 820 837 832 837 832 825 820 824 819 837 832 824 819 838 833 838 833 824 819 823 818 838 833 823 818 839 834 839 834 823 818 822 817 839 834 672 667 838 833 838 833 672 667 674 669 838 833 674 669 837 832 837 832 674 669 676 671 837 832 676 671 836 831 836 831 676 671 678 673 836 831 678 673 835 830 835 830 678 673 680 675 835 830 680 675 834 829 834 829 680 675 682 677 834 829 682 677 833 828 833 828 682 677 684 679 833 828 684 679 832 827 832 827 684 679 686 681 832 827 686 681 831 826 831 826 686 681 688 683 831 826 688 683 830 825 830 825 688 683 840 835 542 537 541 536 688 683 688 683 541 536 841 836 688 683 841 836 840 835 842 837 540 535 843 838 843 838 540 535 542 537 843 838 542 537 844 839 844 839 542 537 687 682 844 839 687 682 845 840 845 840 687 682 685 680 845 840 685 680 846 841 846 841 685 680 683 678 846 841 683 678 847 842 847 842 683 678 681 676 847 842 681 676 848 843 848 843 681 676 679 674 848 843 679 674 849 844 849 844 679 674 677 672 849 844 677 672 850 845 850 845 677 672 675 670 850 845 675 670 851 846 851 846 675 670 673 668 851 846 852 847 850 845 850 845 852 847 853 848 850 845 853 848 849 844 849 844 853 848 854 849 849 844 854 849 848 843 848 843 854 849 855 850 848 843 855 850 847 842 847 842 855 850 856 851 847 842 856 851 846 841 846 841 856 851 857 852 846 841 857 852 845 840 845 840 857 852 858 853 845 840 858 853 844 839 844 839 858 853 859 854 844 839 859 854 843 838 843 838 859 854 860 855 843 838 860 855 842 837 842 837 860 855 861 856 862 857 852 847 863 858 864 859 865 860 866 861 866 861 865 860 187 197 187 197 865 860 867 862 187 197 867 862 188 198 868 863 869 864 870 865 870 865 869 864 871 866 870 865 871 866 872 867 866 861 873 868 864 859 864 859 873 868 874 869 864 859 874 869 875 870 875 870 874 869 876 871 875 870 876 871 868 863 868 863 876 871 877 872 868 863 877 872 869 864 863 858 878 873 862 857 862 857 878 873 879 874 862 857 879 874 880 875 880 875 879 874 881 876 880 875 881 876 882 877 882 877 881 876 883 878 882 877 883 878 884 879 884 879 883 878 872 867 884 879 872 867 885 880 885 880 872 867 871 866 886 881 887 882 888 883 889 884 890 885 891 886 892 887 893 888 894 889 895 890 862 857 880 875 866 861 896 891 897 892 866 861 897 892 873 868 873 868 897 892 898 893 873 868 898 893 874 869 874 869 898 893 899 894 874 869 899 894 876 871 876 871 899 894 900 895 876 871 900 895 877 872 877 872 900 895 901 896 877 872 901 896 869 864 869 864 901 896 902 897 869 864 902 897 871 866 871 866 902 897 903 898 871 866 903 898 885 880 885 880 903 898 904 899 885 880 904 899 884 879 884 879 904 899 905 900 884 879 905 900 882 877 882 877 905 900 906 901 882 877 906 901 880 875 880 875 906 901 907 902 880 875 907 902 895 890 908 903 909 904 905 900 905 900 909 904 910 905 905 900 910 905 906 901 906 901 910 905 911 906 906 901 911 906 907 902 893 888 912 907 913 908 912 907 914 909 913 908 913 908 914 909 915 910 913 908 915 910 908 903 892 887 894 889 916 911 917 912 918 913 919 914 917 912 919 914 889 884 889 884 919 914 890 885 890 885 919 914 920 915 890 885 920 915 921 916 921 916 920 915 922 917 921 916 922 917 916 911 923 918 924 919 891 886 891 886 924 919 925 920 891 886 925 920 889 884 891 886 926 921 923 918 923 918 926 921 927 922 923 918 927 922 928 923 887 882 886 881 927 922 927 922 886 881 929 924 927 922 929 924 928 923 930 925 931 926 888 883 888 883 931 926 932 927 888 883 932 927 886 881 888 883 933 928 930 925 930 925 933 928 934 929 930 925 934 929 935 930 935 930 934 929 936 931 936 931 934 929 937 932 936 931 937 932 938 933 938 933 937 932 201 211 938 933 201 211 203 213 939 934 197 207 199 209 940 935 193 203 195 205 866 861 187 197 896 891 896 891 187 197 189 199 896 891 189 199 191 201 916 911 894 889 921 916 921 916 894 889 941 936 921 916 941 936 890 885 890 885 941 936 942 937 890 885 942 937 891 886 891 886 942 937 943 938 891 886 943 938 926 921 926 921 943 938 944 939 926 921 944 939 927 922 927 922 944 939 945 940 927 922 945 940 887 882 887 882 945 940 946 941 887 882 946 941 888 883 888 883 946 941 947 942 888 883 947 942 933 928 933 928 947 942 948 943 933 928 948 943 934 929 934 929 948 943 939 934 934 929 939 934 937 932 937 932 939 934 199 209 937 932 199 209 201 211 893 888 913 908 894 889 894 889 913 908 949 944 894 889 949 944 941 936 941 936 949 944 950 945 941 936 950 945 942 937 942 937 950 945 951 946 942 937 951 946 943 938 943 938 951 946 952 947 943 938 952 947 944 939 944 939 952 947 953 948 944 939 953 948 945 940 945 940 953 948 954 949 945 940 954 949 946 941 946 941 954 949 955 950 946 941 955 950 947 942 947 942 955 950 956 951 947 942 956 951 948 943 948 943 956 951 940 935 948 943 940 935 939 934 939 934 940 935 195 205 939 934 195 205 197 207 908 903 905 900 913 908 913 908 905 900 904 899 913 908 904 899 949 944 949 944 904 899 903 898 949 944 903 898 950 945 950 945 903 898 902 897 950 945 902 897 951 946 951 946 902 897 901 896 951 946 901 896 952 947 952 947 901 896 900 895 952 947 900 895 953 948 953 948 900 895 899 894 953 948 899 894 954 949 954 949 899 894 898 893 954 949 898 893 955 950 955 950 898 893 897 892 955 950 897 892 956 951 956 951 897 892 896 891 956 951 896 891 940 935 940 935 896 891 191 201 940 935 191 201 193 203 276 255 277 256 957 952 283 262 285 264 958 953 959 954 960 955 961 956 962 957 963 958 964 959 965 960 966 961 967 962 968 963 969 964 970 965 970 965 925 920 971 966 971 966 925 920 924 919 971 966 924 919 972 967 972 967 924 919 923 918 972 967 923 918 973 968 973 968 923 918 928 923 973 968 928 923 974 969 974 969 928 923 929 924 974 969 929 924 975 970 975 970 929 924 886 881 975 970 886 881 976 971 976 971 886 881 932 927 976 971 932 927 977 972 977 972 932 927 931 926 977 972 931 926 978 973 978 973 931 926 930 925 978 973 930 925 979 974 979 974 930 925 935 930 979 974 935 930 980 975 980 975 935 930 936 931 980 975 936 931 981 976 981 976 936 931 938 933 970 965 969 964 925 920 925 920 969 964 982 977 925 920 982 977 889 884 982 977 983 978 889 884 889 884 983 978 984 979 889 884 984 979 917 912 917 912 984 979 985 980 917 912 985 980 918 913 972 967 986 981 971 966 971 966 986 981 987 982 971 966 987 982 970 965 970 965 987 982 988 983 970 965 988 983 968 963 965 960 967 962 989 984 990 985 991 986 992 987 992 987 991 986 993 988 992 987 993 988 994 989 995 990 996 991 997 992 997 992 996 991 998 993 997 992 998 993 999 994 1000 995 1001 996 1002 997 1002 997 1001 996 1003 998 1002 997 1003 998 1004 999 1005 1000 1006 1001 1007 1002 1007 1002 1006 1001 1008 1003 1005 1000 1007 1002 1009 1004 1009 1004 1007 1002 1010 1005 1009 1004 1010 1005 1011 1006 1011 1006 1010 1005 1012 1007 1011 1006 1012 1007 1013 1008 1013 1008 1012 1007 1014 1009 1013 1008 1014 1009 295 274 289 268 291 270 1014 1009 1014 1009 291 270 293 272 1014 1009 293 272 295 274 283 262 958 953 281 260 276 255 957 952 275 254 1008 1003 959 954 1007 1002 1007 1002 959 954 961 956 1007 1002 961 956 1010 1005 1010 1005 961 956 1015 1010 1010 1005 1015 1010 1012 1007 1012 1007 1015 1010 1016 1011 1012 1007 1016 1011 1014 1009 1014 1009 1016 1011 1017 1012 1014 1009 1017 1012 289 268 959 954 1004 999 960 955 960 955 1004 999 1003 998 960 955 1003 998 961 956 961 956 1003 998 1018 1013 961 956 1018 1013 1015 1010 1015 1010 1018 1013 1019 1014 1015 1010 1019 1014 1016 1011 1016 1011 1019 1014 1020 1015 1016 1011 1020 1015 1017 1012 1017 1012 1020 1015 1021 1016 1017 1012 1021 1016 289 268 289 268 1021 1016 287 266 1000 995 962 957 1001 996 1001 996 962 957 964 959 1001 996 964 959 1003 998 1003 998 964 959 1022 1017 1003 998 1022 1017 1018 1013 1018 1013 1022 1017 1023 1018 1018 1013 1023 1018 1019 1014 1019 1014 1023 1018 1024 1019 1019 1014 1024 1019 1020 1015 1020 1015 1024 1019 1025 1020 1020 1015 1025 1020 1021 1016 1021 1016 1025 1020 958 953 1021 1016 958 953 287 266 287 266 958 953 285 264 962 957 999 994 963 958 963 958 999 994 998 993 963 958 998 993 964 959 964 959 998 993 1026 1021 964 959 1026 1021 1022 1017 1022 1017 1026 1021 1027 1022 1022 1017 1027 1022 1023 1018 1023 1018 1027 1022 1028 1023 1023 1018 1028 1023 1024 1019 1024 1019 1028 1023 1029 1024 1024 1019 1029 1024 1025 1020 1025 1020 1029 1024 1030 1025 1025 1020 1030 1025 958 953 958 953 1030 1025 1031 1026 958 953 1031 1026 281 260 995 990 994 989 996 991 996 991 994 989 993 988 996 991 993 988 998 993 998 993 993 988 1032 1027 998 993 1032 1027 1026 1021 1026 1021 1032 1027 1033 1028 1026 1021 1033 1028 1027 1022 1027 1022 1033 1028 1034 1029 1027 1022 1034 1029 1028 1023 1028 1023 1034 1029 1035 1030 1028 1023 1035 1030 1029 1024 1029 1024 1035 1030 1036 1031 1029 1024 1036 1031 1030 1025 1030 1025 1036 1031 1037 1032 1030 1025 1037 1032 1031 1026 1031 1026 1037 1032 1038 1033 1031 1026 1038 1033 281 260 281 260 1038 1033 279 258 990 985 989 984 991 986 991 986 989 984 967 962 991 986 967 962 993 988 993 988 967 962 1039 1034 993 988 1039 1034 1032 1027 1032 1027 1039 1034 1040 1035 1032 1027 1040 1035 1033 1028 1033 1028 1040 1035 1041 1036 1033 1028 1041 1036 1034 1029 1034 1029 1041 1036 1042 1037 1034 1029 1042 1037 1035 1030 1035 1030 1042 1037 1043 1038 1035 1030 1043 1038 1036 1031 1036 1031 1043 1038 1044 1039 1036 1031 1044 1039 1037 1032 1037 1032 1044 1039 1045 1040 1037 1032 1045 1040 1038 1033 1038 1033 1045 1040 957 952 1038 1033 957 952 279 258 279 258 957 952 277 256 965 960 986 981 966 961 966 961 986 981 972 967 966 961 972 967 967 962 967 962 972 967 973 968 967 962 973 968 1039 1034 1039 1034 973 968 974 969 1039 1034 974 969 1040 1035 1040 1035 974 969 975 970 1040 1035 975 970 1041 1036 1041 1036 975 970 976 971 1041 1036 976 971 1042 1037 1042 1037 976 971 977 972 1042 1037 977 972 1043 1038 1043 1038 977 972 978 973 1043 1038 978 973 1044 1039 1044 1039 978 973 979 974 1044 1039 979 974 1045 1040 1045 1040 979 974 980 975 1045 1040 980 975 957 952 957 952 980 975 981 976 957 952 981 976 275 254 275 254 981 976 938 933 275 254 938 933 203 213 1046 1041 1047 1042 1048 1043 1049 1044 1050 1045 1051 1046 1008 1003 1006 1001 1052 1047 1052 1047 1006 1001 1049 1044 1052 1047 1049 1044 1053 1048 1053 1048 1049 1044 1051 1046 1054 1049 1055 1050 1056 1051 1056 1051 1055 1050 1057 1052 1056 1051 1057 1052 1050 1045 1050 1045 1057 1052 1058 1053 1050 1045 1058 1053 1051 1046 1059 1054 1060 1055 1061 1056 1061 1056 1060 1055 1062 1057 1061 1056 1062 1057 1054 1049 1054 1049 1062 1057 1063 1058 1054 1049 1063 1058 1055 1050 1064 1059 1065 1060 1066 1061 1066 1061 1065 1060 1067 1062 1066 1061 1067 1062 1059 1054 1059 1054 1067 1062 1068 1063 1059 1054 1068 1063 1060 1055 1048 1043 1069 1064 1046 1041 1046 1041 1069 1064 1070 1065 1046 1041 1070 1065 1064 1059 1064 1059 1070 1065 1071 1066 1064 1059 1071 1066 1065 1060 1072 1067 1073 1068 1074 1069 1074 1069 1073 1068 1075 1070 1074 1069 1075 1070 1076 1071 1076 1071 1075 1070 1077 1072 1076 1071 1077 1072 1078 1073 1072 1067 1079 1074 1073 1068 1073 1068 1079 1074 1080 1075 1073 1068 1080 1075 1081 1076 1082 1077 1083 1078 1078 1073 1078 1073 1083 1078 1084 1079 1078 1073 1084 1079 1076 1071 1085 1080 1086 1081 1087 1082 1087 1082 1086 1081 1088 1083 1081 1076 1089 1084 1073 1068 1073 1068 1089 1084 1088 1083 1073 1068 1088 1083 1090 1085 1090 1085 1088 1083 1086 1081 1082 1077 1091 1086 1083 1078 1083 1078 1091 1086 1092 1087 1083 1078 1092 1087 1093 1088 1093 1088 1092 1087 1094 1089 1094 1089 1092 1087 1095 1090 1095 1090 1092 1087 1096 1091 1095 1090 1096 1091 1097 1092 1098 1093 1099 1094 1100 1095 1100 1095 1099 1094 1101 1096 1100 1095 1101 1096 1102 1097 1102 1097 1101 1096 1103 1098 1102 1097 1103 1098 1104 1099 1104 1099 1103 1098 1105 1100 1104 1099 1105 1100 1106 1101 1106 1101 1105 1100 1107 1102 1106 1101 1107 1102 1108 1103 1108 1103 1107 1102 1109 1104 1108 1103 1109 1104 1110 1105 1110 1105 1109 1104 1111 1106 1110 1105 1111 1106 390 385 390 385 1111 1106 389 384 1112 1107 1113 1108 1114 1109 1114 1109 1113 1108 1115 1110 1114 1109 1115 1110 1116 1111 1116 1111 1115 1110 1117 1112 1116 1111 1117 1112 1118 1113 1118 1113 1117 1112 1119 1114 1118 1113 1119 1114 1120 1115 1120 1115 1119 1114 1121 1116 1120 1115 1121 1116 1122 1117 1122 1117 1121 1116 1123 1118 1122 1117 1123 1118 1124 1119 1124 1119 1123 1118 1125 1120 1124 1119 1125 1120 1126 1121 1126 1121 1125 1120 1127 1122 1126 1121 1127 1122 1128 1123 1128 1123 1127 1122 1129 1124 1128 1123 1129 1124 1098 1093 1098 1093 1129 1124 1130 1125 1098 1093 1130 1125 1099 1094 1131 0 1132 0 1133 1126 1132 0 1134 0 1133 1126 1133 1126 1134 0 1135 0 1133 1126 1135 0 1136 0 1137 1127 1138 0 1139 1128 1139 1128 1138 0 1140 0 1139 1128 1140 0 1133 1126 1133 1126 1140 0 1141 0 1133 1126 1141 0 1131 0 1142 0 1143 0 1144 1129 1144 1130 1143 0 1145 0 1144 1131 1145 0 1146 0 1146 0 1147 0 1144 1132 1144 1133 1147 0 1148 0 1144 1134 1148 0 1149 1135 1149 1135 1148 0 1150 0 1149 1135 1150 0 1151 1136 1152 0 1153 0 296 275 1136 0 1154 0 1155 0 1155 0 1154 0 1156 0 1155 0 1156 0 1144 1137 1144 1138 1156 0 1157 0 1144 1139 1157 0 1142 0 296 275 1153 0 295 274 385 380 1158 0 383 378 383 378 1158 0 1159 0 383 378 1159 0 381 376 381 376 1159 0 1160 0 381 376 1160 0 296 275 296 275 1160 0 1161 0 296 275 1161 0 1152 0 1150 0 1162 0 1151 1136 1151 1136 1162 0 1163 0 1151 1136 1163 0 1164 1140 1164 1140 1163 0 1165 0 1164 1140 1165 0 1166 1141 1166 1141 1165 0 1167 0 1166 1141 1167 0 389 384 389 384 1167 0 1158 0 389 384 1158 0 387 382 387 382 1158 0 385 380 1153 0 1168 0 295 274 295 274 1168 0 1169 0 295 274 1169 0 1013 1008 1013 1008 1169 0 1170 0 1013 1008 1170 0 1011 1006 1011 1006 1170 0 1171 0 1011 1006 1171 0 1009 1004 1009 1004 1171 0 1172 0 1009 1004 1172 0 1005 1000 1005 1000 1172 0 1006 1001 1006 1001 1172 0 1173 1142 1173 1142 1172 0 1174 0 1173 1142 1174 0 1175 1143 1175 1143 1174 0 1176 0 1175 1143 1176 0 1137 1127 1137 1127 1176 0 1177 0 1137 1127 1177 0 1138 0 1178 1144 1179 1145 1180 1146 1181 1147 1182 1148 1183 1149 342 337 339 334 1184 1150 345 340 408 403 1185 1151 1185 1151 408 403 343 338 1186 1152 402 397 346 341 343 338 342 337 1185 1151 1185 1151 342 337 1184 1150 1185 1151 1184 1150 1187 1153 1187 1153 1184 1150 1188 1154 1187 1153 1188 1154 1189 1155 1189 1155 1188 1154 1190 1156 1189 1155 1190 1156 1191 1157 1191 1157 1190 1156 1192 1158 1191 1157 1192 1158 1193 1159 1193 1159 1192 1158 1194 1160 1193 1159 1194 1160 1195 1161 1195 1161 1194 1160 1196 1162 1195 1161 1196 1162 1197 1163 1197 1163 1196 1162 1198 1164 1197 1163 1198 1164 1199 1165 1199 1165 1198 1164 1200 1166 1199 1165 1200 1166 1201 1167 1201 1167 1200 1166 1202 1168 1201 1167 1202 1168 1203 1169 1203 1169 1202 1168 1204 1170 1203 1169 1204 1170 1205 1171 1205 1171 1204 1170 1206 1172 1205 1171 1206 1172 1207 1173 1207 1173 1206 1172 1208 1174 1207 1173 1208 1174 1209 1175 1209 1175 1208 1174 1210 1176 1209 1175 1210 1176 1211 1177 1211 1177 1210 1176 1212 1178 1211 1177 1212 1178 1213 1179 1213 1179 1212 1178 1214 1180 1213 1179 1214 1180 1215 1181 1215 1181 1214 1180 1216 1182 391 386 402 397 1217 1183 1217 1183 402 397 1186 1152 1217 1183 1186 1152 1218 1184 1218 1184 1186 1152 1219 1185 1218 1184 1219 1185 1220 1186 1220 1186 1219 1185 1221 1187 1220 1186 1221 1187 1222 1188 1222 1188 1221 1187 1223 1189 1222 1188 1223 1189 1224 1190 1224 1190 1223 1189 1225 1191 1224 1190 1225 1191 1226 1192 1226 1192 1225 1191 1227 1193 1226 1192 1227 1193 1228 1194 1228 1194 1227 1193 1229 1195 1228 1194 1229 1195 1230 1196 1230 1196 1229 1195 1231 1197 1230 1196 1231 1197 1232 1198 1232 1198 1231 1197 1233 1199 1232 1198 1233 1199 1234 1200 1234 1200 1233 1199 1235 1201 1234 1200 1235 1201 1236 1202 1236 1202 1235 1201 1237 1203 1236 1202 1237 1203 1238 1204 1238 1204 1237 1203 1239 1205 1238 1204 1239 1205 1240 1206 1240 1206 1239 1205 1241 1207 1240 1206 1241 1207 1242 1208 1242 1208 1241 1207 1243 1209 1242 1208 1243 1209 1183 1149 1183 1149 1243 1209 1244 1210 1183 1149 1244 1210 1181 1147 1181 1147 1244 1210 1245 1211 346 341 345 340 1186 1152 1186 1152 345 340 1185 1151 1186 1152 1185 1151 1219 1185 1219 1185 1185 1151 1187 1153 1219 1185 1187 1153 1221 1187 1221 1187 1187 1153 1189 1155 1221 1187 1189 1155 1223 1189 1223 1189 1189 1155 1191 1157 1223 1189 1191 1157 1225 1191 1225 1191 1191 1157 1193 1159 1225 1191 1193 1159 1227 1193 1227 1193 1193 1159 1195 1161 1227 1193 1195 1161 1229 1195 1229 1195 1195 1161 1197 1163 1229 1195 1197 1163 1231 1197 1231 1197 1197 1163 1199 1165 1231 1197 1199 1165 1233 1199 1233 1199 1199 1165 1201 1167 1233 1199 1201 1167 1235 1201 1235 1201 1201 1167 1203 1169 1235 1201 1203 1169 1237 1203 1237 1203 1203 1169 1205 1171 1237 1203 1205 1171 1239 1205 1239 1205 1205 1171 1207 1173 1239 1205 1207 1173 1241 1207 1241 1207 1207 1173 1209 1175 1241 1207 1209 1175 1243 1209 1243 1209 1209 1175 1211 1177 1243 1209 1211 1177 1244 1210 1244 1210 1211 1177 1213 1179 1244 1210 1213 1179 1245 1211 1245 1211 1213 1179 1215 1181 1178 1144 1180 1146 1246 1212 1247 1213 1248 1214 1249 1215 1249 1215 1248 1214 1250 1216 1249 1215 1250 1216 1251 1217 1251 1217 1250 1216 1252 1218 1251 1217 1252 1218 1253 1219 1253 1219 1252 1218 1254 1220 1253 1219 1254 1220 1255 1221 338 333 428 423 1256 1222 1256 1222 428 423 1257 1223 1256 1222 1257 1223 1258 1224 1258 1224 1257 1223 1259 1225 1258 1224 1259 1225 1260 1226 1260 1226 1259 1225 1261 1227 1260 1226 1261 1227 1262 1228 1262 1228 1261 1227 1263 1229 1262 1228 1263 1229 1264 1230 1264 1230 1263 1229 1265 1231 1264 1230 1265 1231 1266 1232 1266 1232 1265 1231 1267 1233 1266 1232 1267 1233 1268 1234 1268 1234 1267 1233 1269 1235 1268 1234 1269 1235 1270 1236 1270 1236 1269 1235 1271 1237 1270 1236 1271 1237 1272 1238 1272 1238 1271 1237 1273 1239 1272 1238 1273 1239 1274 1240 1274 1240 1273 1239 1275 1241 1274 1240 1275 1241 1247 1213 1247 1213 1275 1241 1276 1242 1247 1213 1276 1242 1248 1214 341 336 336 331 1277 1243 1277 1243 336 331 1278 1244 1277 1243 1278 1244 1279 1245 1279 1245 1278 1244 1280 1246 1279 1245 1280 1246 1281 1247 1281 1247 1280 1246 1282 1248 1281 1247 1282 1248 1283 1249 1283 1249 1282 1248 1284 1250 1283 1249 1284 1250 1285 1251 1285 1251 1284 1250 1286 1252 1285 1251 1286 1252 1287 1253 1287 1253 1286 1252 1288 1254 1287 1253 1288 1254 1289 1255 1289 1255 1288 1254 1290 1256 1289 1255 1290 1256 1291 1257 1291 1257 1290 1256 1292 1258 1291 1257 1292 1258 1293 1259 1293 1259 1292 1258 1294 1260 1293 1259 1294 1260 1295 1261 1295 1261 1294 1260 1296 1262 1295 1261 1296 1262 1297 1263 1297 1263 1296 1262 1298 1264 1297 1263 1298 1264 1299 1265 1299 1265 1298 1264 1300 1266 1299 1265 1300 1266 1301 1267 1301 1267 1300 1266 1302 1268 1301 1267 1302 1268 1303 1269 1303 1269 1302 1268 1180 1146 1303 1269 1180 1146 1304 1270 1304 1270 1180 1146 1179 1145 1304 1270 1179 1145 1305 1271 336 331 338 333 1278 1244 1278 1244 338 333 1256 1222 1278 1244 1256 1222 1280 1246 1280 1246 1256 1222 1258 1224 1280 1246 1258 1224 1282 1248 1282 1248 1258 1224 1260 1226 1282 1248 1260 1226 1284 1250 1284 1250 1260 1226 1262 1228 1284 1250 1262 1228 1286 1252 1286 1252 1262 1228 1264 1230 1286 1252 1264 1230 1288 1254 1288 1254 1264 1230 1266 1232 1288 1254 1266 1232 1290 1256 1290 1256 1266 1232 1268 1234 1290 1256 1268 1234 1292 1258 1292 1258 1268 1234 1270 1236 1292 1258 1270 1236 1294 1260 1294 1260 1270 1236 1272 1238 1294 1260 1272 1238 1296 1262 1296 1262 1272 1238 1274 1240 1296 1262 1274 1240 1298 1264 1298 1264 1274 1240 1247 1213 1298 1264 1247 1213 1300 1266 1300 1266 1247 1213 1249 1215 1300 1266 1249 1215 1302 1268 1302 1268 1249 1215 1251 1217 1302 1268 1251 1217 1180 1146 1180 1146 1251 1217 1253 1219 1180 1146 1253 1219 1246 1212 1246 1212 1253 1219 1255 1221 390 385 391 386 1110 1105 1110 1105 391 386 1217 1183 1110 1105 1217 1183 1108 1103 1108 1103 1217 1183 1218 1184 1108 1103 1218 1184 1106 1101 1106 1101 1218 1184 1220 1186 1106 1101 1220 1186 1104 1099 1104 1099 1220 1186 1222 1188 1104 1099 1222 1188 1102 1097 1102 1097 1222 1188 1224 1190 1102 1097 1224 1190 1100 1095 1100 1095 1224 1190 1226 1192 1100 1095 1226 1192 1098 1093 1098 1093 1226 1192 1228 1194 1098 1093 1228 1194 1128 1123 1128 1123 1228 1194 1230 1196 1128 1123 1230 1196 1126 1121 1126 1121 1230 1196 1232 1198 1126 1121 1232 1198 1124 1119 1124 1119 1232 1198 1234 1200 1124 1119 1234 1200 1122 1117 1122 1117 1234 1200 1236 1202 1122 1117 1236 1202 1120 1115 1120 1115 1236 1202 1238 1204 1120 1115 1238 1204 1118 1113 1118 1113 1238 1204 1240 1206 1118 1113 1240 1206 1116 1111 1116 1111 1240 1206 1242 1208 1116 1111 1242 1208 1114 1109 1114 1109 1242 1208 1183 1149 1114 1109 1183 1149 1112 1107 1112 1107 1183 1149 1182 1148 339 334 341 336 1184 1150 1184 1150 341 336 1277 1243 1184 1150 1277 1243 1188 1154 1188 1154 1277 1243 1279 1245 1188 1154 1279 1245 1190 1156 1190 1156 1279 1245 1281 1247 1190 1156 1281 1247 1192 1158 1192 1158 1281 1247 1283 1249 1192 1158 1283 1249 1194 1160 1194 1160 1283 1249 1285 1251 1194 1160 1285 1251 1196 1162 1196 1162 1285 1251 1287 1253 1196 1162 1287 1253 1198 1164 1198 1164 1287 1253 1289 1255 1198 1164 1289 1255 1200 1166 1200 1166 1289 1255 1291 1257 1200 1166 1291 1257 1202 1168 1202 1168 1291 1257 1293 1259 1202 1168 1293 1259 1204 1170 1204 1170 1293 1259 1295 1261 1204 1170 1295 1261 1206 1172 1206 1172 1295 1261 1297 1263 1206 1172 1297 1263 1208 1174 1208 1174 1297 1263 1299 1265 1208 1174 1299 1265 1210 1176 1210 1176 1299 1265 1301 1267 1210 1176 1301 1267 1212 1178 1212 1178 1301 1267 1303 1269 1212 1178 1303 1269 1214 1180 1214 1180 1303 1269 1304 1270 1214 1180 1304 1270 1216 1182 1216 1182 1304 1270 1305 1271 1306 1272 1307 1273 1308 1274 1309 1275 1310 1276 1311 1277 1311 1277 1310 1276 1312 1278 1252 1218 1250 1216 1313 1279 1275 1241 1314 1280 1276 1242 1276 1242 1314 1280 1315 1281 1313 1279 1250 1216 1315 1281 1315 1281 1250 1216 1248 1214 1315 1281 1248 1214 1276 1242 1316 1282 1317 1283 1318 1284 1254 1220 1318 1284 1319 1285 1319 1285 1318 1284 1317 1283 1319 1285 1317 1283 1320 1286 1320 1286 1317 1283 1321 1287 395 390 398 393 1322 1288 1322 1288 398 393 397 392 1322 1288 397 392 396 391 1323 1289 1324 1290 1325 1291 1325 1291 1324 1290 1326 1292 1325 1291 1326 1292 1327 1293 1327 1293 1326 1292 1328 1294 1311 1277 1328 1294 1309 1275 1309 1275 1328 1294 1326 1292 1309 1275 1326 1292 1329 1295 1329 1295 1326 1292 1324 1290 1330 1296 1331 1297 1332 1298 354 349 1333 1299 355 350 355 350 1333 1299 1331 1297 396 391 352 347 1330 1296 1330 1296 352 347 351 346 1330 1296 351 346 1331 1297 1331 1297 351 346 361 356 1331 1297 361 356 355 350 1334 1300 1335 1301 1332 1298 1333 1299 1336 1302 1331 1297 1331 1297 1336 1302 1337 1303 1331 1297 1337 1303 1332 1298 1332 1298 1337 1303 1338 1304 1332 1298 1338 1304 1334 1300 1339 1305 333 328 335 330 1340 1306 1273 1239 1341 1307 1341 1307 1273 1239 1271 1237 1341 1307 1271 1237 1342 1308 1342 1308 1271 1237 1269 1235 1342 1308 1269 1235 1343 1309 1343 1309 1269 1235 1267 1233 1343 1309 1267 1233 1344 1310 1344 1310 1267 1233 1265 1231 1344 1310 1265 1231 1345 1311 1345 1311 1265 1231 1263 1229 1345 1311 1263 1229 1346 1312 1346 1312 1263 1229 1261 1227 1346 1312 1261 1227 1347 1313 1347 1313 1261 1227 1259 1225 1347 1313 1259 1225 1339 1305 1339 1305 1259 1225 1257 1223 1339 1305 1257 1223 333 328 333 328 1257 1223 428 423 1348 1314 1349 1315 1321 1287 1348 1314 1321 1287 1350 1316 1350 1316 1321 1287 1317 1283 1350 1316 1317 1283 1351 1317 1351 1317 1317 1283 1316 1282 1351 1317 1316 1282 1352 1318 1352 1318 1316 1282 1353 1319 1352 1318 1353 1319 1354 1320 1254 1220 1252 1218 1318 1284 1318 1284 1252 1218 1313 1279 1318 1284 1313 1279 1316 1282 1316 1282 1313 1279 1315 1281 1316 1282 1315 1281 1353 1319 1353 1319 1315 1281 1314 1280 1353 1319 1314 1280 1340 1306 1340 1306 1314 1280 1275 1241 1340 1306 1275 1241 1273 1239 1355 1321 1307 1273 1356 1322 1356 1322 1307 1273 1306 1272 1356 1322 1306 1272 1357 1323 1357 1323 1306 1272 1335 1301 1357 1323 1335 1301 1358 1324 1358 1324 1335 1301 1334 1300 1308 1274 1312 1278 1306 1272 1306 1272 1312 1278 1310 1276 1306 1272 1310 1276 1335 1301 1335 1301 1310 1276 1309 1275 1335 1301 1309 1275 1332 1298 1332 1298 1309 1275 1329 1295 1332 1298 1329 1295 1330 1296 1330 1296 1329 1295 1324 1290 1330 1296 1324 1290 396 391 396 391 1324 1290 1323 1289 396 391 1323 1289 1322 1288 335 330 395 390 1339 1305 1339 1305 395 390 1322 1288 1339 1305 1322 1288 1347 1313 1347 1313 1322 1288 1323 1289 1347 1313 1323 1289 1346 1312 1346 1312 1323 1289 1325 1291 1346 1312 1325 1291 1345 1311 1345 1311 1325 1291 1327 1293 1345 1311 1327 1293 1344 1310 1344 1310 1327 1293 1328 1294 1344 1310 1328 1294 1343 1309 1343 1309 1328 1294 1311 1277 1343 1309 1311 1277 1342 1308 1342 1308 1311 1277 1312 1278 1342 1308 1312 1278 1341 1307 1341 1307 1312 1278 1308 1274 1341 1307 1308 1274 1340 1306 1340 1306 1308 1274 1307 1273 1340 1306 1307 1273 1353 1319 1353 1319 1307 1273 1355 1321 1353 1319 1355 1321 1354 1320 1350 1316 1351 1317 1359 1325 1360 1326 1361 1327 1362 1328 1356 1322 1357 1323 1363 1329 1364 1330 1365 1331 1366 1332 1367 1333 486 481 485 480 1368 1334 1369 1335 1370 1336 1371 1337 1372 1338 1373 1339 1369 1335 1368 1334 1374 1340 1374 1340 1368 1334 1375 1341 1374 1340 1375 1341 1376 1342 1376 1342 1375 1341 1377 1343 1376 1342 1377 1343 1378 1344 1378 1344 1377 1343 1379 1345 1378 1344 1379 1345 1380 1346 1380 1346 1379 1345 1381 1347 1380 1346 1381 1347 1382 1348 1382 1348 1381 1347 1383 1349 1382 1348 1383 1349 1384 1350 1384 1350 1383 1349 482 477 1384 1350 482 477 481 476 1371 1337 1385 1351 1372 1338 1372 1338 1385 1351 1386 1352 1372 1338 1386 1352 1387 1353 1387 1353 1386 1352 1388 1354 1387 1353 1388 1354 1389 1355 1389 1355 1388 1354 1390 1356 1389 1355 1390 1356 1391 1357 1391 1357 1390 1356 1392 1358 1391 1357 1392 1358 1393 1359 1393 1359 1392 1358 1394 1360 1393 1359 1394 1360 1395 1361 1395 1361 1394 1360 1396 1362 485 480 484 479 1396 1362 1396 1362 484 479 483 478 1373 1339 1372 1338 1370 1336 1370 1336 1372 1338 1387 1353 1370 1336 1387 1353 1368 1334 1368 1334 1387 1353 1389 1355 1368 1334 1389 1355 1375 1341 1375 1341 1389 1355 1391 1357 1375 1341 1391 1357 1377 1343 1377 1343 1391 1357 1393 1359 1377 1343 1393 1359 1379 1345 1379 1345 1393 1359 1395 1361 1379 1345 1395 1361 1381 1347 1381 1347 1395 1361 1396 1362 1381 1347 1396 1362 1383 1349 1383 1349 1396 1362 483 478 1383 1349 483 478 482 477 1355 1321 1356 1322 1397 1363 1397 1363 1356 1322 1363 1329 1397 1363 1363 1329 1398 1364 1398 1364 1363 1329 1399 1365 1398 1364 1399 1365 1400 1366 1400 1366 1399 1365 1401 1367 1400 1366 1401 1367 1402 1368 1402 1368 1401 1367 1403 1369 1357 1323 1358 1324 1363 1329 1363 1329 1358 1324 1404 1370 1363 1329 1404 1370 1399 1365 1399 1365 1404 1370 1405 1371 1399 1365 1405 1371 1401 1367 1401 1367 1405 1371 1406 1372 1401 1367 1406 1372 1403 1369 1403 1369 1406 1372 1407 1373 1408 1374 1409 1375 1410 1376 1411 1377 1408 1374 1412 1378 1412 1378 1408 1374 1410 1376 1412 1378 1410 1376 1413 1379 1413 1379 1410 1376 480 475 1414 1380 1415 1381 1411 1377 1411 1377 1415 1381 1408 1374 1408 1374 1415 1381 1416 1382 1408 1374 1416 1382 1409 1375 1409 1375 1416 1382 1417 1383 1409 1375 1417 1383 470 465 470 465 472 467 1409 1375 1409 1375 472 467 474 469 1409 1375 474 469 1410 1376 1410 1376 474 469 475 470 1410 1376 475 470 480 475 1361 1327 1418 1384 1419 1385 1420 1386 1421 1387 1422 1388 1422 1388 1421 1387 1423 1389 1422 1388 1423 1389 1424 1390 1424 1390 1423 1389 1425 1391 1424 1390 1425 1391 1426 1392 1426 1392 1425 1391 1427 1393 1426 1392 1427 1393 1428 1394 1428 1394 1427 1393 1429 1395 1428 1394 1429 1395 1430 1396 1361 1327 1419 1385 1362 1328 1362 1328 1419 1385 1349 1315 1362 1328 1349 1315 1348 1314 1431 1397 1432 1398 1433 1399 1433 1399 1432 1398 1434 1400 1366 1332 1365 1331 1435 1401 1435 1401 1365 1331 1436 1402 1435 1401 1436 1402 1434 1400 1434 1400 1436 1402 1437 1403 1434 1400 1437 1403 1433 1399 1433 1399 1437 1403 1438 1404 1433 1399 1438 1404 1431 1397 1348 1314 1350 1316 1362 1328 1362 1328 1350 1316 1359 1325 1362 1328 1359 1325 1360 1326 1360 1326 1359 1325 1439 1405 1420 1386 1438 1404 1421 1387 1421 1387 1438 1404 1437 1403 1421 1387 1437 1403 1423 1389 1423 1389 1437 1403 1436 1402 1423 1389 1436 1402 1425 1391 1425 1391 1436 1402 1365 1331 1425 1391 1365 1331 1427 1393 1427 1393 1365 1331 1364 1330 1427 1393 1364 1330 1429 1395 1440 1406 1441 1407 1442 1408 1373 1339 1443 1409 1371 1337 1371 1337 1443 1409 1444 1410 1371 1337 1444 1410 1445 1411 1445 1411 1444 1410 1446 1412 1445 1411 1446 1412 1447 1413 1447 1413 1446 1412 1448 1414 1447 1413 1448 1414 1449 1415 1448 1414 1450 1416 1449 1415 1449 1415 1450 1416 1451 1417 1449 1415 1451 1417 1439 1405 1439 1405 1451 1417 1452 1418 1439 1405 1452 1418 1360 1326 1360 1326 1452 1418 1453 1419 1360 1326 1453 1419 1361 1327 1361 1327 1453 1419 1440 1406 1361 1327 1440 1406 1418 1384 1418 1384 1440 1406 1442 1408 1418 1384 1442 1408 1419 1385 354 349 470 465 1333 1299 1333 1299 470 465 1417 1383 1333 1299 1417 1383 1336 1302 1336 1302 1417 1383 1416 1382 1336 1302 1416 1382 1337 1303 1337 1303 1416 1382 1415 1381 1337 1303 1415 1381 1338 1304 1338 1304 1415 1381 1414 1380 1338 1304 1414 1380 1334 1300 480 475 479 474 1413 1379 1413 1379 479 474 477 472 1413 1379 477 472 476 471 1358 1324 1334 1300 1404 1370 1404 1370 1334 1300 1414 1380 1404 1370 1414 1380 1405 1371 1405 1371 1414 1380 1411 1377 1405 1371 1411 1377 1406 1372 1406 1372 1411 1377 1412 1378 1406 1372 1412 1378 1407 1373 1407 1373 1412 1378 1413 1379 1407 1373 1413 1379 1367 1333 1367 1333 1413 1379 476 471 1367 1333 476 471 486 481 1432 1398 1352 1318 1434 1400 1434 1400 1352 1318 1354 1320 1434 1400 1354 1320 1435 1401 1435 1401 1354 1320 1355 1321 1435 1401 1355 1321 1366 1332 1366 1332 1355 1321 1397 1363 1366 1332 1397 1363 1364 1330 1364 1330 1397 1363 1398 1364 1364 1330 1398 1364 1429 1395 1429 1395 1398 1364 1400 1366 1429 1395 1400 1366 1430 1396 1430 1396 1400 1366 1402 1368 485 480 1396 1362 1367 1333 1367 1333 1396 1362 1394 1360 1367 1333 1394 1360 1407 1373 1407 1373 1394 1360 1392 1358 1407 1373 1392 1358 1403 1369 1403 1369 1392 1358 1390 1356 1403 1369 1390 1356 1402 1368 1402 1368 1390 1356 1388 1354 1402 1368 1388 1354 1430 1396 1430 1396 1388 1354 1386 1352 1430 1396 1386 1352 1428 1394 1428 1394 1386 1352 1385 1351 1428 1394 1385 1351 1426 1392 1426 1392 1385 1351 1371 1337 1426 1392 1371 1337 1424 1390 1424 1390 1371 1337 1445 1411 1424 1390 1445 1411 1422 1388 1422 1388 1445 1411 1447 1413 1422 1388 1447 1413 1420 1386 1420 1386 1447 1413 1449 1415 1420 1386 1449 1415 1438 1404 1438 1404 1449 1415 1439 1405 1438 1404 1439 1405 1431 1397 1431 1397 1439 1405 1359 1325 1431 1397 1359 1325 1432 1398 1432 1398 1359 1325 1351 1317 1432 1398 1351 1317 1352 1318 705 700 1441 1407 1440 1406 705 700 1440 1406 704 699 704 699 1440 1406 1453 1419 704 699 1453 1419 702 697 702 697 1453 1419 1452 1418 702 697 1452 1418 700 695 700 695 1452 1418 1451 1417 700 695 1451 1417 1450 1416 1450 1416 1448 1414 700 695 700 695 1448 1414 1446 1412 700 695 1446 1412 698 693 1446 1412 1444 1410 698 693 698 693 1444 1410 1443 1409 698 693 1443 1409 696 691 696 691 1443 1409 1373 1339 696 691 1373 1339 694 689 694 689 1373 1339 1370 1336 694 689 1370 1336 1369 1335 1369 1335 1374 1340 694 689 694 689 1374 1340 1376 1342 694 689 1376 1342 692 687 1376 1342 1378 1344 692 687 692 687 1378 1344 1380 1346 692 687 1380 1346 690 685 481 476 505 500 1384 1350 1384 1350 505 500 690 685 1384 1350 690 685 1382 1348 1382 1348 690 685 1380 1346 516 511 1454 1420 1455 1421 1456 1422 1457 1423 1458 1424 1458 1424 1457 1423 1459 1425 1459 1425 1457 1423 1460 1426 1459 1425 1460 1426 1461 1427 1462 1428 1463 1429 1464 1430 1464 1430 1463 1429 1465 1431 1464 1430 1465 1431 1466 1432 1466 1432 1465 1431 1467 1433 1466 1432 1467 1433 1468 1434 1468 1434 1467 1433 1469 1435 1468 1434 1469 1435 1460 1426 1460 1426 1469 1435 1470 1436 1460 1426 1470 1436 1461 1427 1462 1428 1464 1430 1471 1437 1471 1437 1464 1430 1472 1438 1471 1437 1472 1438 1473 1439 1473 1439 1472 1438 1474 1440 1473 1439 1474 1440 1475 1441 1475 1441 1474 1440 1476 1442 1475 1441 1476 1442 1477 1443 1478 1444 1479 1445 1480 1446 1480 1446 1479 1445 1481 1447 1480 1446 1481 1447 1482 1448 1482 1448 1481 1447 1483 1449 1482 1448 1483 1449 1476 1442 1476 1442 1483 1449 1484 1450 1476 1442 1484 1450 1477 1443 1485 1451 1486 1452 1478 1444 1478 1444 1486 1452 1487 1453 1478 1444 1487 1453 1479 1445 1478 1444 1488 1454 1485 1451 1485 1451 1488 1454 1489 1455 1485 1451 1489 1455 1490 1456 1490 1456 1489 1455 1491 1457 1490 1456 1491 1457 1492 1458 1492 1458 1491 1457 1493 1459 1493 1459 1491 1457 1494 1460 1493 1459 1494 1460 1495 1461 1495 1461 1494 1460 1496 1462 1495 1461 1496 1462 1497 1463 1498 1464 1499 1465 1500 1466 1500 1466 1499 1465 1501 1467 1500 1466 1501 1467 1502 1468 1502 1468 1501 1467 1503 1469 1502 1468 1503 1469 1504 1470 1504 1470 1503 1469 1505 1471 1504 1470 1505 1471 1496 1462 1496 1462 1505 1471 1506 1472 1496 1462 1506 1472 1497 1463 1498 1464 1500 1466 1507 1473 1507 1473 1500 1466 1508 1474 1507 1473 1508 1474 1509 1475 1509 1475 1508 1474 1510 1476 1509 1475 1510 1476 1511 1477 1511 1477 1510 1476 1512 1478 1511 1477 1512 1478 1513 1479 1514 1480 1515 1481 1516 1482 1516 1482 1515 1481 1517 1483 1516 1482 1517 1483 1518 1484 1518 1484 1517 1483 1519 1485 1518 1484 1519 1485 1512 1478 1512 1478 1519 1485 1520 1486 1512 1478 1520 1486 1513 1479 1521 1487 1522 1488 1514 1480 1514 1480 1522 1488 1523 1489 1514 1480 1523 1489 1515 1481 1514 1480 1524 1490 1521 1487 1521 1487 1524 1490 1525 1491 1521 1487 1525 1491 1526 1492 1526 1492 1525 1491 1527 1493 1526 1492 1527 1493 1528 1494 1528 1494 1527 1493 1529 1495 1529 1495 1527 1493 1530 1496 1529 1495 1530 1496 1531 1497 1531 1497 1530 1496 1532 1498 1531 1497 1532 1498 1533 1499 1534 1500 1535 1501 1536 1502 1536 1502 1535 1501 1537 1503 1536 1502 1537 1503 1538 1504 1538 1504 1537 1503 1539 1505 1538 1504 1539 1505 1540 1506 1540 1506 1539 1505 1541 1507 1540 1506 1541 1507 1532 1498 1532 1498 1541 1507 1542 1508 1532 1498 1542 1508 1533 1499 1534 1500 1536 1502 1543 1509 1543 1509 1536 1502 1544 1510 1543 1509 1544 1510 1545 1511 1545 1511 1544 1510 1546 1512 1545 1511 1546 1512 1547 1513 1547 1513 1546 1512 1548 1514 1547 1513 1548 1514 1549 1515 1550 1516 1551 1517 1552 1518 1552 1518 1551 1517 1553 1519 1552 1518 1553 1519 1554 1520 1554 1520 1553 1519 1555 1521 1554 1520 1555 1521 1548 1514 1548 1514 1555 1521 1556 1522 1548 1514 1556 1522 1549 1515 1557 1523 1558 1524 1550 1516 1550 1516 1558 1524 1559 1525 1550 1516 1559 1525 1551 1517 1550 1516 1560 1526 1557 1523 1557 1523 1560 1526 1561 1527 1557 1523 1561 1527 1562 1528 1562 1528 1561 1527 1563 1529 1562 1528 1563 1529 1564 1530 1564 1530 1563 1529 1565 1531 1565 1531 1563 1529 1566 1532 1565 1531 1566 1532 1567 1533 1567 1533 1566 1532 1568 1534 1567 1533 1568 1534 1569 1535 1570 1536 1571 1537 1572 1538 1572 1538 1571 1537 1573 1539 1572 1538 1573 1539 1574 1540 1574 1540 1573 1539 1575 1541 1574 1540 1575 1541 1576 1542 1576 1542 1575 1541 1577 1543 1576 1542 1577 1543 1568 1534 1568 1534 1577 1543 1578 1544 1568 1534 1578 1544 1569 1535 1570 1536 1572 1538 1579 1545 1579 1545 1572 1538 1580 1546 1579 1545 1580 1546 1581 1547 1581 1547 1580 1546 1582 1548 1581 1547 1582 1548 1583 1549 1583 1549 1582 1548 1584 1550 1583 1549 1584 1550 1585 1551 1586 1552 1587 1553 1588 1554 1588 1554 1587 1553 1589 1555 1588 1554 1589 1555 1590 1556 1590 1556 1589 1555 1591 1557 1590 1556 1591 1557 1584 1550 1584 1550 1591 1557 1592 1558 1584 1550 1592 1558 1585 1551 1593 1559 1594 1560 1586 1552 1586 1552 1594 1560 1595 1561 1586 1552 1595 1561 1587 1553 1586 1552 1596 1562 1593 1559 1593 1559 1596 1562 1597 1563 1593 1559 1597 1563 1598 1564 1598 1564 1597 1563 1456 1422 1598 1564 1456 1422 1599 1565 1599 1565 1456 1422 1458 1424 1600 1566 588 583 772 767 1600 1566 772 767 1601 1567 588 583 1600 1566 589 584 589 584 1600 1566 1602 1568 589 584 1602 1568 585 580 797 792 583 578 1603 1569 1603 1569 583 578 582 577 1603 1569 582 577 1602 1568 1602 1568 582 577 586 581 1602 1568 586 581 585 580 1604 1570 867 862 1605 1571 1605 1571 867 862 865 860 1605 1571 865 860 1606 1572 1606 1572 865 860 864 859 1606 1572 864 859 1607 1573 1607 1573 864 859 875 870 1607 1573 875 870 1608 1574 1608 1574 875 870 868 863 1608 1574 868 863 1609 1575 1609 1575 868 863 870 865 1609 1575 870 865 1610 1576 1610 1576 870 865 872 867 1610 1576 872 867 1611 1577 1611 1577 872 867 883 878 1611 1577 883 878 1612 1578 1612 1578 883 878 881 876 1612 1578 881 876 1613 1579 1613 1579 881 876 879 874 1613 1579 879 874 1614 1580 1614 1580 879 874 878 873 1614 1580 878 873 1615 1581 1615 1581 878 873 863 858 1615 1581 863 858 1616 1582 1616 1582 863 858 852 847 1616 1582 852 847 1617 1583 1617 1583 852 847 851 846 1617 1583 851 846 1618 1584 1618 1584 851 846 673 668 1618 1584 673 668 1619 1585 1619 1585 673 668 672 667 1619 1585 672 667 1620 1586 1620 1586 672 667 839 834 1620 1586 839 834 1621 1587 1621 1587 839 834 822 817 1621 1587 822 817 1622 1588 1622 1588 822 817 656 651 1622 1588 656 651 1623 1589 1623 1589 656 651 655 650 1623 1589 655 650 1624 1590 1624 1590 655 650 819 814 1624 1590 819 814 1625 1591 1625 1591 819 814 639 634 1625 1591 639 634 1626 1592 1626 1592 639 634 638 633 1626 1592 638 633 1627 1593 1627 1593 638 633 807 802 1627 1593 807 802 1628 1594 1628 1594 807 802 797 792 1628 1594 797 792 1629 1595 1629 1595 797 792 1603 1569 516 511 519 514 1454 1420 1454 1420 519 514 527 522 1454 1420 527 522 1604 1570 1604 1570 527 522 188 198 1604 1570 188 198 867 862 772 767 771 766 1601 1567 1601 1567 771 766 756 751 1601 1567 756 751 1630 1596 1630 1596 756 751 755 750 1630 1596 755 750 1631 1597 1631 1597 755 750 609 604 1631 1597 609 604 1632 1598 1632 1598 609 604 608 603 1632 1598 608 603 1633 1599 1633 1599 608 603 743 738 1633 1599 743 738 1634 1600 1634 1600 743 738 733 728 1634 1600 733 728 1635 1601 1635 1601 733 728 592 587 1635 1601 592 587 1636 1602 1636 1602 592 587 591 586 1636 1602 591 586 1637 1603 1637 1603 591 586 723 718 1637 1603 723 718 1638 1604 1638 1604 723 718 706 701 1638 1604 706 701 1639 1605 1639 1605 706 701 689 684 1639 1605 689 684 1640 1606 1640 1606 689 684 505 500 1640 1606 505 500 1641 1607 1641 1607 505 500 506 501 1641 1607 506 501 1642 1608 1642 1608 506 501 507 502 1642 1608 507 502 1643 1609 1643 1609 507 502 515 510 1643 1609 515 510 1644 1610 1644 1610 515 510 514 509 1644 1610 514 509 1645 1611 1645 1611 514 509 512 507 1645 1611 512 507 1646 1612 1646 1612 512 507 509 504 1646 1612 509 504 1647 1613 1647 1613 509 504 508 503 1647 1613 508 503 1648 1614 1648 1614 508 503 513 508 1648 1614 513 508 1649 1615 1649 1615 513 508 510 505 1649 1615 510 505 1650 1616 1650 1616 510 505 511 506 1650 1616 511 506 1651 1617 1651 1617 511 506 503 498 1651 1617 503 498 1652 1618 1652 1618 503 498 504 499 1652 1618 504 499 1653 1619 1653 1619 504 499 186 196 1653 1619 186 196 1455 1421 1455 1421 186 196 517 512 1455 1421 517 512 516 511 1489 1455 1654 1620 1491 1457 1491 1457 1654 1620 1655 1621 1491 1457 1655 1621 1494 1460 1494 1460 1655 1621 1656 1622 1494 1460 1656 1622 1496 1462 1496 1462 1656 1622 1657 1623 1496 1462 1657 1623 1504 1470 1504 1470 1657 1623 1658 1624 1504 1470 1658 1624 1502 1468 1502 1468 1658 1624 1659 1625 1502 1468 1659 1625 1500 1466 1500 1466 1659 1625 1660 1626 1500 1466 1660 1626 1508 1474 1508 1474 1660 1626 1661 1627 1508 1474 1661 1627 1510 1476 1510 1476 1661 1627 1662 1628 1510 1476 1662 1628 1512 1478 1512 1478 1662 1628 1663 1629 1512 1478 1663 1629 1518 1484 1518 1484 1663 1629 1664 1630 1518 1484 1664 1630 1516 1482 1516 1482 1664 1630 1665 1631 1516 1482 1665 1631 1514 1480 1514 1480 1665 1631 1666 1632 1514 1480 1666 1632 1524 1490 1524 1490 1666 1632 1667 1633 1524 1490 1667 1633 1525 1491 1525 1491 1667 1633 1668 1634 1525 1491 1668 1634 1527 1493 1527 1493 1668 1634 1669 1635 1527 1493 1669 1635 1530 1496 1530 1496 1669 1635 1670 1636 1530 1496 1670 1636 1532 1498 1532 1498 1670 1636 1671 1637 1532 1498 1671 1637 1540 1506 1540 1506 1671 1637 1672 1638 1540 1506 1672 1638 1538 1504 1538 1504 1672 1638 1673 1639 1538 1504 1673 1639 1536 1502 1536 1502 1673 1639 1674 1640 1536 1502 1674 1640 1544 1510 1544 1510 1674 1640 1675 1641 1544 1510 1675 1641 1546 1512 1546 1512 1675 1641 1676 1642 1546 1512 1676 1642 1548 1514 1548 1514 1676 1642 1677 1643 1548 1514 1677 1643 1554 1520 1554 1520 1677 1643 1678 1644 1554 1520 1678 1644 1552 1518 1552 1518 1678 1644 1679 1645 1552 1518 1679 1645 1550 1516 1550 1516 1679 1645 1680 1646 1550 1516 1680 1646 1560 1526 1560 1526 1680 1646 1681 1647 1560 1526 1681 1647 1561 1527 1561 1527 1681 1647 1682 1648 1561 1527 1682 1648 1563 1529 1563 1529 1682 1648 1683 1649 1563 1529 1683 1649 1566 1532 1566 1532 1683 1649 1684 1650 1566 1532 1684 1650 1568 1534 1568 1534 1684 1650 1685 1651 1568 1534 1685 1651 1576 1542 1576 1542 1685 1651 1686 1652 1576 1542 1686 1652 1574 1540 1574 1540 1686 1652 1687 1653 1574 1540 1687 1653 1572 1538 1572 1538 1687 1653 1688 1654 1572 1538 1688 1654 1580 1546 1580 1546 1688 1654 1689 1655 1580 1546 1689 1655 1582 1548 1582 1548 1689 1655 1690 1656 1582 1548 1690 1656 1584 1550 1584 1550 1690 1656 1691 1657 1584 1550 1691 1657 1590 1556 1590 1556 1691 1657 1692 1658 1590 1556 1692 1658 1588 1554 1588 1554 1692 1658 1693 1659 1588 1554 1693 1659 1586 1552 1586 1552 1693 1659 1694 1660 1586 1552 1694 1660 1596 1562 1596 1562 1694 1660 1695 1661 1596 1562 1695 1661 1597 1563 1597 1563 1695 1661 1696 1662 1597 1563 1696 1662 1456 1422 1456 1422 1696 1662 1697 1663 1456 1422 1697 1663 1457 1423 1457 1423 1697 1663 1698 1664 1457 1423 1698 1664 1460 1426 1460 1426 1698 1664 1699 1665 1460 1426 1699 1665 1468 1434 1468 1434 1699 1665 1700 1666 1468 1434 1700 1666 1466 1432 1466 1432 1700 1666 1701 1667 1466 1432 1701 1667 1464 1430 1464 1430 1701 1667 1702 1668 1464 1430 1702 1668 1472 1438 1472 1438 1702 1668 1703 1669 1472 1438 1703 1669 1474 1440 1474 1440 1703 1669 1704 1670 1474 1440 1704 1670 1476 1442 1476 1442 1704 1670 1705 1671 1476 1442 1705 1671 1482 1448 1482 1448 1705 1671 1706 1672 1482 1448 1706 1672 1480 1446 1480 1446 1706 1672 1707 1673 1480 1446 1707 1673 1478 1444 1478 1444 1707 1673 1708 1674 1478 1444 1708 1674 1488 1454 1488 1454 1708 1674 1709 1675 1488 1454 1709 1675 1489 1455 1489 1455 1709 1675 1654 1620 1709 1675 1710 1676 1654 1620 1654 1620 1710 1676 1711 1677 1654 1620 1711 1677 1655 1621 1655 1621 1711 1677 1712 1678 1655 1621 1712 1678 1656 1622 1656 1622 1712 1678 1713 1679 1656 1622 1713 1679 1657 1623 1657 1623 1713 1679 1714 1680 1657 1623 1714 1680 1658 1624 1658 1624 1714 1680 1715 1681 1658 1624 1715 1681 1659 1625 1659 1625 1715 1681 1716 1682 1659 1625 1716 1682 1660 1626 1660 1626 1716 1682 1717 1683 1660 1626 1717 1683 1661 1627 1661 1627 1717 1683 1718 1684 1661 1627 1718 1684 1662 1628 1662 1628 1718 1684 1719 1685 1662 1628 1719 1685 1663 1629 1663 1629 1719 1685 1720 1686 1663 1629 1720 1686 1664 1630 1664 1630 1720 1686 1721 1687 1664 1630 1721 1687 1665 1631 1665 1631 1721 1687 1722 1688 1665 1631 1722 1688 1666 1632 1666 1632 1722 1688 1723 1689 1666 1632 1723 1689 1667 1633 1667 1633 1723 1689 1724 1690 1667 1633 1724 1690 1668 1634 1668 1634 1724 1690 1725 1691 1668 1634 1725 1691 1669 1635 1669 1635 1725 1691 1726 1692 1669 1635 1726 1692 1670 1636 1670 1636 1726 1692 1727 1693 1670 1636 1727 1693 1671 1637 1671 1637 1727 1693 1728 1694 1671 1637 1728 1694 1672 1638 1672 1638 1728 1694 1729 1695 1672 1638 1729 1695 1673 1639 1673 1639 1729 1695 1730 1696 1673 1639 1730 1696 1674 1640 1674 1640 1730 1696 1731 1697 1674 1640 1731 1697 1675 1641 1675 1641 1731 1697 1732 1698 1675 1641 1732 1698 1676 1642 1676 1642 1732 1698 1733 1699 1676 1642 1733 1699 1677 1643 1677 1643 1733 1699 1734 1700 1677 1643 1734 1700 1678 1644 1678 1644 1734 1700 1735 1701 1678 1644 1735 1701 1679 1645 1679 1645 1735 1701 1736 1702 1679 1645 1736 1702 1680 1646 1680 1646 1736 1702 1737 1703 1680 1646 1737 1703 1681 1647 1681 1647 1737 1703 1738 1704 1681 1647 1738 1704 1682 1648 1682 1648 1738 1704 1739 1705 1682 1648 1739 1705 1683 1649 1683 1649 1739 1705 1740 1706 1683 1649 1740 1706 1684 1650 1684 1650 1740 1706 1741 1707 1684 1650 1741 1707 1685 1651 1685 1651 1741 1707 1742 1708 1685 1651 1742 1708 1686 1652 1686 1652 1742 1708 1743 1709 1686 1652 1743 1709 1687 1653 1687 1653 1743 1709 1744 1710 1687 1653 1744 1710 1688 1654 1688 1654 1744 1710 1745 1711 1688 1654 1745 1711 1689 1655 1689 1655 1745 1711 1746 1712 1689 1655 1746 1712 1690 1656 1690 1656 1746 1712 1747 1713 1690 1656 1747 1713 1691 1657 1691 1657 1747 1713 1748 1714 1691 1657 1748 1714 1692 1658 1692 1658 1748 1714 1749 1715 1692 1658 1749 1715 1693 1659 1693 1659 1749 1715 1750 1716 1693 1659 1750 1716 1694 1660 1694 1660 1750 1716 1751 1717 1694 1660 1751 1717 1695 1661 1695 1661 1751 1717 1752 1718 1695 1661 1752 1718 1696 1662 1696 1662 1752 1718 1753 1719 1696 1662 1753 1719 1697 1663 1697 1663 1753 1719 1754 1720 1697 1663 1754 1720 1698 1664 1698 1664 1754 1720 1755 1721 1698 1664 1755 1721 1699 1665 1699 1665 1755 1721 1756 1722 1699 1665 1756 1722 1700 1666 1700 1666 1756 1722 1757 1723 1700 1666 1757 1723 1701 1667 1701 1667 1757 1723 1758 1724 1701 1667 1758 1724 1702 1668 1702 1668 1758 1724 1759 1725 1702 1668 1759 1725 1703 1669 1703 1669 1759 1725 1760 1726 1703 1669 1760 1726 1704 1670 1704 1670 1760 1726 1761 1727 1704 1670 1761 1727 1705 1671 1705 1671 1761 1727 1762 1728 1705 1671 1762 1728 1706 1672 1706 1672 1762 1728 1763 1729 1706 1672 1763 1729 1707 1673 1707 1673 1763 1729 1764 1730 1707 1673 1764 1730 1708 1674 1708 1674 1764 1730 1765 1731 1708 1674 1765 1731 1709 1675 1709 1675 1765 1731 1710 1676 1765 1731 1766 1732 1710 1676 1710 1676 1766 1732 1767 1733 1710 1676 1767 1733 1711 1677 1711 1677 1767 1733 1768 1734 1711 1677 1768 1734 1712 1678 1712 1678 1768 1734 1769 1735 1712 1678 1769 1735 1713 1679 1713 1679 1769 1735 1770 1736 1713 1679 1770 1736 1714 1680 1714 1680 1770 1736 1771 1737 1714 1680 1771 1737 1715 1681 1715 1681 1771 1737 1772 1738 1715 1681 1772 1738 1716 1682 1716 1682 1772 1738 1773 1739 1716 1682 1773 1739 1717 1683 1717 1683 1773 1739 1774 1740 1717 1683 1774 1740 1718 1684 1718 1684 1774 1740 1775 1741 1718 1684 1775 1741 1719 1685 1719 1685 1775 1741 1776 1742 1719 1685 1776 1742 1720 1686 1720 1686 1776 1742 1777 1743 1720 1686 1777 1743 1721 1687 1721 1687 1777 1743 1778 1744 1721 1687 1778 1744 1722 1688 1722 1688 1778 1744 1779 1745 1722 1688 1779 1745 1723 1689 1723 1689 1779 1745 1780 1746 1723 1689 1780 1746 1724 1690 1724 1690 1780 1746 1781 1747 1724 1690 1781 1747 1725 1691 1725 1691 1781 1747 1782 1748 1725 1691 1782 1748 1726 1692 1726 1692 1782 1748 1783 1749 1726 1692 1783 1749 1727 1693 1727 1693 1783 1749 1784 1750 1727 1693 1784 1750 1728 1694 1728 1694 1784 1750 1785 1751 1728 1694 1785 1751 1729 1695 1729 1695 1785 1751 1786 1752 1729 1695 1786 1752 1730 1696 1730 1696 1786 1752 1787 1753 1730 1696 1787 1753 1731 1697 1731 1697 1787 1753 1788 1754 1731 1697 1788 1754 1732 1698 1732 1698 1788 1754 1789 1755 1732 1698 1789 1755 1733 1699 1733 1699 1789 1755 1790 1756 1733 1699 1790 1756 1734 1700 1734 1700 1790 1756 1791 1757 1734 1700 1791 1757 1735 1701 1735 1701 1791 1757 1792 1758 1735 1701 1792 1758 1736 1702 1736 1702 1792 1758 1793 1759 1736 1702 1793 1759 1737 1703 1737 1703 1793 1759 1794 1760 1737 1703 1794 1760 1738 1704 1738 1704 1794 1760 1795 1761 1738 1704 1795 1761 1739 1705 1739 1705 1795 1761 1796 1762 1739 1705 1796 1762 1740 1706 1740 1706 1796 1762 1797 1763 1740 1706 1797 1763 1741 1707 1741 1707 1797 1763 1798 1764 1741 1707 1798 1764 1742 1708 1742 1708 1798 1764 1799 1765 1742 1708 1799 1765 1743 1709 1743 1709 1799 1765 1800 1766 1743 1709 1800 1766 1744 1710 1744 1710 1800 1766 1801 1767 1744 1710 1801 1767 1745 1711 1745 1711 1801 1767 1802 1768 1745 1711 1802 1768 1746 1712 1746 1712 1802 1768 1803 1769 1746 1712 1803 1769 1747 1713 1747 1713 1803 1769 1804 1770 1747 1713 1804 1770 1748 1714 1748 1714 1804 1770 1805 1771 1748 1714 1805 1771 1749 1715 1749 1715 1805 1771 1806 1772 1749 1715 1806 1772 1750 1716 1750 1716 1806 1772 1807 1773 1750 1716 1807 1773 1751 1717 1751 1717 1807 1773 1808 1774 1751 1717 1808 1774 1752 1718 1752 1718 1808 1774 1809 1775 1752 1718 1809 1775 1753 1719 1753 1719 1809 1775 1810 1776 1753 1719 1810 1776 1754 1720 1754 1720 1810 1776 1811 1777 1754 1720 1811 1777 1755 1721 1755 1721 1811 1777 1812 1778 1755 1721 1812 1778 1756 1722 1756 1722 1812 1778 1813 1779 1756 1722 1813 1779 1757 1723 1757 1723 1813 1779 1814 1780 1757 1723 1814 1780 1758 1724 1758 1724 1814 1780 1815 1781 1758 1724 1815 1781 1759 1725 1759 1725 1815 1781 1816 1782 1759 1725 1816 1782 1760 1726 1760 1726 1816 1782 1817 1783 1760 1726 1817 1783 1761 1727 1761 1727 1817 1783 1818 1784 1761 1727 1818 1784 1762 1728 1762 1728 1818 1784 1819 1785 1762 1728 1819 1785 1763 1729 1763 1729 1819 1785 1820 1786 1763 1729 1820 1786 1764 1730 1764 1730 1820 1786 1821 1787 1764 1730 1821 1787 1765 1731 1765 1731 1821 1787 1766 1732 1821 1787 1822 1788 1766 1732 1766 1732 1822 1788 1823 1789 1766 1732 1823 1789 1767 1733 1767 1733 1823 1789 1824 1790 1767 1733 1824 1790 1768 1734 1768 1734 1824 1790 1825 1791 1768 1734 1825 1791 1769 1735 1769 1735 1825 1791 1826 1792 1769 1735 1826 1792 1770 1736 1770 1736 1826 1792 1827 1793 1770 1736 1827 1793 1771 1737 1771 1737 1827 1793 1828 1794 1771 1737 1828 1794 1772 1738 1772 1738 1828 1794 1829 1795 1772 1738 1829 1795 1773 1739 1773 1739 1829 1795 1830 1796 1773 1739 1830 1796 1774 1740 1774 1740 1830 1796 1831 1797 1774 1740 1831 1797 1775 1741 1775 1741 1831 1797 1832 1798 1775 1741 1832 1798 1776 1742 1776 1742 1832 1798 1833 1799 1776 1742 1833 1799 1777 1743 1777 1743 1833 1799 1834 1800 1777 1743 1834 1800 1778 1744 1778 1744 1834 1800 1835 1801 1778 1744 1835 1801 1779 1745 1779 1745 1835 1801 1836 1802 1779 1745 1836 1802 1780 1746 1780 1746 1836 1802 1837 1803 1780 1746 1837 1803 1781 1747 1781 1747 1837 1803 1838 1804 1781 1747 1838 1804 1782 1748 1782 1748 1838 1804 1839 1805 1782 1748 1839 1805 1783 1749 1783 1749 1839 1805 1840 1806 1783 1749 1840 1806 1784 1750 1784 1750 1840 1806 1841 1807 1784 1750 1841 1807 1785 1751 1785 1751 1841 1807 1842 1808 1785 1751 1842 1808 1786 1752 1786 1752 1842 1808 1843 1809 1786 1752 1843 1809 1787 1753 1787 1753 1843 1809 1844 1810 1787 1753 1844 1810 1788 1754 1788 1754 1844 1810 1845 1811 1788 1754 1845 1811 1789 1755 1789 1755 1845 1811 1846 1812 1789 1755 1846 1812 1790 1756 1790 1756 1846 1812 1847 1813 1790 1756 1847 1813 1791 1757 1791 1757 1847 1813 1848 1814 1791 1757 1848 1814 1792 1758 1792 1758 1848 1814 1849 1815 1792 1758 1849 1815 1793 1759 1793 1759 1849 1815 1850 1816 1793 1759 1850 1816 1794 1760 1794 1760 1850 1816 1851 1817 1794 1760 1851 1817 1795 1761 1795 1761 1851 1817 1852 1818 1795 1761 1852 1818 1796 1762 1796 1762 1852 1818 1853 1819 1796 1762 1853 1819 1797 1763 1797 1763 1853 1819 1854 1820 1797 1763 1854 1820 1798 1764 1798 1764 1854 1820 1855 1821 1798 1764 1855 1821 1799 1765 1799 1765 1855 1821 1856 1822 1799 1765 1856 1822 1800 1766 1800 1766 1856 1822 1857 1823 1800 1766 1857 1823 1801 1767 1801 1767 1857 1823 1858 1824 1801 1767 1858 1824 1802 1768 1802 1768 1858 1824 1859 1825 1802 1768 1859 1825 1803 1769 1803 1769 1859 1825 1860 1826 1803 1769 1860 1826 1804 1770 1804 1770 1860 1826 1861 1827 1804 1770 1861 1827 1805 1771 1805 1771 1861 1827 1862 1828 1805 1771 1862 1828 1806 1772 1806 1772 1862 1828 1863 1829 1806 1772 1863 1829 1807 1773 1807 1773 1863 1829 1864 1830 1807 1773 1864 1830 1808 1774 1808 1774 1864 1830 1865 1831 1808 1774 1865 1831 1809 1775 1809 1775 1865 1831 1866 1832 1809 1775 1866 1832 1810 1776 1810 1776 1866 1832 1867 1833 1810 1776 1867 1833 1811 1777 1811 1777 1867 1833 1868 1834 1811 1777 1868 1834 1812 1778 1812 1778 1868 1834 1869 1835 1812 1778 1869 1835 1813 1779 1813 1779 1869 1835 1870 1836 1813 1779 1870 1836 1814 1780 1814 1780 1870 1836 1871 1837 1814 1780 1871 1837 1815 1781 1815 1781 1871 1837 1872 1838 1815 1781 1872 1838 1816 1782 1816 1782 1872 1838 1873 1839 1816 1782 1873 1839 1817 1783 1817 1783 1873 1839 1874 1840 1817 1783 1874 1840 1818 1784 1818 1784 1874 1840 1875 1841 1818 1784 1875 1841 1819 1785 1819 1785 1875 1841 1876 1842 1819 1785 1876 1842 1820 1786 1820 1786 1876 1842 1877 1843 1820 1786 1877 1843 1821 1787 1821 1787 1877 1843 1822 1788 1877 1843 1878 1844 1822 1788 1822 1788 1878 1844 1879 1845 1822 1788 1879 1845 1823 1789 1823 1789 1879 1845 1880 1846 1823 1789 1880 1846 1824 1790 1824 1790 1880 1846 1881 1847 1824 1790 1881 1847 1825 1791 1825 1791 1881 1847 1882 1848 1825 1791 1882 1848 1826 1792 1826 1792 1882 1848 1883 1849 1826 1792 1883 1849 1827 1793 1827 1793 1883 1849 1884 1850 1827 1793 1884 1850 1828 1794 1828 1794 1884 1850 1885 1851 1828 1794 1885 1851 1829 1795 1829 1795 1885 1851 1886 1852 1829 1795 1886 1852 1830 1796 1830 1796 1886 1852 1887 1853 1830 1796 1887 1853 1831 1797 1831 1797 1887 1853 1888 1854 1831 1797 1888 1854 1832 1798 1832 1798 1888 1854 1889 1855 1832 1798 1889 1855 1833 1799 1833 1799 1889 1855 1890 1856 1833 1799 1890 1856 1834 1800 1834 1800 1890 1856 1891 1857 1834 1800 1891 1857 1835 1801 1835 1801 1891 1857 1892 1858 1835 1801 1892 1858 1836 1802 1836 1802 1892 1858 1893 1859 1836 1802 1893 1859 1837 1803 1837 1803 1893 1859 1894 1860 1837 1803 1894 1860 1838 1804 1838 1804 1894 1860 1895 1861 1838 1804 1895 1861 1839 1805 1839 1805 1895 1861 1896 1862 1839 1805 1896 1862 1840 1806 1840 1806 1896 1862 1897 1863 1840 1806 1897 1863 1841 1807 1841 1807 1897 1863 1898 1864 1841 1807 1898 1864 1842 1808 1842 1808 1898 1864 1899 1865 1842 1808 1899 1865 1843 1809 1843 1809 1899 1865 1900 1866 1843 1809 1900 1866 1844 1810 1844 1810 1900 1866 1901 1867 1844 1810 1901 1867 1845 1811 1845 1811 1901 1867 1902 1868 1845 1811 1902 1868 1846 1812 1846 1812 1902 1868 1903 1869 1846 1812 1903 1869 1847 1813 1847 1813 1903 1869 1904 1870 1847 1813 1904 1870 1848 1814 1848 1814 1904 1870 1905 1871 1848 1814 1905 1871 1849 1815 1849 1815 1905 1871 1906 1872 1849 1815 1906 1872 1850 1816 1850 1816 1906 1872 1907 1873 1850 1816 1907 1873 1851 1817 1851 1817 1907 1873 1908 1874 1851 1817 1908 1874 1852 1818 1852 1818 1908 1874 1909 1875 1852 1818 1909 1875 1853 1819 1853 1819 1909 1875 1910 1876 1853 1819 1910 1876 1854 1820 1854 1820 1910 1876 1911 1877 1854 1820 1911 1877 1855 1821 1855 1821 1911 1877 1912 1878 1855 1821 1912 1878 1856 1822 1856 1822 1912 1878 1913 1879 1856 1822 1913 1879 1857 1823 1857 1823 1913 1879 1914 1880 1857 1823 1914 1880 1858 1824 1858 1824 1914 1880 1915 1881 1858 1824 1915 1881 1859 1825 1859 1825 1915 1881 1916 1882 1859 1825 1916 1882 1860 1826 1860 1826 1916 1882 1917 1883 1860 1826 1917 1883 1861 1827 1861 1827 1917 1883 1918 1884 1861 1827 1918 1884 1862 1828 1862 1828 1918 1884 1919 1885 1862 1828 1919 1885 1863 1829 1863 1829 1919 1885 1920 1886 1863 1829 1920 1886 1864 1830 1864 1830 1920 1886 1921 1887 1864 1830 1921 1887 1865 1831 1865 1831 1921 1887 1922 1888 1865 1831 1922 1888 1866 1832 1866 1832 1922 1888 1923 1889 1866 1832 1923 1889 1867 1833 1867 1833 1923 1889 1924 1890 1867 1833 1924 1890 1868 1834 1868 1834 1924 1890 1925 1891 1868 1834 1925 1891 1869 1835 1869 1835 1925 1891 1926 1892 1869 1835 1926 1892 1870 1836 1870 1836 1926 1892 1927 1893 1870 1836 1927 1893 1871 1837 1871 1837 1927 1893 1928 1894 1871 1837 1928 1894 1872 1838 1872 1838 1928 1894 1929 1895 1872 1838 1929 1895 1873 1839 1873 1839 1929 1895 1930 1896 1873 1839 1930 1896 1874 1840 1874 1840 1930 1896 1931 1897 1874 1840 1931 1897 1875 1841 1875 1841 1931 1897 1932 1898 1875 1841 1932 1898 1876 1842 1876 1842 1932 1898 1933 1899 1876 1842 1933 1899 1877 1843 1877 1843 1933 1899 1878 1844 1933 1899 1934 1900 1878 1844 1878 1844 1934 1900 1935 1901 1878 1844 1935 1901 1879 1845 1879 1845 1935 1901 1936 1902 1879 1845 1936 1902 1880 1846 1880 1846 1936 1902 1937 1903 1880 1846 1937 1903 1881 1847 1881 1847 1937 1903 1938 1904 1881 1847 1938 1904 1882 1848 1882 1848 1938 1904 1939 1905 1882 1848 1939 1905 1883 1849 1883 1849 1939 1905 1940 1906 1883 1849 1940 1906 1884 1850 1884 1850 1940 1906 1941 1907 1884 1850 1941 1907 1885 1851 1885 1851 1941 1907 1942 1908 1885 1851 1942 1908 1886 1852 1886 1852 1942 1908 1943 1909 1886 1852 1943 1909 1887 1853 1887 1853 1943 1909 1944 1910 1887 1853 1944 1910 1888 1854 1888 1854 1944 1910 1945 1911 1888 1854 1945 1911 1889 1855 1889 1855 1945 1911 1946 1912 1889 1855 1946 1912 1890 1856 1890 1856 1946 1912 1947 1913 1890 1856 1947 1913 1891 1857 1891 1857 1947 1913 1948 1914 1891 1857 1948 1914 1892 1858 1892 1858 1948 1914 1949 1915 1892 1858 1949 1915 1893 1859 1893 1859 1949 1915 1950 1916 1893 1859 1950 1916 1894 1860 1894 1860 1950 1916 1951 1917 1894 1860 1951 1917 1895 1861 1895 1861 1951 1917 1952 1918 1895 1861 1952 1918 1896 1862 1896 1862 1952 1918 1953 1919 1896 1862 1953 1919 1897 1863 1897 1863 1953 1919 1954 1920 1897 1863 1954 1920 1898 1864 1898 1864 1954 1920 1955 1921 1898 1864 1955 1921 1899 1865 1899 1865 1955 1921 1956 1922 1899 1865 1956 1922 1900 1866 1900 1866 1956 1922 1957 1923 1900 1866 1957 1923 1901 1867 1901 1867 1957 1923 1958 1924 1901 1867 1958 1924 1902 1868 1902 1868 1958 1924 1959 1925 1902 1868 1959 1925 1903 1869 1903 1869 1959 1925 1960 1926 1903 1869 1960 1926 1904 1870 1904 1870 1960 1926 1961 1927 1904 1870 1961 1927 1905 1871 1905 1871 1961 1927 1962 1928 1905 1871 1962 1928 1906 1872 1906 1872 1962 1928 1963 1929 1906 1872 1963 1929 1907 1873 1907 1873 1963 1929 1964 1930 1907 1873 1964 1930 1908 1874 1908 1874 1964 1930 1965 1931 1908 1874 1965 1931 1909 1875 1909 1875 1965 1931 1966 1932 1909 1875 1966 1932 1910 1876 1910 1876 1966 1932 1967 1933 1910 1876 1967 1933 1911 1877 1911 1877 1967 1933 1968 1934 1911 1877 1968 1934 1912 1878 1912 1878 1968 1934 1969 1935 1912 1878 1969 1935 1913 1879 1913 1879 1969 1935 1970 1936 1913 1879 1970 1936 1914 1880 1914 1880 1970 1936 1971 1937 1914 1880 1971 1937 1915 1881 1915 1881 1971 1937 1972 1938 1915 1881 1972 1938 1916 1882 1916 1882 1972 1938 1973 1939 1916 1882 1973 1939 1917 1883 1917 1883 1973 1939 1974 1940 1917 1883 1974 1940 1918 1884 1918 1884 1974 1940 1975 1941 1918 1884 1975 1941 1919 1885 1919 1885 1975 1941 1976 1942 1919 1885 1976 1942 1920 1886 1920 1886 1976 1942 1977 1943 1920 1886 1977 1943 1921 1887 1921 1887 1977 1943 1978 1944 1921 1887 1978 1944 1922 1888 1922 1888 1978 1944 1979 1945 1922 1888 1979 1945 1923 1889 1923 1889 1979 1945 1980 1946 1923 1889 1980 1946 1924 1890 1924 1890 1980 1946 1981 1947 1924 1890 1981 1947 1925 1891 1925 1891 1981 1947 1982 1948 1925 1891 1982 1948 1926 1892 1926 1892 1982 1948 1983 1949 1926 1892 1983 1949 1927 1893 1927 1893 1983 1949 1984 1950 1927 1893 1984 1950 1928 1894 1928 1894 1984 1950 1985 1951 1928 1894 1985 1951 1929 1895 1929 1895 1985 1951 1986 1952 1929 1895 1986 1952 1930 1896 1930 1896 1986 1952 1987 1953 1930 1896 1987 1953 1931 1897 1931 1897 1987 1953 1988 1954 1931 1897 1988 1954 1932 1898 1932 1898 1988 1954 1989 1955 1932 1898 1989 1955 1933 1899 1933 1899 1989 1955 1934 1900 1989 1955 1990 1956 1934 1900 1934 1900 1990 1956 1991 1957 1934 1900 1991 1957 1935 1901 1935 1901 1991 1957 1992 1958 1935 1901 1992 1958 1936 1902 1936 1902 1992 1958 1993 1959 1936 1902 1993 1959 1937 1903 1937 1903 1993 1959 1994 1960 1937 1903 1994 1960 1938 1904 1938 1904 1994 1960 1995 1961 1938 1904 1995 1961 1939 1905 1939 1905 1995 1961 1996 1962 1939 1905 1996 1962 1940 1906 1940 1906 1996 1962 1997 1963 1940 1906 1997 1963 1941 1907 1941 1907 1997 1963 1998 1964 1941 1907 1998 1964 1942 1908 1942 1908 1998 1964 1999 1965 1942 1908 1999 1965 1943 1909 1943 1909 1999 1965 2000 1966 1943 1909 2000 1966 1944 1910 1944 1910 2000 1966 2001 1967 1944 1910 2001 1967 1945 1911 1945 1911 2001 1967 2002 1968 1945 1911 2002 1968 1946 1912 1946 1912 2002 1968 2003 1969 1946 1912 2003 1969 1947 1913 1947 1913 2003 1969 2004 1970 1947 1913 2004 1970 1948 1914 1948 1914 2004 1970 2005 1971 1948 1914 2005 1971 1949 1915 1949 1915 2005 1971 2006 1972 1949 1915 2006 1972 1950 1916 1950 1916 2006 1972 2007 1973 1950 1916 2007 1973 1951 1917 1951 1917 2007 1973 2008 1974 1951 1917 2008 1974 1952 1918 1952 1918 2008 1974 2009 1975 1952 1918 2009 1975 1953 1919 1953 1919 2009 1975 2010 1976 1953 1919 2010 1976 1954 1920 1954 1920 2010 1976 2011 1977 1954 1920 2011 1977 1955 1921 1955 1921 2011 1977 2012 1978 1955 1921 2012 1978 1956 1922 1956 1922 2012 1978 2013 1979 1956 1922 2013 1979 1957 1923 1957 1923 2013 1979 2014 1980 1957 1923 2014 1980 1958 1924 1958 1924 2014 1980 2015 1981 1958 1924 2015 1981 1959 1925 1959 1925 2015 1981 2016 1982 1959 1925 2016 1982 1960 1926 1960 1926 2016 1982 2017 1983 1960 1926 2017 1983 1961 1927 1961 1927 2017 1983 2018 1984 1961 1927 2018 1984 1962 1928 1962 1928 2018 1984 2019 1985 1962 1928 2019 1985 1963 1929 1963 1929 2019 1985 2020 1986 1963 1929 2020 1986 1964 1930 1964 1930 2020 1986 2021 1987 1964 1930 2021 1987 1965 1931 1965 1931 2021 1987 2022 1988 1965 1931 2022 1988 1966 1932 1966 1932 2022 1988 2023 1989 1966 1932 2023 1989 1967 1933 1967 1933 2023 1989 2024 1990 1967 1933 2024 1990 1968 1934 1968 1934 2024 1990 2025 1991 1968 1934 2025 1991 1969 1935 1969 1935 2025 1991 2026 1992 1969 1935 2026 1992 1970 1936 1970 1936 2026 1992 2027 1993 1970 1936 2027 1993 1971 1937 1971 1937 2027 1993 2028 1994 1971 1937 2028 1994 1972 1938 1972 1938 2028 1994 2029 1995 1972 1938 2029 1995 1973 1939 1973 1939 2029 1995 2030 1996 1973 1939 2030 1996 1974 1940 1974 1940 2030 1996 2031 1997 1974 1940 2031 1997 1975 1941 1975 1941 2031 1997 2032 1998 1975 1941 2032 1998 1976 1942 1976 1942 2032 1998 2033 1999 1976 1942 2033 1999 1977 1943 1977 1943 2033 1999 2034 2000 1977 1943 2034 2000 1978 1944 1978 1944 2034 2000 2035 2001 1978 1944 2035 2001 1979 1945 1979 1945 2035 2001 2036 2002 1979 1945 2036 2002 1980 1946 1980 1946 2036 2002 2037 2003 1980 1946 2037 2003 1981 1947 1981 1947 2037 2003 2038 2004 1981 1947 2038 2004 1982 1948 1982 1948 2038 2004 2039 2005 1982 1948 2039 2005 1983 1949 1983 1949 2039 2005 2040 2006 1983 1949 2040 2006 1984 1950 1984 1950 2040 2006 2041 2007 1984 1950 2041 2007 1985 1951 1985 1951 2041 2007 2042 2008 1985 1951 2042 2008 1986 1952 1986 1952 2042 2008 2043 2009 1986 1952 2043 2009 1987 1953 1987 1953 2043 2009 2044 2010 1987 1953 2044 2010 1988 1954 1988 1954 2044 2010 2045 2011 1988 1954 2045 2011 1989 1955 1989 1955 2045 2011 1990 1956 2045 2011 1600 1566 1990 1956 1990 1956 1600 1566 1601 1567 1990 1956 1601 1567 1991 1957 1991 1957 1601 1567 1630 1596 1991 1957 1630 1596 1992 1958 1992 1958 1630 1596 1631 1597 1992 1958 1631 1597 1993 1959 1993 1959 1631 1597 1632 1598 1993 1959 1632 1598 1994 1960 1994 1960 1632 1598 1633 1599 1994 1960 1633 1599 1995 1961 1995 1961 1633 1599 1634 1600 1995 1961 1634 1600 1996 1962 1996 1962 1634 1600 1635 1601 1996 1962 1635 1601 1997 1963 1997 1963 1635 1601 1636 1602 1997 1963 1636 1602 1998 1964 1998 1964 1636 1602 1637 1603 1998 1964 1637 1603 1999 1965 1999 1965 1637 1603 1638 1604 1999 1965 1638 1604 2000 1966 2000 1966 1638 1604 1639 1605 2000 1966 1639 1605 2001 1967 2001 1967 1639 1605 1640 1606 2001 1967 1640 1606 2002 1968 2002 1968 1640 1606 1641 1607 2002 1968 1641 1607 2003 1969 2003 1969 1641 1607 1642 1608 2003 1969 1642 1608 2004 1970 2004 1970 1642 1608 1643 1609 2004 1970 1643 1609 2005 1971 2005 1971 1643 1609 1644 1610 2005 1971 1644 1610 2006 1972 2006 1972 1644 1610 1645 1611 2006 1972 1645 1611 2007 1973 2007 1973 1645 1611 1646 1612 2007 1973 1646 1612 2008 1974 2008 1974 1646 1612 1647 1613 2008 1974 1647 1613 2009 1975 2009 1975 1647 1613 1648 1614 2009 1975 1648 1614 2010 1976 2010 1976 1648 1614 1649 1615 2010 1976 1649 1615 2011 1977 2011 1977 1649 1615 1650 1616 2011 1977 1650 1616 2012 1978 2012 1978 1650 1616 1651 1617 2012 1978 1651 1617 2013 1979 2013 1979 1651 1617 1652 1618 2013 1979 1652 1618 2014 1980 2014 1980 1652 1618 1653 1619 2014 1980 1653 1619 2015 1981 2015 1981 1653 1619 1455 1421 2015 1981 1455 1421 2016 1982 2016 1982 1455 1421 1454 1420 2016 1982 1454 1420 2017 1983 2017 1983 1454 1420 1604 1570 2017 1983 1604 1570 2018 1984 2018 1984 1604 1570 1605 1571 2018 1984 1605 1571 2019 1985 2019 1985 1605 1571 1606 1572 2019 1985 1606 1572 2020 1986 2020 1986 1606 1572 1607 1573 2020 1986 1607 1573 2021 1987 2021 1987 1607 1573 1608 1574 2021 1987 1608 1574 2022 1988 2022 1988 1608 1574 1609 1575 2022 1988 1609 1575 2023 1989 2023 1989 1609 1575 1610 1576 2023 1989 1610 1576 2024 1990 2024 1990 1610 1576 1611 1577 2024 1990 1611 1577 2025 1991 2025 1991 1611 1577 1612 1578 2025 1991 1612 1578 2026 1992 2026 1992 1612 1578 1613 1579 2026 1992 1613 1579 2027 1993 2027 1993 1613 1579 1614 1580 2027 1993 1614 1580 2028 1994 2028 1994 1614 1580 1615 1581 2028 1994 1615 1581 2029 1995 2029 1995 1615 1581 1616 1582 2029 1995 1616 1582 2030 1996 2030 1996 1616 1582 1617 1583 2030 1996 1617 1583 2031 1997 2031 1997 1617 1583 1618 1584 2031 1997 1618 1584 2032 1998 2032 1998 1618 1584 1619 1585 2032 1998 1619 1585 2033 1999 2033 1999 1619 1585 1620 1586 2033 1999 1620 1586 2034 2000 2034 2000 1620 1586 1621 1587 2034 2000 1621 1587 2035 2001 2035 2001 1621 1587 1622 1588 2035 2001 1622 1588 2036 2002 2036 2002 1622 1588 1623 1589 2036 2002 1623 1589 2037 2003 2037 2003 1623 1589 1624 1590 2037 2003 1624 1590 2038 2004 2038 2004 1624 1590 1625 1591 2038 2004 1625 1591 2039 2005 2039 2005 1625 1591 1626 1592 2039 2005 1626 1592 2040 2006 2040 2006 1626 1592 1627 1593 2040 2006 1627 1593 2041 2007 2041 2007 1627 1593 1628 1594 2041 2007 1628 1594 2042 2008 2042 2008 1628 1594 1629 1595 2042 2008 1629 1595 2043 2009 2043 2009 1629 1595 1603 1569 2043 2009 1603 1569 2044 2010 2044 2010 1603 1569 1602 1568 2044 2010 1602 1568 2045 2011 2045 2011 1602 1568 1600 1566 861 856 2046 2012 842 837 842 837 2046 2012 2047 2013 842 837 2047 2013 540 535 540 535 2047 2013 2048 2014 540 535 2048 2014 541 536 541 536 2048 2014 2049 2015 541 536 2049 2015 841 836 841 836 2049 2015 2050 2016 841 836 2050 2016 840 835 840 835 2050 2016 2051 2017 840 835 2051 2017 830 825 830 825 2051 2017 2052 2018 830 825 2052 2018 543 538 543 538 2052 2018 2053 2019 543 538 2053 2019 544 539 544 539 2053 2019 2054 2020 544 539 2054 2020 546 541 546 541 2054 2020 2055 2021 546 541 2055 2021 547 542 547 542 2055 2021 2056 2022 547 542 2056 2022 821 816 821 816 2056 2022 2057 2023 821 816 2057 2023 820 815 820 815 2057 2023 2058 2024 820 815 2058 2024 810 805 810 805 2058 2024 2059 2025 810 805 2059 2025 549 544 549 544 2059 2025 2060 2026 549 544 2060 2026 550 545 550 545 2060 2026 2061 2027 550 545 2061 2027 809 804 809 804 2061 2027 2062 2028 809 804 2062 2028 808 803 808 803 2062 2028 2063 2029 808 803 2063 2029 798 793 798 793 2063 2029 2064 2030 798 793 2064 2030 552 547 552 547 2064 2030 2065 2031 552 547 2065 2031 553 548 553 548 2065 2031 2066 2032 553 548 2066 2032 555 550 555 550 2066 2032 2067 2033 555 550 2067 2033 556 551 556 551 2067 2033 2068 2034 556 551 2068 2034 789 784 789 784 2068 2034 2069 2035 789 784 2069 2035 788 783 788 783 2069 2035 2070 2036 788 783 2070 2036 780 775 780 775 2070 2036 2071 2037 780 775 2071 2037 558 553 558 553 2071 2037 2072 2038 558 553 2072 2038 559 554 559 554 2072 2038 2073 2039 559 554 2073 2039 561 556 561 556 2073 2039 2074 2040 561 556 2074 2040 562 557 562 557 2074 2040 2075 2041 562 557 2075 2041 564 559 564 559 2075 2041 2076 2042 564 559 2076 2042 565 560 565 560 2076 2042 2077 2043 565 560 2077 2043 746 741 746 741 2077 2043 2078 2044 746 741 2078 2044 567 562 567 562 2078 2044 2079 2045 567 562 2079 2045 568 563 568 563 2079 2045 2080 2046 568 563 2080 2046 745 740 745 740 2080 2046 2081 2047 745 740 2081 2047 744 739 744 739 2081 2047 2082 2048 744 739 2082 2048 734 729 734 729 2082 2048 2083 2049 734 729 2083 2049 570 565 570 565 2083 2049 2084 2050 570 565 2084 2050 571 566 571 566 2084 2050 2085 2051 571 566 2085 2051 573 568 573 568 2085 2051 2086 2052 573 568 2086 2052 574 569 574 569 2086 2052 2087 2053 574 569 2087 2053 725 720 725 720 2087 2053 2088 2054 725 720 2088 2054 724 719 724 719 2088 2054 2089 2055 724 719 2089 2055 714 709 714 709 2089 2055 2090 2056 714 709 2090 2056 576 571 576 571 2090 2056 2091 2057 576 571 2091 2057 577 572 577 572 2091 2057 2092 2058 577 572 2092 2058 579 574 579 574 2092 2058 2093 2059 579 574 2093 2059 580 575 580 575 2093 2059 2094 2060 580 575 2094 2060 705 700 705 700 2094 2060 2095 2061 2096 2062 861 856 860 855 859 854 2097 2063 860 855 860 855 2097 2063 2098 2064 860 855 2098 2064 2096 2062 2099 2065 2100 2066 858 853 858 853 2100 2066 2101 2067 858 853 2101 2067 859 854 859 854 2101 2067 2102 2068 859 854 2102 2068 2097 2063 2099 2065 858 853 2103 2069 2103 2069 858 853 857 852 2103 2069 857 852 2104 2070 2104 2070 857 852 2105 2071 2105 2071 857 852 856 851 2105 2071 856 851 2106 2072 2106 2072 856 851 2107 2073 2107 2073 856 851 855 850 2107 2073 855 850 2108 2074 2108 2074 855 850 2109 2075 2109 2075 855 850 854 849 2109 2075 854 849 2110 2076 2110 2076 854 849 2111 2077 2111 2077 854 849 853 848 2111 2077 853 848 2112 2078 2112 2078 853 848 2113 2079 2113 2079 853 848 852 847 2113 2079 852 847 862 857 2114 2080 2115 2081 2116 2082 911 906 910 905 2117 2083 2118 2084 2119 2085 2120 2086 2121 2087 2122 2088 2123 2089 2124 2090 2125 2091 2126 2092 2127 2093 2104 2070 2128 2094 2128 2094 2104 2070 2105 2071 2128 2094 2105 2071 2129 2095 2098 2064 2097 2063 2130 2096 2130 2096 2097 2063 2102 2068 2130 2096 2102 2068 2131 2097 2101 2067 2100 2066 2132 2098 2132 2098 2100 2066 2099 2065 2132 2098 2099 2065 2127 2093 2127 2093 2099 2065 2103 2069 2127 2093 2103 2069 2104 2070 2133 2099 2134 2100 2135 2101 2136 2102 2137 2103 2131 2097 2131 2097 2137 2103 2138 2104 2131 2097 2138 2104 2130 2096 2139 2105 2140 2106 2125 2091 2125 2091 2140 2106 2141 2107 2125 2091 2141 2107 2126 2092 2122 2088 2121 2087 2142 2108 2142 2108 2121 2087 2143 2109 2142 2108 2143 2109 912 907 2144 2110 2145 2111 2146 2112 2146 2112 2145 2111 2147 2113 2146 2112 2147 2113 2148 2114 2148 2114 2147 2113 2149 2115 2148 2114 2149 2115 2150 2116 2150 2116 2149 2115 2151 2117 2150 2116 2151 2117 2152 2118 2152 2118 2151 2117 2153 2119 2152 2118 2153 2119 2154 2120 2154 2120 2153 2119 2155 2121 2154 2120 2155 2121 2156 2122 2156 2122 2155 2121 2157 2123 2156 2122 2157 2123 2123 2089 2123 2089 2157 2123 2158 2124 2123 2089 2158 2124 2121 2087 2121 2087 2158 2124 2159 2125 2121 2087 2159 2125 2143 2109 2119 2085 2160 2126 2161 2127 919 914 2162 2128 920 915 920 915 2162 2128 2163 2129 920 915 2163 2129 922 917 922 917 2163 2129 2161 2127 922 917 2161 2127 916 911 916 911 2161 2127 2160 2126 916 911 2160 2126 892 887 2114 2080 2164 2130 2165 2131 2165 2131 2164 2130 2166 2132 2165 2131 2166 2132 2167 2133 2167 2133 2166 2132 2168 2134 2167 2133 2168 2134 2118 2084 2135 2101 2169 2135 2170 2136 2170 2136 2169 2135 2171 2137 2172 2138 2173 2139 2174 2140 2118 2084 2120 2086 2167 2133 2167 2133 2120 2086 2175 2141 2167 2133 2175 2141 2165 2131 2165 2131 2175 2141 2172 2138 2165 2131 2172 2138 2114 2080 2114 2080 2172 2138 2174 2140 2114 2080 2174 2140 2115 2081 2135 2101 2134 2100 2169 2135 2169 2135 2134 2100 2176 2142 2169 2135 2176 2142 2171 2137 2171 2137 2176 2142 2177 2143 2171 2137 2177 2143 2178 2144 2178 2144 2177 2143 2179 2145 2178 2144 2179 2145 2180 2146 2181 2147 2162 2128 2182 2148 2182 2148 2162 2128 919 914 2182 2148 919 914 918 913 2119 2085 2161 2127 2120 2086 2120 2086 2161 2127 2163 2129 2120 2086 2163 2129 2175 2141 2175 2141 2163 2129 2162 2128 2175 2141 2162 2128 2172 2138 2172 2138 2162 2128 2181 2147 2172 2138 2181 2147 2173 2139 2133 2099 2144 2110 2134 2100 2134 2100 2144 2110 2146 2112 2134 2100 2146 2112 2176 2142 2176 2142 2146 2112 2148 2114 2176 2142 2148 2114 2177 2143 2177 2143 2148 2114 2150 2116 2177 2143 2150 2116 2179 2145 2179 2145 2150 2116 2152 2118 2179 2145 2152 2118 2180 2146 2180 2146 2152 2118 2154 2120 2180 2146 2154 2120 2183 2149 2183 2149 2154 2120 2156 2122 2183 2149 2156 2122 2184 2150 2184 2150 2156 2122 2123 2089 2184 2150 2123 2089 2185 2151 2185 2151 2123 2089 2122 2088 2185 2151 2122 2088 2186 2152 2186 2152 2122 2088 2142 2108 2186 2152 2142 2108 893 888 893 888 2142 2108 912 907 862 857 895 890 2187 2153 911 906 2117 2083 907 902 909 904 908 903 2188 2154 2188 2154 908 903 915 910 2188 2154 915 910 914 909 910 905 909 904 2117 2083 2117 2083 909 904 2189 2155 2117 2083 2189 2155 2190 2156 862 857 2187 2153 2113 2079 2113 2079 2187 2153 2191 2157 2113 2079 2191 2157 2112 2078 2112 2078 2191 2157 2192 2158 2112 2078 2192 2158 2111 2077 2111 2077 2192 2158 2193 2159 2111 2077 2193 2159 2110 2076 2110 2076 2193 2159 2194 2160 2110 2076 2194 2160 2109 2075 2109 2075 2194 2160 2108 2074 2108 2074 2194 2160 2195 2161 2108 2074 2195 2161 2107 2073 2106 2072 2107 2073 2196 2162 2196 2162 2107 2073 2195 2161 2196 2162 2195 2161 2197 2163 2197 2163 2195 2161 2198 2164 2198 2164 2195 2161 2194 2160 2198 2164 2194 2160 2199 2165 2199 2165 2194 2160 2193 2159 2199 2165 2193 2159 2200 2166 2200 2166 2193 2159 2192 2158 2200 2166 2192 2158 2201 2167 2201 2167 2192 2158 2191 2157 2201 2167 2191 2157 2190 2156 2190 2156 2191 2157 2187 2153 2190 2156 2187 2153 2117 2083 2117 2083 2187 2153 895 890 2117 2083 895 890 907 902 2202 2168 2139 2105 2203 2169 2203 2169 2139 2105 2125 2091 2203 2169 2125 2091 2204 2170 2204 2170 2125 2091 2124 2090 2204 2170 2124 2090 2205 2171 2205 2171 2124 2090 2206 2172 2205 2171 2206 2172 2207 2173 2207 2173 2206 2172 2208 2174 2207 2173 2208 2174 2209 2175 2209 2175 2208 2174 2116 2082 2140 2106 2096 2062 2141 2107 2141 2107 2096 2062 2098 2064 2141 2107 2098 2064 2126 2092 2126 2092 2098 2064 2130 2096 2126 2092 2130 2096 2124 2090 2124 2090 2130 2096 2138 2104 2124 2090 2138 2104 2206 2172 2206 2172 2138 2104 2137 2103 2206 2172 2137 2103 2208 2174 893 888 892 887 2186 2152 2186 2152 892 887 2160 2126 2186 2152 2160 2126 2185 2151 2185 2151 2160 2126 2119 2085 2185 2151 2119 2085 2184 2150 2184 2150 2119 2085 2118 2084 2184 2150 2118 2084 2183 2149 2183 2149 2118 2084 2168 2134 2183 2149 2168 2134 2180 2146 2180 2146 2168 2134 2166 2132 2180 2146 2166 2132 2178 2144 2178 2144 2166 2132 2164 2130 2178 2144 2164 2130 2171 2137 2171 2137 2164 2130 2114 2080 2171 2137 2114 2080 2170 2136 2170 2136 2114 2080 2116 2082 2170 2136 2116 2082 2135 2101 2135 2101 2116 2082 2208 2174 2135 2101 2208 2174 2133 2099 2133 2099 2208 2174 2137 2103 2133 2099 2137 2103 2144 2110 2144 2110 2137 2103 2136 2102 2144 2110 2136 2102 2145 2111 909 904 2188 2154 2189 2155 2189 2155 2188 2154 2210 2176 2189 2155 2210 2176 2190 2156 2190 2156 2210 2176 2211 2177 2190 2156 2211 2177 2201 2167 2201 2167 2211 2177 2212 2178 2201 2167 2212 2178 2200 2166 2200 2166 2212 2178 2213 2179 2200 2166 2213 2179 2199 2165 2199 2165 2213 2179 2214 2180 2199 2165 2214 2180 2198 2164 2198 2164 2214 2180 2215 2181 2198 2164 2215 2181 2197 2163 2197 2163 2215 2181 2129 2095 2197 2163 2129 2095 2196 2162 2196 2162 2129 2095 2105 2071 2196 2162 2105 2071 2106 2072 2102 2068 2101 2067 2131 2097 2131 2097 2101 2067 2132 2098 2131 2097 2132 2098 2136 2102 2136 2102 2132 2098 2127 2093 2136 2102 2127 2093 2145 2111 2145 2111 2127 2093 2128 2094 2145 2111 2128 2094 2147 2113 2147 2113 2128 2094 2129 2095 2147 2113 2129 2095 2149 2115 2149 2115 2129 2095 2215 2181 2149 2115 2215 2181 2151 2117 2151 2117 2215 2181 2214 2180 2151 2117 2214 2180 2153 2119 2153 2119 2214 2180 2213 2179 2153 2119 2213 2179 2155 2121 2155 2121 2213 2179 2212 2178 2155 2121 2212 2178 2157 2123 2157 2123 2212 2178 2211 2177 2157 2123 2211 2177 2158 2124 2158 2124 2211 2177 2210 2176 2158 2124 2210 2176 2159 2125 2159 2125 2210 2176 2188 2154 2159 2125 2188 2154 2143 2109 2143 2109 2188 2154 914 909 2143 2109 914 909 912 907 2203 2169 2204 2170 2216 2182 2217 2183 2218 2184 2219 2185 2220 2186 2221 2187 2222 2188 986 981 965 960 2223 2189 2223 2189 965 960 2224 2190 2223 2189 2224 2190 2225 2191 2225 2191 2224 2190 2226 2192 2225 2191 2226 2192 2227 2193 2227 2193 2226 2192 2228 2194 2227 2193 2228 2194 2229 2195 2229 2195 2228 2194 2230 2196 2229 2195 2230 2196 2231 2197 2231 2197 2230 2196 2232 2198 2231 2197 2232 2198 2233 2199 2233 2199 2232 2198 2234 2200 2233 2199 2234 2200 2235 2201 2235 2201 2234 2200 2236 2202 2235 2201 2236 2202 2237 2203 2237 2203 2236 2202 2238 2204 2237 2203 2238 2204 2239 2205 2240 2206 2241 2207 2242 2208 2243 2209 2244 2210 2245 2211 2245 2211 2244 2210 2241 2207 2242 2208 2241 2207 2246 2212 2246 2212 2241 2207 2244 2210 2246 2212 2244 2210 2222 2188 2222 2188 2244 2210 2243 2209 2222 2188 2243 2209 2220 2186 968 963 988 983 2247 2213 2247 2213 988 983 987 982 2221 2187 2220 2186 2248 2214 2248 2214 2220 2186 2247 2213 2248 2214 2247 2213 2249 2215 2249 2215 2247 2213 987 982 2249 2215 987 982 2250 2216 2219 2185 2251 2217 2217 2183 2217 2183 2251 2217 2181 2147 2217 2183 2181 2147 2182 2148 983 978 982 977 2218 2184 2218 2184 982 977 969 964 2245 2211 2251 2217 2243 2209 2243 2209 2251 2217 2219 2185 2243 2209 2219 2185 2220 2186 2220 2186 2219 2185 2218 2184 2220 2186 2218 2184 2247 2213 2247 2213 2218 2184 969 964 2247 2213 969 964 968 963 2252 2218 2253 2219 2254 2220 2254 2220 2253 2219 2255 2221 2242 2208 2256 2222 2240 2206 2240 2206 2256 2222 2257 2223 2240 2206 2257 2223 2255 2221 2255 2221 2257 2223 2258 2224 2255 2221 2258 2224 2254 2220 2202 2168 2203 2169 2259 2225 2259 2225 2203 2169 2216 2182 2259 2225 2216 2182 2260 2226 2260 2226 2216 2182 2261 2227 2260 2226 2261 2227 2262 2228 2262 2228 2261 2227 2263 2229 2262 2228 2263 2229 2264 2230 2204 2170 2253 2219 2216 2182 2216 2182 2253 2219 2252 2218 2216 2182 2252 2218 2261 2227 2261 2227 2252 2218 2265 2231 2261 2227 2265 2231 2263 2229 983 978 2218 2184 984 979 984 979 2218 2184 2217 2183 984 979 2217 2183 985 980 985 980 2217 2183 2182 2148 985 980 2182 2148 918 913 2204 2170 2205 2171 2253 2219 2253 2219 2205 2171 2207 2173 2253 2219 2207 2173 2255 2221 2255 2221 2207 2173 2209 2175 2255 2221 2209 2175 2240 2206 2240 2206 2209 2175 2116 2082 2240 2206 2116 2082 2241 2207 2241 2207 2116 2082 2115 2081 2241 2207 2115 2081 2245 2211 2245 2211 2115 2081 2174 2140 2245 2211 2174 2140 2251 2217 2251 2217 2174 2140 2173 2139 2251 2217 2173 2139 2181 2147 987 982 986 981 2250 2216 2250 2216 986 981 2223 2189 2250 2216 2223 2189 2249 2215 2249 2215 2223 2189 2225 2191 2249 2215 2225 2191 2248 2214 2248 2214 2225 2191 2227 2193 2248 2214 2227 2193 2221 2187 2221 2187 2227 2193 2229 2195 2221 2187 2229 2195 2222 2188 2222 2188 2229 2195 2231 2197 2222 2188 2231 2197 2246 2212 2246 2212 2231 2197 2233 2199 2246 2212 2233 2199 2242 2208 2242 2208 2233 2199 2235 2201 2242 2208 2235 2201 2256 2222 2256 2222 2235 2201 2237 2203 2256 2222 2237 2203 2257 2223 2257 2223 2237 2203 2239 2205 2257 2223 2239 2205 2258 2224 2258 2224 2239 2205 2266 2232 2258 2224 2266 2232 2254 2220 2254 2220 2266 2232 2267 2233 2254 2220 2267 2233 2252 2218 2252 2218 2267 2233 2268 2234 2252 2218 2268 2234 2265 2231 990 985 992 987 2269 2235 2270 2236 2271 2237 2272 2238 959 954 1008 1003 1052 1047 997 992 2273 2239 995 990 995 990 2273 2239 994 989 2274 2240 2275 2241 2276 2242 2276 2242 2275 2241 2277 2243 2276 2242 2277 2243 2278 2244 992 987 994 989 2269 2235 2269 2235 994 989 2273 2239 2269 2235 2273 2239 2279 2245 2279 2245 2273 2239 2280 2246 2279 2245 2280 2246 2281 2247 2281 2247 2280 2246 2282 2248 2281 2247 2282 2248 2283 2249 2283 2249 2282 2248 2284 2250 2283 2249 2284 2250 2285 2251 2285 2251 2284 2250 2286 2252 2285 2251 2286 2252 2287 2253 2287 2253 2286 2252 2288 2254 2287 2253 2288 2254 2289 2255 2289 2255 2288 2254 2290 2256 2289 2255 2290 2256 2291 2257 2291 2257 2290 2256 2292 2258 2291 2257 2292 2258 2293 2259 2293 2259 2292 2258 2294 2260 2293 2259 2294 2260 2295 2261 2295 2261 2294 2260 2296 2262 2295 2261 2296 2262 2297 2263 2297 2263 2296 2262 2298 2264 2297 2263 2298 2264 2299 2265 2299 2265 2298 2264 2300 2266 2299 2265 2300 2266 2301 2267 2301 2267 2300 2266 2302 2268 2301 2267 2302 2268 2272 2238 2272 2238 2302 2268 2278 2244 2272 2238 2278 2244 2270 2236 2270 2236 2278 2244 2277 2243 997 992 999 994 2273 2239 2273 2239 999 994 2303 2269 2273 2239 2303 2269 2280 2246 2280 2246 2303 2269 2304 2270 2280 2246 2304 2270 2282 2248 2282 2248 2304 2270 2305 2271 2282 2248 2305 2271 2284 2250 2284 2250 2305 2271 2306 2272 2284 2250 2306 2272 2286 2252 2286 2252 2306 2272 2307 2273 2286 2252 2307 2273 2288 2254 2288 2254 2307 2273 2308 2274 2288 2254 2308 2274 2290 2256 2290 2256 2308 2274 2309 2275 2290 2256 2309 2275 2292 2258 2292 2258 2309 2275 2310 2276 2292 2258 2310 2276 2294 2260 2294 2260 2310 2276 2311 2277 2294 2260 2311 2277 2296 2262 2296 2262 2311 2277 2312 2278 2296 2262 2312 2278 2298 2264 2298 2264 2312 2278 2313 2279 2298 2264 2313 2279 2300 2266 2300 2266 2313 2279 2314 2280 2300 2266 2314 2280 2302 2268 2302 2268 2314 2280 2315 2281 2302 2268 2315 2281 2278 2244 2278 2244 2315 2281 2316 2282 2278 2244 2316 2282 2276 2242 999 994 962 957 2303 2269 2303 2269 962 957 2317 2283 2303 2269 2317 2283 2304 2270 2304 2270 2317 2283 2318 2284 2304 2270 2318 2284 2305 2271 2305 2271 2318 2284 2319 2285 2305 2271 2319 2285 2306 2272 2306 2272 2319 2285 2320 2286 2306 2272 2320 2286 2307 2273 2307 2273 2320 2286 2321 2287 2307 2273 2321 2287 2308 2274 2308 2274 2321 2287 2322 2288 2308 2274 2322 2288 2309 2275 2309 2275 2322 2288 2323 2289 2309 2275 2323 2289 2310 2276 2310 2276 2323 2289 2324 2290 2310 2276 2324 2290 2311 2277 2311 2277 2324 2290 2325 2291 2311 2277 2325 2291 2312 2278 2312 2278 2325 2291 2326 2292 2312 2278 2326 2292 2313 2279 2313 2279 2326 2292 2327 2293 2313 2279 2327 2293 2314 2280 2314 2280 2327 2293 2328 2294 2314 2280 2328 2294 2315 2281 2315 2281 2328 2294 2329 2295 2315 2281 2329 2295 2316 2282 2316 2282 2329 2295 2330 2296 2316 2282 2330 2296 2276 2242 2276 2242 2330 2296 2331 2297 2276 2242 2331 2297 2274 2240 2274 2240 2331 2297 2332 2298 1004 999 959 954 2333 2299 2333 2299 959 954 1052 1047 2333 2299 1052 1047 2334 2300 2334 2300 1052 1047 1053 1048 2334 2300 1053 1048 2335 2301 2335 2301 1053 1048 1051 1046 2335 2301 1051 1046 2336 2302 2336 2302 1051 1046 1058 1053 2336 2302 1058 1053 2337 2303 2337 2303 1058 1053 1057 1052 2337 2303 1057 1052 2338 2304 2338 2304 1057 1052 1055 1050 2338 2304 1055 1050 2339 2305 2339 2305 1055 1050 1063 1058 2339 2305 1063 1058 2340 2306 2340 2306 1063 1058 1062 1057 2340 2306 1062 1057 2341 2307 2341 2307 1062 1057 1060 1055 2341 2307 1060 1055 2342 2308 2342 2308 1060 1055 1068 1063 2342 2308 1068 1063 2343 2309 2343 2309 1068 1063 1067 1062 2343 2309 1067 1062 2344 2310 2344 2310 1067 1062 1065 1060 2344 2310 1065 1060 2345 2311 2345 2311 1065 1060 1071 1066 2345 2311 1071 1066 2346 2312 2346 2312 1071 1066 1070 1065 2346 2312 1070 1065 2347 2313 2347 2313 1070 1065 1069 1064 2347 2313 1069 1064 2348 2314 2348 2314 1069 1064 1048 1043 1000 995 1002 997 2349 2315 2349 2315 1002 997 2350 2316 2349 2315 2350 2316 2351 2317 2351 2317 2350 2316 2352 2318 2351 2317 2352 2318 2353 2319 2353 2319 2352 2318 2354 2320 2353 2319 2354 2320 2355 2321 2355 2321 2354 2320 2356 2322 2355 2321 2356 2322 2357 2323 2357 2323 2356 2322 2358 2324 2357 2323 2358 2324 2359 2325 2359 2325 2358 2324 2360 2326 2359 2325 2360 2326 2361 2327 2361 2327 2360 2326 2362 2328 2361 2327 2362 2328 2363 2329 2363 2329 2362 2328 2364 2330 2363 2329 2364 2330 2365 2331 2365 2331 2364 2330 2366 2332 2365 2331 2366 2332 2367 2333 2367 2333 2366 2332 2368 2334 2367 2333 2368 2334 2369 2335 2369 2335 2368 2334 2370 2336 2369 2335 2370 2336 2371 2337 2371 2337 2370 2336 2372 2338 2371 2337 2372 2338 2373 2339 2373 2339 2372 2338 2374 2340 2373 2339 2374 2340 2375 2341 2375 2341 2374 2340 2376 2342 2375 2341 2376 2342 2377 2343 2377 2343 2376 2342 2378 2344 2377 2343 2378 2344 2379 2345 2379 2345 2378 2344 2380 2346 1002 997 1004 999 2350 2316 2350 2316 1004 999 2333 2299 2350 2316 2333 2299 2352 2318 2352 2318 2333 2299 2334 2300 2352 2318 2334 2300 2354 2320 2354 2320 2334 2300 2335 2301 2354 2320 2335 2301 2356 2322 2356 2322 2335 2301 2336 2302 2356 2322 2336 2302 2358 2324 2358 2324 2336 2302 2337 2303 2358 2324 2337 2303 2360 2326 2360 2326 2337 2303 2338 2304 2360 2326 2338 2304 2362 2328 2362 2328 2338 2304 2339 2305 2362 2328 2339 2305 2364 2330 2364 2330 2339 2305 2340 2306 2364 2330 2340 2306 2366 2332 2366 2332 2340 2306 2341 2307 2366 2332 2341 2307 2368 2334 2368 2334 2341 2307 2342 2308 2368 2334 2342 2308 2370 2336 2370 2336 2342 2308 2343 2309 2370 2336 2343 2309 2372 2338 2372 2338 2343 2309 2344 2310 2372 2338 2344 2310 2374 2340 2374 2340 2344 2310 2345 2311 2374 2340 2345 2311 2376 2342 2376 2342 2345 2311 2346 2312 2376 2342 2346 2312 2378 2344 2378 2344 2346 2312 2347 2313 2378 2344 2347 2313 2380 2346 2380 2346 2347 2313 2348 2314 2224 2190 965 960 989 984 989 984 990 985 2224 2190 2224 2190 990 985 2269 2235 2224 2190 2269 2235 2226 2192 2226 2192 2269 2235 2279 2245 2226 2192 2279 2245 2228 2194 2228 2194 2279 2245 2281 2247 2228 2194 2281 2247 2230 2196 2230 2196 2281 2247 2283 2249 2230 2196 2283 2249 2232 2198 2232 2198 2283 2249 2285 2251 2232 2198 2285 2251 2234 2200 2234 2200 2285 2251 2287 2253 2234 2200 2287 2253 2236 2202 2236 2202 2287 2253 2289 2255 2236 2202 2289 2255 2238 2204 2238 2204 2289 2255 2291 2257 2238 2204 2291 2257 2239 2205 2239 2205 2291 2257 2293 2259 2239 2205 2293 2259 2266 2232 2266 2232 2293 2259 2295 2261 2266 2232 2295 2261 2267 2233 2267 2233 2295 2261 2297 2263 2267 2233 2297 2263 2268 2234 2268 2234 2297 2263 2299 2265 2268 2234 2299 2265 2265 2231 2265 2231 2299 2265 2301 2267 2265 2231 2301 2267 2263 2229 2263 2229 2301 2267 2272 2238 2263 2229 2272 2238 2264 2230 2264 2230 2272 2238 2271 2237 962 957 1000 995 2317 2283 2317 2283 1000 995 2349 2315 2317 2283 2349 2315 2318 2284 2318 2284 2349 2315 2351 2317 2318 2284 2351 2317 2319 2285 2319 2285 2351 2317 2353 2319 2319 2285 2353 2319 2320 2286 2320 2286 2353 2319 2355 2321 2320 2286 2355 2321 2321 2287 2321 2287 2355 2321 2357 2323 2321 2287 2357 2323 2322 2288 2322 2288 2357 2323 2359 2325 2322 2288 2359 2325 2323 2289 2323 2289 2359 2325 2361 2327 2323 2289 2361 2327 2324 2290 2324 2290 2361 2327 2363 2329 2324 2290 2363 2329 2325 2291 2325 2291 2363 2329 2365 2331 2325 2291 2365 2331 2326 2292 2326 2292 2365 2331 2367 2333 2326 2292 2367 2333 2327 2293 2327 2293 2367 2333 2369 2335 2327 2293 2369 2335 2328 2294 2328 2294 2369 2335 2371 2337 2328 2294 2371 2337 2329 2295 2329 2295 2371 2337 2373 2339 2329 2295 2373 2339 2330 2296 2330 2296 2373 2339 2375 2341 2330 2296 2375 2341 2331 2297 2331 2297 2375 2341 2377 2343 2331 2297 2377 2343 2332 2298 2332 2298 2377 2343 2379 2345 1006 1001 1173 1142 1049 1044 1049 1044 1173 1142 2381 2347 1049 1044 2381 2347 1050 1045 1050 1045 2381 2347 2382 2348 1050 1045 2382 2348 1056 1051 1056 1051 2382 2348 2383 2349 1056 1051 2383 2349 1054 1049 1054 1049 2383 2349 2384 2350 1054 1049 2384 2350 1061 1056 1061 1056 2384 2350 2385 2351 1061 1056 2385 2351 1059 1054 1059 1054 2385 2351 2386 2352 1059 1054 2386 2352 1066 1061 1066 1061 2386 2352 2387 2353 1066 1061 2387 2353 1064 1059 1064 1059 2387 2353 2388 2354 1064 1059 2388 2354 1046 1041 1046 1041 2388 2354 2389 2355 1046 1041 2389 2355 1047 1042 1047 1042 2389 2355 2390 2356 1173 1142 1175 1143 2381 2347 2381 2347 1175 1143 2391 2357 2381 2347 2391 2357 2382 2348 2382 2348 2391 2357 2392 2358 2382 2348 2392 2358 2383 2349 2383 2349 2392 2358 2393 2359 2383 2349 2393 2359 2384 2350 2384 2350 2393 2359 2394 2360 2384 2350 2394 2360 2385 2351 2385 2351 2394 2360 2395 2361 2385 2351 2395 2361 2386 2352 2386 2352 2395 2361 2396 2362 2386 2352 2396 2362 2387 2353 2387 2353 2396 2362 2397 2363 2387 2353 2397 2363 2388 2354 2388 2354 2397 2363 2398 2364 2388 2354 2398 2364 2389 2355 2389 2355 2398 2364 2399 2365 2389 2355 2399 2365 2390 2356 2390 2356 2399 2365 2400 2366 1175 1143 1137 1127 2391 2357 2391 2357 1137 1127 2401 2367 2391 2357 2401 2367 2392 2358 2392 2358 2401 2367 2402 2368 2392 2358 2402 2368 2393 2359 2393 2359 2402 2368 2403 2369 2393 2359 2403 2369 2394 2360 2394 2360 2403 2369 2404 2370 2394 2360 2404 2370 2395 2361 2395 2361 2404 2370 2405 2371 2395 2361 2405 2371 2396 2362 2396 2362 2405 2371 2406 2372 2396 2362 2406 2372 2397 2363 2397 2363 2406 2372 2407 2373 2397 2363 2407 2373 2398 2364 2398 2364 2407 2373 2408 2374 2398 2364 2408 2374 2399 2365 2399 2365 2408 2374 2409 2375 2399 2365 2409 2375 2400 2366 2400 2366 2409 2375 2410 2376 1137 1127 1139 1128 2401 2367 2401 2367 1139 1128 2411 2377 2401 2367 2411 2377 2402 2368 2402 2368 2411 2377 2412 2378 2402 2368 2412 2378 2403 2369 2403 2369 2412 2378 2413 2379 2403 2369 2413 2379 2404 2370 2404 2370 2413 2379 2414 2380 2404 2370 2414 2380 2405 2371 2405 2371 2414 2380 2415 2381 2405 2371 2415 2381 2406 2372 2406 2372 2415 2381 2416 2382 2406 2372 2416 2382 2407 2373 2407 2373 2416 2382 2417 2383 2407 2373 2417 2383 2408 2374 2408 2374 2417 2383 2418 2384 2408 2374 2418 2384 2409 2375 2409 2375 2418 2384 2419 2385 2409 2375 2419 2385 2410 2376 2410 2376 2419 2385 2420 2386 2415 2381 2414 2380 2421 2387 2413 2379 2412 2378 2422 2388 2422 2388 2423 2389 2413 2379 2413 2379 2423 2389 2424 2390 2413 2379 2424 2390 2414 2380 2414 2380 2424 2390 2425 2391 2414 2380 2425 2391 2421 2387 2411 2377 1139 1128 1133 1126 1133 1126 2426 2392 2411 2377 2411 2377 2426 2392 2427 2393 2411 2377 2427 2393 2412 2378 2412 2378 2427 2393 2428 2394 2412 2378 2428 2394 2422 2388 2421 2387 2429 2395 2415 2381 2415 2381 2429 2395 2430 2396 2415 2381 2430 2396 2416 2382 2416 2382 2430 2396 2431 2397 2416 2382 2431 2397 2417 2383 2417 2383 2431 2397 2432 2398 2417 2383 2432 2398 2418 2384 2418 2384 2432 2398 2433 2399 2418 2384 2433 2399 2419 2385 2419 2385 2433 2399 2434 2400 2419 2385 2434 2400 2420 2386 45 42 2435 2401 2436 2402 2437 2403 47 44 2436 2402 2436 2402 47 44 43 40 2436 2402 43 40 45 42 2438 2404 51 48 2437 2403 2437 2403 51 48 49 46 2437 2403 49 46 47 44 168 178 77 74 2439 2405 2439 2405 77 74 74 71 2439 2405 74 71 2440 2406 2440 2406 74 71 72 69 2440 2406 72 69 2441 2407 2441 2407 72 69 70 67 2441 2407 70 67 2442 2408 2442 2408 70 67 69 66 2442 2408 69 66 2443 2409 2443 2409 69 66 67 64 2443 2409 67 64 2444 2410 2444 2410 67 64 65 62 2444 2410 65 62 2445 2411 2445 2411 65 62 62 59 2445 2411 62 59 2446 2412 2446 2412 62 59 63 60 2446 2412 63 60 2447 2413 2447 2413 63 60 56 53 2447 2413 56 53 2448 2414 2448 2414 56 53 54 51 2448 2414 54 51 2438 2404 2438 2404 54 51 52 49 2438 2404 52 49 51 48 2449 2415 2450 2416 162 171 2451 2417 2452 2418 162 171 162 171 2452 2418 2453 2419 162 171 2453 2419 2454 2420 161 170 2455 2421 162 171 162 171 2455 2421 2456 2422 162 171 2456 2422 2451 2417 2454 2420 2457 2423 162 171 162 171 2457 2423 2458 2424 162 171 2458 2424 2449 2415 2459 2425 2460 2426 2461 2427 2462 2428 2463 2429 2464 2430 2465 2431 2466 2432 2467 2433 2468 2434 2469 2435 2470 2436 2471 2437 2472 2438 2473 2439 2474 2440 2475 2441 2476 2442 1075 1070 1073 1068 2477 2443 2477 2443 1073 1068 2478 2444 2477 2443 2478 2444 2479 2445 2479 2445 2478 2444 2480 2446 2480 2446 2478 2444 2481 2447 2480 2446 2481 2447 2482 2448 2483 2449 2484 2450 2481 2447 2481 2447 2484 2450 2485 2451 2481 2447 2485 2451 2482 2448 2486 2452 2487 2453 2488 2454 2488 2454 2487 2453 2489 2455 2488 2454 2489 2455 2483 2449 2483 2449 2489 2455 2490 2456 2483 2449 2490 2456 2484 2450 2486 2452 2488 2454 2491 2457 2491 2457 2488 2454 2492 2458 2491 2457 2492 2458 2493 2459 2493 2459 2492 2458 2494 2460 2494 2460 2492 2458 2495 2461 2494 2460 2495 2461 2496 2462 2496 2462 2495 2461 2497 2463 2497 2463 2495 2461 2498 2464 2497 2463 2498 2464 2499 2465 2500 2466 2501 2467 2476 2442 2476 2442 2501 2467 2502 2468 2476 2442 2502 2468 2498 2464 2498 2464 2502 2468 2503 2469 2498 2464 2503 2469 2499 2465 2500 2466 2476 2442 2504 2470 2504 2470 2476 2442 2475 2441 2504 2470 2475 2441 2505 2471 1087 1082 1088 1083 2506 2472 2506 2472 1088 1083 2507 2473 2506 2472 2507 2473 2508 2474 2508 2474 2507 2473 2509 2475 2508 2474 2509 2475 2510 2476 2510 2476 2509 2475 2511 2477 2510 2476 2511 2477 2512 2478 2512 2478 2511 2477 2513 2479 2512 2478 2513 2479 2514 2480 2514 2480 2513 2479 2515 2481 2514 2480 2515 2481 2516 2482 2516 2482 2515 2481 2517 2483 2516 2482 2517 2483 2518 2484 2518 2484 2517 2483 2519 2485 2518 2484 2519 2485 2520 2486 2520 2486 2519 2485 2467 2433 1080 1075 1079 1074 2521 2487 2521 2487 1079 1074 2522 2488 2521 2487 2522 2488 2523 2489 2523 2489 2522 2488 2524 2490 2523 2489 2524 2490 2525 2491 2525 2491 2524 2490 2526 2492 2525 2491 2526 2492 2527 2493 2527 2493 2526 2492 2528 2494 2527 2493 2528 2494 2529 2495 2529 2495 2528 2494 2530 2496 2529 2495 2530 2496 2531 2497 2531 2497 2530 2496 2532 2498 2531 2497 2532 2498 2533 2499 2533 2499 2532 2498 2534 2500 2533 2499 2534 2500 2535 2501 2535 2501 2534 2500 2461 2427 2472 2438 2474 2440 2473 2439 2473 2439 2474 2440 2476 2442 2473 2439 2476 2442 2536 2502 2536 2502 2476 2442 2498 2464 2536 2502 2498 2464 2537 2503 2537 2503 2498 2464 2495 2461 2537 2503 2495 2461 2538 2504 2538 2504 2495 2461 2492 2458 2538 2504 2492 2458 2539 2505 2539 2505 2492 2458 2488 2454 2539 2505 2488 2454 2540 2506 2540 2506 2488 2454 2483 2449 2540 2506 2483 2449 2541 2507 2541 2507 2483 2449 2481 2447 2541 2507 2481 2447 2542 2508 2542 2508 2481 2447 2478 2444 2542 2508 2478 2444 1090 1085 1090 1085 2478 2444 1073 1068 1090 1085 1086 1081 2542 2508 2542 2508 1086 1081 2543 2509 2542 2508 2543 2509 2541 2507 2541 2507 2543 2509 2544 2510 2541 2507 2544 2510 2540 2506 2540 2506 2544 2510 2545 2511 2540 2506 2545 2511 2539 2505 2539 2505 2545 2511 2546 2512 2539 2505 2546 2512 2538 2504 2538 2504 2546 2512 2547 2513 2538 2504 2547 2513 2537 2503 2537 2503 2547 2513 2548 2514 2537 2503 2548 2514 2536 2502 2536 2502 2548 2514 2549 2515 2536 2502 2549 2515 2473 2439 2473 2439 2549 2515 2470 2436 2473 2439 2470 2436 2471 2437 2471 2437 2470 2436 2469 2435 2550 2516 2468 2434 2551 2517 2551 2517 2468 2434 2470 2436 2551 2517 2470 2436 2552 2518 2552 2518 2470 2436 2549 2515 2552 2518 2549 2515 2553 2519 2553 2519 2549 2515 2548 2514 2553 2519 2548 2514 2554 2520 2554 2520 2548 2514 2547 2513 2554 2520 2547 2513 2555 2521 2555 2521 2547 2513 2546 2512 2555 2521 2546 2512 2556 2522 2556 2522 2546 2512 2545 2511 2556 2522 2545 2511 2557 2523 2557 2523 2545 2511 2544 2510 2557 2523 2544 2510 2558 2524 2558 2524 2544 2510 2543 2509 2558 2524 2543 2509 1085 1080 1085 1080 2543 2509 1086 1081 1085 1080 1087 1082 2558 2524 2558 2524 1087 1082 2506 2472 2558 2524 2506 2472 2557 2523 2557 2523 2506 2472 2508 2474 2557 2523 2508 2474 2556 2522 2556 2522 2508 2474 2510 2476 2556 2522 2510 2476 2555 2521 2555 2521 2510 2476 2512 2478 2555 2521 2512 2478 2554 2520 2554 2520 2512 2478 2514 2480 2554 2520 2514 2480 2553 2519 2553 2519 2514 2480 2516 2482 2553 2519 2516 2482 2552 2518 2552 2518 2516 2482 2518 2484 2552 2518 2518 2484 2551 2517 2551 2517 2518 2484 2520 2486 2551 2517 2520 2486 2550 2516 2550 2516 2520 2486 2559 2525 2467 2433 2466 2432 2520 2486 2520 2486 2466 2432 2560 2526 2520 2486 2560 2526 2559 2525 2463 2429 2465 2431 2464 2430 2464 2430 2465 2431 2467 2433 2464 2430 2467 2433 2561 2527 2561 2527 2467 2433 2519 2485 2561 2527 2519 2485 2562 2528 2562 2528 2519 2485 2517 2483 2562 2528 2517 2483 2563 2529 2563 2529 2517 2483 2515 2481 2563 2529 2515 2481 2564 2530 2564 2530 2515 2481 2513 2479 2564 2530 2513 2479 2565 2531 2565 2531 2513 2479 2511 2477 2565 2531 2511 2477 2566 2532 2566 2532 2511 2477 2509 2475 2566 2532 2509 2475 2567 2533 2567 2533 2509 2475 2507 2473 2567 2533 2507 2473 1089 1084 1089 1084 2507 2473 1088 1083 2568 2534 2462 2428 2569 2535 2569 2535 2462 2428 2464 2430 2569 2535 2464 2430 2570 2536 2570 2536 2464 2430 2561 2527 2570 2536 2561 2527 2571 2537 2571 2537 2561 2527 2562 2528 2571 2537 2562 2528 2572 2538 2572 2538 2562 2528 2563 2529 2572 2538 2563 2529 2573 2539 2573 2539 2563 2529 2564 2530 2573 2539 2564 2530 2574 2540 2574 2540 2564 2530 2565 2531 2574 2540 2565 2531 2575 2541 2575 2541 2565 2531 2566 2532 2575 2541 2566 2532 2576 2542 2576 2542 2566 2532 2567 2533 2576 2542 2567 2533 1081 1076 1081 1076 2567 2533 1089 1084 1081 1076 1080 1075 2576 2542 2576 2542 1080 1075 2521 2487 2576 2542 2521 2487 2575 2541 2575 2541 2521 2487 2523 2489 2575 2541 2523 2489 2574 2540 2574 2540 2523 2489 2525 2491 2574 2540 2525 2491 2573 2539 2573 2539 2525 2491 2527 2493 2573 2539 2527 2493 2572 2538 2572 2538 2527 2493 2529 2495 2572 2538 2529 2495 2571 2537 2571 2537 2529 2495 2531 2497 2571 2537 2531 2497 2570 2536 2570 2536 2531 2497 2533 2499 2570 2536 2533 2499 2569 2535 2569 2535 2533 2499 2535 2501 2569 2535 2535 2501 2568 2534 2568 2534 2535 2501 2577 2543 2461 2427 2460 2426 2535 2501 2535 2501 2460 2426 2578 2544 2535 2501 2578 2544 2577 2543 2579 2545 2459 2425 2580 2546 2580 2546 2459 2425 2461 2427 2580 2546 2461 2427 2581 2547 2581 2547 2461 2427 2534 2500 2581 2547 2534 2500 2582 2548 2582 2548 2534 2500 2532 2498 2582 2548 2532 2498 2583 2549 2583 2549 2532 2498 2530 2496 2583 2549 2530 2496 2584 2550 2584 2550 2530 2496 2528 2494 2584 2550 2528 2494 2585 2551 2585 2551 2528 2494 2526 2492 2585 2551 2526 2492 2586 2552 2586 2552 2526 2492 2524 2490 2586 2552 2524 2490 2587 2553 2587 2553 2524 2490 2522 2488 2587 2553 2522 2488 1072 1067 1072 1067 2522 2488 1079 1074 1072 1067 1074 1069 2587 2553 2587 2553 1074 1069 2588 2554 2587 2553 2588 2554 2586 2552 2586 2552 2588 2554 2589 2555 2586 2552 2589 2555 2585 2551 2585 2551 2589 2555 2590 2556 2585 2551 2590 2556 2584 2550 2584 2550 2590 2556 2591 2557 2584 2550 2591 2557 2583 2549 2583 2549 2591 2557 2592 2558 2583 2549 2592 2558 2582 2548 2582 2548 2592 2558 2593 2559 2582 2548 2593 2559 2581 2547 2581 2547 2593 2559 2594 2560 2581 2547 2594 2560 2580 2546 2580 2546 2594 2560 2595 2561 2580 2546 2595 2561 2579 2545 2579 2545 2595 2561 2596 2562 1074 1069 1076 1071 2597 2563 1074 1069 2597 2563 2588 2554 2588 2554 2597 2563 2598 2564 2588 2554 2598 2564 2589 2555 2589 2555 2598 2564 2599 2565 2589 2555 2599 2565 2590 2556 2590 2556 2599 2565 2600 2566 2590 2556 2600 2566 2591 2557 2591 2557 2600 2566 2601 2567 2591 2557 2601 2567 2592 2558 2592 2558 2601 2567 2602 2568 2592 2558 2602 2568 2593 2559 2593 2559 2602 2568 2603 2569 2593 2559 2603 2569 2594 2560 2594 2560 2603 2569 2604 2570 2594 2560 2604 2570 2595 2561 2595 2561 2604 2570 2605 2571 2595 2561 2605 2571 2596 2562 2606 2572 2607 2573 2608 2574 2609 2575 2610 2576 2611 2577 2612 2578 2613 2579 2614 2580 2615 2581 2616 2582 2617 2583 2618 2584 2619 2585 2620 2586 2621 2587 2622 2588 2623 2589 2623 2589 2622 2588 2624 2590 2623 2589 2624 2590 2625 2591 2626 2592 2627 2593 2624 2590 2624 2590 2627 2593 2628 2594 2624 2590 2628 2594 2625 2591 2629 2595 2630 2596 2626 2592 2626 2592 2630 2596 2631 2597 2631 2597 2632 2598 2626 2592 2626 2592 2632 2598 2633 2599 2626 2592 2633 2599 2627 2593 2634 2600 2635 2601 2636 2602 2636 2602 2635 2601 2637 2603 2636 2602 2637 2603 2638 2604 2638 2604 2637 2603 2639 2605 2638 2604 2639 2605 2629 2595 2629 2595 2639 2605 2640 2606 2629 2595 2640 2606 2630 2596 2634 2600 2636 2602 2641 2607 2641 2607 2636 2602 2642 2608 2641 2607 2642 2608 2643 2609 2643 2609 2642 2608 2644 2610 2644 2610 2642 2608 2645 2611 2644 2610 2645 2611 2646 2612 2646 2612 2645 2611 2647 2613 2647 2613 2645 2611 2648 2614 2647 2613 2648 2614 2649 2615 2649 2615 2648 2614 2650 2616 2650 2616 2648 2614 1078 1073 2650 2616 1078 1073 1077 1072 1084 1079 1083 1078 2651 2617 2651 2617 1083 1078 2652 2618 2651 2617 2652 2618 2653 2619 2653 2619 2652 2618 2654 2620 2653 2619 2654 2620 2655 2621 2655 2621 2654 2620 2656 2622 2655 2621 2656 2622 2657 2623 2657 2623 2656 2622 2658 2624 2657 2623 2658 2624 2659 2625 2659 2625 2658 2624 2660 2626 2659 2625 2660 2626 2661 2627 2661 2627 2660 2626 2662 2628 2661 2627 2662 2628 2663 2629 2663 2629 2662 2628 2664 2630 2663 2629 2664 2630 2665 2631 2665 2631 2664 2630 2620 2586 1094 1089 1095 1090 2666 2632 2666 2632 1095 1090 2667 2633 2666 2632 2667 2633 2668 2634 2668 2634 2667 2633 2669 2635 2668 2634 2669 2635 2670 2636 2670 2636 2669 2635 2671 2637 2670 2636 2671 2637 2672 2638 2672 2638 2671 2637 2673 2639 2672 2638 2673 2639 2674 2640 2674 2640 2673 2639 2675 2641 2674 2640 2675 2641 2676 2642 2676 2642 2675 2641 2677 2643 2676 2642 2677 2643 2678 2644 2678 2644 2677 2643 2679 2645 2678 2644 2679 2645 2680 2646 2680 2646 2679 2645 2617 2583 1092 1087 1091 1086 2681 2647 2681 2647 1091 1086 2682 2648 2681 2647 2682 2648 2683 2649 2683 2649 2682 2648 2684 2650 2683 2649 2684 2650 2685 2651 2685 2651 2684 2650 2686 2652 2685 2651 2686 2652 2687 2653 2687 2653 2686 2652 2688 2654 2687 2653 2688 2654 2689 2655 2689 2655 2688 2654 2690 2656 2689 2655 2690 2656 2691 2657 2691 2657 2690 2656 2692 2658 2691 2657 2692 2658 2693 2659 2693 2659 2692 2658 2694 2660 2693 2659 2694 2660 2695 2661 2695 2661 2694 2660 2611 2577 1076 1071 1084 1079 2597 2563 2597 2563 1084 1079 2651 2617 2597 2563 2651 2617 2598 2564 2598 2564 2651 2617 2653 2619 2598 2564 2653 2619 2599 2565 2599 2565 2653 2619 2655 2621 2599 2565 2655 2621 2600 2566 2600 2566 2655 2621 2657 2623 2600 2566 2657 2623 2601 2567 2601 2567 2657 2623 2659 2625 2601 2567 2659 2625 2602 2568 2602 2568 2659 2625 2661 2627 2602 2568 2661 2627 2603 2569 2603 2569 2661 2627 2663 2629 2603 2569 2663 2629 2604 2570 2604 2570 2663 2629 2665 2631 2604 2570 2665 2631 2605 2571 2605 2571 2665 2631 2696 2662 2620 2586 2619 2585 2665 2631 2665 2631 2619 2585 2697 2663 2665 2631 2697 2663 2696 2662 2698 2664 2618 2584 2699 2665 2699 2665 2618 2584 2620 2586 2699 2665 2620 2586 2700 2666 2700 2666 2620 2586 2664 2630 2700 2666 2664 2630 2701 2667 2701 2667 2664 2630 2662 2628 2701 2667 2662 2628 2702 2668 2702 2668 2662 2628 2660 2626 2702 2668 2660 2626 2703 2669 2703 2669 2660 2626 2658 2624 2703 2669 2658 2624 2704 2670 2704 2670 2658 2624 2656 2622 2704 2670 2656 2622 2705 2671 2705 2671 2656 2622 2654 2620 2705 2671 2654 2620 2706 2672 2706 2672 2654 2620 2652 2618 2706 2672 2652 2618 1093 1088 1093 1088 2652 2618 1083 1078 1093 1088 1094 1089 2706 2672 2706 2672 1094 1089 2666 2632 2706 2672 2666 2632 2705 2671 2705 2671 2666 2632 2668 2634 2705 2671 2668 2634 2704 2670 2704 2670 2668 2634 2670 2636 2704 2670 2670 2636 2703 2669 2703 2669 2670 2636 2672 2638 2703 2669 2672 2638 2702 2668 2702 2668 2672 2638 2674 2640 2702 2668 2674 2640 2701 2667 2701 2667 2674 2640 2676 2642 2701 2667 2676 2642 2700 2666 2700 2666 2676 2642 2678 2644 2700 2666 2678 2644 2699 2665 2699 2665 2678 2644 2680 2646 2699 2665 2680 2646 2698 2664 2698 2664 2680 2646 2707 2673 2617 2583 2616 2582 2680 2646 2680 2646 2616 2582 2708 2674 2680 2646 2708 2674 2707 2673 1095 1090 1097 1092 2667 2633 2667 2633 1097 1092 2709 2675 2667 2633 2709 2675 2669 2635 2669 2635 2709 2675 2710 2676 2669 2635 2710 2676 2671 2637 2671 2637 2710 2676 2711 2677 2671 2637 2711 2677 2673 2639 2673 2639 2711 2677 2712 2678 2673 2639 2712 2678 2675 2641 2675 2641 2712 2678 2713 2679 2675 2641 2713 2679 2677 2643 2677 2643 2713 2679 2714 2680 2677 2643 2714 2680 2679 2645 2679 2645 2714 2680 2715 2681 2679 2645 2715 2681 2617 2583 2617 2583 2715 2681 2614 2580 2617 2583 2614 2580 2615 2581 2615 2581 2614 2580 2613 2579 2716 2682 2612 2578 2717 2683 2717 2683 2612 2578 2614 2580 2717 2683 2614 2580 2718 2684 2718 2684 2614 2580 2715 2681 2718 2684 2715 2681 2719 2685 2719 2685 2715 2681 2714 2680 2719 2685 2714 2680 2720 2686 2720 2686 2714 2680 2713 2679 2720 2686 2713 2679 2721 2687 2721 2687 2713 2679 2712 2678 2721 2687 2712 2678 2722 2688 2722 2688 2712 2678 2711 2677 2722 2688 2711 2677 2723 2689 2723 2689 2711 2677 2710 2676 2723 2689 2710 2676 2724 2690 2724 2690 2710 2676 2709 2675 2724 2690 2709 2675 1096 1091 1096 1091 2709 2675 1097 1092 1096 1091 1092 1087 2724 2690 2724 2690 1092 1087 2681 2647 2724 2690 2681 2647 2723 2689 2723 2689 2681 2647 2683 2649 2723 2689 2683 2649 2722 2688 2722 2688 2683 2649 2685 2651 2722 2688 2685 2651 2721 2687 2721 2687 2685 2651 2687 2653 2721 2687 2687 2653 2720 2686 2720 2686 2687 2653 2689 2655 2720 2686 2689 2655 2719 2685 2719 2685 2689 2655 2691 2657 2719 2685 2691 2657 2718 2684 2718 2684 2691 2657 2693 2659 2718 2684 2693 2659 2717 2683 2717 2683 2693 2659 2695 2661 2717 2683 2695 2661 2716 2682 2716 2682 2695 2661 2725 2691 2611 2577 2610 2576 2695 2661 2695 2661 2610 2576 2726 2692 2695 2661 2726 2692 2725 2691 2607 2573 2609 2575 2608 2574 2608 2574 2609 2575 2611 2577 2608 2574 2611 2577 2727 2693 2727 2693 2611 2577 2694 2660 2727 2693 2694 2660 2728 2694 2728 2694 2694 2660 2692 2658 2728 2694 2692 2658 2729 2695 2729 2695 2692 2658 2690 2656 2729 2695 2690 2656 2730 2696 2730 2696 2690 2656 2688 2654 2730 2696 2688 2654 2731 2697 2731 2697 2688 2654 2686 2652 2731 2697 2686 2652 2732 2698 2732 2698 2686 2652 2684 2650 2732 2698 2684 2650 2733 2699 2733 2699 2684 2650 2682 2648 2733 2699 2682 2648 1082 1077 1082 1077 2682 2648 1091 1086 2622 2588 2606 2572 2624 2590 2624 2590 2606 2572 2608 2574 2624 2590 2608 2574 2626 2592 2626 2592 2608 2574 2727 2693 2626 2592 2727 2693 2629 2595 2629 2595 2727 2693 2728 2694 2629 2595 2728 2694 2638 2604 2638 2604 2728 2694 2729 2695 2638 2604 2729 2695 2636 2602 2636 2602 2729 2695 2730 2696 2636 2602 2730 2696 2642 2608 2642 2608 2730 2696 2731 2697 2642 2608 2731 2697 2645 2611 2645 2611 2731 2697 2732 2698 2645 2611 2732 2698 2648 2614 2648 2614 2732 2698 2733 2699 2648 2614 2733 2699 1078 1073 1078 1073 2733 2699 1082 1077 79 76 2734 2700 2735 2701 2736 2702 2737 2703 80 77 80 77 2737 2703 2738 2704 80 77 2738 2704 2739 2705 2739 2705 2740 2706 80 77 80 77 2740 2706 2741 2707 80 77 2741 2707 2742 2708 79 76 2735 2701 80 77 80 77 2735 2701 2743 2709 80 77 2743 2709 2736 2702 1144 1134 1149 1135 2744 2710 2744 2710 1149 1135 2745 2711 2744 2710 2745 2711 2746 2712 2746 2712 2745 2711 2747 2713 2747 2713 2745 2711 2748 2714 2747 2713 2748 2714 2749 2715 2749 2715 2748 2714 2750 2716 2750 2716 2748 2714 2751 2717 2750 2716 2751 2717 2752 2718 2752 2718 2751 2717 2753 2719 2753 2719 2751 2717 2754 2720 2753 2719 2754 2720 2755 2721 2755 2721 2754 2720 2756 2722 2755 2721 2756 2722 2757 2723 2757 2723 2756 2722 2758 2724 2757 2723 2758 2724 2759 2725 2759 2725 2758 2724 2760 2726 2759 2725 2760 2726 2761 2727 2761 2727 2760 2726 2762 2728 2761 2727 2762 2728 2763 2729 2763 2729 2762 2728 2764 2730 2763 2729 2764 2730 2765 2731 2766 2732 24 21 16 13 18 15 2767 2733 16 13 16 13 2767 2733 2768 2734 16 13 2768 2734 2766 2732 6 3 8 5 167 177 167 177 2769 2735 6 3 6 3 2769 2735 2770 2736 6 3 2770 2736 4 1 4 1 2770 2736 2771 2737 4 1 2771 2737 13 10 13 10 2771 2737 2772 2738 13 10 2772 2738 11 8 11 8 2772 2738 2773 2739 11 8 2773 2739 19 16 19 16 2773 2739 2774 2740 19 16 2774 2740 18 15 18 15 2774 2740 2775 2741 18 15 2775 2741 2767 2733 24 21 2776 2742 22 19 22 19 2776 2742 2777 2743 22 19 2777 2743 27 24 27 24 2777 2743 2778 2744 27 24 2778 2744 28 25 28 25 2778 2744 30 27 30 27 2778 2744 2779 2745 30 27 2779 2745 33 30 33 30 2779 2745 35 32 35 32 2779 2745 2780 2746 35 32 2780 2746 37 34 37 34 2780 2746 2781 2747 37 34 2781 2747 39 36 2764 2730 2762 2728 2782 2748 1117 1112 1115 1110 2783 2749 2762 2728 2760 2726 2784 2750 1121 1116 1119 1114 2785 2751 2760 2726 2758 2724 2786 2752 1166 1141 389 384 1111 1106 1166 1141 1111 1106 2787 2753 1111 1106 1109 1104 2787 2753 2787 2753 1109 1104 1107 1102 2787 2753 1107 1102 2788 2754 1107 1102 1105 1100 2788 2754 2788 2754 1105 1100 1103 1098 2788 2754 1103 1098 2789 2755 2789 2755 1103 1098 1101 1096 2789 2755 1101 1096 2790 2756 2790 2756 1101 1096 1099 1094 1149 1135 1151 1136 2745 2711 2745 2711 1151 1136 2791 2757 2745 2711 2791 2757 2748 2714 2748 2714 2791 2757 2792 2758 2748 2714 2792 2758 2751 2717 2751 2717 2792 2758 2793 2759 2751 2717 2793 2759 2754 2720 2754 2720 2793 2759 2794 2760 2754 2720 2794 2760 2756 2722 2756 2722 2794 2760 2795 2761 2756 2722 2795 2761 2758 2724 1151 1136 1164 1140 2791 2757 2791 2757 1164 1140 2796 2762 2791 2757 2796 2762 2792 2758 2792 2758 2796 2762 2797 2763 2792 2758 2797 2763 2793 2759 2793 2759 2797 2763 2798 2764 2793 2759 2798 2764 2794 2760 2794 2760 2798 2764 2799 2765 2794 2760 2799 2765 2795 2761 2795 2761 2799 2765 2800 2766 1164 1140 1166 1141 2796 2762 2796 2762 1166 1141 2787 2753 2796 2762 2787 2753 2797 2763 2797 2763 2787 2753 2788 2754 2797 2763 2788 2754 2798 2764 2798 2764 2788 2754 2789 2755 2798 2764 2789 2755 2799 2765 2799 2765 2789 2755 2790 2756 2799 2765 2790 2756 2800 2766 2800 2766 2790 2756 2801 2767 1099 1094 1130 1125 2790 2756 2790 2756 1130 1125 1129 1124 2790 2756 1129 1124 2801 2767 2801 2767 1129 1124 1127 1122 2801 2767 1127 1122 1125 1120 2758 2724 2795 2761 2786 2752 2786 2752 2795 2761 2800 2766 2786 2752 2800 2766 2802 2768 2802 2768 2800 2766 2801 2767 2802 2768 2801 2767 2803 2769 2803 2769 2801 2767 1125 1120 2803 2769 1125 1120 1123 1118 2760 2726 2786 2752 2784 2750 2784 2750 2786 2752 2802 2768 2784 2750 2802 2768 2804 2770 2804 2770 2802 2768 2803 2769 2804 2770 2803 2769 2785 2751 2785 2751 2803 2769 1123 1118 2785 2751 1123 1118 1121 1116 2762 2728 2784 2750 2782 2748 2782 2748 2784 2750 2804 2770 2782 2748 2804 2770 2805 2771 2805 2771 2804 2770 2785 2751 2805 2771 2785 2751 2783 2749 2783 2749 2785 2751 1119 1114 2783 2749 1119 1114 1117 1112 2764 2730 2782 2748 2806 2772 2806 2772 2782 2748 2805 2771 2806 2772 2805 2771 2807 2773 2807 2773 2805 2771 2783 2749 2807 2773 2783 2749 2808 2774 2808 2774 2783 2749 1115 1110 2808 2774 1115 1110 1113 1108 1255 1221 1254 1220 2809 2775 2810 2776 1216 1182 2811 2777 2811 2777 1216 1182 1305 1271 2811 2777 1305 1271 2812 2778 1305 1271 1179 1145 2812 2778 2812 2778 1179 1145 1178 1144 2812 2778 1178 1144 2809 2775 2809 2775 1178 1144 1246 1212 2809 2775 1246 1212 1255 1221 2813 2779 2814 2780 1112 1107 1112 1107 1182 1148 2813 2779 2813 2779 1182 1148 1181 1147 2813 2779 1181 1147 2815 2781 2815 2781 1181 1147 1245 1211 2815 2781 1245 1211 2810 2776 2810 2776 1245 1211 1215 1181 2810 2776 1215 1181 1216 1182 1441 1407 705 700 2095 2061 2809 2775 1254 1220 2095 2061 2095 2061 1254 1220 1319 1285 1319 1285 1320 1286 2095 2061 2095 2061 1320 1286 1321 1287 2095 2061 1321 1287 1349 1315 1349 1315 1419 1385 2095 2061 2095 2061 1419 1385 1442 1408 2095 2061 1442 1408 1441 1407 2816 2782 2817 2783 1598 1564 1595 1561 2818 2784 1587 1553 1587 1553 2818 2784 2819 2785 1587 1553 2819 2785 1589 1555 1598 1564 2817 2783 1593 1559 1593 1559 2817 2783 2820 2786 1593 1559 2820 2786 1594 1560 1594 1560 2820 2786 2821 2787 1594 1560 2821 2787 1595 1561 1595 1561 2821 2787 2822 2788 1595 1561 2822 2788 2818 2784 1589 1555 2819 2785 1591 1557 1591 1557 2819 2785 2823 2789 1591 1557 2823 2789 1592 1558 1592 1558 2823 2789 2824 2790 1592 1558 2824 2790 1585 1551 1585 1551 2824 2790 2825 2791 1585 1551 2825 2791 1583 1549 1583 1549 2825 2791 2826 2792 1583 1549 2826 2792 1581 1547 1581 1547 2826 2792 2827 2793 1581 1547 2827 2793 1579 1545 1579 1545 2827 2793 2828 2794 1579 1545 2828 2794 1570 1536 1570 1536 2828 2794 2829 2795 1570 1536 2829 2795 1571 1537 1571 1537 2829 2795 2830 2796 1571 1537 2830 2796 1573 1539 1573 1539 2830 2796 2831 2797 1573 1539 2831 2797 1575 1541 1575 1541 2831 2797 2832 2798 1575 1541 2832 2798 1577 1543 1577 1543 2832 2798 2833 2799 1577 1543 2833 2799 1578 1544 1578 1544 2833 2799 2834 2800 1578 1544 2834 2800 1569 1535 1569 1535 2834 2800 2835 2801 1569 1535 2835 2801 1567 1533 1567 1533 2835 2801 2836 2802 1567 1533 2836 2802 1565 1531 1565 1531 2836 2802 2837 2803 1565 1531 2837 2803 1564 1530 1564 1530 2837 2803 2838 2804 1564 1530 2838 2804 1562 1528 1562 1528 2838 2804 2839 2805 1562 1528 2839 2805 1557 1523 1557 1523 2839 2805 2840 2806 1557 1523 2840 2806 1558 1524 1558 1524 2840 2806 2841 2807 1558 1524 2841 2807 1559 1525 1559 1525 2841 2807 2842 2808 1559 1525 2842 2808 1551 1517 1551 1517 2842 2808 2843 2809 1551 1517 2843 2809 1553 1519 1553 1519 2843 2809 2844 2810 1553 1519 2844 2810 1555 1521 1555 1521 2844 2810 2845 2811 1555 1521 2845 2811 1556 1522 1556 1522 2845 2811 2846 2812 1556 1522 2846 2812 1549 1515 1549 1515 2846 2812 2847 2813 1549 1515 2847 2813 1547 1513 1547 1513 2847 2813 2848 2814 1547 1513 2848 2814 1545 1511 1545 1511 2848 2814 2849 2815 1545 1511 2849 2815 1543 1509 1543 1509 2849 2815 2850 2816 1543 1509 2850 2816 1534 1500 1534 1500 2850 2816 2851 2817 1534 1500 2851 2817 1535 1501 1535 1501 2851 2817 2852 2818 1535 1501 2852 2818 1537 1503 1537 1503 2852 2818 2853 2819 1537 1503 2853 2819 1539 1505 1539 1505 2853 2819 2854 2820 1539 1505 2854 2820 1541 1507 1541 1507 2854 2820 2855 2821 1541 1507 2855 2821 1542 1508 1542 1508 2855 2821 2856 2822 1542 1508 2856 2822 1533 1499 1533 1499 2856 2822 2857 2823 1533 1499 2857 2823 1531 1497 1531 1497 2857 2823 2858 2824 1531 1497 2858 2824 1529 1495 1529 1495 2858 2824 2859 2825 1529 1495 2859 2825 1528 1494 1528 1494 2859 2825 2860 2826 1528 1494 2860 2826 1526 1492 2860 2826 2861 2827 1526 1492 1526 1492 2861 2827 2862 2828 1526 1492 2862 2828 1521 1487 1521 1487 2862 2828 2863 2829 1521 1487 2863 2829 1522 1488 1522 1488 2863 2829 2864 2830 1522 1488 2864 2830 1523 1489 1523 1489 2864 2830 2865 2831 1523 1489 2865 2831 1515 1481 1515 1481 2865 2831 2866 2832 1515 1481 2866 2832 1517 1483 1517 1483 2866 2832 2867 2833 1517 1483 2867 2833 1519 1485 1519 1485 2867 2833 2868 2834 1519 1485 2868 2834 1520 1486 1520 1486 2868 2834 2869 2835 1520 1486 2869 2835 1513 1479 1513 1479 2869 2835 2870 2836 1513 1479 2870 2836 1511 1477 1511 1477 2870 2836 2871 2837 1511 1477 2871 2837 1509 1475 1509 1475 2871 2837 2872 2838 1509 1475 2872 2838 1507 1473 1507 1473 2872 2838 2873 2839 1507 1473 2873 2839 1498 1464 1498 1464 2873 2839 2874 2840 1498 1464 2874 2840 1499 1465 1499 1465 2874 2840 2875 2841 1499 1465 2875 2841 1501 1467 1501 1467 2875 2841 2876 2842 1501 1467 2876 2842 1503 1469 1503 1469 2876 2842 2877 2843 1503 1469 2877 2843 1505 1471 1505 1471 2877 2843 2878 2844 1505 1471 2878 2844 1506 1472 1506 1472 2878 2844 2879 2845 1506 1472 2879 2845 1497 1463 1497 1463 2879 2845 2880 2846 1497 1463 2880 2846 1495 1461 1495 1461 2880 2846 2881 2847 1495 1461 2881 2847 1493 1459 1493 1459 2881 2847 1492 1458 1492 1458 2881 2847 2882 2848 1492 1458 2882 2848 1490 1456 2882 2848 2883 2849 1490 1456 1490 1456 2883 2849 2884 2850 1490 1456 2884 2850 1485 1451 2884 2850 2885 2851 1485 1451 1485 1451 2885 2851 2886 2852 1485 1451 2886 2852 1486 1452 1486 1452 2886 2852 2887 2853 1486 1452 2887 2853 1487 1453 1487 1453 2887 2853 2888 2854 1487 1453 2888 2854 1479 1445 1479 1445 2888 2854 1481 1447 1481 1447 2888 2854 2889 2855 1481 1447 2889 2855 1483 1449 2889 2855 2890 2856 1483 1449 1483 1449 2890 2856 2891 2857 1483 1449 2891 2857 1484 1450 1484 1450 2891 2857 2892 2858 1484 1450 2892 2858 1477 1443 1477 1443 2892 2858 2893 2859 1477 1443 2893 2859 1475 1441 1475 1441 2893 2859 1473 1439 1473 1439 2893 2859 2894 2860 1473 1439 2894 2860 1471 1437 1471 1437 2894 2860 2895 2861 1471 1437 2895 2861 1462 1428 2895 2861 2896 2862 1462 1428 1462 1428 2896 2862 2897 2863 1462 1428 2897 2863 1463 1429 1463 1429 2897 2863 2898 2864 1463 1429 2898 2864 1465 1431 1465 1431 2898 2864 1467 1433 1467 1433 2898 2864 2899 2865 1467 1433 2899 2865 1469 1435 1469 1435 2899 2865 2900 2866 1469 1435 2900 2866 1470 1436 2900 2866 2901 2867 1470 1436 1470 1436 2901 2867 2902 2868 1470 1436 2902 2868 1461 1427 1461 1427 2902 2868 2903 2869 2816 2782 1598 1564 2904 2870 2904 2870 1598 1564 1599 1565 2904 2870 1599 1565 2905 2871 2905 2871 1599 1565 1458 1424 2905 2871 1458 1424 2903 2869 2903 2869 1458 1424 1459 1425 2903 2869 1459 1425 1461 1427 2093 2059 2092 2058 2906 2872 2088 2054 2087 2053 2907 2873 2086 2052 2085 2051 2908 2874 2081 2047 2080 2046 2909 2875 2076 2042 2075 2041 2910 2876 2074 2040 2073 2039 2911 2877 2069 2035 2068 2034 2912 2878 2067 2033 2066 2032 2913 2879 2065 2031 2064 2030 2914 2880 2062 2028 2061 2027 2915 2881 2057 2023 2056 2022 2916 2882 2055 2021 2054 2020 2917 2883 2050 2016 2049 2015 2918 2884 2048 2014 2047 2013 2919 2885 2920 2886 2921 2887 2922 2888 2923 2889 2924 2890 2925 2891 2926 2892 2927 2893 2928 2894 2929 2895 2930 2896 2931 2897 2932 2898 2929 2895 2933 2899 2933 2899 2929 2895 2931 2897 2933 2899 2931 2897 2934 2900 2934 2900 2931 2897 2935 2901 2934 2900 2935 2901 2936 2902 2936 2902 2935 2901 2937 2903 2936 2902 2937 2903 2938 2904 2938 2904 2937 2903 2939 2905 2938 2904 2939 2905 2940 2906 2940 2906 2939 2905 2941 2907 2940 2906 2941 2907 2942 2908 2942 2908 2941 2907 2943 2909 2942 2908 2943 2909 2944 2910 2944 2910 2943 2909 2945 2911 2944 2910 2945 2911 2946 2912 2946 2912 2945 2911 2917 2883 2947 2913 2948 2914 2949 2915 2949 2915 2948 2914 2950 2916 2949 2915 2950 2916 2951 2917 2951 2917 2950 2916 2952 2918 2951 2917 2952 2918 2953 2919 2953 2919 2952 2918 2954 2920 2953 2919 2954 2920 2955 2921 2955 2921 2954 2920 2956 2922 2955 2921 2956 2922 2957 2923 2957 2923 2956 2922 2958 2924 2957 2923 2958 2924 2959 2925 2959 2925 2958 2924 2960 2926 2959 2925 2960 2926 2961 2927 2961 2927 2960 2926 2962 2928 2961 2927 2962 2928 2963 2929 2963 2929 2962 2928 2915 2881 2964 2930 2965 2931 2966 2932 2966 2932 2965 2931 2967 2933 2966 2932 2967 2933 2968 2934 2968 2934 2967 2933 2969 2935 2968 2934 2969 2935 2970 2936 2970 2936 2969 2935 2971 2937 2970 2936 2971 2937 2972 2938 2972 2938 2971 2937 2973 2939 2972 2938 2973 2939 2974 2940 2974 2940 2973 2939 2975 2941 2974 2940 2975 2941 2976 2942 2976 2942 2975 2941 2977 2943 2976 2942 2977 2943 2978 2944 2978 2944 2977 2943 2979 2945 2978 2944 2979 2945 2980 2946 2980 2946 2979 2945 2911 2877 2981 2947 2982 2948 2983 2949 2983 2949 2982 2948 2984 2950 2983 2949 2984 2950 2985 2951 2985 2951 2984 2950 2986 2952 2985 2951 2986 2952 2987 2953 2987 2953 2986 2952 2988 2954 2987 2953 2988 2954 2989 2955 2989 2955 2988 2954 2990 2956 2989 2955 2990 2956 2991 2957 2991 2957 2990 2956 2992 2958 2991 2957 2992 2958 2993 2959 2993 2959 2992 2958 2994 2960 2993 2959 2994 2960 2995 2961 2995 2961 2994 2960 2996 2962 2995 2961 2996 2962 2997 2963 2997 2963 2996 2962 2909 2875 2998 2964 2999 2965 3000 2966 3000 2966 2999 2965 3001 2967 3000 2966 3001 2967 3002 2968 3002 2968 3001 2967 3003 2969 3002 2968 3003 2969 3004 2970 3004 2970 3003 2969 3005 2971 3004 2970 3005 2971 3006 2972 3006 2972 3005 2971 3007 2973 3006 2972 3007 2973 3008 2974 3008 2974 3007 2973 3009 2975 3008 2974 3009 2975 3010 2976 3010 2976 3009 2975 3011 2977 3010 2976 3011 2977 3012 2978 3012 2978 3011 2977 3013 2979 3012 2978 3013 2979 3014 2980 3014 2980 3013 2979 2908 2874 3015 2981 3016 2982 3017 2983 3017 2983 3016 2982 3018 2984 3017 2983 3018 2984 3019 2985 3019 2985 3018 2984 3020 2986 3019 2985 3020 2986 3021 2987 3021 2987 3020 2986 3022 2988 3021 2987 3022 2988 3023 2989 3023 2989 3022 2988 3024 2990 3023 2989 3024 2990 3025 2991 3025 2991 3024 2990 3026 2992 3025 2991 3026 2992 3027 2993 3027 2993 3026 2992 3028 2994 3027 2993 3028 2994 3029 2995 3029 2995 3028 2994 3030 2996 3029 2995 3030 2996 3031 2997 3031 2997 3030 2996 2906 2872 3032 2998 3033 2999 3034 3000 3034 3000 3033 2999 3035 3001 3034 3000 3035 3001 3036 3002 3036 3002 3035 3001 3037 3003 3036 3002 3037 3003 3038 3004 3038 3004 3037 3003 3039 3005 3038 3004 3039 3005 3040 3006 3040 3006 3039 3005 3041 3007 3040 3006 3041 3007 3042 3008 3042 3008 3041 3007 3043 3009 3042 3008 3043 3009 3044 3010 3044 3010 3043 3009 3045 3011 3044 3010 3045 3011 3046 3012 3046 3012 3045 3011 3047 3013 3046 3012 3047 3013 3048 3014 3048 3014 3047 3013 2919 2885 3048 3014 2919 2885 2046 2012 2046 2012 2919 2885 2047 2013 3033 2999 3049 3015 3035 3001 3035 3001 3049 3015 3050 3016 3035 3001 3050 3016 3037 3003 3037 3003 3050 3016 3051 3017 3037 3003 3051 3017 3039 3005 3039 3005 3051 3017 3052 3018 3039 3005 3052 3018 3041 3007 3041 3007 3052 3018 3053 3019 3041 3007 3053 3019 3043 3009 3043 3009 3053 3019 3054 3020 3043 3009 3054 3020 3045 3011 3045 3011 3054 3020 3055 3021 3045 3011 3055 3021 3047 3013 3047 3013 3055 3021 3056 3022 3047 3013 3056 3022 2919 2885 2919 2885 3056 3022 2918 2884 2919 2885 2918 2884 2048 2014 2048 2014 2918 2884 2049 2015 2051 2017 2050 2016 3057 3023 3057 3023 2050 2016 2918 2884 3057 3023 2918 2884 3058 3024 3058 3024 2918 2884 3056 3022 3058 3024 3056 3022 3059 3025 3059 3025 3056 3022 3055 3021 3059 3025 3055 3021 3060 3026 3060 3026 3055 3021 3054 3020 3060 3026 3054 3020 3061 3027 3061 3027 3054 3020 3053 3019 3061 3027 3053 3019 3062 3028 3062 3028 3053 3019 3052 3018 3062 3028 3052 3018 3063 3029 3063 3029 3052 3018 3051 3017 3063 3029 3051 3017 3064 3030 3064 3030 3051 3017 3050 3016 3064 3030 3050 3016 3065 3031 3065 3031 3050 3016 3049 3015 3065 3031 2932 2898 3064 3030 3064 3030 2932 2898 2933 2899 3064 3030 2933 2899 3063 3029 3063 3029 2933 2899 2934 2900 3063 3029 2934 2900 3062 3028 3062 3028 2934 2900 2936 2902 3062 3028 2936 2902 3061 3027 3061 3027 2936 2902 2938 2904 3061 3027 2938 2904 3060 3026 3060 3026 2938 2904 2940 2906 3060 3026 2940 2906 3059 3025 3059 3025 2940 2906 2942 2908 3059 3025 2942 2908 3058 3024 3058 3024 2942 2908 2944 2910 3058 3024 2944 2910 3057 3023 3057 3023 2944 2910 2946 2912 3057 3023 2946 2912 2051 2017 2051 2017 2946 2912 2052 2018 2917 2883 2054 2020 2946 2912 2946 2912 2054 2020 2053 2019 2946 2912 2053 2019 2052 2018 2056 2022 2055 2021 2916 2882 2916 2882 2055 2021 2917 2883 2916 2882 2917 2883 3066 3032 3066 3032 2917 2883 2945 2911 3066 3032 2945 2911 3067 3033 3067 3033 2945 2911 2943 2909 3067 3033 2943 2909 3068 3034 3068 3034 2943 2909 2941 2907 3068 3034 2941 2907 3069 3035 3069 3035 2941 2907 2939 2905 3069 3035 2939 2905 3070 3036 3070 3036 2939 2905 2937 2903 3070 3036 2937 2903 3071 3037 3071 3037 2937 2903 2935 2901 3071 3037 2935 2901 2928 2894 2928 2894 2935 2901 2931 2897 2928 2894 2931 2897 2926 2892 2926 2892 2931 2897 2930 2896 2058 2024 2057 2023 3072 3038 3072 3038 2057 2023 2916 2882 3072 3038 2916 2882 3073 3039 3073 3039 2916 2882 3066 3032 3073 3039 3066 3032 3074 3040 3074 3040 3066 3032 3067 3033 3074 3040 3067 3033 3075 3041 3075 3041 3067 3033 3068 3034 3075 3041 3068 3034 3076 3042 3076 3042 3068 3034 3069 3035 3076 3042 3069 3035 3077 3043 3077 3043 3069 3035 3070 3036 3077 3043 3070 3036 3078 3044 3078 3044 3070 3036 3071 3037 3078 3044 3071 3037 3079 3045 3079 3045 3071 3037 2928 2894 3079 3045 2928 2894 3080 3046 3080 3046 2928 2894 2927 2893 3080 3046 2947 2913 3079 3045 3079 3045 2947 2913 2949 2915 3079 3045 2949 2915 3078 3044 3078 3044 2949 2915 2951 2917 3078 3044 2951 2917 3077 3043 3077 3043 2951 2917 2953 2919 3077 3043 2953 2919 3076 3042 3076 3042 2953 2919 2955 2921 3076 3042 2955 2921 3075 3041 3075 3041 2955 2921 2957 2923 3075 3041 2957 2923 3074 3040 3074 3040 2957 2923 2959 2925 3074 3040 2959 2925 3073 3039 3073 3039 2959 2925 2961 2927 3073 3039 2961 2927 3072 3038 3072 3038 2961 2927 2963 2929 3072 3038 2963 2929 2058 2024 2058 2024 2963 2929 2059 2025 2915 2881 2061 2027 2963 2929 2963 2929 2061 2027 2060 2026 2963 2929 2060 2026 2059 2025 2063 2029 2062 2028 3081 3047 3081 3047 2062 2028 2915 2881 3081 3047 2915 2881 3082 3048 3082 3048 2915 2881 2962 2928 3082 3048 2962 2928 3083 3049 3083 3049 2962 2928 2960 2926 3083 3049 2960 2926 3084 3050 3084 3050 2960 2926 2958 2924 3084 3050 2958 2924 3085 3051 3085 3051 2958 2924 2956 2922 3085 3051 2956 2922 3086 3052 3086 3052 2956 2922 2954 2920 3086 3052 2954 2920 3087 3053 3087 3053 2954 2920 2952 2918 3087 3053 2952 2918 3088 3054 3088 3054 2952 2918 2950 2916 3088 3054 2950 2916 3089 3055 3089 3055 2950 2916 2948 2914 3089 3055 3090 3056 3088 3054 3088 3054 3090 3056 3091 3057 3088 3054 3091 3057 3087 3053 3087 3053 3091 3057 3092 3058 3087 3053 3092 3058 3086 3052 3086 3052 3092 3058 3093 3059 3086 3052 3093 3059 3085 3051 3085 3051 3093 3059 3094 3060 3085 3051 3094 3060 3084 3050 3084 3050 3094 3060 3095 3061 3084 3050 3095 3061 3083 3049 3083 3049 3095 3061 3096 3062 3083 3049 3096 3062 3082 3048 3082 3048 3096 3062 3097 3063 3082 3048 3097 3063 3081 3047 3081 3047 3097 3063 2914 2880 3081 3047 2914 2880 2063 2029 2063 2029 2914 2880 2064 2030 2066 2032 2065 2031 2913 2879 2913 2879 2065 2031 2914 2880 2913 2879 2914 2880 3098 3064 3098 3064 2914 2880 3097 3063 3098 3064 3097 3063 3099 3065 3099 3065 3097 3063 3096 3062 3099 3065 3096 3062 3100 3066 3100 3066 3096 3062 3095 3061 3100 3066 3095 3061 3101 3067 3101 3067 3095 3061 3094 3060 3101 3067 3094 3060 3102 3068 3102 3068 3094 3060 3093 3059 3102 3068 3093 3059 3103 3069 3103 3069 3093 3059 3092 3058 3103 3069 3092 3058 3104 3070 3104 3070 3092 3058 3091 3057 3104 3070 3091 3057 3105 3071 3105 3071 3091 3057 3090 3056 3105 3071 3106 3072 3104 3070 3104 3070 3106 3072 3107 3073 3104 3070 3107 3073 3103 3069 3103 3069 3107 3073 3108 3074 3103 3069 3108 3074 3102 3068 3102 3068 3108 3074 3109 3075 3102 3068 3109 3075 3101 3067 3101 3067 3109 3075 3110 3076 3101 3067 3110 3076 3100 3066 3100 3066 3110 3076 3111 3077 3100 3066 3111 3077 3099 3065 3099 3065 3111 3077 3112 3078 3099 3065 3112 3078 3098 3064 3098 3064 3112 3078 3113 3079 3098 3064 3113 3079 2913 2879 2913 2879 3113 3079 2912 2878 2913 2879 2912 2878 2067 2033 2067 2033 2912 2878 2068 2034 2070 2036 2069 2035 3114 3080 3114 3080 2069 2035 2912 2878 3114 3080 2912 2878 3115 3081 3115 3081 2912 2878 3113 3079 3115 3081 3113 3079 3116 3082 3116 3082 3113 3079 3112 3078 3116 3082 3112 3078 3117 3083 3117 3083 3112 3078 3111 3077 3117 3083 3111 3077 3118 3084 3118 3084 3111 3077 3110 3076 3118 3084 3110 3076 3119 3085 3119 3085 3110 3076 3109 3075 3119 3085 3109 3075 3120 3086 3120 3086 3109 3075 3108 3074 3120 3086 3108 3074 3121 3087 3121 3087 3108 3074 3107 3073 3121 3087 3107 3073 3122 3088 3122 3088 3107 3073 3106 3072 3122 3088 2964 2930 3121 3087 3121 3087 2964 2930 2966 2932 3121 3087 2966 2932 3120 3086 3120 3086 2966 2932 2968 2934 3120 3086 2968 2934 3119 3085 3119 3085 2968 2934 2970 2936 3119 3085 2970 2936 3118 3084 3118 3084 2970 2936 2972 2938 3118 3084 2972 2938 3117 3083 3117 3083 2972 2938 2974 2940 3117 3083 2974 2940 3116 3082 3116 3082 2974 2940 2976 2942 3116 3082 2976 2942 3115 3081 3115 3081 2976 2942 2978 2944 3115 3081 2978 2944 3114 3080 3114 3080 2978 2944 2980 2946 3114 3080 2980 2946 2070 2036 2070 2036 2980 2946 2071 2037 2911 2877 2073 2039 2980 2946 2980 2946 2073 2039 2072 2038 2980 2946 2072 2038 2071 2037 2075 2041 2074 2040 2910 2876 2910 2876 2074 2040 2911 2877 2910 2876 2911 2877 3123 3089 3123 3089 2911 2877 2979 2945 3123 3089 2979 2945 3124 3090 3124 3090 2979 2945 2977 2943 3124 3090 2977 2943 3125 3091 3125 3091 2977 2943 2975 2941 3125 3091 2975 2941 3126 3092 3126 3092 2975 2941 2973 2939 3126 3092 2973 2939 3127 3093 3127 3093 2973 2939 2971 2937 3127 3093 2971 2937 3128 3094 3128 3094 2971 2937 2969 2935 3128 3094 2969 2935 3129 3095 3129 3095 2969 2935 2967 2933 3129 3095 2967 2933 3130 3096 3130 3096 2967 2933 2965 2931 2077 2043 2076 2042 3131 3097 3131 3097 2076 2042 2910 2876 3131 3097 2910 2876 3132 3098 3132 3098 2910 2876 3123 3089 3132 3098 3123 3089 3133 3099 3133 3099 3123 3089 3124 3090 3133 3099 3124 3090 3134 3100 3134 3100 3124 3090 3125 3091 3134 3100 3125 3091 3135 3101 3135 3101 3125 3091 3126 3092 3135 3101 3126 3092 3136 3102 3136 3102 3126 3092 3127 3093 3136 3102 3127 3093 3137 3103 3137 3103 3127 3093 3128 3094 3137 3103 3128 3094 3138 3104 3138 3104 3128 3094 3129 3095 3138 3104 3129 3095 3139 3105 3139 3105 3129 3095 3130 3096 3139 3105 2981 2947 3138 3104 3138 3104 2981 2947 2983 2949 3138 3104 2983 2949 3137 3103 3137 3103 2983 2949 2985 2951 3137 3103 2985 2951 3136 3102 3136 3102 2985 2951 2987 2953 3136 3102 2987 2953 3135 3101 3135 3101 2987 2953 2989 2955 3135 3101 2989 2955 3134 3100 3134 3100 2989 2955 2991 2957 3134 3100 2991 2957 3133 3099 3133 3099 2991 2957 2993 2959 3133 3099 2993 2959 3132 3098 3132 3098 2993 2959 2995 2961 3132 3098 2995 2961 3131 3097 3131 3097 2995 2961 2997 2963 3131 3097 2997 2963 2077 2043 2077 2043 2997 2963 2078 2044 2909 2875 2080 2046 2997 2963 2997 2963 2080 2046 2079 2045 2997 2963 2079 2045 2078 2044 2082 2048 2081 2047 3140 3106 3140 3106 2081 2047 2909 2875 3140 3106 2909 2875 3141 3107 3141 3107 2909 2875 2996 2962 3141 3107 2996 2962 3142 3108 3142 3108 2996 2962 2994 2960 3142 3108 2994 2960 3143 3109 3143 3109 2994 2960 2992 2958 3143 3109 2992 2958 3144 3110 3144 3110 2992 2958 2990 2956 3144 3110 2990 2956 3145 3111 3145 3111 2990 2956 2988 2954 3145 3111 2988 2954 3146 3112 3146 3112 2988 2954 2986 2952 3146 3112 2986 2952 3147 3113 3147 3113 2986 2952 2984 2950 3147 3113 2984 2950 3148 3114 3148 3114 2984 2950 2982 2948 3148 3114 2998 2964 3147 3113 3147 3113 2998 2964 3000 2966 3147 3113 3000 2966 3146 3112 3146 3112 3000 2966 3002 2968 3146 3112 3002 2968 3145 3111 3145 3111 3002 2968 3004 2970 3145 3111 3004 2970 3144 3110 3144 3110 3004 2970 3006 2972 3144 3110 3006 2972 3143 3109 3143 3109 3006 2972 3008 2974 3143 3109 3008 2974 3142 3108 3142 3108 3008 2974 3010 2976 3142 3108 3010 2976 3141 3107 3141 3107 3010 2976 3012 2978 3141 3107 3012 2978 3140 3106 3140 3106 3012 2978 3014 2980 3140 3106 3014 2980 2082 2048 2082 2048 3014 2980 2083 2049 2908 2874 2085 2051 3014 2980 3014 2980 2085 2051 2084 2050 3014 2980 2084 2050 2083 2049 2999 2965 2923 2889 3001 2967 3001 2967 2923 2889 2925 2891 3001 2967 2925 2891 3003 2969 3003 2969 2925 2891 3149 3115 3003 2969 3149 3115 3005 2971 3005 2971 3149 3115 3150 3116 3005 2971 3150 3116 3007 2973 3007 2973 3150 3116 3151 3117 3007 2973 3151 3117 3009 2975 3009 2975 3151 3117 3152 3118 3009 2975 3152 3118 3011 2977 3011 2977 3152 3118 3153 3119 3011 2977 3153 3119 3013 2979 3013 2979 3153 3119 3154 3120 3013 2979 3154 3120 2908 2874 2908 2874 3154 3120 2907 2873 2908 2874 2907 2873 2086 2052 2086 2052 2907 2873 2087 2053 2089 2055 2088 2054 3155 3121 3155 3121 2088 2054 2907 2873 3155 3121 2907 2873 3156 3122 3156 3122 2907 2873 3154 3120 3156 3122 3154 3120 3157 3123 3157 3123 3154 3120 3153 3119 3157 3123 3153 3119 3158 3124 3158 3124 3153 3119 3152 3118 3158 3124 3152 3118 3159 3125 3159 3125 3152 3118 3151 3117 3159 3125 3151 3117 3160 3126 3160 3126 3151 3117 3150 3116 3160 3126 3150 3116 3161 3127 3161 3127 3150 3116 3149 3115 3161 3127 3149 3115 2922 2888 2922 2888 3149 3115 2925 2891 2922 2888 2925 2891 2920 2886 2920 2886 2925 2891 2924 2890 2921 2887 3015 2981 2922 2888 2922 2888 3015 2981 3017 2983 2922 2888 3017 2983 3161 3127 3161 3127 3017 2983 3019 2985 3161 3127 3019 2985 3160 3126 3160 3126 3019 2985 3021 2987 3160 3126 3021 2987 3159 3125 3159 3125 3021 2987 3023 2989 3159 3125 3023 2989 3158 3124 3158 3124 3023 2989 3025 2991 3158 3124 3025 2991 3157 3123 3157 3123 3025 2991 3027 2993 3157 3123 3027 2993 3156 3122 3156 3122 3027 2993 3029 2995 3156 3122 3029 2995 3155 3121 3155 3121 3029 2995 3031 2997 3155 3121 3031 2997 2089 2055 2089 2055 3031 2997 2090 2056 2906 2872 2092 2058 3031 2997 3031 2997 2092 2058 2091 2057 3031 2997 2091 2057 2090 2056 2094 2060 2093 2059 3162 3128 3162 3128 2093 2059 2906 2872 3162 3128 2906 2872 3163 3129 3163 3129 2906 2872 3030 2996 3163 3129 3030 2996 3164 3130 3164 3130 3030 2996 3028 2994 3164 3130 3028 2994 3165 3131 3165 3131 3028 2994 3026 2992 3165 3131 3026 2992 3166 3132 3166 3132 3026 2992 3024 2990 3166 3132 3024 2990 3167 3133 3167 3133 3024 2990 3022 2988 3167 3133 3022 2988 3168 3134 3168 3134 3022 2988 3020 2986 3168 3134 3020 2986 3169 3135 3169 3135 3020 2986 3018 2984 3169 3135 3018 2984 3170 3136 3170 3136 3018 2984 3016 2982 3170 3136 3171 3137 3169 3135 3169 3135 3171 3137 3172 3138 3169 3135 3172 3138 3168 3134 3168 3134 3172 3138 3173 3139 3168 3134 3173 3139 3167 3133 3167 3133 3173 3139 3174 3140 3167 3133 3174 3140 3166 3132 3166 3132 3174 3140 3175 3141 3166 3132 3175 3141 3165 3131 3165 3131 3175 3141 3176 3142 3165 3131 3176 3142 3164 3130 3164 3130 3176 3142 3177 3143 3164 3130 3177 3143 3163 3129 3163 3129 3177 3143 3178 3144 3163 3129 3178 3144 3162 3128 3162 3128 3178 3144 3179 3145 3162 3128 3179 3145 2094 2060 2094 2060 3179 3145 2095 2061 2262 2228 2264 2230 3180 3146 2262 2228 3180 3146 2260 2226 2260 2226 3180 3146 2046 2012 2260 2226 2046 2012 2259 2225 861 856 2096 2062 2046 2012 2046 2012 2096 2062 2140 2106 2140 2106 2139 2105 2046 2012 2046 2012 2139 2105 2202 2168 2046 2012 2202 2168 2259 2225 1048 1043 3181 3147 2348 2314 2348 2314 3181 3147 3182 3148 2270 2236 2277 2243 3183 3149 3183 3149 2277 2243 2275 2241 3183 3149 2275 2241 3184 3150 3184 3150 2275 2241 2274 2240 3184 3150 2274 2240 3185 3151 3185 3151 2274 2240 2332 2298 3185 3151 2332 2298 3186 3152 3186 3152 2332 2298 2379 2345 3186 3152 2379 2345 3182 3148 3182 3148 2379 2345 2380 2346 3182 3148 2380 2346 2348 2314 2270 2236 3183 3149 2271 2237 2271 2237 3183 3149 3180 3146 2271 2237 3180 3146 2264 2230 3187 3153 2420 2386 3188 3154 3188 3154 3189 3155 3187 3153 3187 3153 3189 3155 3190 3156 3187 3153 3190 3156 3191 3157 3190 3156 3192 3158 3191 3157 3191 3157 3192 3158 3193 3159 3191 3157 3193 3159 3194 3160 3194 3160 3193 3159 3195 3161 3194 3160 3195 3161 1047 1042 1047 1042 3195 3161 3181 3147 1047 1042 3181 3147 1048 1043 2435 2401 45 42 3196 3162 3197 3163 3198 3163 2434 2400 2434 2400 3198 3163 3199 3163 3200 3163 3201 3163 3202 3163 2420 2386 2434 2400 3188 3154 3188 3154 2434 2400 3199 3163 3188 3154 3199 3163 3196 3162 3196 3162 3199 3163 3200 3163 3196 3162 3200 3163 2435 2401 2435 2401 3200 3163 3202 3163 2596 2562 3203 3164 2579 2545 2579 2545 3203 3164 3204 3165 2579 2545 3204 3165 2459 2425 2459 2425 3204 3165 3205 3166 2459 2425 3205 3166 2460 2426 2460 2426 3205 3166 3206 3167 2460 2426 3206 3167 2578 2544 2578 2544 3206 3167 3207 3168 2578 2544 3207 3168 2577 2543 2577 2543 3207 3168 3208 3169 2577 2543 3208 3169 2568 2534 2568 2534 3208 3169 3209 3170 3210 3171 2550 2516 3211 3172 3211 3172 2550 2516 2559 2525 3211 3172 2559 2525 3212 3173 3212 3173 2559 2525 2560 2526 3212 3173 2560 2526 3213 3174 3213 3174 2560 2526 2466 2432 3213 3174 2466 2432 3214 3175 3214 3175 2466 2432 2465 2431 3214 3175 2465 2431 3215 3176 3215 3176 2465 2431 2463 2429 3215 3176 2463 2429 3209 3170 3209 3170 2463 2429 2462 2428 3209 3170 2462 2428 2568 2534 3196 3162 45 42 3216 3177 3216 3177 45 42 44 41 3196 3162 2505 2471 3217 3178 3217 3178 2505 2471 2475 2441 3217 3178 2475 2441 3218 3179 3218 3179 2475 2441 2474 2440 3218 3179 2474 2440 3219 3180 3219 3180 2474 2440 2472 2438 3219 3180 2472 2438 3220 3181 3220 3181 2472 2438 2471 2437 3220 3181 2471 2437 3221 3182 3221 3182 2471 2437 2469 2435 3221 3182 2469 2435 3210 3171 3210 3171 2469 2435 2468 2434 3210 3171 2468 2434 2550 2516 3203 3164 2596 2562 3222 3183 3222 3183 2596 2562 2605 2571 40 37 39 36 2621 2587 2621 2587 39 36 3223 3184 2621 2587 3223 3184 2622 2588 2622 2588 3223 3184 3224 3185 2622 2588 3224 3185 2606 2572 2606 2572 3224 3185 3225 3186 2606 2572 3225 3186 2607 2573 2607 2573 3225 3186 3226 3187 2607 2573 3226 3187 2609 2575 2609 2575 3226 3187 3227 3188 2609 2575 3227 3188 2610 2576 2610 2576 3227 3188 3228 3189 2610 2576 3228 3189 2726 2692 2726 2692 3228 3189 3229 3190 2726 2692 3229 3190 2725 2691 2725 2691 3229 3190 3230 3191 3231 3192 2707 2673 3232 3193 3232 3193 2707 2673 2708 2674 3232 3193 2708 2674 3233 3194 3233 3194 2708 2674 2616 2582 3233 3194 2616 2582 3234 3195 3234 3195 2616 2582 2615 2581 3234 3195 2615 2581 3235 3196 3235 3196 2615 2581 2613 2579 3235 3196 2613 2579 3236 3197 3236 3197 2613 2579 2612 2578 3236 3197 2612 2578 3230 3191 3230 3191 2612 2578 2716 2682 3230 3191 2716 2682 2725 2691 3222 3183 2605 2571 3237 3198 3237 3198 2605 2571 2696 2662 3237 3198 2696 2662 3238 3199 3238 3199 2696 2662 2697 2663 3238 3199 2697 2663 3239 3200 3239 3200 2697 2663 2619 2585 3239 3200 2619 2585 3240 3201 3240 3201 2619 2585 2618 2584 3240 3201 2618 2584 3231 3192 3231 3192 2618 2584 2698 2664 3231 3192 2698 2664 2707 2673 2765 2731 2764 2730 3241 3202 3241 3202 3223 3184 2781 2747 2781 2747 3223 3184 39 36 3242 3203 3243 3203 3244 3203 3244 3203 2765 2731 3242 3203 3242 3203 2765 2731 3241 3202 3242 3203 3241 3202 3245 3203 3245 3203 3241 3202 3246 3203 3245 3203 3246 3203 3247 3203 3247 3203 3246 3203 3248 3203 1113 1108 1112 1107 2814 2780 1113 1108 2814 2780 3249 3204 2814 2780 3250 3205 3249 3204 3249 3204 3250 3205 3251 3206 3249 3204 3251 3206 3252 3207 3251 3206 3253 3208 3252 3207 3252 3207 3253 3208 3254 3209 3252 3207 3254 3209 3255 3210 3254 3209 3256 3211 3255 3210 3255 3210 3256 3211 3241 3202 3255 3210 3241 3202 2764 2730 3257 3212 3258 3213 3259 3214 3259 3214 3258 3213 3260 3215 3259 3214 3260 3215 3261 3216 3261 3216 3260 3215 3262 3217 3261 3216 3262 3217 3263 3218 3263 3218 3262 3217 3264 3219 3263 3218 3264 3219 3265 3220 3265 3220 3264 3219 3266 3221 3265 3220 3266 3221 3267 3222 3267 3222 3266 3221 3268 3223 3267 3222 3268 3223 3269 3224 3269 3224 3268 3223 3270 3225 3269 3224 3270 3225 3271 3226 3271 3226 3270 3225 3272 3227 3271 3226 3272 3227 3273 3228 3273 3228 3272 3227 3274 3229 3273 3228 3274 3229 3275 3230 3275 3230 3274 3229 3276 3231 3275 3230 3276 3231 3277 3232 3277 3232 3276 3231 3278 3233 3277 3232 3278 3233 3279 3234 3279 3234 3278 3233 3280 3235 3279 3234 3280 3235 3281 3236 3281 3236 3280 3235 3282 3237 3281 3236 3282 3237 3283 3238 3283 3238 3282 3237 3284 3239 3283 3238 3284 3239 3285 3240 3285 3240 3284 3239 3286 3241 3285 3240 3286 3241 3287 3242 3287 3242 3286 3241 3288 3243 3287 3242 3288 3243 3289 3244 3289 3244 3288 3243 3290 3245 3289 3244 3290 3245 3291 3246 3291 3246 3290 3245 3292 3247 3291 3246 3292 3247 3293 3248 3293 3248 3292 3247 3294 3249 3293 3248 3294 3249 3295 3250 3295 3250 3294 3249 3296 3251 3295 3250 3296 3251 3297 3252 3297 3252 3296 3251 3298 3253 3297 3252 3298 3253 3299 3254 3299 3254 3298 3253 3300 3255 3299 3254 3300 3255 3301 3256 3301 3256 3300 3255 3302 3257 3301 3256 3302 3257 3303 3258 3303 3258 3302 3257 3304 3259 3303 3258 3304 3259 3305 3260 3305 3260 3304 3259 3306 3261 3305 3260 3306 3261 3307 3262 3307 3262 3306 3261 3308 3263 3307 3262 3308 3263 3309 3264 3309 3264 3308 3263 3310 3265 3309 3264 3310 3265 3311 3266 3311 3266 3310 3265 3312 3267 3311 3266 3312 3267 3313 3268 3313 3268 3312 3267 3314 3269 3313 3268 3314 3269 3315 3270 3315 3270 3314 3269 3316 3271 3315 3270 3316 3271 3317 3272 3317 3272 3316 3271 3318 3273 3317 3272 3318 3273 3319 3274 3319 3274 3318 3273 3320 3275 3319 3274 3320 3275 3321 3276 3321 3276 3320 3275 3322 3277 3321 3276 3322 3277 3323 3278 3323 3278 3322 3277 3324 3279 3323 3278 3324 3279 3325 3280 3325 3280 3324 3279 3326 3281 3325 3280 3326 3281 3327 3282 3327 3282 3326 3281 3328 3283 3327 3282 3328 3283 3257 3212 3257 3212 3328 3283 3258 3213 3329 3284 3330 3285 3331 3286 3331 3286 3330 3285 3332 3287 3331 3286 3332 3287 3333 3288 3333 3288 3332 3287 3334 3289 3333 3288 3334 3289 3335 3290 3335 3290 3334 3289 3336 3291 3335 3290 3336 3291 3337 3292 3337 3292 3336 3291 3338 3293 3337 3292 3338 3293 3339 3294 3339 3294 3338 3293 3340 3295 3339 3294 3340 3295 3341 3296 3341 3296 3340 3295 3342 3297 3341 3296 3342 3297 3343 3298 3343 3298 3342 3297 3344 3299 3343 3298 3344 3299 3345 3300 3345 3300 3344 3299 3346 3301 3345 3300 3346 3301 3347 3230 3347 3230 3346 3301 3348 3231 3347 3230 3348 3231 3349 3302 3349 3302 3348 3231 3350 3303 3349 3302 3350 3303 3351 3304 3351 3304 3350 3303 3352 3305 3351 3304 3352 3305 3353 3306 3353 3306 3352 3305 3354 3307 3353 3306 3354 3307 3355 3308 3355 3308 3354 3307 3356 3309 3355 3308 3356 3309 3357 3310 3357 3310 3356 3309 3358 3311 3357 3310 3358 3311 3359 3312 3359 3312 3358 3311 3360 3313 3359 3312 3360 3313 3361 3314 3361 3314 3360 3313 3362 3315 3361 3314 3362 3315 3363 3316 3363 3316 3362 3315 3364 3317 3363 3316 3364 3317 3365 3318 3365 3318 3364 3317 3366 3319 3365 3318 3366 3319 3367 3320 3367 3320 3366 3319 3368 3321 3367 3320 3368 3321 3369 3322 3369 3322 3368 3321 3370 3323 3369 3322 3370 3323 3371 3324 3371 3324 3370 3323 3372 3325 3371 3324 3372 3325 3373 3326 3373 3326 3372 3325 3374 3327 3373 3326 3374 3327 3375 3328 3375 3328 3374 3327 3376 3329 3375 3328 3376 3329 3377 3330 3377 3330 3376 3329 3378 3331 3377 3330 3378 3331 3379 3332 3379 3332 3378 3331 3380 3333 3379 3332 3380 3333 3381 3334 3381 3334 3380 3333 3382 3335 3381 3334 3382 3335 3383 3336 3383 3336 3382 3335 3384 3337 3383 3336 3384 3337 3385 3338 3385 3338 3384 3337 3386 3339 3385 3338 3386 3339 3387 3340 3387 3340 3386 3339 3388 3341 3387 3340 3388 3341 3389 3342 3389 3342 3388 3341 3390 3343 3389 3342 3390 3343 3391 3344 3391 3344 3390 3343 3392 3345 3391 3344 3392 3345 3393 3346 3393 3346 3392 3345 3394 3347 3393 3346 3394 3347 3395 3348 3395 3348 3394 3347 3396 3349 3395 3348 3396 3349 3397 3350 3397 3350 3396 3349 3398 3351 3397 3350 3398 3351 3399 3352 3399 3352 3398 3351 3400 3353 3399 3352 3400 3353 3329 3284 3329 3284 3400 3353 3330 3285 3401 3212 3402 3213 3403 3354 3403 3354 3402 3213 3404 3355 3403 3354 3404 3355 3405 3356 3405 3356 3404 3355 3406 3357 3405 3356 3406 3357 3407 3358 3407 3358 3406 3357 3408 3359 3407 3358 3408 3359 3409 3360 3409 3360 3408 3359 3410 3361 3409 3360 3410 3361 3411 3362 3411 3362 3410 3361 3412 3363 3411 3362 3412 3363 3413 3364 3413 3364 3412 3363 3414 3365 3413 3364 3414 3365 3415 3366 3415 3366 3414 3365 3416 3367 3415 3366 3416 3367 3417 3368 3417 3368 3416 3367 3418 3369 3417 3368 3418 3369 3419 3230 3419 3230 3418 3369 3420 3231 3419 3230 3420 3231 3421 3370 3421 3370 3420 3231 3422 3371 3421 3370 3422 3371 3423 3372 3423 3372 3422 3371 3424 3373 3423 3372 3424 3373 3425 3374 3425 3374 3424 3373 3426 3375 3425 3374 3426 3375 3427 3376 3427 3376 3426 3375 3428 3377 3427 3376 3428 3377 3429 3378 3429 3378 3428 3377 3430 3379 3429 3378 3430 3379 3431 3380 3431 3380 3430 3379 3432 3381 3431 3380 3432 3381 3433 3382 3433 3382 3432 3381 3434 3383 3433 3382 3434 3383 3435 3384 3435 3384 3434 3383 3436 3385 3435 3384 3436 3385 3437 3248 3437 3248 3436 3385 3438 3249 3437 3248 3438 3249 3439 3386 3439 3386 3438 3249 3440 3387 3439 3386 3440 3387 3441 3388 3441 3388 3440 3387 3442 3389 3441 3388 3442 3389 3443 3390 3443 3390 3442 3389 3444 3391 3443 3390 3444 3391 3445 3256 3445 3256 3444 3391 3446 3257 3445 3256 3446 3257 3447 3392 3447 3392 3446 3257 3448 3393 3447 3392 3448 3393 3449 3394 3449 3394 3448 3393 3450 3395 3449 3394 3450 3395 3451 3396 3451 3396 3450 3395 3452 3397 3451 3396 3452 3397 3453 3398 3453 3398 3452 3397 3454 3399 3453 3398 3454 3399 3455 3336 3455 3336 3454 3399 3456 3337 3455 3336 3456 3337 3457 3400 3457 3400 3456 3337 3458 3401 3457 3400 3458 3401 3459 3402 3459 3402 3458 3401 3460 3403 3459 3402 3460 3403 3461 3404 3461 3404 3460 3403 3462 3405 3461 3404 3462 3405 3463 3406 3463 3406 3462 3405 3464 3407 3463 3406 3464 3407 3465 3276 3465 3276 3464 3407 3466 3277 3465 3276 3466 3277 3467 3408 3467 3408 3466 3277 3468 3409 3467 3408 3468 3409 3469 3410 3469 3410 3468 3409 3470 3411 3469 3410 3470 3411 3471 3412 3471 3412 3470 3411 3472 3413 3471 3412 3472 3413 3401 3212 3401 3212 3472 3413 3402 3213 3473 3284 3474 3285 3475 3414 3475 3414 3474 3285 3476 3415 3475 3414 3476 3415 3477 3416 3477 3416 3476 3415 3478 3417 3477 3416 3478 3417 3479 3418 3479 3418 3478 3417 3480 3419 3479 3418 3480 3419 3481 3420 3481 3420 3480 3419 3482 3421 3481 3420 3482 3421 3483 3422 3483 3422 3482 3421 3484 3423 3483 3422 3484 3423 3485 3424 3485 3424 3484 3423 3486 3425 3485 3424 3486 3425 3487 3426 3487 3426 3486 3425 3488 3427 3487 3426 3488 3427 3489 3428 3489 3428 3488 3427 3490 3429 3489 3428 3490 3429 3491 3230 3491 3230 3490 3429 3492 3231 3491 3230 3492 3231 3493 3430 3493 3430 3492 3231 3494 3431 3493 3430 3494 3431 3495 3432 3495 3432 3494 3431 3496 3433 3495 3432 3496 3433 3497 3434 3497 3434 3496 3433 3498 3435 3497 3434 3498 3435 3499 3436 3499 3436 3498 3435 3500 3437 3499 3436 3500 3437 3501 3438 3501 3438 3500 3437 3502 3439 3501 3438 3502 3439 3503 3440 3503 3440 3502 3439 3504 3441 3503 3440 3504 3441 3505 3442 3505 3442 3504 3441 3506 3443 3505 3442 3506 3443 3507 3444 3507 3444 3506 3443 3508 3445 3507 3444 3508 3445 3509 3318 3509 3318 3508 3445 3510 3319 3509 3318 3510 3319 3511 3446 3511 3446 3510 3319 3512 3447 3511 3446 3512 3447 3513 3448 3513 3448 3512 3447 3514 3449 3513 3448 3514 3449 3515 3450 3515 3450 3514 3449 3516 3451 3515 3450 3516 3451 3517 3326 3517 3326 3516 3451 3518 3327 3517 3326 3518 3327 3519 3452 3519 3452 3518 3327 3520 3453 3519 3452 3520 3453 3521 3454 3521 3454 3520 3453 3522 3455 3521 3454 3522 3455 3523 3456 3523 3456 3522 3455 3524 3457 3523 3456 3524 3457 3525 3458 3525 3458 3524 3457 3526 3459 3525 3458 3526 3459 3527 3266 3527 3266 3526 3459 3528 3267 3527 3266 3528 3267 3529 3460 3529 3460 3528 3267 3530 3461 3529 3460 3530 3461 3531 3462 3531 3462 3530 3461 3532 3463 3531 3462 3532 3463 3533 3464 3533 3464 3532 3463 3534 3465 3533 3464 3534 3465 3535 3466 3535 3466 3534 3465 3536 3467 3535 3466 3536 3467 3537 3346 3537 3346 3536 3467 3538 3347 3537 3346 3538 3347 3539 3468 3539 3468 3538 3347 3540 3469 3539 3468 3540 3469 3541 3470 3541 3470 3540 3469 3542 3471 3541 3470 3542 3471 3543 3472 3543 3472 3542 3471 3544 3473 3543 3472 3544 3473 3473 3284 3473 3284 3544 3473 3474 3285 3545 3474 3546 3475 3547 3476 3548 3477 3549 3478 3550 3479 3550 3479 3549 3478 3551 3480 3550 3479 3551 3480 3552 3481 3552 3481 3551 3480 3553 3482 3547 3476 3554 3483 3545 3474 3545 3474 3554 3483 3555 3484 3545 3474 3555 3484 3556 3485 3557 3486 3558 3487 3553 3482 3553 3482 3558 3487 3559 3488 3553 3482 3559 3488 3552 3481 3555 3484 3560 3489 3556 3485 3556 3485 3560 3489 3561 3490 3556 3485 3561 3490 3562 3491 3563 3492 3564 3493 3557 3486 3557 3486 3564 3493 3565 3494 3557 3486 3565 3494 3558 3487 3561 3490 3566 3495 3562 3491 3562 3491 3566 3495 3567 3496 3562 3491 3567 3496 3568 3497 3569 3498 3570 3499 3563 3492 3563 3492 3570 3499 3571 3500 3563 3492 3571 3500 3564 3493 3567 3496 3572 3501 3568 3497 3568 3497 3572 3501 3573 3502 3568 3497 3573 3502 3574 3503 3575 3504 3576 3505 3569 3498 3569 3498 3576 3505 3577 3506 3569 3498 3577 3506 3570 3499 3573 3502 3578 3507 3574 3503 3574 3503 3578 3507 3579 3508 3574 3503 3579 3508 3580 3509 3581 3510 3582 3511 3575 3504 3575 3504 3582 3511 3583 3512 3575 3504 3583 3512 3576 3505 3579 3508 3584 3513 3580 3509 3580 3509 3584 3513 3585 3514 3580 3509 3585 3514 3586 3515 3587 3516 3588 3517 3581 3510 3581 3510 3588 3517 3589 3518 3581 3510 3589 3518 3582 3511 3590 3519 3591 3520 3592 3521 3592 3521 3591 3520 3593 3522 3592 3521 3593 3522 3594 3523 3594 3523 3593 3522 3595 3524 3594 3523 3595 3524 3596 3525 3596 3525 3595 3524 3597 3526 3596 3525 3597 3526 3598 3527 3598 3527 3597 3526 3599 3528 3598 3527 3599 3528 3600 3529 3600 3529 3599 3528 3601 3530 3600 3529 3601 3530 3602 3531 3602 3531 3601 3530 3603 3532 3602 3531 3603 3532 3604 3533 3604 3533 3603 3532 3605 3534 3604 3533 3605 3534 3606 3535 3606 3535 3605 3534 3607 3536 3606 3535 3607 3536 3608 3537 3591 3520 3546 3475 3593 3522 3593 3522 3546 3475 3545 3474 3593 3522 3545 3474 3595 3524 3595 3524 3545 3474 3556 3485 3595 3524 3556 3485 3597 3526 3597 3526 3556 3485 3562 3491 3597 3526 3562 3491 3599 3528 3599 3528 3562 3491 3568 3497 3599 3528 3568 3497 3601 3530 3601 3530 3568 3497 3574 3503 3601 3530 3574 3503 3603 3532 3603 3532 3574 3503 3580 3509 3603 3532 3580 3509 3605 3534 3605 3534 3580 3509 3586 3515 3605 3534 3586 3515 3607 3536 3607 3536 3586 3515 3609 3538 3610 3539 3611 3540 3587 3516 3587 3516 3611 3540 3612 3541 3587 3516 3612 3541 3588 3517 3585 3514 3613 3542 3586 3515 3586 3515 3613 3542 3614 3543 3586 3515 3614 3543 3609 3538 3609 3538 3614 3543 3615 3544 3609 3538 3615 3544 3616 3545 3608 3537 3607 3536 3617 3546 3617 3546 3607 3536 3609 3538 3617 3546 3609 3538 3618 3547 3618 3547 3609 3538 3616 3545 3618 3547 3616 3545 3619 3548 2812 2778 2809 2775 3610 3539 3610 3539 2809 2775 3620 3549 3610 3539 3620 3549 3611 3540 3549 3478 3590 3519 3551 3480 3551 3480 3590 3519 3592 3521 3551 3480 3592 3521 3553 3482 3553 3482 3592 3521 3594 3523 3553 3482 3594 3523 3557 3486 3557 3486 3594 3523 3596 3525 3557 3486 3596 3525 3563 3492 3563 3492 3596 3525 3598 3527 3563 3492 3598 3527 3569 3498 3569 3498 3598 3527 3600 3529 3569 3498 3600 3529 3575 3504 3575 3504 3600 3529 3602 3531 3575 3504 3602 3531 3581 3510 3581 3510 3602 3531 3604 3533 3581 3510 3604 3533 3587 3516 3587 3516 3604 3533 3606 3535 3587 3516 3606 3535 3610 3539 3610 3539 3606 3535 3608 3537 3610 3539 3608 3537 2812 2778 2812 2778 3608 3537 2811 2777 2811 2777 3608 3537 2810 2776 2810 2776 3608 3537 3617 3546 2810 2776 3617 3546 2815 2781 2815 2781 3617 3546 3618 3547 2815 2781 3618 3547 2813 2779 2813 2779 3618 3547 3619 3548 2813 2779 3619 3548 2814 2780 3620 3549 2809 2775 2095 2061 3620 3549 2095 2061 3611 3540 3611 3540 2095 2061 3179 3145 3611 3540 3179 3145 3612 3541 3612 3541 3179 3145 3588 3517 3588 3517 3179 3145 3178 3144 3588 3517 3178 3144 3589 3518 3589 3518 3178 3144 3582 3511 3582 3511 3178 3144 3177 3143 3582 3511 3177 3143 3583 3512 3583 3512 3177 3143 3176 3142 3583 3512 3176 3142 3576 3505 3576 3505 3176 3142 3577 3506 3577 3506 3176 3142 3175 3141 3577 3506 3175 3141 3570 3499 3570 3499 3175 3141 3571 3500 3571 3500 3175 3141 3174 3140 3571 3500 3174 3140 3564 3493 3564 3493 3174 3140 3565 3494 3565 3494 3174 3140 3173 3139 3565 3494 3173 3139 3558 3487 3558 3487 3173 3139 3559 3488 3559 3488 3173 3139 3172 3138 3559 3488 3172 3138 3552 3481 3552 3481 3172 3138 3550 3479 3550 3479 3172 3138 3171 3137 3550 3479 3171 3137 3548 3477 3621 3550 3622 3551 3032 2998 2864 2830 2863 2829 3623 3552 2869 2835 2868 2834 3624 3553 2889 2855 2888 2854 3625 3554 2894 2860 2893 2859 3626 3555 2838 2804 2837 2803 3627 3556 2837 2803 2836 2802 3627 3556 3627 3556 2836 2802 2835 2801 3627 3556 2835 2801 3628 3557 3628 3557 2835 2801 2834 2800 3628 3557 2834 2800 3629 3558 3629 3558 2834 2800 2833 2799 3629 3558 2833 2799 3630 3559 3630 3559 2833 2799 2832 2798 2832 2798 2831 2797 3630 3559 3630 3559 2831 2797 2830 2796 3630 3559 2830 2796 3631 3560 3631 3560 2830 2796 2829 2795 3631 3560 2829 2795 3632 3561 3632 3561 2829 2795 2828 2794 3632 3561 2828 2794 3633 3562 3633 3562 2828 2794 2827 2793 2827 2793 2826 2792 3633 3562 3633 3562 2826 2792 2825 2791 3633 3562 2825 2791 3634 3563 3634 3563 2825 2791 2824 2790 3634 3563 2824 2790 3635 3564 3635 3564 2824 2790 2823 2789 3635 3564 2823 2789 3636 3565 3636 3565 2823 2789 2819 2785 2819 2785 2818 2784 3636 3565 3636 3565 2818 2784 2822 2788 3636 3565 2822 2788 3637 3566 3637 3566 2822 2788 2821 2787 3637 3566 2821 2787 3638 3567 3638 3567 2821 2787 2820 2786 3638 3567 2820 2786 3639 3568 3639 3568 2820 2786 2817 2783 2817 2783 2816 2782 3639 3568 3639 3568 2816 2782 2904 2870 3639 3568 2904 2870 3640 3569 3640 3569 2904 2870 2905 2871 3640 3569 2905 2871 3641 3570 3641 3570 2905 2871 2903 2869 3641 3570 2903 2869 3642 3571 3642 3571 2903 2869 2902 2868 2902 2868 2901 2867 3642 3571 3642 3571 2901 2867 2900 2866 3642 3571 2900 2866 3643 3572 3643 3572 2900 2866 2899 2865 3643 3572 2899 2865 3644 3573 3644 3573 2899 2865 2898 2864 3644 3573 2898 2864 3645 3574 3645 3574 2898 2864 2897 2863 2897 2863 2896 2862 3645 3574 3645 3574 2896 2862 2895 2861 3645 3574 2895 2861 3646 3575 3646 3575 2895 2861 2894 2860 2893 2859 2892 2858 3647 3576 3647 3576 2892 2858 2891 2857 3647 3576 2891 2857 2890 2856 3648 3577 2890 2856 2889 2855 2888 2854 2887 2853 3649 3578 2887 2853 2886 2852 3649 3578 3649 3578 2886 2852 2885 2851 3649 3578 2885 2851 3650 3579 3650 3579 2885 2851 2884 2850 3650 3579 2884 2850 3651 3580 2884 2850 2883 2849 3651 3580 3651 3580 2883 2849 2882 2848 3651 3580 2882 2848 3652 3581 3652 3581 2882 2848 2881 2847 3652 3581 2881 2847 3653 3582 3653 3582 2881 2847 2880 2846 3653 3582 2880 2846 3654 3583 3654 3583 2880 2846 2879 2845 2879 2845 2878 2844 3654 3583 3654 3583 2878 2844 2877 2843 3654 3583 2877 2843 3655 3584 3655 3584 2877 2843 2876 2842 3655 3584 2876 2842 3656 3585 3656 3585 2876 2842 2875 2841 3656 3585 2875 2841 3657 3586 3657 3586 2875 2841 2874 2840 2874 2840 2873 2839 3657 3586 3657 3586 2873 2839 2872 2838 3657 3586 2872 2838 3658 3587 3658 3587 2872 2838 2871 2837 3658 3587 2871 2837 3659 3588 2869 2835 3624 3553 2870 2836 2864 2830 3623 3552 2865 2831 2859 2825 3660 3589 2860 2826 2860 2826 3660 3589 3661 3590 2860 2826 3661 3590 2861 2827 2859 2825 2858 2824 3660 3589 3660 3589 2858 2824 2857 2823 3660 3589 2857 2823 3662 3591 3662 3591 2857 2823 2856 2822 3662 3591 2856 2822 3663 3592 3663 3592 2856 2822 2855 2821 3663 3592 2855 2821 3664 3593 3664 3593 2855 2821 2854 2820 2854 2820 2853 2819 3664 3593 3664 3593 2853 2819 2852 2818 3664 3593 2852 2818 3665 3594 3665 3594 2852 2818 2851 2817 3665 3594 2851 2817 3666 3595 3666 3595 2851 2817 2850 2816 3666 3595 2850 2816 3667 3596 3667 3596 2850 2816 2849 2815 2849 2815 2848 2814 3667 3596 3667 3596 2848 2814 2847 2813 3667 3596 2847 2813 3668 3597 3668 3597 2847 2813 2846 2812 3668 3597 2846 2812 3669 3598 3669 3598 2846 2812 2845 2811 3669 3598 2845 2811 3670 3599 3670 3599 2845 2811 2844 2810 2844 2810 2843 2809 3670 3599 3670 3599 2843 2809 2842 2808 3670 3599 2842 2808 3671 3600 3671 3600 2842 2808 2841 2807 3671 3600 2841 2807 3672 3601 3627 3556 3673 3602 2838 2804 2838 2804 3673 3602 3674 3603 2838 2804 3674 3603 2839 2805 2839 2805 3674 3603 3672 3601 2839 2805 3672 3601 2840 2806 2840 2806 3672 3601 2841 2807 3675 3604 3649 3578 3676 3605 3676 3605 3649 3578 3650 3579 3676 3605 3650 3579 3677 3606 3677 3606 3650 3579 3651 3580 3677 3606 3651 3580 3678 3607 3678 3607 3651 3580 3652 3581 3678 3607 3652 3581 3679 3608 3679 3608 3652 3581 3653 3582 3679 3608 3653 3582 3680 3609 3680 3609 3653 3582 3654 3583 3680 3609 3654 3583 3681 3610 3681 3610 3654 3583 3655 3584 3681 3610 3655 3584 3682 3611 3682 3611 3655 3584 3656 3585 3682 3611 3656 3585 3683 3612 3683 3612 3656 3585 3657 3586 3683 3612 3657 3586 3684 3613 3684 3613 3657 3586 3658 3587 3684 3613 3658 3587 3685 3614 3685 3614 3658 3587 3659 3588 3685 3614 3659 3588 3686 3615 3646 3575 3687 3616 3645 3574 3645 3574 3687 3616 3688 3617 3645 3574 3688 3617 3644 3573 3644 3573 3688 3617 3689 3618 3644 3573 3689 3618 3643 3572 3643 3572 3689 3618 3690 3619 3643 3572 3690 3619 3642 3571 3642 3571 3690 3619 3691 3620 3642 3571 3691 3620 3641 3570 3641 3570 3691 3620 3692 3621 3641 3570 3692 3621 3640 3569 3640 3569 3692 3621 3693 3622 3640 3569 3693 3622 3639 3568 3639 3568 3693 3622 3694 3623 3639 3568 3694 3623 3638 3567 3638 3567 3694 3623 3695 3624 3638 3567 3695 3624 3637 3566 3637 3566 3695 3624 3696 3625 3637 3566 3696 3625 3636 3565 3636 3565 3696 3625 3697 3626 3636 3565 3697 3626 3635 3564 3635 3564 3697 3626 3698 3627 3635 3564 3698 3627 3634 3563 3634 3563 3698 3627 3699 3628 3634 3563 3699 3628 3633 3562 3633 3562 3699 3628 3700 3629 3633 3562 3700 3629 3632 3561 3632 3561 3700 3629 3701 3630 3632 3561 3701 3630 3631 3560 3631 3560 3701 3630 3702 3631 3631 3560 3702 3631 3630 3559 3630 3559 3702 3631 3703 3632 3630 3559 3703 3632 3629 3558 3629 3558 3703 3632 3704 3633 3629 3558 3704 3633 3628 3557 3628 3557 3704 3633 3705 3634 3628 3557 3705 3634 3627 3556 3627 3556 3705 3634 3706 3635 3627 3556 3706 3635 3673 3602 3673 3602 3706 3635 3707 3636 3673 3602 3707 3636 3674 3603 3674 3603 3707 3636 3708 3637 3674 3603 3708 3637 3672 3601 3672 3601 3708 3637 3709 3638 3672 3601 3709 3638 3671 3600 3671 3600 3709 3638 3710 3639 3671 3600 3710 3639 3670 3599 3670 3599 3710 3639 3711 3640 3670 3599 3711 3640 3669 3598 3669 3598 3711 3640 3712 3641 3669 3598 3712 3641 3668 3597 3668 3597 3712 3641 3713 3642 3668 3597 3713 3642 3667 3596 3667 3596 3713 3642 3714 3643 3667 3596 3714 3643 3666 3595 3666 3595 3714 3643 3715 3644 3666 3595 3715 3644 3665 3594 3665 3594 3715 3644 3716 3645 3665 3594 3716 3645 3664 3593 3664 3593 3716 3645 3717 3646 3664 3593 3717 3646 3663 3592 3663 3592 3717 3646 3718 3647 3663 3592 3718 3647 3662 3591 3662 3591 3718 3647 3719 3648 3662 3591 3719 3648 3660 3589 3660 3589 3719 3648 3720 3649 3660 3589 3720 3649 3661 3590 3721 3650 3675 3604 3722 3651 3722 3651 3675 3604 3676 3605 3722 3651 3676 3605 3723 3652 3723 3652 3676 3605 3677 3606 3723 3652 3677 3606 3724 3653 3724 3653 3677 3606 3678 3607 3724 3653 3678 3607 3725 3654 3725 3654 3678 3607 3679 3608 3725 3654 3679 3608 3726 3655 3726 3655 3679 3608 3680 3609 3726 3655 3680 3609 3727 3656 3727 3656 3680 3609 3681 3610 3727 3656 3681 3610 3728 3657 3728 3657 3681 3610 3682 3611 3728 3657 3682 3611 3729 3658 3729 3658 3682 3611 3683 3612 3729 3658 3683 3612 3730 3659 3730 3659 3683 3612 3684 3613 3730 3659 3684 3613 3731 3660 3731 3660 3684 3613 3685 3614 3731 3660 3685 3614 3732 3661 3732 3661 3685 3614 3686 3615 3732 3661 3686 3615 3733 3662 3687 3616 3734 3663 3688 3617 3688 3617 3734 3663 3735 3664 3688 3617 3735 3664 3689 3618 3689 3618 3735 3664 3736 3665 3689 3618 3736 3665 3690 3619 3690 3619 3736 3665 3737 3666 3690 3619 3737 3666 3691 3620 3691 3620 3737 3666 3738 3667 3691 3620 3738 3667 3692 3621 3692 3621 3738 3667 3739 3668 3692 3621 3739 3668 3693 3622 3693 3622 3739 3668 3740 3669 3693 3622 3740 3669 3694 3623 3694 3623 3740 3669 3741 3670 3694 3623 3741 3670 3695 3624 3695 3624 3741 3670 3742 3671 3695 3624 3742 3671 3696 3625 3696 3625 3742 3671 3743 3672 3696 3625 3743 3672 3697 3626 3697 3626 3743 3672 3744 3673 3697 3626 3744 3673 3698 3627 3698 3627 3744 3673 3745 3674 3698 3627 3745 3674 3699 3628 3699 3628 3745 3674 3746 3675 3699 3628 3746 3675 3700 3629 3700 3629 3746 3675 3747 3676 3700 3629 3747 3676 3701 3630 3701 3630 3747 3676 3748 3677 3701 3630 3748 3677 3702 3631 3702 3631 3748 3677 3749 3678 3702 3631 3749 3678 3703 3632 3703 3632 3749 3678 3750 3679 3703 3632 3750 3679 3704 3633 3704 3633 3750 3679 3751 3680 3704 3633 3751 3680 3705 3634 3705 3634 3751 3680 3752 3681 3705 3634 3752 3681 3706 3635 3706 3635 3752 3681 3753 3682 3706 3635 3753 3682 3707 3636 3707 3636 3753 3682 3754 3683 3707 3636 3754 3683 3708 3637 3708 3637 3754 3683 3755 3684 3708 3637 3755 3684 3709 3638 3709 3638 3755 3684 3756 3685 3709 3638 3756 3685 3710 3639 3710 3639 3756 3685 3757 3686 3710 3639 3757 3686 3711 3640 3711 3640 3757 3686 3758 3687 3711 3640 3758 3687 3712 3641 3712 3641 3758 3687 3759 3688 3712 3641 3759 3688 3713 3642 3713 3642 3759 3688 3760 3689 3713 3642 3760 3689 3714 3643 3714 3643 3760 3689 3761 3690 3714 3643 3761 3690 3715 3644 3715 3644 3761 3690 3762 3691 3715 3644 3762 3691 3716 3645 3716 3645 3762 3691 3763 3692 3716 3645 3763 3692 3717 3646 3717 3646 3763 3692 3764 3693 3717 3646 3764 3693 3718 3647 3718 3647 3764 3693 3765 3694 3718 3647 3765 3694 3719 3648 3719 3648 3765 3694 3766 3695 3719 3648 3766 3695 3720 3649 3767 3696 3721 3650 3768 3697 3768 3697 3721 3650 3722 3651 3768 3697 3722 3651 3769 3698 3769 3698 3722 3651 3723 3652 3769 3698 3723 3652 3770 3699 3770 3699 3723 3652 3724 3653 3770 3699 3724 3653 3771 3700 3771 3700 3724 3653 3725 3654 3771 3700 3725 3654 3772 3701 3772 3701 3725 3654 3726 3655 3772 3701 3726 3655 3773 3702 3773 3702 3726 3655 3727 3656 3773 3702 3727 3656 3774 3703 3774 3703 3727 3656 3728 3657 3774 3703 3728 3657 3775 3704 3775 3704 3728 3657 3729 3658 3775 3704 3729 3658 3776 3705 3776 3705 3729 3658 3730 3659 3776 3705 3730 3659 3777 3706 3777 3706 3730 3659 3731 3660 3777 3706 3731 3660 3778 3707 3778 3707 3731 3660 3732 3661 3778 3707 3732 3661 3779 3708 3779 3708 3732 3661 3733 3662 3779 3708 3733 3662 3780 3709 3734 3663 3781 3710 3735 3664 3735 3664 3781 3710 3782 3711 3735 3664 3782 3711 3736 3665 3736 3665 3782 3711 3783 3712 3736 3665 3783 3712 3737 3666 3737 3666 3783 3712 3784 3713 3737 3666 3784 3713 3738 3667 3738 3667 3784 3713 3785 3714 3738 3667 3785 3714 3739 3668 3739 3668 3785 3714 3786 3715 3739 3668 3786 3715 3740 3669 3740 3669 3786 3715 3787 3716 3740 3669 3787 3716 3741 3670 3741 3670 3787 3716 3788 3717 3741 3670 3788 3717 3742 3671 3742 3671 3788 3717 3789 3718 3742 3671 3789 3718 3743 3672 3743 3672 3789 3718 3790 3719 3743 3672 3790 3719 3744 3673 3744 3673 3790 3719 3791 3720 3744 3673 3791 3720 3745 3674 3745 3674 3791 3720 3792 3721 3745 3674 3792 3721 3746 3675 3746 3675 3792 3721 3793 3722 3746 3675 3793 3722 3747 3676 3747 3676 3793 3722 3794 3723 3747 3676 3794 3723 3748 3677 3748 3677 3794 3723 3795 3724 3748 3677 3795 3724 3749 3678 3749 3678 3795 3724 3796 3725 3749 3678 3796 3725 3750 3679 3750 3679 3796 3725 3797 3726 3750 3679 3797 3726 3751 3680 3751 3680 3797 3726 3798 3727 3751 3680 3798 3727 3752 3681 3752 3681 3798 3727 3799 3728 3752 3681 3799 3728 3753 3682 3753 3682 3799 3728 3800 3729 3753 3682 3800 3729 3754 3683 3754 3683 3800 3729 3801 3730 3754 3683 3801 3730 3755 3684 3755 3684 3801 3730 3802 3731 3755 3684 3802 3731 3756 3685 3756 3685 3802 3731 3803 3732 3756 3685 3803 3732 3757 3686 3757 3686 3803 3732 3804 3733 3757 3686 3804 3733 3758 3687 3758 3687 3804 3733 3805 3734 3758 3687 3805 3734 3759 3688 3759 3688 3805 3734 3806 3735 3759 3688 3806 3735 3760 3689 3760 3689 3806 3735 3807 3736 3760 3689 3807 3736 3761 3690 3761 3690 3807 3736 3808 3737 3761 3690 3808 3737 3762 3691 3762 3691 3808 3737 3809 3738 3762 3691 3809 3738 3763 3692 3763 3692 3809 3738 3810 3739 3763 3692 3810 3739 3764 3693 3764 3693 3810 3739 3811 3740 3764 3693 3811 3740 3765 3694 3765 3694 3811 3740 3812 3741 3765 3694 3812 3741 3766 3695 3813 3742 3767 3696 3814 3743 3814 3743 3767 3696 3768 3697 3814 3743 3768 3697 3815 3744 3815 3744 3768 3697 3769 3698 3815 3744 3769 3698 3816 3745 3816 3745 3769 3698 3770 3699 3816 3745 3770 3699 3817 3746 3817 3746 3770 3699 3771 3700 3817 3746 3771 3700 3818 3747 3818 3747 3771 3700 3772 3701 3818 3747 3772 3701 3819 3748 3819 3748 3772 3701 3773 3702 3819 3748 3773 3702 3820 3749 3820 3749 3773 3702 3774 3703 3820 3749 3774 3703 3821 3750 3821 3750 3774 3703 3775 3704 3821 3750 3775 3704 3822 3751 3822 3751 3775 3704 3776 3705 3822 3751 3776 3705 3823 3752 3823 3752 3776 3705 3777 3706 3823 3752 3777 3706 3824 3753 3824 3753 3777 3706 3778 3707 3824 3753 3778 3707 3825 3754 3825 3754 3778 3707 3779 3708 3825 3754 3779 3708 3826 3755 3826 3755 3779 3708 3780 3709 3826 3755 3780 3709 3827 3756 3781 3710 3828 3757 3782 3711 3782 3711 3828 3757 3829 3758 3782 3711 3829 3758 3783 3712 3783 3712 3829 3758 3830 3759 3783 3712 3830 3759 3784 3713 3784 3713 3830 3759 3831 3760 3784 3713 3831 3760 3785 3714 3785 3714 3831 3760 3832 3761 3785 3714 3832 3761 3786 3715 3786 3715 3832 3761 3833 3762 3786 3715 3833 3762 3787 3716 3787 3716 3833 3762 3834 3763 3787 3716 3834 3763 3788 3717 3788 3717 3834 3763 3835 3764 3788 3717 3835 3764 3789 3718 3789 3718 3835 3764 3836 3765 3789 3718 3836 3765 3790 3719 3790 3719 3836 3765 3837 3766 3790 3719 3837 3766 3791 3720 3791 3720 3837 3766 3838 3767 3791 3720 3838 3767 3792 3721 3792 3721 3838 3767 3839 3768 3792 3721 3839 3768 3793 3722 3793 3722 3839 3768 3840 3769 3793 3722 3840 3769 3794 3723 3794 3723 3840 3769 3841 3770 3794 3723 3841 3770 3795 3724 3795 3724 3841 3770 3842 3771 3795 3724 3842 3771 3796 3725 3796 3725 3842 3771 3843 3772 3796 3725 3843 3772 3797 3726 3797 3726 3843 3772 3844 3773 3797 3726 3844 3773 3798 3727 3798 3727 3844 3773 3845 3774 3798 3727 3845 3774 3799 3728 3799 3728 3845 3774 3846 3775 3799 3728 3846 3775 3800 3729 3800 3729 3846 3775 3847 3776 3800 3729 3847 3776 3801 3730 3801 3730 3847 3776 3848 3777 3801 3730 3848 3777 3802 3731 3802 3731 3848 3777 3849 3778 3802 3731 3849 3778 3803 3732 3803 3732 3849 3778 3850 3779 3803 3732 3850 3779 3804 3733 3804 3733 3850 3779 3851 3780 3804 3733 3851 3780 3805 3734 3805 3734 3851 3780 3852 3781 3805 3734 3852 3781 3806 3735 3806 3735 3852 3781 3853 3782 3806 3735 3853 3782 3807 3736 3807 3736 3853 3782 3854 3783 3807 3736 3854 3783 3808 3737 3808 3737 3854 3783 3855 3784 3808 3737 3855 3784 3809 3738 3809 3738 3855 3784 3856 3785 3809 3738 3856 3785 3810 3739 3810 3739 3856 3785 3857 3786 3810 3739 3857 3786 3811 3740 3811 3740 3857 3786 3858 3787 3811 3740 3858 3787 3812 3741 3859 3788 3813 3742 3860 3789 3860 3789 3813 3742 3814 3743 3860 3789 3814 3743 3861 3790 3861 3790 3814 3743 3815 3744 3861 3790 3815 3744 3862 3791 3862 3791 3815 3744 3816 3745 3862 3791 3816 3745 3863 3792 3863 3792 3816 3745 3817 3746 3863 3792 3817 3746 3864 3793 3864 3793 3817 3746 3818 3747 3864 3793 3818 3747 3865 3794 3865 3794 3818 3747 3819 3748 3865 3794 3819 3748 3866 3795 3866 3795 3819 3748 3820 3749 3866 3795 3820 3749 3867 3796 3867 3796 3820 3749 3821 3750 3867 3796 3821 3750 3868 3797 3868 3797 3821 3750 3822 3751 3868 3797 3822 3751 3869 3798 3869 3798 3822 3751 3823 3752 3869 3798 3823 3752 3870 3799 3870 3799 3823 3752 3824 3753 3870 3799 3824 3753 3871 3800 3871 3800 3824 3753 3825 3754 3871 3800 3825 3754 3872 3801 3872 3801 3825 3754 3826 3755 3872 3801 3826 3755 3873 3802 3873 3802 3826 3755 3827 3756 3873 3802 3827 3756 3874 3803 3828 3757 3875 3804 3829 3758 3829 3758 3875 3804 3876 3805 3829 3758 3876 3805 3830 3759 3830 3759 3876 3805 3877 3806 3830 3759 3877 3806 3831 3760 3831 3760 3877 3806 3878 3807 3831 3760 3878 3807 3832 3761 3832 3761 3878 3807 3879 3808 3832 3761 3879 3808 3833 3762 3833 3762 3879 3808 3880 3809 3833 3762 3880 3809 3834 3763 3834 3763 3880 3809 3881 3810 3834 3763 3881 3810 3835 3764 3835 3764 3881 3810 3882 3811 3835 3764 3882 3811 3836 3765 3836 3765 3882 3811 3883 3812 3836 3765 3883 3812 3837 3766 3837 3766 3883 3812 3884 3813 3837 3766 3884 3813 3838 3767 3838 3767 3884 3813 3885 3814 3838 3767 3885 3814 3839 3768 3839 3768 3885 3814 3886 3815 3839 3768 3886 3815 3840 3769 3840 3769 3886 3815 3887 3816 3840 3769 3887 3816 3841 3770 3841 3770 3887 3816 3888 3817 3841 3770 3888 3817 3842 3771 3842 3771 3888 3817 3889 3818 3842 3771 3889 3818 3843 3772 3843 3772 3889 3818 3890 3819 3843 3772 3890 3819 3844 3773 3844 3773 3890 3819 3891 3820 3844 3773 3891 3820 3845 3774 3845 3774 3891 3820 3892 3821 3845 3774 3892 3821 3846 3775 3846 3775 3892 3821 3893 3822 3846 3775 3893 3822 3847 3776 3847 3776 3893 3822 3894 3823 3847 3776 3894 3823 3848 3777 3848 3777 3894 3823 3895 3824 3848 3777 3895 3824 3849 3778 3849 3778 3895 3824 3896 3825 3849 3778 3896 3825 3850 3779 3850 3779 3896 3825 3897 3826 3850 3779 3897 3826 3851 3780 3851 3780 3897 3826 3898 3827 3851 3780 3898 3827 3852 3781 3852 3781 3898 3827 3899 3828 3852 3781 3899 3828 3853 3782 3853 3782 3899 3828 3900 3829 3853 3782 3900 3829 3854 3783 3854 3783 3900 3829 3901 3830 3854 3783 3901 3830 3855 3784 3855 3784 3901 3830 3902 3831 3855 3784 3902 3831 3856 3785 3856 3785 3902 3831 3903 3832 3856 3785 3903 3832 3857 3786 3857 3786 3903 3832 3904 3833 3857 3786 3904 3833 3858 3787 3905 3834 3859 3788 3906 3835 3906 3835 3859 3788 3860 3789 3906 3835 3860 3789 3907 3836 3907 3836 3860 3789 3861 3790 3907 3836 3861 3790 3908 3837 3908 3837 3861 3790 3862 3791 3908 3837 3862 3791 3909 3838 3909 3838 3862 3791 3863 3792 3909 3838 3863 3792 3910 3839 3910 3839 3863 3792 3864 3793 3910 3839 3864 3793 3911 3840 3911 3840 3864 3793 3865 3794 3911 3840 3865 3794 3912 3841 3912 3841 3865 3794 3866 3795 3912 3841 3866 3795 3913 3842 3913 3842 3866 3795 3867 3796 3913 3842 3867 3796 3914 3843 3914 3843 3867 3796 3868 3797 3914 3843 3868 3797 3915 3844 3915 3844 3868 3797 3869 3798 3915 3844 3869 3798 3916 3845 3916 3845 3869 3798 3870 3799 3916 3845 3870 3799 3917 3846 3917 3846 3870 3799 3871 3800 3917 3846 3871 3800 3918 3847 3918 3847 3871 3800 3872 3801 3918 3847 3872 3801 3919 3848 3919 3848 3872 3801 3873 3802 3919 3848 3873 3802 3920 3849 3920 3849 3873 3802 3874 3803 3920 3849 3874 3803 3921 3850 3875 3804 3922 3851 3876 3805 3876 3805 3922 3851 3923 3852 3876 3805 3923 3852 3877 3806 3877 3806 3923 3852 3924 3853 3877 3806 3924 3853 3878 3807 3878 3807 3924 3853 3925 3854 3878 3807 3925 3854 3879 3808 3879 3808 3925 3854 3926 3855 3879 3808 3926 3855 3880 3809 3880 3809 3926 3855 3927 3856 3880 3809 3927 3856 3881 3810 3881 3810 3927 3856 3928 3857 3881 3810 3928 3857 3882 3811 3882 3811 3928 3857 3929 3858 3882 3811 3929 3858 3883 3812 3883 3812 3929 3858 3930 3859 3883 3812 3930 3859 3884 3813 3884 3813 3930 3859 3931 3860 3884 3813 3931 3860 3885 3814 3885 3814 3931 3860 3932 3861 3885 3814 3932 3861 3886 3815 3886 3815 3932 3861 3933 3862 3886 3815 3933 3862 3887 3816 3887 3816 3933 3862 3934 3863 3887 3816 3934 3863 3888 3817 3888 3817 3934 3863 3935 3864 3888 3817 3935 3864 3889 3818 3889 3818 3935 3864 3936 3865 3889 3818 3936 3865 3890 3819 3890 3819 3936 3865 3937 3866 3890 3819 3937 3866 3891 3820 3891 3820 3937 3866 3938 3867 3891 3820 3938 3867 3892 3821 3892 3821 3938 3867 3939 3868 3892 3821 3939 3868 3893 3822 3893 3822 3939 3868 3940 3869 3893 3822 3940 3869 3894 3823 3894 3823 3940 3869 3941 3870 3894 3823 3941 3870 3895 3824 3895 3824 3941 3870 3942 3871 3895 3824 3942 3871 3896 3825 3896 3825 3942 3871 3943 3872 3896 3825 3943 3872 3897 3826 3897 3826 3943 3872 3944 3873 3897 3826 3944 3873 3898 3827 3898 3827 3944 3873 3945 3874 3898 3827 3945 3874 3899 3828 3899 3828 3945 3874 3946 3875 3899 3828 3946 3875 3900 3829 3900 3829 3946 3875 3947 3876 3900 3829 3947 3876 3901 3830 3901 3830 3947 3876 3948 3877 3901 3830 3948 3877 3902 3831 3902 3831 3948 3877 3949 3878 3902 3831 3949 3878 3903 3832 3903 3832 3949 3878 3950 3879 3903 3832 3950 3879 3904 3833 3951 3880 3905 3834 3952 3881 3952 3881 3905 3834 3906 3835 3952 3881 3906 3835 3953 3882 3953 3882 3906 3835 3907 3836 3953 3882 3907 3836 3954 3883 3954 3883 3907 3836 3908 3837 3954 3883 3908 3837 3955 3884 3955 3884 3908 3837 3909 3838 3955 3884 3909 3838 3956 3885 3956 3885 3909 3838 3910 3839 3956 3885 3910 3839 3957 3886 3957 3886 3910 3839 3911 3840 3957 3886 3911 3840 3958 3887 3958 3887 3911 3840 3912 3841 3958 3887 3912 3841 3959 3888 3959 3888 3912 3841 3913 3842 3959 3888 3913 3842 3960 3889 3960 3889 3913 3842 3914 3843 3960 3889 3914 3843 3961 3890 3961 3890 3914 3843 3915 3844 3961 3890 3915 3844 3962 3891 3962 3891 3915 3844 3916 3845 3962 3891 3916 3845 3963 3892 3963 3892 3916 3845 3917 3846 3963 3892 3917 3846 3964 3893 3964 3893 3917 3846 3918 3847 3964 3893 3918 3847 3965 3894 3965 3894 3918 3847 3919 3848 3965 3894 3919 3848 3966 3895 3966 3895 3919 3848 3920 3849 3966 3895 3920 3849 3967 3896 3967 3896 3920 3849 3921 3850 3967 3896 3921 3850 3968 3897 3922 3851 3622 3551 3923 3852 3923 3852 3622 3551 3621 3550 3923 3852 3621 3550 3924 3853 3924 3853 3621 3550 3969 3898 3924 3853 3969 3898 3925 3854 3925 3854 3969 3898 3970 3899 3925 3854 3970 3899 3926 3855 3926 3855 3970 3899 3971 3900 3926 3855 3971 3900 3927 3856 3927 3856 3971 3900 3972 3901 3927 3856 3972 3901 3928 3857 3928 3857 3972 3901 3973 3902 3928 3857 3973 3902 3929 3858 3929 3858 3973 3902 3974 3903 3929 3858 3974 3903 3930 3859 3930 3859 3974 3903 3975 3904 3930 3859 3975 3904 3931 3860 3931 3860 3975 3904 3976 3905 3931 3860 3976 3905 3932 3861 3932 3861 3976 3905 3977 3906 3932 3861 3977 3906 3933 3862 3933 3862 3977 3906 3978 3907 3933 3862 3978 3907 3934 3863 3934 3863 3978 3907 3979 3908 3934 3863 3979 3908 3935 3864 3935 3864 3979 3908 3980 3909 3935 3864 3980 3909 3936 3865 3936 3865 3980 3909 3981 3910 3936 3865 3981 3910 3937 3866 3937 3866 3981 3910 3982 3911 3937 3866 3982 3911 3938 3867 3938 3867 3982 3911 3983 3912 3938 3867 3983 3912 3939 3868 3939 3868 3983 3912 3984 3913 3939 3868 3984 3913 3940 3869 3940 3869 3984 3913 3985 3914 3940 3869 3985 3914 3941 3870 3941 3870 3985 3914 3986 3915 3941 3870 3986 3915 3942 3871 3942 3871 3986 3915 3987 3916 3942 3871 3987 3916 3943 3872 3943 3872 3987 3916 3988 3917 3943 3872 3988 3917 3944 3873 3944 3873 3988 3917 3989 3918 3944 3873 3989 3918 3945 3874 3945 3874 3989 3918 3990 3919 3945 3874 3990 3919 3946 3875 3946 3875 3990 3919 3991 3920 3946 3875 3991 3920 3947 3876 3947 3876 3991 3920 3992 3921 3947 3876 3992 3921 3948 3877 3948 3877 3992 3921 3993 3922 3948 3877 3993 3922 3949 3878 3949 3878 3993 3922 3994 3923 3949 3878 3994 3923 3950 3879 2894 2860 3626 3555 3646 3575 3646 3575 3626 3555 3995 3924 3646 3575 3995 3924 3687 3616 3687 3616 3995 3924 3996 3925 3687 3616 3996 3925 3734 3663 3734 3663 3996 3925 3997 3926 3734 3663 3997 3926 3781 3710 3781 3710 3997 3926 3998 3927 3781 3710 3998 3927 3828 3757 3828 3757 3998 3927 3999 3928 3828 3757 3999 3928 3875 3804 3875 3804 3999 3928 4000 3929 3875 3804 4000 3929 3922 3851 3922 3851 4000 3929 4001 3930 3922 3851 4001 3930 3622 3551 3622 3551 4001 3930 3033 2999 3622 3551 3033 2999 3032 2998 2893 2859 3647 3576 3626 3555 3626 3555 3647 3576 4002 3931 3626 3555 4002 3931 3995 3924 3995 3924 4002 3931 4003 3932 3995 3924 4003 3932 3996 3925 3996 3925 4003 3932 4004 3933 3996 3925 4004 3933 3997 3926 3997 3926 4004 3933 4005 3934 3997 3926 4005 3934 3998 3927 3998 3927 4005 3934 4006 3935 3998 3927 4006 3935 3999 3928 3999 3928 4006 3935 4007 3936 3999 3928 4007 3936 4000 3929 4000 3929 4007 3936 4008 3937 4000 3929 4008 3937 4001 3930 4001 3930 4008 3937 3049 3015 4001 3930 3049 3015 3033 2999 2890 2856 3648 3577 3647 3576 3647 3576 3648 3577 4009 3938 3647 3576 4009 3938 4002 3931 4002 3931 4009 3938 4010 3939 4002 3931 4010 3939 4003 3932 4003 3932 4010 3939 4011 3940 4003 3932 4011 3940 4004 3933 4004 3933 4011 3940 4012 3941 4004 3933 4012 3941 4005 3934 4005 3934 4012 3941 4013 3942 4005 3934 4013 3942 4006 3935 4006 3935 4013 3942 4014 3943 4006 3935 4014 3943 4007 3936 4007 3936 4014 3943 4015 3944 4007 3936 4015 3944 4008 3937 4008 3937 4015 3944 3065 3031 4008 3937 3065 3031 3049 3015 2930 2896 2929 2895 4016 3945 4016 3945 2929 2895 2932 2898 2889 2855 3625 3554 3648 3577 3648 3577 3625 3554 4017 3946 3648 3577 4017 3946 4009 3938 4009 3938 4017 3946 4018 3947 4009 3938 4018 3947 4010 3939 4010 3939 4018 3947 4019 3948 4010 3939 4019 3948 4011 3940 4011 3940 4019 3948 4020 3949 4011 3940 4020 3949 4012 3941 4012 3941 4020 3949 4021 3950 4012 3941 4021 3950 4013 3942 4013 3942 4021 3950 4022 3951 4013 3942 4022 3951 4014 3943 4014 3943 4022 3951 4016 3945 4014 3943 4016 3945 4015 3944 4015 3944 4016 3945 2932 2898 4015 3944 2932 2898 3065 3031 2888 2854 3649 3578 3625 3554 3625 3554 3649 3578 3675 3604 3625 3554 3675 3604 4017 3946 4017 3946 3675 3604 3721 3650 4017 3946 3721 3650 4018 3947 4018 3947 3721 3650 3767 3696 4018 3947 3767 3696 4019 3948 4019 3948 3767 3696 3813 3742 4019 3948 3813 3742 4020 3949 4020 3949 3813 3742 3859 3788 4020 3949 3859 3788 4021 3950 4021 3950 3859 3788 3905 3834 4021 3950 3905 3834 4022 3951 4022 3951 3905 3834 3951 3880 4022 3951 3951 3880 4016 3945 4016 3945 3951 3880 2926 2892 4016 3945 2926 2892 2930 2896 2924 2890 2923 2889 3968 3897 3968 3897 2923 2889 2999 2965 3968 3897 2999 2965 3967 3896 3967 3896 2999 2965 2998 2964 3967 3896 2998 2964 3966 3895 3966 3895 2998 2964 3148 3114 3966 3895 3148 3114 3965 3894 3965 3894 3148 3114 2982 2948 3965 3894 2982 2948 3964 3893 3964 3893 2982 2948 2981 2947 3964 3893 2981 2947 3963 3892 3963 3892 2981 2947 3139 3105 3963 3892 3139 3105 3962 3891 3962 3891 3139 3105 3130 3096 3962 3891 3130 3096 3961 3890 3961 3890 3130 3096 2965 2931 3961 3890 2965 2931 3960 3889 3960 3889 2965 2931 2964 2930 3960 3889 2964 2930 3959 3888 3959 3888 2964 2930 3122 3088 3959 3888 3122 3088 3958 3887 3958 3887 3122 3088 3106 3072 3958 3887 3106 3072 3957 3886 3957 3886 3106 3072 3105 3071 3957 3886 3105 3071 3956 3885 3956 3885 3105 3071 3090 3056 3956 3885 3090 3056 3955 3884 3955 3884 3090 3056 3089 3055 3955 3884 3089 3055 3954 3883 3954 3883 3089 3055 2948 2914 3954 3883 2948 2914 3953 3882 3953 3882 2948 2914 2947 2913 3953 3882 2947 2913 3952 3881 3952 3881 2947 2913 3080 3046 3952 3881 3080 3046 3951 3880 3951 3880 3080 3046 2927 2893 3951 3880 2927 2893 2926 2892 2871 2837 2870 2836 3659 3588 3659 3588 2870 2836 3624 3553 3659 3588 3624 3553 3686 3615 3686 3615 3624 3553 4023 3952 3686 3615 4023 3952 3733 3662 3733 3662 4023 3952 4024 3953 3733 3662 4024 3953 3780 3709 3780 3709 4024 3953 4025 3954 3780 3709 4025 3954 3827 3756 3827 3756 4025 3954 4026 3955 3827 3756 4026 3955 3874 3803 3874 3803 4026 3955 4027 3956 3874 3803 4027 3956 3921 3850 3921 3850 4027 3956 4028 3957 3921 3850 4028 3957 3968 3897 3968 3897 4028 3957 4029 3958 3968 3897 4029 3958 2924 2890 3015 2981 2921 2887 4029 3958 4029 3958 2921 2887 2920 2886 4029 3958 2920 2886 2924 2890 2868 2834 2867 2833 3624 3553 3624 3553 2867 2833 4030 3959 3624 3553 4030 3959 4023 3952 4023 3952 4030 3959 4031 3960 4023 3952 4031 3960 4024 3953 4024 3953 4031 3960 4032 3961 4024 3953 4032 3961 4025 3954 4025 3954 4032 3961 4033 3962 4025 3954 4033 3962 4026 3955 4026 3955 4033 3962 4034 3963 4026 3955 4034 3963 4027 3956 4027 3956 4034 3963 4035 3964 4027 3956 4035 3964 4028 3957 4028 3957 4035 3964 4036 3965 4028 3957 4036 3965 4029 3958 4029 3958 4036 3965 4037 3966 4029 3958 4037 3966 3015 2981 3015 2981 4037 3966 3016 2982 2867 2833 2866 2832 4030 3959 4030 3959 2866 2832 4038 3967 4030 3959 4038 3967 4031 3960 4031 3960 4038 3967 4039 3968 4031 3960 4039 3968 4032 3961 4032 3961 4039 3968 4040 3969 4032 3961 4040 3969 4033 3962 4033 3962 4040 3969 4041 3970 4033 3962 4041 3970 4034 3963 4034 3963 4041 3970 4042 3971 4034 3963 4042 3971 4035 3964 4035 3964 4042 3971 4043 3972 4035 3964 4043 3972 4036 3965 4036 3965 4043 3972 4044 3973 4036 3965 4044 3973 4037 3966 4037 3966 4044 3973 4045 3974 4037 3966 4045 3974 3016 2982 3016 2982 4045 3974 3170 3136 2866 2832 2865 2831 4038 3967 4038 3967 2865 2831 3623 3552 4038 3967 3623 3552 4039 3968 4039 3968 3623 3552 4046 3975 4039 3968 4046 3975 4040 3969 4040 3969 4046 3975 4047 3976 4040 3969 4047 3976 4041 3970 4041 3970 4047 3976 4048 3977 4041 3970 4048 3977 4042 3971 4042 3971 4048 3977 4049 3978 4042 3971 4049 3978 4043 3972 4043 3972 4049 3978 4050 3979 4043 3972 4050 3979 4044 3973 4044 3973 4050 3979 4051 3980 4044 3973 4051 3980 4045 3974 4045 3974 4051 3980 4052 3981 4045 3974 4052 3981 3170 3136 3170 3136 4052 3981 3171 3137 2863 2829 2862 2828 3623 3552 3623 3552 2862 2828 4053 3982 3623 3552 4053 3982 4046 3975 4046 3975 4053 3982 4054 3983 4046 3975 4054 3983 4047 3976 4047 3976 4054 3983 4055 3984 4047 3976 4055 3984 4048 3977 4048 3977 4055 3984 4056 3985 4048 3977 4056 3985 4049 3978 4049 3978 4056 3985 4057 3986 4049 3978 4057 3986 4050 3979 4050 3979 4057 3986 4058 3987 4050 3979 4058 3987 4051 3980 4051 3980 4058 3987 4059 3988 4051 3980 4059 3988 4052 3981 4052 3981 4059 3988 4060 3989 4052 3981 4060 3989 3171 3137 3171 3137 4060 3989 4061 3990 3032 2998 4062 3991 3621 3550 3621 3550 4062 3991 4063 3992 3621 3550 4063 3992 3969 3898 3969 3898 4063 3992 4064 3993 3969 3898 4064 3993 3970 3899 3970 3899 4064 3993 4065 3994 3970 3899 4065 3994 3971 3900 3971 3900 4065 3994 4066 3995 3971 3900 4066 3995 3972 3901 3972 3901 4066 3995 4067 3996 3972 3901 4067 3996 3973 3902 3973 3902 4067 3996 4068 3997 3973 3902 4068 3997 3974 3903 3974 3903 4068 3997 4069 3998 3974 3903 4069 3998 3975 3904 3975 3904 4069 3998 4070 3999 3975 3904 4070 3999 3976 3905 3976 3905 4070 3999 4071 4000 3976 3905 4071 4000 3977 3906 3977 3906 4071 4000 4072 4001 3977 3906 4072 4001 3978 3907 3978 3907 4072 4001 4073 4002 3978 3907 4073 4002 3979 3908 3979 3908 4073 4002 4074 4003 3979 3908 4074 4003 3980 3909 3980 3909 4074 4003 4075 4004 3980 3909 4075 4004 3981 3910 3981 3910 4075 4004 4076 4005 3981 3910 4076 4005 3982 3911 3982 3911 4076 4005 4077 4006 3982 3911 4077 4006 3983 3912 3983 3912 4077 4006 4078 4007 3983 3912 4078 4007 3984 3913 3984 3913 4078 4007 4079 4008 3984 3913 4079 4008 3985 3914 3985 3914 4079 4008 4080 4009 3985 3914 4080 4009 3986 3915 3986 3915 4080 4009 4081 4010 3986 3915 4081 4010 3987 3916 3987 3916 4081 4010 4082 4011 3987 3916 4082 4011 3988 3917 3988 3917 4082 4011 4083 4012 3988 3917 4083 4012 3989 3918 3989 3918 4083 4012 4084 4013 3989 3918 4084 4013 3990 3919 3990 3919 4084 4013 4085 4014 3990 3919 4085 4014 3991 3920 3991 3920 4085 4014 4086 4015 3991 3920 4086 4015 3992 3921 3992 3921 4086 4015 4087 4016 3992 3921 4087 4016 3993 3922 3993 3922 4087 4016 4061 3990 3993 3922 4061 3990 3994 3923 3994 3923 4061 3990 4060 3989 3994 3923 4060 3989 3950 3879 3950 3879 4060 3989 4059 3988 3950 3879 4059 3988 3904 3833 3904 3833 4059 3988 4058 3987 3904 3833 4058 3987 3858 3787 3858 3787 4058 3987 4057 3986 3858 3787 4057 3986 3812 3741 3812 3741 4057 3986 4056 3985 3812 3741 4056 3985 3766 3695 3766 3695 4056 3985 4055 3984 3766 3695 4055 3984 3720 3649 3720 3649 4055 3984 4054 3983 3720 3649 4054 3983 3661 3590 3661 3590 4054 3983 4053 3982 3661 3590 4053 3982 2861 2827 2861 2827 4053 3982 2862 2828 2046 2012 3180 3146 4088 4017 2046 2012 4088 4017 3048 3014 3048 3014 4088 4017 4089 4018 3048 3014 4089 4018 3046 3012 3046 3012 4089 4018 4090 4019 3046 3012 4090 4019 3044 3010 3044 3010 4090 4019 4091 4020 3044 3010 4091 4020 3042 3008 3042 3008 4091 4020 4092 4021 3042 3008 4092 4021 3040 3006 3040 3006 4092 4021 4093 4022 3040 3006 4093 4022 3038 3004 3038 3004 4093 4022 4094 4023 3038 3004 4094 4023 3036 3002 3036 3002 4094 4023 4095 4024 3036 3002 4095 4024 3034 3000 3034 3000 4095 4024 4096 4025 3034 3000 4096 4025 3032 2998 3185 3151 3186 3152 4097 4026 4098 4027 4099 4028 4100 4029 4100 4029 4099 4028 4101 4030 4100 4029 4101 4030 4102 4031 4102 4031 4101 4030 4103 4032 4102 4031 4103 4032 4104 4033 4104 4033 4103 4032 4105 4034 4104 4033 4105 4034 4106 4035 4106 4035 4105 4034 4107 4036 4106 4035 4107 4036 4108 4037 4108 4037 4107 4036 4109 4038 4108 4037 4109 4038 4110 4039 4110 4039 4109 4038 4111 4040 4110 4039 4111 4040 4112 4041 4112 4041 4111 4040 4113 4042 4112 4041 4113 4042 4114 4043 4114 4043 4113 4042 4115 4044 4114 4043 4115 4044 3181 3147 3181 3147 4115 4044 3182 3148 4099 4028 4116 4045 4101 4030 4101 4030 4116 4045 4117 4046 4101 4030 4117 4046 4103 4032 4103 4032 4117 4046 4118 4047 4103 4032 4118 4047 4105 4034 4105 4034 4118 4047 4119 4048 4105 4034 4119 4048 4107 4036 4107 4036 4119 4048 4120 4049 4107 4036 4120 4049 4109 4038 4109 4038 4120 4049 4121 4050 4109 4038 4121 4050 4111 4040 4111 4040 4121 4050 4122 4051 4111 4040 4122 4051 4113 4042 4113 4042 4122 4051 4123 4052 4113 4042 4123 4052 4115 4044 4115 4044 4123 4052 4097 4026 4115 4044 4097 4026 3182 3148 3182 3148 4097 4026 3186 3152 3184 3150 3185 3151 4124 4053 4124 4053 3185 3151 4097 4026 4124 4053 4097 4026 4125 4054 4125 4054 4097 4026 4123 4052 4125 4054 4123 4052 4126 4055 4126 4055 4123 4052 4122 4051 4126 4055 4122 4051 4127 4056 4127 4056 4122 4051 4121 4050 4127 4056 4121 4050 4128 4057 4128 4057 4121 4050 4120 4049 4128 4057 4120 4049 4129 4058 4129 4058 4120 4049 4119 4048 4129 4058 4119 4048 4130 4059 4130 4059 4119 4048 4118 4047 4130 4059 4118 4047 4131 4060 4131 4060 4118 4047 4117 4046 4131 4060 4117 4046 4132 4061 4132 4061 4117 4046 4116 4045 4132 4061 4133 4062 4131 4060 4131 4060 4133 4062 4134 4063 4131 4060 4134 4063 4130 4059 4130 4059 4134 4063 4135 4064 4130 4059 4135 4064 4129 4058 4129 4058 4135 4064 4136 4065 4129 4058 4136 4065 4128 4057 4128 4057 4136 4065 4137 4066 4128 4057 4137 4066 4127 4056 4127 4056 4137 4066 4138 4067 4127 4056 4138 4067 4126 4055 4126 4055 4138 4067 4139 4068 4126 4055 4139 4068 4125 4054 4125 4054 4139 4068 4140 4069 4125 4054 4140 4069 4124 4053 4124 4053 4140 4069 4141 4070 4124 4053 4141 4070 3184 3150 3184 3150 4141 4070 3183 3149 4133 4062 4096 4025 4134 4063 4134 4063 4096 4025 4095 4024 4134 4063 4095 4024 4135 4064 4135 4064 4095 4024 4094 4023 4135 4064 4094 4023 4136 4065 4136 4065 4094 4023 4093 4022 4136 4065 4093 4022 4137 4066 4137 4066 4093 4022 4092 4021 4137 4066 4092 4021 4138 4067 4138 4067 4092 4021 4091 4020 4138 4067 4091 4020 4139 4068 4139 4068 4091 4020 4090 4019 4139 4068 4090 4019 4140 4069 4140 4069 4090 4019 4089 4018 4140 4069 4089 4018 4141 4070 4141 4070 4089 4018 4088 4017 4141 4070 4088 4017 3183 3149 3183 3149 4088 4017 3180 3146 4098 4027 4100 4029 4142 4071 4143 4072 4144 4073 4145 4074 4102 4031 4104 4033 4146 4075 4147 4076 4148 4077 4149 4078 4104 4033 4106 4035 4150 4079 4151 4080 4152 4081 4153 4082 4106 4035 4108 4037 4154 4083 4155 4084 4156 4085 4157 4086 4108 4037 4110 4039 4158 4087 4159 4088 4160 4089 4161 4090 4110 4039 4112 4041 4162 4091 4163 4092 4164 4093 4165 4094 4112 4041 4114 4043 4166 4095 4167 4096 4168 4097 4169 4098 4114 4043 3181 3147 3195 3161 4114 4043 3195 3161 4166 4095 4166 4095 3195 3161 3193 3159 4166 4095 3193 3159 4170 4099 4170 4099 3193 3159 3192 3158 4170 4099 3192 3158 4171 4100 3192 3158 3190 3156 4171 4100 4171 4100 3190 3156 3189 3155 4171 4100 3189 3155 4169 4098 4169 4098 3189 3155 3188 3154 4169 4098 3188 3154 4167 4096 4112 4041 4166 4095 4162 4091 4162 4091 4166 4095 4170 4099 4162 4091 4170 4099 4172 4101 4172 4101 4170 4099 4171 4100 4172 4101 4171 4100 4173 4102 4173 4102 4171 4100 4169 4098 4173 4102 4169 4098 4165 4094 4165 4094 4169 4098 4168 4097 4165 4094 4168 4097 4163 4092 4110 4039 4162 4091 4158 4087 4158 4087 4162 4091 4172 4101 4158 4087 4172 4101 4174 4103 4174 4103 4172 4101 4173 4102 4174 4103 4173 4102 4175 4104 4175 4104 4173 4102 4165 4094 4175 4104 4165 4094 4161 4090 4161 4090 4165 4094 4164 4093 4161 4090 4164 4093 4159 4088 4108 4037 4158 4087 4154 4083 4154 4083 4158 4087 4174 4103 4154 4083 4174 4103 4176 4105 4176 4105 4174 4103 4175 4104 4176 4105 4175 4104 4177 4106 4177 4106 4175 4104 4161 4090 4177 4106 4161 4090 4157 4086 4157 4086 4161 4090 4160 4089 4157 4086 4160 4089 4155 4084 4106 4035 4154 4083 4150 4079 4150 4079 4154 4083 4176 4105 4150 4079 4176 4105 4178 4107 4178 4107 4176 4105 4177 4106 4178 4107 4177 4106 4179 4108 4179 4108 4177 4106 4157 4086 4179 4108 4157 4086 4153 4082 4153 4082 4157 4086 4156 4085 4153 4082 4156 4085 4151 4080 4104 4033 4150 4079 4146 4075 4146 4075 4150 4079 4178 4107 4146 4075 4178 4107 4180 4109 4180 4109 4178 4107 4179 4108 4180 4109 4179 4108 4181 4110 4181 4110 4179 4108 4153 4082 4181 4110 4153 4082 4149 4078 4149 4078 4153 4082 4152 4081 4149 4078 4152 4081 4147 4076 4102 4031 4146 4075 4182 4111 4182 4111 4146 4075 4180 4109 4182 4111 4180 4109 4183 4112 4183 4112 4180 4109 4181 4110 4183 4112 4181 4110 4184 4113 4184 4113 4181 4110 4149 4078 4184 4113 4149 4078 4145 4074 4145 4074 4149 4078 4148 4077 4145 4074 4148 4077 4143 4072 4144 4073 4185 4114 4145 4074 4145 4074 4185 4114 4186 4115 4145 4074 4186 4115 4184 4113 4184 4113 4186 4115 4187 4116 4184 4113 4187 4116 4183 4112 4183 4112 4187 4116 4142 4071 4183 4112 4142 4071 4182 4111 4182 4111 4142 4071 4100 4029 4182 4111 4100 4029 4102 4031 4144 4073 4188 4117 4185 4114 4185 4114 4188 4117 4189 4118 4185 4114 4189 4118 4190 4119 4098 4027 4142 4071 4191 4120 4191 4120 4142 4071 4187 4116 4191 4120 4187 4116 4192 4121 4192 4121 4187 4116 4186 4115 4192 4121 4186 4115 4193 4122 4193 4122 4186 4115 4185 4114 4193 4122 4185 4114 4194 4123 4194 4123 4185 4114 4190 4119 4194 4123 4190 4119 4195 4124 4195 4124 4190 4119 4196 4125 4196 4125 4190 4119 4197 4126 4197 4126 4190 4119 4198 4127 4198 4127 4190 4119 4189 4118 4198 4127 4189 4118 4199 4128 4199 4128 4189 4118 4188 4117 4199 4128 4188 4117 4200 4129 4200 4129 4188 4117 4144 4073 4200 4129 4144 4073 4201 4130 4201 4130 4144 4073 4143 4072 4201 4130 4143 4072 4202 4131 4202 4131 4143 4072 4148 4077 4202 4131 4148 4077 4203 4132 4203 4132 4148 4077 4147 4076 4203 4132 4147 4076 4204 4133 4204 4133 4147 4076 4152 4081 4204 4133 4152 4081 4205 4134 4205 4134 4152 4081 4151 4080 4205 4134 4151 4080 4206 4135 4206 4135 4151 4080 4156 4085 4206 4135 4156 4085 4207 4136 4207 4136 4156 4085 4155 4084 4207 4136 4155 4084 4208 4137 4208 4137 4155 4084 4160 4089 4208 4137 4160 4089 4209 4138 4209 4138 4160 4089 4159 4088 4209 4138 4159 4088 4210 4139 4210 4139 4159 4088 4164 4093 4210 4139 4164 4093 4211 4140 4211 4140 4164 4093 4163 4092 4211 4140 4163 4092 4212 4141 4212 4141 4163 4092 4168 4097 4212 4141 4168 4097 4213 4142 4168 4097 4167 4096 4213 4142 4213 4142 4167 4096 3188 3154 4213 4142 3188 3154 3196 3162 3220 3181 3221 3182 4214 4143 3212 3173 3213 3174 4215 4144 3207 3168 3206 3167 4216 4145 4196 4125 4197 4126 4217 4146 4217 4146 4197 4126 4218 4147 4197 4126 4198 4127 4218 4147 4218 4147 4198 4127 4199 4128 4218 4147 4199 4128 4219 4148 4199 4128 4200 4129 4219 4148 4219 4148 4200 4129 4201 4130 4219 4148 4201 4130 4220 4149 4201 4130 4202 4131 4220 4149 4220 4149 4202 4131 4203 4132 4220 4149 4203 4132 4221 4150 4203 4132 4204 4133 4221 4150 4221 4150 4204 4133 4205 4134 4221 4150 4205 4134 4222 4151 4205 4134 4206 4135 4222 4151 4222 4151 4206 4135 4207 4136 4222 4151 4207 4136 4223 4152 4207 4136 4208 4137 4223 4152 4223 4152 4208 4137 4209 4138 4223 4152 4209 4138 4224 4153 4225 4154 4226 4155 4227 4156 4227 4156 4226 4155 4228 4157 4227 4156 4228 4157 4229 4158 4229 4158 4228 4157 4230 4159 4229 4158 4230 4159 4231 4160 4231 4160 4230 4159 4232 4161 4231 4160 4232 4161 4233 4162 4233 4162 4232 4161 4234 4163 4233 4162 4234 4163 4235 4164 4235 4164 4234 4163 4236 4165 4235 4164 4236 4165 4237 4166 4237 4166 4236 4165 4238 4167 4237 4166 4238 4167 4239 4168 4239 4168 4238 4167 4240 4169 4239 4168 4240 4169 4241 4170 4241 4170 4240 4169 4216 4145 4242 4171 4243 4172 4244 4173 4244 4173 4243 4172 4245 4174 4244 4173 4245 4174 4246 4175 4246 4175 4245 4174 4247 4176 4246 4175 4247 4176 4248 4177 4248 4177 4247 4176 4249 4178 4248 4177 4249 4178 4250 4179 4250 4179 4249 4178 4251 4180 4250 4179 4251 4180 4252 4181 4252 4181 4251 4180 4253 4182 4252 4181 4253 4182 4254 4183 4254 4183 4253 4182 4255 4184 4254 4183 4255 4184 4256 4185 4256 4185 4255 4184 4257 4186 4256 4185 4257 4186 4258 4187 4258 4187 4257 4186 4215 4144 4259 4188 4260 4189 4261 4190 4261 4190 4260 4189 4262 4191 4261 4190 4262 4191 4263 4192 4263 4192 4262 4191 4264 4193 4263 4192 4264 4193 4265 4194 4265 4194 4264 4193 4266 4195 4265 4194 4266 4195 4267 4196 4267 4196 4266 4195 4268 4197 4267 4196 4268 4197 4269 4198 4269 4198 4268 4197 4270 4199 4269 4198 4270 4199 4271 4200 4271 4200 4270 4199 4272 4201 4271 4200 4272 4201 4273 4202 4273 4202 4272 4201 4274 4203 4273 4202 4274 4203 4214 4143 4214 4143 4274 4203 4275 4204 4260 4189 4217 4146 4262 4191 4262 4191 4217 4146 4218 4147 4262 4191 4218 4147 4264 4193 4264 4193 4218 4147 4219 4148 4264 4193 4219 4148 4266 4195 4266 4195 4219 4148 4220 4149 4266 4195 4220 4149 4268 4197 4268 4197 4220 4149 4221 4150 4268 4197 4221 4150 4270 4199 4270 4199 4221 4150 4222 4151 4270 4199 4222 4151 4272 4201 4272 4201 4222 4151 4223 4152 4272 4201 4223 4152 4274 4203 4274 4203 4223 4152 4224 4153 4274 4203 4224 4153 4275 4204 4275 4204 4224 4153 4276 4205 4277 4206 4225 4154 4278 4207 4278 4207 4225 4154 4227 4156 4278 4207 4227 4156 4279 4208 4279 4208 4227 4156 4229 4158 4279 4208 4229 4158 4280 4209 4280 4209 4229 4158 4231 4160 4280 4209 4231 4160 4281 4210 4281 4210 4231 4160 4233 4162 4281 4210 4233 4162 4282 4211 4282 4211 4233 4162 4235 4164 4282 4211 4235 4164 4283 4212 4283 4212 4235 4164 4237 4166 4283 4212 4237 4166 4284 4213 4284 4213 4237 4166 4239 4168 4284 4213 4239 4168 4285 4214 4285 4214 4239 4168 4241 4170 4285 4214 4241 4170 3203 3164 3203 3164 4241 4170 3204 3165 4216 4145 3206 3167 4241 4170 4241 4170 3206 3167 3205 3166 4241 4170 3205 3166 3204 3165 3208 3169 3207 3168 4286 4215 4286 4215 3207 3168 4216 4145 4286 4215 4216 4145 4287 4216 4287 4216 4216 4145 4240 4169 4287 4216 4240 4169 4288 4217 4288 4217 4240 4169 4238 4167 4288 4217 4238 4167 4289 4218 4289 4218 4238 4167 4236 4165 4289 4218 4236 4165 4290 4219 4290 4219 4236 4165 4234 4163 4290 4219 4234 4163 4291 4220 4291 4220 4234 4163 4232 4161 4291 4220 4232 4161 4292 4221 4292 4221 4232 4161 4230 4159 4292 4221 4230 4159 4293 4222 4293 4222 4230 4159 4228 4157 4293 4222 4228 4157 4294 4223 4294 4223 4228 4157 4226 4155 4294 4223 4295 4224 4293 4222 4293 4222 4295 4224 4296 4225 4293 4222 4296 4225 4292 4221 4292 4221 4296 4225 4297 4226 4292 4221 4297 4226 4291 4220 4291 4220 4297 4226 4298 4227 4291 4220 4298 4227 4290 4219 4290 4219 4298 4227 4299 4228 4290 4219 4299 4228 4289 4218 4289 4218 4299 4228 4300 4229 4289 4218 4300 4229 4288 4217 4288 4217 4300 4229 4301 4230 4288 4217 4301 4230 4287 4216 4287 4216 4301 4230 4302 4231 4287 4216 4302 4231 4286 4215 4286 4215 4302 4231 4303 4232 4286 4215 4303 4232 3208 3169 3208 3169 4303 4232 3209 3170 4295 4224 4242 4171 4296 4225 4296 4225 4242 4171 4244 4173 4296 4225 4244 4173 4297 4226 4297 4226 4244 4173 4246 4175 4297 4226 4246 4175 4298 4227 4298 4227 4246 4175 4248 4177 4298 4227 4248 4177 4299 4228 4299 4228 4248 4177 4250 4179 4299 4228 4250 4179 4300 4229 4300 4229 4250 4179 4252 4181 4300 4229 4252 4181 4301 4230 4301 4230 4252 4181 4254 4183 4301 4230 4254 4183 4302 4231 4302 4231 4254 4183 4256 4185 4302 4231 4256 4185 4303 4232 4303 4232 4256 4185 4258 4187 4303 4232 4258 4187 3209 3170 3209 3170 4258 4187 3215 3176 4215 4144 3213 3174 4258 4187 4258 4187 3213 3174 3214 3175 4258 4187 3214 3175 3215 3176 3211 3172 3212 3173 4304 4233 4304 4233 3212 3173 4215 4144 4304 4233 4215 4144 4305 4234 4305 4234 4215 4144 4257 4186 4305 4234 4257 4186 4306 4235 4306 4235 4257 4186 4255 4184 4306 4235 4255 4184 4307 4236 4307 4236 4255 4184 4253 4182 4307 4236 4253 4182 4308 4237 4308 4237 4253 4182 4251 4180 4308 4237 4251 4180 4309 4238 4309 4238 4251 4180 4249 4178 4309 4238 4249 4178 4310 4239 4310 4239 4249 4178 4247 4176 4310 4239 4247 4176 4311 4240 4311 4240 4247 4176 4245 4174 4311 4240 4245 4174 4312 4241 4312 4241 4245 4174 4243 4172 4312 4241 4313 4242 4311 4240 4311 4240 4313 4242 4314 4243 4311 4240 4314 4243 4310 4239 4310 4239 4314 4243 4315 4244 4310 4239 4315 4244 4309 4238 4309 4238 4315 4244 4316 4245 4309 4238 4316 4245 4308 4237 4308 4237 4316 4245 4317 4246 4308 4237 4317 4246 4307 4236 4307 4236 4317 4246 4318 4247 4307 4236 4318 4247 4306 4235 4306 4235 4318 4247 4319 4248 4306 4235 4319 4248 4305 4234 4305 4234 4319 4248 4320 4249 4305 4234 4320 4249 4304 4233 4304 4233 4320 4249 4321 4250 4304 4233 4321 4250 3211 3172 3211 3172 4321 4250 3210 3171 4313 4242 4259 4188 4314 4243 4314 4243 4259 4188 4261 4190 4314 4243 4261 4190 4315 4244 4315 4244 4261 4190 4263 4192 4315 4244 4263 4192 4316 4245 4316 4245 4263 4192 4265 4194 4316 4245 4265 4194 4317 4246 4317 4246 4265 4194 4267 4196 4317 4246 4267 4196 4318 4247 4318 4247 4267 4196 4269 4198 4318 4247 4269 4198 4319 4248 4319 4248 4269 4198 4271 4200 4319 4248 4271 4200 4320 4249 4320 4249 4271 4200 4273 4202 4320 4249 4273 4202 4321 4250 4321 4250 4273 4202 4214 4143 4321 4250 4214 4143 3210 3171 3210 3171 4214 4143 3221 3182 4209 4138 4210 4139 4224 4153 4224 4153 4210 4139 4211 4140 4224 4153 4211 4140 4276 4205 4276 4205 4211 4140 4212 4141 4276 4205 4212 4141 4213 4142 3220 3181 4214 4143 3219 3180 3219 3180 4214 4143 4275 4204 3219 3180 4275 4204 3218 3179 3218 3179 4275 4204 4276 4205 3218 3179 4276 4205 3217 3178 3217 3178 4276 4205 4213 4142 3217 3178 4213 4142 3196 3162 3203 3164 3222 3183 4322 4251 3203 3164 4322 4251 4285 4214 4285 4214 4322 4251 4323 4252 4285 4214 4323 4252 4284 4213 4284 4213 4323 4252 4324 4253 4284 4213 4324 4253 4283 4212 4283 4212 4324 4253 4325 4254 4283 4212 4325 4254 4282 4211 4282 4211 4325 4254 4326 4255 4282 4211 4326 4255 4281 4210 4281 4210 4326 4255 4327 4256 4281 4210 4327 4256 4280 4209 4280 4209 4327 4256 4328 4257 4280 4209 4328 4257 4279 4208 4279 4208 4328 4257 4329 4258 4279 4208 4329 4258 4278 4207 4278 4207 4329 4258 4330 4259 4278 4207 4330 4259 4277 4206 3238 3199 3239 3200 4331 4260 3234 3195 3235 3196 4332 4261 3227 3188 3226 3187 4333 4262 4334 4263 4335 4264 4336 4265 4336 4265 4335 4264 4337 4266 4336 4265 4337 4266 4338 4267 4338 4267 4337 4266 4339 4268 4338 4267 4339 4268 4340 4269 4340 4269 4339 4268 4341 4270 4340 4269 4341 4270 4342 4271 4342 4271 4341 4270 4343 4272 4342 4271 4343 4272 4344 4273 4344 4273 4343 4272 4345 4274 4344 4273 4345 4274 4346 4275 4346 4275 4345 4274 4347 4276 4346 4275 4347 4276 4348 4277 4348 4277 4347 4276 4349 4278 4348 4277 4349 4278 4350 4279 4350 4279 4349 4278 4333 4262 4351 4280 4352 4281 4353 4282 4353 4282 4352 4281 4354 4283 4353 4282 4354 4283 4355 4284 4355 4284 4354 4283 4356 4285 4355 4284 4356 4285 4357 4286 4357 4286 4356 4285 4358 4287 4357 4286 4358 4287 4359 4288 4359 4288 4358 4287 4360 4289 4359 4288 4360 4289 4361 4290 4361 4290 4360 4289 4362 4291 4361 4290 4362 4291 4363 4292 4363 4292 4362 4291 4364 4293 4363 4292 4364 4293 4365 4294 4365 4294 4364 4293 4366 4295 4365 4294 4366 4295 4367 4296 4367 4296 4366 4295 4332 4261 4368 4297 4369 4298 4370 4299 4370 4299 4369 4298 4371 4300 4370 4299 4371 4300 4372 4301 4372 4301 4371 4300 4373 4302 4372 4301 4373 4302 4374 4303 4374 4303 4373 4302 4375 4304 4374 4303 4375 4304 4376 4305 4376 4305 4375 4304 4377 4306 4376 4305 4377 4306 4378 4307 4378 4307 4377 4306 4379 4308 4378 4307 4379 4308 4380 4309 4380 4309 4379 4308 4381 4310 4380 4309 4381 4310 4382 4311 4382 4311 4381 4310 4383 4312 4382 4311 4383 4312 4384 4313 4384 4313 4383 4312 4331 4260 4385 4314 4334 4263 4386 4315 4386 4315 4334 4263 4336 4265 4386 4315 4336 4265 4387 4316 4387 4316 4336 4265 4338 4267 4387 4316 4338 4267 4388 4317 4388 4317 4338 4267 4340 4269 4388 4317 4340 4269 4389 4318 4389 4318 4340 4269 4342 4271 4389 4318 4342 4271 4390 4319 4390 4319 4342 4271 4344 4273 4390 4319 4344 4273 4391 4320 4391 4320 4344 4273 4346 4275 4391 4320 4346 4275 4392 4321 4392 4321 4346 4275 4348 4277 4392 4321 4348 4277 4393 4322 4393 4322 4348 4277 4350 4279 4393 4322 4350 4279 3223 3184 3223 3184 4350 4279 3224 3185 4333 4262 3226 3187 4350 4279 4350 4279 3226 3187 3225 3186 4350 4279 3225 3186 3224 3185 3228 3189 3227 3188 4394 4323 4394 4323 3227 3188 4333 4262 4394 4323 4333 4262 4395 4324 4395 4324 4333 4262 4349 4278 4395 4324 4349 4278 4396 4325 4396 4325 4349 4278 4347 4276 4396 4325 4347 4276 4397 4326 4397 4326 4347 4276 4345 4274 4397 4326 4345 4274 4398 4327 4398 4327 4345 4274 4343 4272 4398 4327 4343 4272 4399 4328 4399 4328 4343 4272 4341 4270 4399 4328 4341 4270 4400 4329 4400 4329 4341 4270 4339 4268 4400 4329 4339 4268 4401 4330 4401 4330 4339 4268 4337 4266 4401 4330 4337 4266 4402 4331 4402 4331 4337 4266 4335 4264 4402 4331 4403 4332 4401 4330 4401 4330 4403 4332 4404 4333 4401 4330 4404 4333 4400 4329 4400 4329 4404 4333 4405 4334 4400 4329 4405 4334 4399 4328 4399 4328 4405 4334 4406 4335 4399 4328 4406 4335 4398 4327 4398 4327 4406 4335 4407 4336 4398 4327 4407 4336 4397 4326 4397 4326 4407 4336 4408 4337 4397 4326 4408 4337 4396 4325 4396 4325 4408 4337 4409 4338 4396 4325 4409 4338 4395 4324 4395 4324 4409 4338 4410 4339 4395 4324 4410 4339 4394 4323 4394 4323 4410 4339 4411 4340 4394 4323 4411 4340 3228 3189 3228 3189 4411 4340 3229 3190 4403 4332 4351 4280 4404 4333 4404 4333 4351 4280 4353 4282 4404 4333 4353 4282 4405 4334 4405 4334 4353 4282 4355 4284 4405 4334 4355 4284 4406 4335 4406 4335 4355 4284 4357 4286 4406 4335 4357 4286 4407 4336 4407 4336 4357 4286 4359 4288 4407 4336 4359 4288 4408 4337 4408 4337 4359 4288 4361 4290 4408 4337 4361 4290 4409 4338 4409 4338 4361 4290 4363 4292 4409 4338 4363 4292 4410 4339 4410 4339 4363 4292 4365 4294 4410 4339 4365 4294 4411 4340 4411 4340 4365 4294 4367 4296 4411 4340 4367 4296 3229 3190 3229 3190 4367 4296 3230 3191 4332 4261 3235 3196 4367 4296 4367 4296 3235 3196 3236 3197 4367 4296 3236 3197 3230 3191 3233 3194 3234 3195 4412 4341 4412 4341 3234 3195 4332 4261 4412 4341 4332 4261 4413 4342 4413 4342 4332 4261 4366 4295 4413 4342 4366 4295 4414 4343 4414 4343 4366 4295 4364 4293 4414 4343 4364 4293 4415 4344 4415 4344 4364 4293 4362 4291 4415 4344 4362 4291 4416 4345 4416 4345 4362 4291 4360 4289 4416 4345 4360 4289 4417 4346 4417 4346 4360 4289 4358 4287 4417 4346 4358 4287 4418 4347 4418 4347 4358 4287 4356 4285 4418 4347 4356 4285 4419 4348 4419 4348 4356 4285 4354 4283 4419 4348 4354 4283 4420 4349 4420 4349 4354 4283 4352 4281 4420 4349 4421 4350 4419 4348 4419 4348 4421 4350 4422 4351 4419 4348 4422 4351 4418 4347 4418 4347 4422 4351 4423 4352 4418 4347 4423 4352 4417 4346 4417 4346 4423 4352 4424 4353 4417 4346 4424 4353 4416 4345 4416 4345 4424 4353 4425 4354 4416 4345 4425 4354 4415 4344 4415 4344 4425 4354 4426 4355 4415 4344 4426 4355 4414 4343 4414 4343 4426 4355 4427 4356 4414 4343 4427 4356 4413 4342 4413 4342 4427 4356 4428 4357 4413 4342 4428 4357 4412 4341 4412 4341 4428 4357 4429 4358 4412 4341 4429 4358 3233 3194 3233 3194 4429 4358 3232 3193 4421 4350 4368 4297 4422 4351 4422 4351 4368 4297 4370 4299 4422 4351 4370 4299 4423 4352 4423 4352 4370 4299 4372 4301 4423 4352 4372 4301 4424 4353 4424 4353 4372 4301 4374 4303 4424 4353 4374 4303 4425 4354 4425 4354 4374 4303 4376 4305 4425 4354 4376 4305 4426 4355 4426 4355 4376 4305 4378 4307 4426 4355 4378 4307 4427 4356 4427 4356 4378 4307 4380 4309 4427 4356 4380 4309 4428 4357 4428 4357 4380 4309 4382 4311 4428 4357 4382 4311 4429 4358 4429 4358 4382 4311 4384 4313 4429 4358 4384 4313 3232 3193 3232 3193 4384 4313 3231 3192 4331 4260 3239 3200 4384 4313 4384 4313 3239 3200 3240 3201 4384 4313 3240 3201 3231 3192 3237 3198 3238 3199 4430 4359 4430 4359 3238 3199 4331 4260 4430 4359 4331 4260 4431 4360 4431 4360 4331 4260 4383 4312 4431 4360 4383 4312 4432 4361 4432 4361 4383 4312 4381 4310 4432 4361 4381 4310 4433 4362 4433 4362 4381 4310 4379 4308 4433 4362 4379 4308 4434 4363 4434 4363 4379 4308 4377 4306 4434 4363 4377 4306 4435 4364 4435 4364 4377 4306 4375 4304 4435 4364 4375 4304 4436 4365 4436 4365 4375 4304 4373 4302 4436 4365 4373 4302 4437 4366 4437 4366 4373 4302 4371 4300 4437 4366 4371 4300 4438 4367 4438 4367 4371 4300 4369 4298 4438 4367 4330 4259 4437 4366 4437 4366 4330 4259 4329 4258 4437 4366 4329 4258 4436 4365 4436 4365 4329 4258 4328 4257 4436 4365 4328 4257 4435 4364 4435 4364 4328 4257 4327 4256 4435 4364 4327 4256 4434 4363 4434 4363 4327 4256 4326 4255 4434 4363 4326 4255 4433 4362 4433 4362 4326 4255 4325 4254 4433 4362 4325 4254 4432 4361 4432 4361 4325 4254 4324 4253 4432 4361 4324 4253 4431 4360 4431 4360 4324 4253 4323 4252 4431 4360 4323 4252 4430 4359 4430 4359 4323 4252 4322 4251 4430 4359 4322 4251 3237 3198 3237 3198 4322 4251 3222 3183 4439 4368 4385 4314 4386 4315 4439 4368 4386 4315 4440 4369 4440 4369 4386 4315 4387 4316 4440 4369 4387 4316 4441 4370 4441 4370 4387 4316 4388 4317 4441 4370 4388 4317 4442 4371 4442 4371 4388 4317 4389 4318 4442 4371 4389 4318 4443 4372 4443 4372 4389 4318 4390 4319 4443 4372 4390 4319 4444 4373 4444 4373 4390 4319 4391 4320 4444 4373 4391 4320 4445 4374 4445 4374 4391 4320 4392 4321 4445 4374 4392 4321 4446 4375 4446 4375 4392 4321 4393 4322 4446 4375 4393 4322 4447 4376 4447 4376 4393 4322 3223 3184 4447 4376 3223 3184 3241 3202 4439 4368 4440 4369 4448 4377 3566 3495 3561 3490 4449 4378 4441 4370 4442 4371 4450 4379 3572 3501 3567 3496 4451 4380 4442 4371 4443 4372 4452 4381 3578 3507 3573 3502 4453 4382 4443 4372 4444 4373 4454 4383 3584 3513 3579 3508 4455 4384 4444 4373 4445 4374 4456 4385 3613 3542 3585 3514 4457 4386 4445 4374 4446 4375 4458 4387 3615 3544 3614 3543 4459 4388 4446 4375 4447 4376 4460 4389 3619 3548 3616 3545 4461 4390 4447 4376 3241 3202 3256 3211 4447 4376 3256 3211 4460 4389 4460 4389 3256 3211 3254 3209 4460 4389 3254 3209 4462 4391 4462 4391 3254 3209 3253 3208 4462 4391 3253 3208 4463 4392 3253 3208 3251 3206 4463 4392 4463 4392 3251 3206 3250 3205 4463 4392 3250 3205 4461 4390 4461 4390 3250 3205 2814 2780 4461 4390 2814 2780 3619 3548 4446 4375 4460 4389 4458 4387 4458 4387 4460 4389 4462 4391 4458 4387 4462 4391 4464 4393 4464 4393 4462 4391 4463 4392 4464 4393 4463 4392 4465 4394 4465 4394 4463 4392 4461 4390 4465 4394 4461 4390 4459 4388 4459 4388 4461 4390 3616 3545 4459 4388 3616 3545 3615 3544 4445 4374 4458 4387 4456 4385 4456 4385 4458 4387 4464 4393 4456 4385 4464 4393 4466 4395 4466 4395 4464 4393 4465 4394 4466 4395 4465 4394 4467 4396 4467 4396 4465 4394 4459 4388 4467 4396 4459 4388 4457 4386 4457 4386 4459 4388 3614 3543 4457 4386 3614 3543 3613 3542 4444 4373 4456 4385 4454 4383 4454 4383 4456 4385 4466 4395 4454 4383 4466 4395 4468 4397 4468 4397 4466 4395 4467 4396 4468 4397 4467 4396 4469 4398 4469 4398 4467 4396 4457 4386 4469 4398 4457 4386 4455 4384 4455 4384 4457 4386 3585 3514 4455 4384 3585 3514 3584 3513 4443 4372 4454 4383 4452 4381 4452 4381 4454 4383 4468 4397 4452 4381 4468 4397 4470 4399 4470 4399 4468 4397 4469 4398 4470 4399 4469 4398 4471 4400 4471 4400 4469 4398 4455 4384 4471 4400 4455 4384 4453 4382 4453 4382 4455 4384 3579 3508 4453 4382 3579 3508 3578 3507 4442 4371 4452 4381 4450 4379 4450 4379 4452 4381 4470 4399 4450 4379 4470 4399 4472 4401 4472 4401 4470 4399 4471 4400 4472 4401 4471 4400 4473 4402 4473 4402 4471 4400 4453 4382 4473 4402 4453 4382 4451 4380 4451 4380 4453 4382 3573 3502 4451 4380 3573 3502 3572 3501 4441 4370 4450 4379 4474 4403 4474 4403 4450 4379 4472 4401 4474 4403 4472 4401 4475 4404 4475 4404 4472 4401 4473 4402 4475 4404 4473 4402 4476 4405 4476 4405 4473 4402 4451 4380 4476 4405 4451 4380 4449 4378 4449 4378 4451 4380 3567 3496 4449 4378 3567 3496 3566 3495 3561 3490 4477 4406 4449 4378 4449 4378 4477 4406 4478 4407 4449 4378 4478 4407 4476 4405 4476 4405 4478 4407 4479 4408 4476 4405 4479 4408 4475 4404 4475 4404 4479 4408 4448 4377 4475 4404 4448 4377 4474 4403 4474 4403 4448 4377 4440 4369 4474 4403 4440 4369 4441 4370 3561 3490 3560 3489 4477 4406 4477 4406 3560 3489 3555 3484 4477 4406 3555 3484 3554 3483 4439 4368 4448 4377 4480 4409 4480 4409 4448 4377 4479 4408 4480 4409 4479 4408 4481 4410 4481 4410 4479 4408 4478 4407 4481 4410 4478 4407 4482 4411 4482 4411 4478 4407 4477 4406 4482 4411 4477 4406 4483 4412 4483 4412 4477 4406 3554 3483 4483 4412 3554 3483 3547 3476 4484 4413 4485 4413 4486 4413 4487 4413 4488 4413 4489 4413 4489 4413 4488 4413 4490 4413 4491 4413 4196 4125 4492 4413 4492 4413 4196 4125 4493 4414 4494 4413 4195 4124 4495 4415 4495 4415 4195 4124 4196 4125 4494 4413 4496 4413 4195 4124 4195 4124 4496 4413 4497 4413 4195 4124 4497 4413 4498 4413 4065 3994 4064 3993 4096 4025 4077 4006 4076 4005 4499 4416 4491 4413 4500 4413 4196 4125 4196 4125 4500 4413 4501 4417 4196 4125 4501 4417 4495 4415 4498 4413 4502 4413 4195 4124 4195 4124 4502 4413 4503 4413 4195 4124 4503 4413 4194 4123 4194 4123 4504 4413 4505 4418 4098 4027 4191 4120 4506 4419 4506 4419 4191 4120 4192 4121 4506 4419 4192 4121 4507 4413 4505 4418 4192 4121 4193 4122 4505 4418 4193 4122 4194 4123 4508 4413 4076 4005 4509 4420 4081 4010 4080 4009 4510 4421 4511 4422 4080 4009 4079 4008 4511 4422 4079 4008 4499 4416 4499 4416 4079 4008 4078 4007 4499 4416 4078 4007 4077 4006 4486 4413 4485 4413 4512 4413 4513 4423 4514 4423 4515 4423 4515 4424 4514 4424 4516 4424 4515 4425 4516 4425 4517 4425 4493 4414 4196 4125 4518 4426 4518 4426 4196 4125 4519 4427 4518 4413 4520 4413 4515 4413 4515 4413 4520 4413 4521 4413 4515 4428 4521 4428 4513 4428 4064 3993 4063 3992 4096 4025 4096 4025 4063 3992 4062 3991 4096 4025 4062 3991 3032 2998 4067 3996 4522 4429 4488 4430 4133 4062 4132 4061 4067 3996 4067 3996 4132 4061 4116 4045 4487 4413 4523 4413 4488 4413 4488 4413 4523 4413 4524 4413 4488 4430 4525 4431 4067 3996 4067 3996 4525 4431 4526 4432 4067 3996 4526 4432 4527 4433 4072 4001 4071 4000 4528 4434 4439 4368 4529 4413 4530 4413 4531 4413 4385 4314 4532 4413 4532 4413 4385 4314 4439 4368 4532 4413 4439 4368 4533 4413 4531 4413 4534 4413 4385 4314 4385 4314 4534 4413 4535 4413 4385 4314 4535 4413 4536 4413 4537 4413 4538 4413 4539 4413 4133 4062 4067 3996 4096 4025 4096 4025 4067 3996 4066 3995 4096 4025 4066 3995 4065 3994 4522 4429 4067 3996 4540 4413 4540 4413 4067 3996 4116 4045 4540 4413 4116 4045 4541 4435 4541 4435 4116 4045 4099 4028 4541 4435 4099 4028 4098 4027 4076 4005 4075 4004 4509 4420 4509 4420 4075 4004 4074 4003 4509 4420 4074 4003 4528 4434 4528 4434 4074 4003 4073 4002 4528 4434 4073 4002 4072 4001 4071 4000 4070 3999 4542 4436 4542 4436 4070 3999 4069 3998 4542 4436 4069 3998 4527 4433 4527 4433 4069 3998 4068 3997 4527 4433 4068 3997 4067 3996 4529 4413 4439 4368 4543 4413 4530 4413 4544 4413 4439 4368 4439 4368 4544 4413 4545 4413 4439 4368 4545 4413 4533 4413 4538 4437 4546 4437 4539 4437 4539 4438 4546 4438 4547 4438 4539 4425 4547 4425 4548 4425 4549 4439 4550 4439 4551 4439 4552 4413 4553 4413 4196 4125 4537 4413 4539 4413 4554 4413 4554 4413 4539 4413 4555 4413 4554 4413 4555 4413 4556 4413 4555 4440 4557 4440 4556 4440 4556 4441 4557 4441 4558 4441 4556 4442 4558 4442 4485 4442 4485 4413 4558 4413 4559 4413 4485 4413 4559 4413 4512 4413 4439 4368 4480 4409 4560 4413 4560 4413 4480 4409 4481 4410 4560 4413 4481 4410 4561 4443 4561 4443 4481 4410 4482 4411 4403 4332 4549 4444 4351 4280 4351 4280 4549 4444 4352 4281 4548 4413 4562 4413 4563 4413 4563 4445 4562 4445 4564 4445 4563 4446 4564 4446 4565 4446 4565 4413 4564 4413 4566 4413 4565 4413 4566 4413 4549 4413 4549 4413 4566 4413 4567 4413 4549 4447 4567 4447 4550 4447 4568 4413 4569 4413 4556 4413 4294 4223 4570 4448 4571 4449 4572 4413 4242 4171 4573 4413 4571 4449 4242 4171 4295 4224 4571 4449 4295 4224 4294 4223 4552 4413 4196 4125 4574 4413 4553 4413 4575 4413 4196 4125 4196 4125 4575 4413 4576 4413 4196 4125 4576 4413 4519 4427 4488 4413 4577 4413 4490 4413 4490 4413 4577 4413 4578 4413 4490 4413 4578 4413 4579 4413 4579 4413 4580 4413 4490 4413 4490 4413 4580 4413 4581 4413 4490 4413 4581 4413 4582 4413 4583 4413 4584 4413 4585 4413 3548 3477 3171 3137 4061 3990 4061 3990 4087 4016 3548 3477 3548 3477 4087 4016 4086 4015 3548 3477 4086 4015 4085 4014 3591 3520 3590 3519 4083 4012 4352 4281 4586 4450 4587 4451 4582 4413 4588 4413 4589 4413 4589 4413 4588 4413 4590 4413 4589 4413 4590 4413 4591 4413 4591 4413 4590 4413 4592 4413 4591 4413 4592 4413 4585 4413 4585 4413 4592 4413 4593 4413 4585 4413 4593 4413 4583 4413 4584 4413 4594 4413 4585 4413 4585 4413 4594 4413 4595 4413 4585 4413 4595 4413 4484 4413 4482 4411 4483 4412 4561 4443 4561 4443 4483 4412 3547 3476 4561 4443 3547 3476 3546 3475 4536 4413 4596 4452 4385 4314 4385 4314 4596 4452 4597 4453 4385 4314 4597 4453 4334 4263 4334 4454 4598 4455 4599 4455 4334 4263 4600 4456 4335 4264 4335 4264 4600 4456 4601 4413 4335 4264 4549 4444 4402 4331 4402 4331 4549 4444 4403 4332 4551 4413 4602 4413 4549 4413 4549 4457 4602 4457 4603 4457 4549 4458 4603 4458 4604 4458 4604 4413 4605 4413 4549 4413 4549 4413 4605 4413 4606 4413 4549 4444 4606 4459 4352 4281 4352 4281 4606 4459 4607 4460 4352 4281 4607 4460 4586 4450 4608 4461 4609 4462 4352 4281 4352 4281 4609 4462 4610 4463 4352 4281 4611 4464 4420 4349 4420 4349 4611 4464 4612 4465 4517 4413 4613 4413 4515 4413 4515 4466 4613 4466 4614 4466 4515 4446 4614 4446 4615 4446 4615 4413 4616 4413 4617 4413 4615 4413 4617 4413 4485 4413 4485 4413 4618 4413 4619 4413 4485 4467 4619 4467 4556 4467 4556 4413 4619 4413 4620 4413 4556 4413 4620 4413 4568 4413 4569 4413 4621 4413 4556 4413 4556 4413 4621 4413 4622 4413 4556 4413 4622 4413 4623 4413 4624 4413 4625 4413 4626 4413 4626 4413 4625 4413 4627 4413 4624 4413 4628 4413 4625 4413 4625 4468 4629 4469 4369 4298 4625 4468 4369 4298 4630 4470 4630 4470 4369 4298 4368 4297 4630 4470 4368 4297 4631 4413 4612 4465 4368 4297 4421 4350 4612 4465 4421 4350 4420 4349 4629 4469 4632 4471 4369 4298 4369 4298 4632 4471 4633 4472 4369 4298 4634 4473 4438 4367 4438 4367 4634 4473 4635 4474 4294 4223 4226 4155 4570 4448 4570 4448 4226 4155 4225 4154 4570 4448 4225 4154 4636 4475 4636 4475 4225 4154 4277 4206 4636 4475 4277 4206 4637 4413 4635 4474 4277 4206 4330 4259 4635 4474 4330 4259 4438 4367 3546 3475 3591 3520 4638 4413 4638 4413 3591 3520 4083 4012 4638 4413 4083 4012 4510 4421 4510 4421 4083 4012 4082 4011 4510 4421 4082 4011 4081 4010 3590 3519 3549 3478 4083 4012 4083 4012 3549 3478 3548 3477 4083 4012 3548 3477 4084 4013 4084 4013 3548 3477 4085 4014 4587 4451 4639 4476 4352 4281 4352 4281 4639 4476 4640 4477 4352 4281 4640 4477 4608 4461 4627 4413 4641 4413 4626 4413 4626 4413 4641 4413 4642 4413 4626 4413 4642 4413 4643 4413 4643 4413 4644 4413 4626 4413 4645 4413 4644 4413 4646 4413 4645 4413 4646 4413 4647 4413 4623 4413 4648 4413 4556 4413 4649 4413 4648 4413 4650 4413 4649 4413 4650 4413 4647 4413 4647 4413 4650 4413 4651 4413 4647 4413 4651 4413 4645 4413 4652 4413 4312 4241 4572 4413 4572 4413 4312 4241 4243 4172 4572 4413 4243 4172 4242 4171 4196 4125 4217 4146 4653 4413 4653 4413 4217 4146 4260 4189 4653 4413 4260 4189 4654 4413 4654 4413 4260 4189 4259 4188 4654 4413 4259 4188 4655 4413 4652 4413 4259 4188 4313 4242 4652 4413 4313 4242 4312 4241 4656 4478 4657 4478 4658 4478 4658 4478 4659 4478 4656 4478 4656 4478 4659 4478 4660 4478 4656 4479 4660 4479 4661 4479 4662 4478 4663 4478 4664 4478 4664 4480 4663 4480 4665 4480 4664 4478 4656 4478 4666 4478 4666 4478 4656 4478 4661 4478 4662 4478 4667 4478 4663 4478 4663 4478 4667 4478 4668 4478 4663 4478 4668 4478 4669 4478 4669 4481 4670 4481 4663 4481 4663 4478 4670 4478 4671 4478 4663 4478 4671 4478 4672 4478 4673 215 4674 215 4675 215 4676 215 4677 215 4678 215 4678 215 4679 215 4676 215 4676 4482 4679 4482 4680 4482 4676 215 4680 215 4681 215 4682 215 4683 215 4675 215 4681 215 4684 215 4676 215 4676 4483 4684 4483 4685 4483 4676 215 4685 215 4686 215 4675 215 4685 215 4687 215 4675 215 4687 215 4682 215 4683 215 4688 215 4675 215 4675 4484 4688 4484 4689 4484 4675 215 4689 215 4673 215 4690 0 4691 0 4692 0 4692 0 4691 0 4693 0 4694 0 4695 0 4696 0 4696 0 4695 0 4697 0 4696 0 4697 0 4698 0 4699 0 4700 0 4696 0 4696 0 4700 0 4701 0 4696 0 4701 0 4694 0 4702 0 4703 0 4696 0 4696 0 4703 0 4704 0 4696 0 4704 0 4699 0 4705 0 4706 0 4696 0 4696 0 4706 0 4707 0 4696 0 4707 0 4702 0 4708 0 4709 0 4696 0 4696 0 4709 0 4710 0 4696 0 4710 0 4705 0 4711 0 4712 0 4696 0 4696 0 4712 0 4713 0 4696 0 4713 0 4708 0 4714 0 4715 0 4696 0 4696 0 4715 0 4716 0 4696 0 4716 0 4711 0 4717 0 4718 0 4696 0 4696 0 4718 0 4719 0 4696 0 4719 0 4714 0 4720 0 4721 0 4696 0 4696 0 4721 0 4722 0 4696 0 4722 0 4717 0 4723 0 4724 0 4696 0 4696 0 4724 0 4725 0 4696 0 4725 0 4720 0 4726 0 4727 0 4696 0 4696 0 4727 0 4728 0 4696 0 4728 0 4723 0 4698 0 4729 0 4696 0 4696 0 4729 0 4730 0 4696 0 4730 0 4726 0 4731 4485 4732 4486 4733 4487 4733 4487 4732 4486 4734 4488 4733 4487 4734 4488 4735 4489 4735 4489 4734 4488 4736 4490 4735 4489 4736 4490 4737 4491 4737 4491 4736 4490 4738 4492 4737 4491 4738 4492 4739 4493 4739 4493 4738 4492 4740 4494 4739 4493 4740 4494 4741 4495 4741 4495 4740 4494 4742 4496 4741 4495 4742 4496 4743 4497 4743 4497 4742 4496 4744 4498 4743 4497 4744 4498 4745 4499 4745 4499 4744 4498 4746 4500 4745 4499 4746 4500 4747 4501 4747 4501 4746 4500 4748 4502 4747 4501 4748 4502 4749 4503 4749 4503 4748 4502 4750 4504 4749 4503 4750 4504 4751 4505 4751 4505 4750 4504 4752 4506 4751 4505 4752 4506 4753 4507 4753 4507 4752 4506 4754 4508 4753 4507 4754 4508 4755 4509 4755 4509 4754 4508 4756 4510 4755 4509 4756 4510 4757 4511 4757 4511 4756 4510 4758 4512 4757 4511 4758 4512 4759 4513 4759 4513 4758 4512 4760 4514 4759 4513 4760 4514 4761 4515 4761 4515 4760 4514 4762 4516 4761 4515 4762 4516 4763 4517 4763 4517 4762 4516 4764 4518 4763 4517 4764 4518 4765 4519 4765 4519 4764 4518 4766 4520 4765 4519 4766 4520 4767 4521 4767 4521 4766 4520 4768 4522 4767 4521 4768 4522 4769 4523 4769 4523 4768 4522 4770 4524 4769 4523 4770 4524 4771 4525 4771 4525 4770 4524 4772 4526 4771 4525 4772 4526 4773 4527 4773 4527 4772 4526 4774 4528 4773 4527 4774 4528 4775 4529 4775 4529 4774 4528 4776 4530 4775 4529 4776 4530 4777 4531 4777 4531 4776 4530 4778 4532 4777 4531 4778 4532 4779 4533 4779 4533 4778 4532 4780 4534 4779 4533 4780 4534 4781 4535 4781 4535 4780 4534 4782 4536 4781 4535 4782 4536 4783 4537 4783 4537 4782 4536 4784 4538 4783 4537 4784 4538 4785 4539 4785 4539 4784 4538 4786 4540 4785 4539 4786 4540 4787 4541 4787 4541 4786 4540 4788 4542 4787 4541 4788 4542 4789 4543 4789 4543 4788 4542 4790 4544 4789 4543 4790 4544 4791 4545 4791 4545 4790 4544 4792 4546 4791 4545 4792 4546 4793 4547 4793 4547 4792 4546 4794 4548 4793 4547 4794 4548 4795 4549 4795 4549 4794 4548 4796 4550 4795 4549 4796 4550 4797 4551 4797 4551 4796 4550 4798 4552 4797 4551 4798 4552 4799 4553 4799 4553 4798 4552 4800 4554 4799 4553 4800 4554 4801 4555 4801 4555 4800 4554 4802 4556 4801 4555 4802 4556 4731 4485 4731 4485 4802 4556 4732 4486 4803 0 4804 0 4805 0 4805 0 4804 0 4806 0 4807 215 4808 215 4809 215 4809 215 4808 215 4810 215 4811 4478 4812 4478 4813 4478 4813 4478 4812 4478 4814 4478</p>
        </triangles>
      </mesh>
    </geometry>
    <geometry id="solid_ʾ___link7_010-mesh" name="solid_ʾ___link7.010">
      <mesh>
        <source id="solid_ʾ___link7_010-mesh-positions">
          <float_array id="solid_ʾ___link7_010-mesh-positions-array" count="111">19.12763 49.58718 0 19.18177 49.38514 0 18 49.17676 0 19.2 49.17676 0 19.18177 48.96838 0 18.77135 50.09601 0 18.91926 49.9481 0 19.03923 49.77676 0 18.20838 50.35853 0 18.41042 50.30438 0 18.6 50.21599 0 17.58958 50.30438 0 17.79162 50.35853 0 18 50.37676 0 17.08075 49.9481 0 17.22866 50.09601 0 17.4 50.21599 0 16.81823 49.38514 0 16.87237 49.58718 0 16.96077 49.77676 0 16.87237 48.76633 0 16.81823 48.96838 0 16.8 49.17676 0 17.22866 48.2575 0 17.08075 48.40541 0 16.96077 48.57675 0 17.79162 47.99499 0 17.58958 48.04912 0 17.4 48.13753 0 18.41042 48.04912 0 18.20838 47.99499 0 18 47.97676 0 18.91926 48.40541 0 18.77135 48.2575 0 18.6 48.13753 0 19.12763 48.76633 0 19.03923 48.57675 0</float_array>
          <technique_common>
            <accessor source="#solid_ʾ___link7_010-mesh-positions-array" count="37" stride="3">
              <param name="X" type="float"/>
              <param name="Y" type="float"/>
              <param name="Z" type="float"/>
            </accessor>
          </technique_common>
        </source>
        <source id="solid_ʾ___link7_010-mesh-normals">
          <float_array id="solid_ʾ___link7_010-mesh-normals-array" count="75">0 0 -1 0 0 -1 0 0 -1 0 0 -1 0 0 -1 0 0 -1 0 0 -1 0 0 -1 0 0 -1 0 0 -1 0 0 -1 0 0 -1 0 0 -1 0 0 -1 0 0 -1 0 0 -1 0 0 -1 0 0 -1 0 0 -1 0 0 -1 0 0 -1 0 0 -1 0 0 -1 0 0 -1 0 0 -1</float_array>
          <technique_common>
            <accessor source="#solid_ʾ___link7_010-mesh-normals-array" count="25" stride="3">
              <param name="X" type="float"/>
              <param name="Y" type="float"/>
              <param name="Z" type="float"/>
            </accessor>
          </technique_common>
        </source>
        <vertices id="solid_ʾ___link7_010-mesh-vertices">
          <input semantic="POSITION" source="#solid_ʾ___link7_010-mesh-positions"/>
        </vertices>
        <triangles material="a0000000-0000-0000-0000-000000000000_006-material" count="36">
          <input semantic="VERTEX" source="#solid_ʾ___link7_010-mesh-vertices" offset="0"/>
          <input semantic="NORMAL" source="#solid_ʾ___link7_010-mesh-normals" offset="1"/>
          <p>0 0 1 0 2 0 2 1 1 1 3 1 2 2 3 2 4 2 5 0 6 0 2 0 2 3 6 3 7 3 2 4 7 4 0 4 8 0 9 0 2 0 2 5 9 5 10 5 2 6 10 6 5 6 11 0 12 0 2 0 2 7 12 7 13 7 2 8 13 8 8 8 14 0 15 0 2 0 2 9 15 9 16 9 2 10 16 10 11 10 17 0 18 0 2 0 2 11 18 11 19 11 2 12 19 12 14 12 20 0 21 0 2 0 2 0 21 0 22 0 2 0 22 0 17 0 23 0 24 0 2 0 2 13 24 13 25 13 2 14 25 14 20 14 26 15 27 15 2 15 2 16 27 16 28 16 2 17 28 17 23 17 29 18 30 18 2 18 2 19 30 19 31 19 2 20 31 20 26 20 32 0 33 0 2 0 2 21 33 21 34 21 2 22 34 22 29 22 4 0 35 0 2 0 2 23 35 23 36 23 2 24 36 24 32 24</p>
        </triangles>
      </mesh>
    </geometry>
    <geometry id="solid_ʾ___link7_009-mesh" name="solid_ʾ___link7.009">
      <mesh>
        <source id="solid_ʾ___link7_009-mesh-positions">
          <float_array id="solid_ʾ___link7_009-mesh-positions-array" count="111">11.12763 37.58718 0 11.18177 37.38513 0 10 37.17676 0 11.2 37.17676 0 11.18177 36.96838 0 10.77134 38.09601 0 10.91925 37.9481 0 11.03923 37.77676 0 10.20838 38.35853 0 10.41042 38.30439 0 10.6 38.21599 0 9.589576 38.30439 0 9.791623 38.35853 0 10 38.37676 0 9.080747 37.9481 0 9.228655 38.09601 0 9.4 38.21599 0 8.818231 37.38513 0 8.87237 37.58718 0 8.96077 37.77676 0 8.87237 36.76633 0 8.818231 36.96838 0 8.800001 37.17676 0 9.228655 36.25751 0 9.080747 36.40541 0 8.96077 36.57676 0 9.791623 35.99499 0 9.589576 36.04912 0 9.4 36.13752 0 10.41042 36.04912 0 10.20838 35.99499 0 10 35.97676 0 10.91925 36.40541 0 10.77134 36.25751 0 10.6 36.13752 0 11.12763 36.76633 0 11.03923 36.57676 0</float_array>
          <technique_common>
            <accessor source="#solid_ʾ___link7_009-mesh-positions-array" count="37" stride="3">
              <param name="X" type="float"/>
              <param name="Y" type="float"/>
              <param name="Z" type="float"/>
            </accessor>
          </technique_common>
        </source>
        <source id="solid_ʾ___link7_009-mesh-normals">
          <float_array id="solid_ʾ___link7_009-mesh-normals-array" count="69">0 0 -1 0 0 -1 0 0 -1 0 0 -1 0 0 -1 0 0 -1 0 0 -1 0 0 -1 0 0 -1 0 0 -1 0 0 -1 0 0 -1 0 0 -1 0 0 -1 0 0 -1 0 0 -1 0 0 -1 0 0 -1 0 0 -1 0 0 -1 0 0 -1 0 0 -1 0 0 -1</float_array>
          <technique_common>
            <accessor source="#solid_ʾ___link7_009-mesh-normals-array" count="23" stride="3">
              <param name="X" type="float"/>
              <param name="Y" type="float"/>
              <param name="Z" type="float"/>
            </accessor>
          </technique_common>
        </source>
        <vertices id="solid_ʾ___link7_009-mesh-vertices">
          <input semantic="POSITION" source="#solid_ʾ___link7_009-mesh-positions"/>
        </vertices>
        <triangles material="a0000000-0000-0000-0000-000000000000_006-material" count="36">
          <input semantic="VERTEX" source="#solid_ʾ___link7_009-mesh-vertices" offset="0"/>
          <input semantic="NORMAL" source="#solid_ʾ___link7_009-mesh-normals" offset="1"/>
          <p>0 0 1 0 2 0 2 1 1 1 3 1 2 2 3 2 4 2 5 3 6 3 2 3 2 4 6 4 7 4 2 5 7 5 0 5 8 0 9 0 2 0 2 6 9 6 10 6 2 7 10 7 5 7 11 0 12 0 2 0 2 8 12 8 13 8 2 9 13 9 8 9 14 10 15 10 2 10 2 11 15 11 16 11 2 12 16 12 11 12 17 0 18 0 2 0 2 13 18 13 19 13 2 14 19 14 14 14 20 0 21 0 2 0 2 0 21 0 22 0 2 0 22 0 17 0 23 0 24 0 2 0 2 15 24 15 25 15 2 16 25 16 20 16 26 0 27 0 2 0 2 17 27 17 28 17 2 18 28 18 23 18 29 0 30 0 2 0 2 9 30 9 31 9 2 8 31 8 26 8 32 0 33 0 2 0 2 19 33 19 34 19 2 20 34 20 29 20 4 0 35 0 2 0 2 21 35 21 36 21 2 22 36 22 32 22</p>
        </triangles>
      </mesh>
    </geometry>
    <geometry id="solid_ʾ___link7_008-mesh" name="solid_ʾ___link7.008">
      <mesh>
        <source id="solid_ʾ___link7_008-mesh-positions">
          <float_array id="solid_ʾ___link7_008-mesh-positions-array" count="111">19.12763 37.58718 0 19.18177 37.38513 0 18 37.17676 0 19.2 37.17676 0 19.18177 36.96838 0 18.77135 38.09601 0 18.91926 37.9481 0 19.03923 37.77676 0 18.20838 38.35853 0 18.41042 38.30439 0 18.6 38.21599 0 17.58958 38.30439 0 17.79162 38.35853 0 18 38.37676 0 17.08075 37.9481 0 17.22866 38.09601 0 17.4 38.21599 0 16.81823 37.38513 0 16.87237 37.58718 0 16.96077 37.77676 0 16.87237 36.76633 0 16.81823 36.96838 0 16.8 37.17676 0 17.22866 36.25751 0 17.08075 36.40541 0 16.96077 36.57676 0 17.79162 35.99499 0 17.58958 36.04912 0 17.4 36.13752 0 18.41042 36.04912 0 18.20838 35.99499 0 18 35.97676 0 18.91926 36.40541 0 18.77135 36.25751 0 18.6 36.13752 0 19.12763 36.76633 0 19.03923 36.57676 0</float_array>
          <technique_common>
            <accessor source="#solid_ʾ___link7_008-mesh-positions-array" count="37" stride="3">
              <param name="X" type="float"/>
              <param name="Y" type="float"/>
              <param name="Z" type="float"/>
            </accessor>
          </technique_common>
        </source>
        <source id="solid_ʾ___link7_008-mesh-normals">
          <float_array id="solid_ʾ___link7_008-mesh-normals-array" count="69">0 0 -1 0 0 -1 0 0 -1 0 0 -1 0 0 -1 0 0 -1 0 0 -1 0 0 -1 0 0 -1 0 0 -1 0 0 -1 0 0 -1 0 0 -1 0 0 -1 0 0 -1 0 0 -1 0 0 -1 0 0 -1 0 0 -1 0 0 -1 0 0 -1 0 0 -1 0 0 -1</float_array>
          <technique_common>
            <accessor source="#solid_ʾ___link7_008-mesh-normals-array" count="23" stride="3">
              <param name="X" type="float"/>
              <param name="Y" type="float"/>
              <param name="Z" type="float"/>
            </accessor>
          </technique_common>
        </source>
        <vertices id="solid_ʾ___link7_008-mesh-vertices">
          <input semantic="POSITION" source="#solid_ʾ___link7_008-mesh-positions"/>
        </vertices>
        <triangles material="a0000000-0000-0000-0000-000000000000_006-material" count="36">
          <input semantic="VERTEX" source="#solid_ʾ___link7_008-mesh-vertices" offset="0"/>
          <input semantic="NORMAL" source="#solid_ʾ___link7_008-mesh-normals" offset="1"/>
          <p>0 0 1 0 2 0 2 1 1 1 3 1 2 2 3 2 4 2 5 3 6 3 2 3 2 4 6 4 7 4 2 5 7 5 0 5 8 0 9 0 2 0 2 6 9 6 10 6 2 7 10 7 5 7 11 0 12 0 2 0 2 8 12 8 13 8 2 9 13 9 8 9 14 10 15 10 2 10 2 11 15 11 16 11 2 12 16 12 11 12 17 0 18 0 2 0 2 13 18 13 19 13 2 14 19 14 14 14 20 0 21 0 2 0 2 0 21 0 22 0 2 0 22 0 17 0 23 0 24 0 2 0 2 15 24 15 25 15 2 16 25 16 20 16 26 0 27 0 2 0 2 17 27 17 28 17 2 18 28 18 23 18 29 0 30 0 2 0 2 9 30 9 31 9 2 8 31 8 26 8 32 0 33 0 2 0 2 19 33 19 34 19 2 20 34 20 29 20 4 0 35 0 2 0 2 21 35 21 36 21 2 22 36 22 32 22</p>
        </triangles>
      </mesh>
    </geometry>
    <geometry id="solid_ʾ___link7_007-mesh" name="solid_ʾ___link7.007">
      <mesh>
        <source id="solid_ʾ___link7_007-mesh-positions">
          <float_array id="solid_ʾ___link7_007-mesh-positions-array" count="111">11.12763 49.58718 0 11.18177 49.38514 0 10 49.17676 0 11.2 49.17676 0 11.18177 48.96838 0 10.77134 50.09601 0 10.91925 49.9481 0 11.03923 49.77676 0 10.20838 50.35853 0 10.41042 50.30438 0 10.6 50.21599 0 9.589576 50.30438 0 9.791623 50.35853 0 10 50.37676 0 9.080747 49.9481 0 9.228655 50.09601 0 9.4 50.21599 0 8.818231 49.38514 0 8.87237 49.58718 0 8.96077 49.77676 0 8.87237 48.76633 0 8.818231 48.96838 0 8.800001 49.17676 0 9.228655 48.2575 0 9.080747 48.40541 0 8.96077 48.57675 0 9.791623 47.99499 0 9.589576 48.04912 0 9.4 48.13753 0 10.41042 48.04912 0 10.20838 47.99499 0 10 47.97676 0 10.91925 48.40541 0 10.77134 48.2575 0 10.6 48.13753 0 11.12763 48.76633 0 11.03923 48.57675 0</float_array>
          <technique_common>
            <accessor source="#solid_ʾ___link7_007-mesh-positions-array" count="37" stride="3">
              <param name="X" type="float"/>
              <param name="Y" type="float"/>
              <param name="Z" type="float"/>
            </accessor>
          </technique_common>
        </source>
        <source id="solid_ʾ___link7_007-mesh-normals">
          <float_array id="solid_ʾ___link7_007-mesh-normals-array" count="75">0 0 -1 0 0 -1 0 0 -1 0 0 -1 0 0 -1 0 0 -1 0 0 -1 0 0 -1 0 0 -1 0 0 -1 0 0 -1 0 0 -1 0 0 -1 0 0 -1 0 0 -1 0 0 -1 0 0 -1 0 0 -1 0 0 -1 0 0 -1 0 0 -1 0 0 -1 0 0 -1 0 0 -1 0 0 -1</float_array>
          <technique_common>
            <accessor source="#solid_ʾ___link7_007-mesh-normals-array" count="25" stride="3">
              <param name="X" type="float"/>
              <param name="Y" type="float"/>
              <param name="Z" type="float"/>
            </accessor>
          </technique_common>
        </source>
        <vertices id="solid_ʾ___link7_007-mesh-vertices">
          <input semantic="POSITION" source="#solid_ʾ___link7_007-mesh-positions"/>
        </vertices>
        <triangles material="a0000000-0000-0000-0000-000000000000_006-material" count="36">
          <input semantic="VERTEX" source="#solid_ʾ___link7_007-mesh-vertices" offset="0"/>
          <input semantic="NORMAL" source="#solid_ʾ___link7_007-mesh-normals" offset="1"/>
          <p>0 0 1 0 2 0 2 1 1 1 3 1 2 2 3 2 4 2 5 0 6 0 2 0 2 3 6 3 7 3 2 4 7 4 0 4 8 0 9 0 2 0 2 5 9 5 10 5 2 6 10 6 5 6 11 0 12 0 2 0 2 7 12 7 13 7 2 8 13 8 8 8 14 0 15 0 2 0 2 9 15 9 16 9 2 10 16 10 11 10 17 0 18 0 2 0 2 11 18 11 19 11 2 12 19 12 14 12 20 0 21 0 2 0 2 0 21 0 22 0 2 0 22 0 17 0 23 0 24 0 2 0 2 13 24 13 25 13 2 14 25 14 20 14 26 15 27 15 2 15 2 16 27 16 28 16 2 17 28 17 23 17 29 18 30 18 2 18 2 19 30 19 31 19 2 20 31 20 26 20 32 0 33 0 2 0 2 21 33 21 34 21 2 22 34 22 29 22 4 0 35 0 2 0 2 23 35 23 36 23 2 24 36 24 32 24</p>
        </triangles>
      </mesh>
    </geometry>
    <geometry id="solid_ʾ___link7_006-mesh" name="solid_ʾ___link7.006">
      <mesh>
        <source id="solid_ʾ___link7_006-mesh-positions">
          <float_array id="solid_ʾ___link7_006-mesh-positions-array" count="441">15.17462 28.09923 -5 15.23101 28.3097 -5 14 28.52676 -5 15.25 28.52676 -5 15.23101 28.74382 -5 14.80348 27.5692 -5 14.95756 27.72327 -5 15.08253 27.90176 -5 14.21706 27.29575 -5 14.42752 27.35214 -5 14.625 27.44423 -5 13.57247 27.35214 -5 13.78294 27.29575 -5 14 27.27676 -5 13.04244 27.72327 -5 13.19652 27.5692 -5 13.375 27.44423 -5 12.76899 28.3097 -5 12.82538 28.09923 -5 12.91747 27.90176 -5 12.82538 28.95428 -5 12.76899 28.74382 -5 12.75 28.52676 -5 13.19652 29.48431 -5 13.04244 29.33024 -5 12.91747 29.15176 -5 13.78294 29.75777 -5 13.57247 29.70137 -5 13.375 29.60929 -5 14.42752 29.70137 -5 14.21706 29.75777 -5 14 29.77676 -5 14.95756 29.33024 -5 14.80348 29.48431 -5 14.625 29.60929 -5 15.17462 28.95428 -5 15.08253 29.15176 -5 15.25 28.52676 -5 15.25 28.52676 1 15.23101 28.74382 -5 15.23101 28.74382 1 15.17462 28.95428 -5 15.17462 28.95428 1 15.08253 29.15176 -5 15.08253 29.15176 1 14.95756 29.33024 -5 14.95756 29.33024 1 14.80348 29.48431 -5 14.80348 29.48431 1 14.625 29.60929 -5 14.625 29.60929 1 14.42752 29.70137 -5 14.42752 29.70137 1 14.21706 29.75777 -5 14.21706 29.75777 1 14 29.77676 -5 14 29.77676 1 13.78294 29.75777 -5 13.78294 29.75777 1 13.57247 29.70137 -5 13.57247 29.70137 1 13.375 29.60929 -5 13.375 29.60929 1 13.19652 29.48431 -5 13.19652 29.48431 1 13.04244 29.33024 -5 13.04244 29.33024 1 12.91747 29.15176 -5 12.91747 29.15176 1 12.82538 28.95428 -5 12.82538 28.95428 1 12.76899 28.74382 -5 12.76899 28.74382 1 12.75 28.52676 -5 12.75 28.52676 1 12.76899 28.3097 -5 12.76899 28.3097 1 12.82538 28.09923 -5 12.82538 28.09923 1 12.91747 27.90176 -5 12.91747 27.90176 1 13.04244 27.72327 -5 13.04244 27.72327 1 13.19652 27.5692 -5 13.19652 27.5692 1 13.375 27.44423 -5 13.375 27.44423 1 13.57247 27.35214 -5 13.57247 27.35214 1 13.78294 27.29575 -5 13.78294 27.29575 1 14 27.27676 -5 14 27.27676 1 14.21706 27.29575 -5 14.21706 27.29575 1 14.42752 27.35214 -5 14.42752 27.35214 1 14.625 27.44423 -5 14.625 27.44423 1 14.80348 27.5692 -5 14.80348 27.5692 1 14.95756 27.72327 -5 14.95756 27.72327 1 15.08253 27.90176 -5 15.08253 27.90176 -5 15.08253 27.90176 1 15.17462 28.09923 -5 15.17462 28.09923 1 15.23101 28.3097 -5 15.23101 28.3097 1 15.17462 28.95428 1 15.23101 28.74382 1 14 28.52676 1 15.25 28.52676 1 15.23101 28.3097 1 14.80348 29.48431 1 14.95756 29.33024 1 15.08253 29.15176 1 14.21706 29.75777 1 14.42752 29.70137 1 14.625 29.60929 1 13.57247 29.70137 1 13.78294 29.75777 1 14 29.77676 1 13.04244 29.33024 1 13.19652 29.48431 1 13.375 29.60929 1 12.76899 28.74382 1 12.82538 28.95428 1 12.91747 29.15176 1 12.82538 28.09923 1 12.76899 28.3097 1 12.75 28.52676 1 13.19652 27.5692 1 13.04244 27.72327 1 12.91747 27.90176 1 13.78294 27.29575 1 13.57247 27.35214 1 13.375 27.44423 1 14.42752 27.35214 1 14.21706 27.29575 1 14 27.27676 1 14.95756 27.72327 1 14.80348 27.5692 1 14.625 27.44423 1 15.17462 28.09923 1 15.08253 27.90176 1</float_array>
          <technique_common>
            <accessor source="#solid_ʾ___link7_006-mesh-positions-array" count="147" stride="3">
              <param name="X" type="float"/>
              <param name="Y" type="float"/>
              <param name="Z" type="float"/>
            </accessor>
          </technique_common>
        </source>
        <source id="solid_ʾ___link7_006-mesh-normals">
          <float_array id="solid_ʾ___link7_006-mesh-normals-array" count="228">0 0 1 -0.9995747 0.0291633 0 -0.9995747 -0.0291633 0 -0.9894527 -0.1448574 1.00633e-5 -0.9793264 -0.202287 -1.00633e-5 -0.949266 -0.3144744 -1.11665e-6 -0.929323 -0.369268 1.11665e-6 -0.880236 -0.4745362 1.11756e-5 -0.8510735 -0.5250467 -1.28579e-5 -0.784462 -0.6201769 -1.11666e-6 -0.7469714 -0.6648562 0 -0.6648209 -0.7470028 1.00473e-5 -0.6201812 -0.7844587 -1.42273e-5 -0.5250394 -0.851078 0 -0.474534 -0.8802372 0 -0.369272 -0.9293214 1.14379e-5 -0.3144719 -0.9492668 0 -0.2022898 -0.9793257 -1.11665e-6 -0.144858 -0.9894525 -1.11756e-5 -0.02915865 -0.9995749 0 0.02915817 -0.9995749 0 0.144858 -0.9894525 0 0.2022894 -0.9793259 1.11665e-6 0.3144742 -0.9492661 -1.11666e-6 0.3692764 -0.9293196 -1.00633e-5 0.4745362 -0.880236 1.14379e-5 0.5250381 -0.8510787 0 0.620181 -0.7844588 1.42273e-5 0.6648507 -0.7469763 -1.11756e-5 0.7469714 -0.6648562 0 0.784462 -0.6201769 1.11666e-6 0.8510735 -0.5250467 1.39771e-5 0.880236 -0.4745362 -1.39771e-5 0.9293209 -0.3692732 -1.11665e-6 0.9492676 -0.3144693 0 0.9793253 -0.2022923 0 0.9894466 -0.1448978 0 0.9995747 -0.0291633 0 0.9995747 0.0291633 0 0.9894465 0.144899 0 0.9793251 0.2022933 0 0.9492667 0.3144723 1.11756e-5 0.9293199 0.3692758 -1.11756e-5 0.8802376 0.4745333 0 0.8510995 0.5250044 0 0.7844632 0.6201754 0 0.7469729 0.6648546 1.11665e-6 0.6648457 0.7469808 0 0.6201758 0.7844629 -1.14379e-5 0.5250384 0.8510786 0 0.4745366 0.8802359 -1.11756e-5 0.36928 0.9293182 0 0.314478 0.9492648 0 0.2022894 0.9793259 -1.11665e-6 0.144858 0.9894525 0 0.02915817 0.9995749 0 -0.02915865 0.9995749 0 -0.144858 0.9894525 1.11756e-5 -0.2022898 0.9793257 1.11665e-6 -0.3144757 0.9492657 0 -0.3692756 0.9293199 -1.00633e-5 -0.4745343 0.8802371 0 -0.5250399 0.8510777 -1.28579e-5 -0.620176 0.7844628 1.11756e-5 -0.6648507 0.7469764 -1.00633e-5 -0.7469729 0.6648546 -1.11665e-6 -0.7844327 0.6202142 -3.69689e-6 -0.8191466 0.5735841 0 -0.8660307 0.4999909 2.74857e-6 -0.784469 0.6201681 0 -0.8802376 0.4745334 1.11666e-6 -0.9293219 0.3692706 -1.11665e-6 -0.949265 0.3144773 0 -0.9793261 0.202288 1.00633e-5 -0.9894524 0.1448584 -1.14379e-5 0 0 -1</float_array>
          <technique_common>
            <accessor source="#solid_ʾ___link7_006-mesh-normals-array" count="76" stride="3">
              <param name="X" type="float"/>
              <param name="Y" type="float"/>
              <param name="Z" type="float"/>
            </accessor>
          </technique_common>
        </source>
        <vertices id="solid_ʾ___link7_006-mesh-vertices">
          <input semantic="POSITION" source="#solid_ʾ___link7_006-mesh-positions"/>
        </vertices>
        <triangles material="a0000000-0000-0000-0000-000000000000_006-material" count="144">
          <input semantic="VERTEX" source="#solid_ʾ___link7_006-mesh-vertices" offset="0"/>
          <input semantic="NORMAL" source="#solid_ʾ___link7_006-mesh-normals" offset="1"/>
          <p>0 0 1 0 2 0 2 0 1 0 3 0 2 0 3 0 4 0 5 0 6 0 2 0 2 0 6 0 7 0 2 0 7 0 0 0 8 0 9 0 2 0 2 0 9 0 10 0 2 0 10 0 5 0 11 0 12 0 2 0 2 0 12 0 13 0 2 0 13 0 8 0 14 0 15 0 2 0 2 0 15 0 16 0 2 0 16 0 11 0 17 0 18 0 2 0 2 0 18 0 19 0 2 0 19 0 14 0 20 0 21 0 2 0 2 0 21 0 22 0 2 0 22 0 17 0 23 0 24 0 2 0 2 0 24 0 25 0 2 0 25 0 20 0 26 0 27 0 2 0 2 0 27 0 28 0 2 0 28 0 23 0 29 0 30 0 2 0 2 0 30 0 31 0 2 0 31 0 26 0 32 0 33 0 2 0 2 0 33 0 34 0 2 0 34 0 29 0 4 0 35 0 2 0 2 0 35 0 36 0 2 0 36 0 32 0 37 1 38 2 39 3 39 3 38 2 40 4 39 3 40 4 41 5 41 5 40 4 42 6 41 5 42 6 43 7 43 7 42 6 44 8 43 7 44 8 45 9 45 9 44 8 46 10 45 9 46 10 47 11 47 11 46 10 48 12 47 11 48 12 49 13 49 13 48 12 50 14 49 13 50 14 51 15 51 15 50 14 52 16 51 15 52 16 53 17 53 17 52 16 54 18 53 17 54 18 55 19 55 19 54 18 56 20 55 19 56 20 57 21 57 21 56 20 58 22 57 21 58 22 59 23 59 23 58 22 60 24 59 23 60 24 61 25 61 25 60 24 62 26 61 25 62 26 63 27 63 27 62 26 64 28 63 27 64 28 65 29 65 29 64 28 66 30 65 29 66 30 67 31 67 31 66 30 68 32 67 31 68 32 69 33 69 33 68 32 70 34 69 33 70 34 71 35 71 35 70 34 72 36 71 35 72 36 73 37 73 37 72 36 74 38 73 37 74 38 75 39 75 39 74 38 76 40 75 39 76 40 77 41 77 41 76 40 78 42 77 41 78 42 79 43 79 43 78 42 80 44 79 43 80 44 81 45 81 45 80 44 82 46 81 45 82 46 83 47 83 47 82 46 84 48 83 47 84 48 85 49 85 49 84 48 86 50 85 49 86 50 87 51 87 51 86 50 88 52 87 51 88 52 89 53 89 53 88 52 90 54 89 53 90 54 91 55 91 55 90 54 92 56 91 55 92 56 93 57 93 57 92 56 94 58 93 57 94 58 95 59 95 59 94 58 96 60 95 59 96 60 97 61 97 61 96 60 98 62 97 61 98 62 99 63 99 63 98 62 100 64 99 63 100 64 101 65 101 65 100 64 102 66 101 65 102 66 103 67 104 68 102 69 105 70 104 68 105 70 106 71 106 71 105 70 107 72 106 71 107 72 108 73 108 73 107 72 109 74 108 73 109 74 37 1 37 1 109 74 38 2 110 75 111 75 112 75 112 75 111 75 113 75 112 75 113 75 114 75 115 75 116 75 112 75 112 75 116 75 117 75 112 75 117 75 110 75 118 75 119 75 112 75 112 75 119 75 120 75 112 75 120 75 115 75 121 75 122 75 112 75 112 75 122 75 123 75 112 75 123 75 118 75 124 75 125 75 112 75 112 75 125 75 126 75 112 75 126 75 121 75 127 75 128 75 112 75 112 75 128 75 129 75 112 75 129 75 124 75 130 75 131 75 112 75 112 75 131 75 132 75 112 75 132 75 127 75 133 75 134 75 112 75 112 75 134 75 135 75 112 75 135 75 130 75 136 75 137 75 112 75 112 75 137 75 138 75 112 75 138 75 133 75 139 75 140 75 112 75 112 75 140 75 141 75 112 75 141 75 136 75 142 75 143 75 112 75 112 75 143 75 144 75 112 75 144 75 139 75 114 75 145 75 112 75 112 75 145 75 146 75 112 75 146 75 142 75</p>
        </triangles>
      </mesh>
    </geometry>
  </library_geometries>
  <library_visual_scenes>
    <visual_scene id="Scene" name="Scene">
      <node id="solid_ʾ___link7_005" name="solid_ʾ___link7.005" type="NODE">
        <matrix sid="transform">0.001 0 0 0 0 0.001 0 0 0 0 0.001 0 0 0 0 1</matrix>
        <instance_geometry url="#solid_ʾ___link7_011-mesh" name="solid_ʾ___link7.005">
          <bind_material>
            <technique_common>
              <instance_material symbol="Material-塑胶_028-material" target="#Material-塑胶_028-material"/>
            </technique_common>
          </bind_material>
        </instance_geometry>
      </node>
      <node id="solid_ʾ___link7_004" name="solid_ʾ___link7.004" type="NODE">
        <matrix sid="transform">0.001 0 0 0 0 0.001 0 0 0 0 0.001 0 0 0 0 1</matrix>
        <instance_geometry url="#solid_ʾ___link7_010-mesh" name="solid_ʾ___link7.004">
          <bind_material>
            <technique_common>
              <instance_material symbol="a0000000-0000-0000-0000-000000000000_006-material" target="#a0000000-0000-0000-0000-000000000000_006-material"/>
            </technique_common>
          </bind_material>
        </instance_geometry>
      </node>
      <node id="solid_ʾ___link7_003" name="solid_ʾ___link7.003" type="NODE">
        <matrix sid="transform">0.001 0 0 0 0 0.001 0 0 0 0 0.001 0 0 0 0 1</matrix>
        <instance_geometry url="#solid_ʾ___link7_009-mesh" name="solid_ʾ___link7.003">
          <bind_material>
            <technique_common>
              <instance_material symbol="a0000000-0000-0000-0000-000000000000_006-material" target="#a0000000-0000-0000-0000-000000000000_006-material"/>
            </technique_common>
          </bind_material>
        </instance_geometry>
      </node>
      <node id="solid_ʾ___link7_002" name="solid_ʾ___link7.002" type="NODE">
        <matrix sid="transform">0.001 0 0 0 0 0.001 0 0 0 0 0.001 0 0 0 0 1</matrix>
        <instance_geometry url="#solid_ʾ___link7_008-mesh" name="solid_ʾ___link7.002">
          <bind_material>
            <technique_common>
              <instance_material symbol="a0000000-0000-0000-0000-000000000000_006-material" target="#a0000000-0000-0000-0000-000000000000_006-material"/>
            </technique_common>
          </bind_material>
        </instance_geometry>
      </node>
      <node id="solid_ʾ___link7_001" name="solid_ʾ___link7.001" type="NODE">
        <matrix sid="transform">0.001 0 0 0 0 0.001 0 0 0 0 0.001 0 0 0 0 1</matrix>
        <instance_geometry url="#solid_ʾ___link7_007-mesh" name="solid_ʾ___link7.001">
          <bind_material>
            <technique_common>
              <instance_material symbol="a0000000-0000-0000-0000-000000000000_006-material" target="#a0000000-0000-0000-0000-000000000000_006-material"/>
            </technique_common>
          </bind_material>
        </instance_geometry>
      </node>
      <node id="solid_ʾ___link7" name="solid_ʾ___link7" type="NODE">
        <matrix sid="transform">0.001 0 0 0 0 0.001 0 0 0 0 0.001 0 0 0 0 1</matrix>
        <instance_geometry url="#solid_ʾ___link7_006-mesh" name="solid_ʾ___link7">
          <bind_material>
            <technique_common>
              <instance_material symbol="a0000000-0000-0000-0000-000000000000_006-material" target="#a0000000-0000-0000-0000-000000000000_006-material"/>
            </technique_common>
          </bind_material>
        </instance_geometry>
      </node>
    </visual_scene>
  </library_visual_scenes>
  <scene>
    <instance_visual_scene url="#Scene"/>
  </scene>
</COLLADA>